LÄNSKOD;LÄN;KOMMUNKOD;KOMMUN;LOKALID;LOKAL;2026-08-26;2026-08-27;2026-08-28;2026-08-29;2026-08-30;2026-08-31;2026-09-01;2026-09-02;2026-09-03;2026-09-04;2026-09-05;2026-09-06;2026-09-07;2026-09-08;2026-09-09;2026-09-10;2026-09-11;2026-09-12;2026-09-13;TOTAL
01;Stockholm;14;Upplands Väsby;0114005;Ambulerande röstmottagning;0;0;0;0;0;0;0;0;0;0;0;0;51;19;26;0;0;0;0;96
01;Stockholm;14;Upplands Väsby;0114002;Centralvägen 3A tidigare Nordea;176;155;147;78;118;154;175;163;159;165;162;217;267;244;235;0;0;0;0;2615
01;Stockholm;14;Upplands Väsby;0114003;Löwenströmska sjukhuset;0;0;0;0;0;0;0;0;0;0;0;0;0;0;124;0;0;0;0;124
01;Stockholm;14;Upplands Väsby;0114004;Sigma Centrum;0;0;0;0;0;0;0;0;0;0;0;0;155;149;159;0;0;0;0;463
01;Stockholm;14;Upplands Väsby;0114001;Väsby Centrum;602;532;564;429;469;566;572;567;532;587;657;641;693;822;796;0;0;0;0;9029
01;Stockholm;15;Vallentuna;0115004;Ambulerande röstmottagning;0;0;0;0;0;0;40;0;40;0;0;0;2;16;0;0;0;0;0;98
01;Stockholm;15;Vallentuna;0115002;Karbyskolan - KUB:en;0;0;0;0;0;0;155;0;0;0;0;198;0;0;0;0;0;0;0;353
01;Stockholm;15;Vallentuna;0115003;Kulturhuset;384;426;358;268;300;460;465;564;560;467;419;413;776;797;874;0;0;0;0;7531
01;Stockholm;15;Vallentuna;0115001;Kårsta bibliotek;0;0;0;0;0;0;0;0;83;0;86;0;0;117;0;0;0;0;0;286
01;Stockholm;17;Österåker;0117020;Ambulerande röstmottagning;0;0;0;0;0;3;0;0;0;6;0;0;0;0;0;0;0;0;0;9
01;Stockholm;17;Österåker;0117005;Anstalten Österåker;0;0;0;0;0;0;0;0;0;0;0;0;0;0;179;0;0;0;0;179
01;Stockholm;17;Österåker;0117010;Attendo Kantarellvägen;0;0;0;0;0;0;0;16;0;0;0;0;0;0;0;0;0;0;0;16
01;Stockholm;17;Österåker;0117014;Attendo Solskiftet;0;0;0;0;0;0;0;0;0;12;0;0;0;0;0;0;0;0;0;12
01;Stockholm;17;Österåker;0117012;Attendo Vårdbo;0;0;0;0;0;0;9;0;0;0;0;0;0;0;0;0;0;0;0;9
01;Stockholm;17;Österåker;0117001;Bygdegården Lurkan;0;0;0;33;0;0;0;0;0;0;64;0;0;0;0;0;0;0;0;97
01;Stockholm;17;Österåker;0117019;Enebackens äldreboende;0;0;0;0;0;22;0;0;0;0;0;0;0;0;0;0;0;0;0;22
01;Stockholm;17;Österåker;0117016;Förenade Care Muskötvägen;0;0;0;0;0;0;0;0;0;0;0;0;0;27;0;0;0;0;0;27
01;Stockholm;17;Österåker;0117009;Humana Norrgårdshöjden;0;20;0;0;0;0;0;0;0;0;0;0;0;0;0;0;0;0;0;20
01;Stockholm;17;Österåker;0117008;Kommunhuset/Alceahuset;188;174;148;0;0;201;177;209;206;181;0;0;240;245;276;0;0;0;0;2245
01;Stockholm;17;Österåker;0117011;Ljungbackenens omvårdnadsboende;0;0;17;0;0;0;0;0;0;0;0;0;0;0;0;0;0;0;0;17
01;Stockholm;17;Österåker;0117018;Skärgårdsgymnasiet;0;0;0;0;0;0;0;0;0;0;0;0;0;0;0;0;0;0;0;0
01;Stockholm;17;Österåker;0117003;Tempo Ljusterö;66;58;64;44;0;55;50;74;61;74;95;0;64;72;98;0;0;0;0;875
01;Stockholm;17;Österåker;0117013;Träffpunkt Ljusterö;0;0;0;0;0;0;0;0;10;0;0;0;0;0;0;0;0;0;0;10
01;Stockholm;17;Österåker;0117006;Träffpunkt Solgården;0;0;0;0;0;0;0;14;0;0;0;0;0;0;0;0;0;0;0;14
01;Stockholm;17;Österåker;0117007;Träffpunkt Solhälla;0;0;0;0;0;0;22;0;0;0;0;0;0;0;0;0;0;0;0;22
01;Stockholm;17;Österåker;0117004;Vardaga Villa Näs;0;0;0;0;0;0;0;0;0;0;0;0;30;0;0;0;0;0;0;30
01;Stockholm;17;Österåker;0117021;Västra Centrum;191;250;243;142;127;215;208;217;256;230;179;159;305;351;404;0;0;0;0;3477
01;Stockholm;17;Österåker;0117002;Åkersberga bibliotek;322;316;304;222;181;308;317;329;301;308;271;267;417;508;456;0;0;0;0;4827
01;Stockholm;17;Österåker;0117015;Österåkers Multiarena;71;76;78;135;144;98;103;101;110;147;197;294;164;162;242;0;0;0;0;2122
01;Stockholm;17;Österåker;0117017;Österåkers gymnasium;0;0;0;0;0;0;0;0;30;0;0;0;0;0;0;0;0;0;0;30
01;Stockholm;20;Värmdö;0120010;Ahlsviks bygdegård;0;0;0;0;0;0;0;0;0;0;0;0;60;0;0;0;0;0;0;60
01;Stockholm;20;Värmdö;0120015;Ambulerande röstmottagning;0;0;0;0;0;16;17;21;0;34;0;0;23;1;1;0;0;0;0;113
01;Stockholm;20;Värmdö;0120016;Centrumhuset i Gustavsbergs centrum;196;159;185;163;215;163;166;203;191;175;339;428;259;327;330;0;0;0;0;3499
01;Stockholm;20;Värmdö;0120014;Djurö bibliotek;69;92;88;0;0;100;54;113;123;110;0;0;130;60;181;0;0;0;0;1120
01;Stockholm;20;Värmdö;0120001;Hemmesta bibliotek;95;121;126;0;0;119;68;183;173;163;0;0;259;128;260;0;0;0;0;1695
01;Stockholm;20;Värmdö;0120003;Ingarö föreningshus;97;100;125;0;0;123;74;180;112;151;0;0;234;90;323;0;0;0;0;1609
01;Stockholm;20;Värmdö;0120004;Kommunhuset;211;188;135;0;0;161;212;198;210;175;0;0;206;276;246;0;0;0;0;2218
01;Stockholm;20;Värmdö;0120006;Möjahallen;0;0;0;0;0;0;0;0;0;0;0;0;0;0;77;0;0;0;0;77
01;Stockholm;20;Värmdö;0120011;Nämdö hembygdsgård;0;0;0;0;0;0;0;0;0;0;0;0;0;0;0;0;0;0;0;0
01;Stockholm;20;Värmdö;0120012;Runmarö skola;0;0;0;0;0;0;0;0;0;0;0;0;74;0;0;0;0;0;0;74
01;Stockholm;20;Värmdö;0120005;Sandhamn skola;0;0;0;0;0;0;0;0;0;0;0;0;0;0;66;0;0;0;0;66
01;Stockholm;20;Värmdö;0120017;Värmdö kulturhus;154;122;112;129;118;173;179;119;140;153;201;219;257;256;304;0;0;0;0;2636
01;Stockholm;23;Järfälla;0123007;Ambulerande röstmottagning;0;28;21;0;0;10;31;16;18;59;0;0;1;20;2;0;0;0;0;206
01;Stockholm;23;Järfälla;0123001;Biblioteket i BAS Barkarby;142;75;115;93;0;133;136;155;114;123;200;0;277;287;371;0;0;0;0;2221
01;Stockholm;23;Järfälla;0123004;Centrumgallerian Jakobsberg;464;461;456;258;313;469;467;457;471;533;428;489;646;715;742;0;0;0;0;7369
01;Stockholm;23;Järfälla;0123003;Huset på höjden;40;39;35;29;0;41;54;46;42;48;48;0;77;58;81;0;0;0;0;638
01;Stockholm;23;Järfälla;0123005;Seniorträffen Barkarby;58;94;79;50;81;107;63;103;97;83;90;156;180;138;152;0;0;0;0;1531
01;Stockholm;23;Järfälla;0123006;Seniorträffen Kallhäll;195;162;176;123;161;253;212;187;175;179;200;282;350;386;240;0;0;0;0;3281
01;Stockholm;23;Järfälla;0123002;Viksjöträffen;216;216;228;140;180;255;238;292;248;215;240;285;344;396;405;0;0;0;0;3898
01;Stockholm;25;Ekerö;0125005;Ambulerande röstmottagning;1;0;0;0;0;0;0;0;12;5;0;0;38;2;2;0;0;0;0;60
01;Stockholm;25;Ekerö;0125001;Ekerö Centrum, Galleri Utkiken;268;272;266;165;0;261;367;268;355;341;213;216;420;516;566;0;0;0;0;4494
01;Stockholm;25;Ekerö;0125002;Ekerö kommunhus;0;0;0;0;0;0;0;0;0;0;0;0;0;0;0;0;0;0;0;0
01;Stockholm;25;Ekerö;0125003;Stenhamra centrum, biblioteket;83;76;61;0;76;71;94;91;90;75;98;135;151;149;187;0;0;0;0;1437
01;Stockholm;26;Huddinge;0126018;Ambulerande röstmottagning;0;0;1;0;0;6;4;4;7;6;0;0;0;8;0;0;0;0;0;36
01;Stockholm;26;Huddinge;0126005;Anstalten Beateberg;0;0;0;0;0;0;0;0;0;0;0;0;126;0;0;0;0;0;0;126
01;Stockholm;26;Huddinge;0126004;Björnkulla äldreboende;24;1;0;0;0;0;0;0;0;0;0;0;0;0;0;0;0;0;0;25
01;Stockholm;26;Huddinge;0126019;Eklunden Seniorcenter;123;89;80;39;66;89;96;83;94;82;99;111;100;149;145;0;0;0;0;1445
01;Stockholm;26;Huddinge;0126020;Ersta Susannahemmet;0;0;0;0;0;0;0;0;0;0;0;0;0;0;26;0;0;0;0;26
01;Stockholm;26;Huddinge;0126011;Expose föreningslokal, Masmo;18;32;14;13;15;38;20;41;16;24;23;8;24;32;52;0;0;0;0;370
01;Stockholm;26;Huddinge;0126007;Flemingsbergs bibliotek;144;111;83;53;89;131;115;121;130;139;111;87;160;249;239;0;0;0;0;1962
01;Stockholm;26;Huddinge;0126006;Huddinge centrum, Folkes;335;334;321;187;224;282;329;434;335;366;345;341;474;548;623;0;0;0;0;5478
01;Stockholm;26;Huddinge;0126013;Huvudbibliotek Huddinge;222;161;149;76;141;242;183;222;173;164;193;210;329;356;422;0;0;0;0;3243
01;Stockholm;26;Huddinge;0126002;Karolinska sjukhuset, Huddinge;163;137;118;77;108;177;186;183;228;189;160;168;265;313;319;0;0;0;0;2791
01;Stockholm;26;Huddinge;0126001;Rosendalsgårdens äldreboende;0;0;0;0;0;0;0;24;0;0;0;0;0;0;0;0;0;0;0;24
01;Stockholm;26;Huddinge;0126021;Rättspsykiatri Sektion Syd (Helix);0;0;0;0;0;0;0;34;0;0;0;0;0;0;0;0;0;0;0;34
01;Stockholm;26;Huddinge;0126008;Segeltorps bibliotek;98;83;77;70;104;76;68;96;105;79;111;162;161;153;211;0;0;0;0;1654
01;Stockholm;26;Huddinge;0126009;Skogås bibliotek;257;229;143;108;117;199;209;290;232;187;212;165;364;373;422;0;0;0;0;3507
01;Stockholm;26;Huddinge;0126014;Stortorps äldreboende;0;0;46;0;0;0;0;0;0;0;0;0;0;0;0;0;0;0;0;46
01;Stockholm;26;Huddinge;0126012;Stuvsta stationshus;152;137;108;102;155;137;137;141;136;129;199;250;297;330;346;0;0;0;0;2756
01;Stockholm;26;Huddinge;0126003;Tallgårdens äldreboende;12;13;0;0;0;0;0;0;0;0;0;0;0;0;0;0;0;0;0;25
01;Stockholm;26;Huddinge;0126015;Västergårdens äldreboende;0;0;0;0;0;0;0;0;0;0;0;0;0;0;0;0;0;0;0;0
01;Stockholm;26;Huddinge;0126010;Vårby bibliotek;79;85;77;21;45;81;60;65;97;56;71;59;156;145;86;0;0;0;0;1183
01;Stockholm;27;Botkyrka;0127003;Alby medborgarkontor;200;196;167;88;125;211;158;183;176;187;153;139;224;235;257;0;0;0;0;2699
01;Stockholm;27;Botkyrka;0127035;Ambulerande röstmottagning;2;43;4;0;0;4;39;5;40;8;0;0;5;32;5;0;0;0;0;187
01;Stockholm;27;Botkyrka;0127034;Anstalten Asptuna;0;0;0;0;0;0;87;0;0;0;0;0;0;0;0;0;0;0;0;87
01;Stockholm;27;Botkyrka;0127019;Campus Botkyrka (SFI);32;0;0;0;0;0;0;0;14;0;0;0;0;0;0;0;0;0;0;46
01;Stockholm;27;Botkyrka;0127004;Fittja medborgarkontor;131;114;137;73;106;174;126;151;137;127;117;88;183;176;188;0;0;0;0;2028
01;Stockholm;27;Botkyrka;0127026;Hallunda Centrum;2;0;104;98;0;0;0;0;0;0;0;0;0;0;0;0;0;0;0;204
01;Stockholm;27;Botkyrka;0127006;Hallunda medborgarkontor;228;237;191;84;171;249;247;256;239;229;177;201;322;344;348;0;0;0;0;3523
01;Stockholm;27;Botkyrka;0127024;Hågelbyparken, Hågelby Hus;0;0;0;0;13;0;0;0;0;0;21;0;0;0;0;0;0;0;0;34
01;Stockholm;27;Botkyrka;0127007;Ica Maxi Botkyrka;114;128;144;81;146;151;179;190;168;148;157;249;209;257;278;0;0;0;0;2599
01;Stockholm;27;Botkyrka;0127001;Mötesplats Grödinge;84;91;66;42;63;75;100;81;81;70;55;86;100;124;138;0;0;0;0;1256
01;Stockholm;27;Botkyrka;0127012;S:t Botvids gymnasium;0;20;0;0;0;0;0;0;0;0;0;0;0;0;0;0;0;0;0;20
01;Stockholm;27;Botkyrka;0127011;Skyttbrinks gymnasium;0;0;0;0;0;0;0;0;0;0;0;0;0;0;10;0;0;0;0;10
01;Stockholm;27;Botkyrka;0127025;Södertörns gymnasium;0;0;0;0;0;0;0;0;0;22;0;0;0;0;0;0;0;0;0;22
01;Stockholm;27;Botkyrka;0127005;Tullinge centrum;245;250;243;145;156;279;259;273;252;268;243;262;388;449;428;0;0;0;0;4140
01;Stockholm;27;Botkyrka;0127009;Tullinge gymnasium;0;0;0;0;0;0;0;9;0;0;0;0;0;0;0;0;0;0;0;9
01;Stockholm;27;Botkyrka;0127002;Tumba bibliotek;197;217;197;74;124;211;160;190;187;176;139;155;208;302;253;0;0;0;0;2790
01;Stockholm;27;Botkyrka;0127008;Tumba centrum;151;206;198;163;148;183;211;261;222;217;167;140;211;286;287;0;0;0;0;3051
01;Stockholm;27;Botkyrka;0127010;Tumba gymnasium;0;0;0;0;0;0;0;63;0;0;0;0;0;0;0;0;0;0;0;63
01;Stockholm;28;Salem;0128006;Ambulerande röstmottagning;0;0;0;0;0;0;0;0;0;0;0;0;11;30;0;0;0;0;0;41
01;Stockholm;28;Salem;0128001;Murgrönans foajé (Salems bibliotek);174;166;172;59;108;166;177;218;204;176;209;132;247;279;225;0;0;0;0;2712
01;Stockholm;28;Salem;0128004;Salarps vård- och omsorgsboende;0;0;0;0;0;0;0;18;0;0;0;0;0;0;0;0;0;0;0;18
01;Stockholm;28;Salem;0128003;Säbyhemmets vård- och omsorgsboende;0;0;0;0;0;0;14;0;0;0;0;0;0;0;0;0;0;0;0;14
01;Stockholm;28;Salem;0128005;Söderby Park;0;0;0;0;0;0;0;0;0;14;0;0;0;0;0;0;0;0;0;14
01;Stockholm;28;Salem;0128002;Villa Skönvik;0;0;0;0;0;0;64;61;118;47;66;0;115;114;99;0;0;0;0;684
01;Stockholm;36;Haninge;0136009;Ambulerande röstmottagning;6;6;4;0;0;6;5;5;6;4;0;0;11;6;6;0;0;0;0;65
01;Stockholm;36;Haninge;0136016;Hagagården;0;0;0;0;0;0;21;0;0;0;0;0;0;0;0;0;0;0;0;21
01;Stockholm;36;Haninge;0136003;Haninge kulturhus;330;303;265;142;147;346;330;384;321;309;307;238;466;449;532;0;0;0;0;4869
01;Stockholm;36;Haninge;0136013;Hanveden äldreboende;0;0;0;0;0;38;0;0;0;0;0;0;0;0;0;0;0;0;0;38
01;Stockholm;36;Haninge;0136010;Ica Maxi;353;407;348;286;416;445;509;516;559;540;522;619;723;815;840;0;0;0;0;7898
01;Stockholm;36;Haninge;0136020;Johanneslund;0;0;0;0;0;0;0;0;0;37;0;0;0;0;0;0;0;0;0;37
01;Stockholm;36;Haninge;0136001;Jordbro bibliotek;67;95;66;73;0;146;84;96;86;87;128;0;155;132;151;0;0;0;0;1366
01;Stockholm;36;Haninge;0136015;Lillgårdsvägen äldreboende;0;0;0;0;0;29;0;0;0;0;0;0;0;0;0;0;0;0;0;29
01;Stockholm;36;Haninge;0136018;Malmgården;0;0;0;0;0;0;0;20;0;0;0;0;0;0;0;0;0;0;0;20
01;Stockholm;36;Haninge;0136006;Ornö bygdegård;0;0;0;0;0;0;0;0;0;0;0;0;0;0;0;0;0;0;0;0
01;Stockholm;36;Haninge;0136014;Ros-Anders Gård;0;0;0;0;0;12;0;0;0;0;0;0;0;0;0;0;0;0;0;12
01;Stockholm;36;Haninge;0136021;Terrassen;0;0;0;0;0;0;0;0;0;0;0;0;26;0;0;0;0;0;0;26
01;Stockholm;36;Haninge;0136007;Träffpunkten Brandbergen;67;82;82;0;0;90;54;89;84;78;0;0;89;77;118;0;0;0;0;910
01;Stockholm;36;Haninge;0136004;Träffpunkten Dalarö;48;61;0;69;0;0;0;58;59;0;92;0;0;0;110;0;0;0;0;497
01;Stockholm;36;Haninge;0136011;Tungelsta folk- och trädgårdsmuseum;0;0;0;0;193;0;96;0;0;0;0;217;0;156;0;0;0;0;0;662
01;Stockholm;36;Haninge;0136005;Utö skola;0;0;0;0;0;0;0;0;0;0;0;0;0;0;0;0;0;0;0;0
01;Stockholm;36;Haninge;0136012;Vallagården;0;0;0;0;0;7;0;0;0;0;0;0;0;0;0;0;0;0;0;7
01;Stockholm;36;Haninge;0136008;Vega skola & aktivitetshus;0;0;110;110;150;73;91;0;0;87;158;210;161;194;0;0;0;0;0;1344
01;Stockholm;36;Haninge;0136023;Vendelsögården;0;0;0;0;0;0;0;0;0;0;0;0;24;0;0;0;0;0;0;24
01;Stockholm;36;Haninge;0136022;Villa Baldersro;0;0;0;0;0;0;33;0;0;0;0;0;0;0;0;0;0;0;0;33
01;Stockholm;36;Haninge;0136019;Villa Gullringen;0;0;0;0;0;0;0;0;22;0;0;0;0;0;0;0;0;0;0;22
01;Stockholm;36;Haninge;0136017;Villa Tjädern;0;0;0;0;0;0;0;26;0;0;0;0;0;0;0;0;0;0;0;26
01;Stockholm;36;Haninge;0136002;Västerhaninge bibliotek;229;216;249;159;0;260;243;271;265;294;177;0;332;323;324;0;0;0;0;3342
01;Stockholm;38;Tyresö;0138005;Ambulerande röstmottagning;0;0;2;0;0;0;37;0;0;6;0;0;9;27;15;0;0;0;0;96
01;Stockholm;38;Tyresö;0138001;Biblioteket Trollbäcken;161;175;179;90;0;226;143;163;160;158;170;0;333;242;258;0;0;0;0;2458
01;Stockholm;38;Tyresö;0138002;Biblioteket Tyresö Strand;124;78;79;0;74;86;74;137;105;123;0;164;129;172;338;0;0;0;0;1683
01;Stockholm;38;Tyresö;0138006;G60, Granängsringen;78;44;24;20;0;25;20;19;18;40;41;0;42;35;40;0;0;0;0;446
01;Stockholm;38;Tyresö;0138003;Huvudbiblioteket Tyresö Centrum;478;408;371;273;238;442;423;418;359;416;333;376;566;621;709;0;0;0;0;6431
01;Stockholm;38;Tyresö;0138004;Servicecenter Tyresö kommun;88;66;47;14;32;67;63;66;86;49;58;52;97;78;95;0;0;0;0;958
01;Stockholm;39;Upplands-Bro;0139004;Ambulerande röstmottagning;0;2;0;0;0;0;5;0;3;0;0;0;0;5;0;0;0;0;0;15
01;Stockholm;39;Upplands-Bro;0139002;Brohuset;103;131;82;110;89;214;177;192;169;195;147;190;256;305;334;0;0;0;0;2694
01;Stockholm;39;Upplands-Bro;0139009;Hagtorp äldreboende;0;0;0;0;0;0;0;0;0;0;0;0;0;0;21;0;0;0;0;21
01;Stockholm;39;Upplands-Bro;0139007;Humana Lillsjö badväg äldreboende;0;0;0;0;0;0;0;0;0;19;0;0;0;0;0;0;0;0;0;19
01;Stockholm;39;Upplands-Bro;0139001;Kommunhuset;147;180;126;116;137;301;261;296;306;299;190;188;349;398;423;0;0;0;0;3717
01;Stockholm;39;Upplands-Bro;0139010;Kungsgården äldreboende;0;0;0;0;0;0;0;0;0;0;0;0;0;0;0;0;0;0;0;0
01;Stockholm;39;Upplands-Bro;0139008;Norrgården äldreboende;0;0;0;0;0;0;0;0;0;0;0;0;30;0;0;0;0;0;0;30
01;Stockholm;39;Upplands-Bro;0139005;Soldathemmet;0;0;0;0;0;0;0;0;0;0;0;0;0;0;0;0;0;0;0;0
01;Stockholm;39;Upplands-Bro;0139006;Upplands-Bro gymnasie (UBG);0;0;0;0;0;14;0;14;0;0;0;0;0;0;0;0;0;0;0;28
01;Stockholm;40;Nykvarn;0140003;Ambulerande röstmottagning;0;0;0;0;0;0;2;0;11;0;0;0;2;0;0;0;0;0;0;15
01;Stockholm;40;Nykvarn;0140002;Kommunhuset;0;0;0;0;0;0;0;0;0;0;0;0;0;0;0;0;0;0;0;0
01;Stockholm;40;Nykvarn;0140001;Qulturum Sländan;155;181;173;73;75;199;199;205;179;210;144;174;288;235;285;0;0;0;0;2775
01;Stockholm;60;Täby;0160011;Ambulerande röstmottagning;0;2;4;4;3;1;21;7;31;23;17;37;13;37;0;0;0;0;0;200
01;Stockholm;60;Täby;0160010;Anstalten Täby;0;0;0;0;0;0;0;49;0;0;0;0;0;0;0;0;0;0;0;49
01;Stockholm;60;Täby;0160001;Bostadsrättsföreningen Vingen;32;50;31;29;0;36;40;37;33;51;45;0;52;55;61;0;0;0;0;552
01;Stockholm;60;Täby;0160009;Gribbylunds bibliotek;71;82;57;0;0;95;114;70;77;61;0;0;124;168;135;0;0;0;0;1054
01;Stockholm;60;Täby;0160008;Huvudbiblioteket;282;252;224;166;285;317;260;344;281;251;400;383;463;507;490;0;0;0;0;4905
01;Stockholm;60;Täby;0160003;Hägerneholmshallen;25;34;21;39;86;0;0;42;45;37;72;131;0;0;98;0;0;0;0;630
01;Stockholm;60;Täby;0160004;Näsbyparks bibliotek;212;145;140;121;94;168;160;126;175;177;146;171;239;255;247;0;0;0;0;2576
01;Stockholm;60;Täby;0160005;Skarpängs bibliotek;57;64;40;0;1;68;120;74;53;54;0;0;128;194;125;0;0;0;0;978
01;Stockholm;60;Täby;0160007;Täby Gård;73;59;76;52;0;97;59;80;98;140;90;0;148;152;173;0;0;0;0;1297
01;Stockholm;60;Täby;0160006;Täby Racketcenter;115;78;64;81;143;65;89;71;84;78;156;250;123;198;207;0;0;0;0;1802
01;Stockholm;60;Täby;0160002;Täby kommunhus;410;342;319;0;0;364;323;370;371;437;0;0;623;601;634;0;0;0;0;4794
01;Stockholm;62;Danderyd;0162010;Ambulerande röstmottagning;0;0;0;0;0;0;0;0;0;0;0;0;0;0;9;0;0;0;0;9
01;Stockholm;62;Danderyd;0162013;Annebergsgården;0;0;0;0;0;0;0;0;0;16;0;0;0;0;0;0;0;0;0;16
01;Stockholm;62;Danderyd;0162004;Birgittasystrarna;0;0;0;0;0;0;0;0;0;32;0;0;0;0;0;0;0;0;0;32
01;Stockholm;62;Danderyd;0162006;Djursholms bibliotek;147;130;114;86;0;171;136;131;119;160;119;0;227;169;186;0;0;0;0;1895
01;Stockholm;62;Danderyd;0162005;Enebybergs bibliotek;80;88;68;36;0;86;67;70;54;83;92;0;142;125;123;0;0;0;0;1114
01;Stockholm;62;Danderyd;0162002;Entrétorget, Danderyds Kontaktcenter;312;304;289;169;176;88;375;340;348;332;200;309;460;605;606;0;0;0;0;4913
01;Stockholm;62;Danderyd;0162012;Korttidsboende Idun;0;0;0;0;0;0;0;0;16;0;0;0;0;0;0;0;0;0;0;16
01;Stockholm;62;Danderyd;0162001;Stocksunds bibliotek;0;0;0;0;0;0;0;49;57;0;0;0;91;0;111;0;0;0;0;308
01;Stockholm;62;Danderyd;0162008;Stocksundsgården;0;0;0;0;0;0;0;0;24;0;0;0;0;0;0;0;0;0;0;24
01;Stockholm;62;Danderyd;0162007;Svalnäs äldreboende;0;0;0;0;0;0;0;0;0;112;0;0;0;0;0;0;0;0;0;112
01;Stockholm;62;Danderyd;0162003;Tallgårdens Äldreboende;0;0;0;0;0;0;0;0;0;44;0;0;0;0;0;0;0;0;0;44
01;Stockholm;62;Danderyd;0162011;Villa Brage;0;0;0;0;0;0;0;0;0;0;0;0;0;0;0;0;0;0;0;0
01;Stockholm;62;Danderyd;0162009;Villa Odinslund;0;0;0;0;0;0;0;0;52;0;0;0;0;0;0;0;0;0;0;52
01;Stockholm;63;Sollentuna;0163007;Ambulerande röstmottagning;0;0;43;0;0;4;43;82;48;31;0;0;5;25;15;0;0;0;0;296
01;Stockholm;63;Sollentuna;0163005;Arena Edsberg;0;0;0;0;0;240;198;181;180;179;0;0;252;289;289;0;0;0;0;1808
01;Stockholm;63;Sollentuna;0163003;Helenelunds centrum;0;0;0;0;0;186;174;157;151;173;0;0;216;223;290;0;0;0;0;1570
01;Stockholm;63;Sollentuna;0163006;Häktet Sollentuna;0;0;0;0;0;0;0;0;0;0;0;0;0;50;0;0;0;0;0;50
01;Stockholm;63;Sollentuna;0163004;Rotebro Centrum;0;0;0;0;0;153;134;141;97;158;0;0;172;180;205;0;0;0;0;1240
01;Stockholm;63;Sollentuna;0163001;Stinsen kontorshus;256;198;199;186;223;211;184;181;178;218;329;417;263;266;290;0;0;0;0;3599
01;Stockholm;63;Sollentuna;0163002;Turebergshuset;594;538;448;296;389;472;479;509;555;390;572;692;741;825;871;0;0;0;0;8371
01;Stockholm;80;Stockholm;0180041;Alviks bibliotek;268;218;192;0;237;278;242;297;278;257;0;388;448;474;498;0;0;0;0;4075
01;Stockholm;80;Stockholm;0180054;Ambulerande röstmottagning;26;15;29;34;56;51;50;38;82;46;72;95;39;37;65;0;0;0;0;735
01;Stockholm;80;Stockholm;0180073;BEGR. TILLTR. Kampementets VoB;0;18;0;0;0;0;19;0;0;0;0;0;0;0;0;0;0;0;0;37
01;Stockholm;80;Stockholm;0180092;BEGR. TILLTR. Sätra VoB/Björksätra;0;0;0;0;0;0;0;0;0;0;0;0;71;0;0;0;0;0;0;71
01;Stockholm;80;Stockholm;0180093;BEGR. TILLTRTÄ. Trekantens serviceh.;0;0;0;0;0;0;0;0;0;31;0;0;0;0;0;0;0;0;0;31
01;Stockholm;80;Stockholm;0180099;BEGR. TILLTRÄDE Tunets aktivitetsc.;0;0;0;0;0;0;0;0;43;0;0;0;0;0;0;0;0;0;0;43
01;Stockholm;80;Stockholm;0180096;BEGR. Älvsjö serviceh/Älvsjögården;0;0;0;0;0;0;0;0;0;53;0;0;0;0;0;0;0;0;0;53
01;Stockholm;80;Stockholm;0180063;BEGRÄNSA TILLTRÄDE Bräckei Reimersh.;0;0;0;0;0;0;0;0;0;0;0;0;0;0;0;0;0;0;0;0
01;Stockholm;80;Stockholm;0180090;BEGRÄNSAT LILLTRÄDE Stureby VoB;0;0;35;0;0;0;0;0;0;0;0;0;0;0;0;0;0;0;0;35
01;Stockholm;80;Stockholm;0180061;BEGRÄNSAT TILL Blomsterf. Röda Berg.;0;0;0;0;0;33;0;0;0;0;0;0;0;0;0;0;0;0;0;33
01;Stockholm;80;Stockholm;0180056;BEGRÄNSAT TILLTR. Attendo Spadvägen;0;0;0;0;0;0;0;0;0;21;0;0;0;0;0;0;0;0;0;21
01;Stockholm;80;Stockholm;0180059;BEGRÄNSAT TILLTR. Blomsterf Liseberg;0;0;0;0;0;0;0;0;149;0;0;0;0;0;0;0;0;0;0;149
01;Stockholm;80;Stockholm;0180062;BEGRÄNSAT TILLTR. Borgerskapets VoB;0;0;0;0;0;0;0;0;0;0;0;0;0;0;0;0;0;0;0;0
01;Stockholm;80;Stockholm;0180066;BEGRÄNSAT TILLTR. Edsätra VoB;0;0;0;0;0;0;0;0;0;0;0;0;28;0;0;0;0;0;0;28
01;Stockholm;80;Stockholm;0180070;BEGRÄNSAT TILLTR. Hemmet för gamla;0;0;0;0;0;0;0;0;0;0;0;0;0;0;0;0;0;0;0;0
01;Stockholm;80;Stockholm;0180086;BEGRÄNSAT TILLTR. Johannesgården;0;0;0;0;0;0;0;0;0;0;0;0;0;0;0;0;0;0;0;0
01;Stockholm;80;Stockholm;0180072;BEGRÄNSAT TILLTR. Judiska hemmet;1;19;21;0;0;0;0;0;0;0;0;0;0;0;0;0;0;0;0;41
01;Stockholm;80;Stockholm;0180074;BEGRÄNSAT TILLTR. Kattrumpstullen;0;0;0;0;0;0;0;45;0;0;0;0;0;0;0;0;0;0;0;45
01;Stockholm;80;Stockholm;0180076;BEGRÄNSAT TILLTR. Kavat Brahem;0;0;0;0;0;0;0;0;39;0;0;0;0;0;0;0;0;0;0;39
01;Stockholm;80;Stockholm;0180077;BEGRÄNSAT TILLTR. Kavat Persikan;11;0;9;0;0;0;0;0;0;0;0;0;0;0;0;0;0;0;0;20
01;Stockholm;80;Stockholm;0180080;BEGRÄNSAT TILLTR. Löjtnantsgården;0;0;0;0;0;0;0;0;37;0;0;0;0;0;0;0;0;0;0;37
01;Stockholm;80;Stockholm;0180082;BEGRÄNSAT TILLTR. Nockebyhus;0;0;153;0;0;0;0;0;0;0;0;0;0;0;0;0;0;0;0;153
01;Stockholm;80;Stockholm;0180091;BEGRÄNSAT TILLTR. SVPH Bromma Str.;0;0;0;0;0;0;0;130;0;0;0;0;0;0;0;0;0;0;0;130
01;Stockholm;80;Stockholm;0180085;BEGRÄNSAT TILLTR. Serafen/Pilträdet;0;0;0;0;0;0;0;0;0;0;0;0;0;0;0;0;0;0;0;0
01;Stockholm;80;Stockholm;0180094;BEGRÄNSAT TILLTR. Tussmötegården;20;0;0;0;0;11;0;0;0;0;0;0;0;0;0;0;0;0;0;31
01;Stockholm;80;Stockholm;0180088;BEGRÄNSAT TILLTR. Villa Magnolia;0;0;0;0;0;0;0;0;0;0;0;0;0;0;0;0;0;0;0;0
01;Stockholm;80;Stockholm;0180095;BEGRÄNSAT TILLTR. Väderkvarnens VoB;0;0;0;0;0;0;45;2;0;0;0;0;0;0;0;0;0;0;0;47
01;Stockholm;80;Stockholm;0180057;BEGRÄNSAT TILLTRÄDE Axelsbergs VOB;0;0;0;0;0;0;0;0;0;66;0;0;0;0;0;0;0;0;0;66
01;Stockholm;80;Stockholm;0180103;BEGRÄNSAT TILLTRÄDE Bergsunds vob;0;0;0;0;0;0;49;0;0;0;0;0;0;0;0;0;0;0;0;49
01;Stockholm;80;Stockholm;0180075;BEGRÄNSAT TILLTRÄDE Birger Jarl;3;18;0;0;0;0;0;0;0;0;0;0;0;0;0;0;0;0;0;21
01;Stockholm;80;Stockholm;0180060;BEGRÄNSAT TILLTRÄDE Blomsterf Ringv.;5;0;0;0;0;120;0;0;0;0;0;0;0;0;0;0;0;0;0;125
01;Stockholm;80;Stockholm;0180068;BEGRÄNSAT TILLTRÄDE Fredhällshusen;0;0;0;0;0;0;0;0;0;0;0;0;87;0;0;0;0;0;0;87
01;Stockholm;80;Stockholm;0180100;BEGRÄNSAT TILLTRÄDE Fruängsg. vob;0;0;0;0;0;0;0;0;0;0;0;0;0;0;0;0;0;0;0;0
01;Stockholm;80;Stockholm;0180071;BEGRÄNSAT TILLTRÄDE Högdalens VoB;0;1;40;0;0;0;0;0;0;0;0;0;0;0;0;0;0;0;0;41
01;Stockholm;80;Stockholm;0180102;BEGRÄNSAT TILLTRÄDE Katarinag. VOB;0;0;0;0;0;0;27;0;0;0;0;0;0;0;0;0;0;0;0;27
01;Stockholm;80;Stockholm;0180079;BEGRÄNSAT TILLTRÄDE Kopparg./Liviag.;0;0;0;0;0;0;79;0;0;0;0;0;0;0;0;0;0;0;0;79
01;Stockholm;80;Stockholm;0180055;BEGRÄNSAT TILLTRÄDE Liljanshöjden;0;0;0;0;0;0;38;0;0;0;0;0;0;0;0;0;0;0;0;38
01;Stockholm;80;Stockholm;0180081;BEGRÄNSAT TILLTRÄDE Mälarb. VoB;0;0;0;3;0;83;0;0;0;0;0;0;0;0;0;0;0;0;0;86
01;Stockholm;80;Stockholm;0180083;BEGRÄNSAT TILLTRÄDE Rinkeby VoB;0;0;0;0;0;0;0;0;0;0;0;0;0;0;0;0;0;0;0;0
01;Stockholm;80;Stockholm;0180084;BEGRÄNSAT TILLTRÄDE Rio VoB;0;0;0;0;18;47;0;0;0;0;0;0;0;0;0;0;0;0;0;65
01;Stockholm;80;Stockholm;0180087;BEGRÄNSAT TILLTRÄDE Solgården;0;0;0;0;0;0;0;0;0;0;0;0;0;0;0;0;0;0;0;0
01;Stockholm;80;Stockholm;0180089;BEGRÄNSAT TILLTRÄDE Villa Skönviken;0;0;0;0;0;0;0;0;0;0;0;0;0;0;0;0;0;0;0;0
01;Stockholm;80;Stockholm;0180043;Bagarmossens Folkets Hus;165;156;173;81;114;170;154;188;154;145;171;189;228;276;299;0;0;0;0;2663
01;Stockholm;80;Stockholm;0180058;Begränsat tilltr. Blomsterf. Körsbär;0;0;0;0;0;0;0;0;0;0;0;0;0;0;0;0;0;0;0;0
01;Stockholm;80;Stockholm;0180064;Bibliotekslabbet;131;140;131;0;0;133;115;188;167;218;0;0;353;370;418;0;0;0;0;2364
01;Stockholm;80;Stockholm;0180004;Björkhagen, Skarpnäcks Stadsdelsförv;179;168;124;0;119;155;133;158;140;131;0;201;266;274;269;0;0;0;0;2317
01;Stockholm;80;Stockholm;0180035;Blackebergs bibliotek;196;167;146;0;156;191;186;157;174;151;0;248;273;268;311;0;0;0;0;2624
01;Stockholm;80;Stockholm;0180019;Bredängs bibliotek;179;178;82;97;143;176;123;194;209;107;154;149;214;154;257;0;0;0;0;2416
01;Stockholm;80;Stockholm;0180101;Bromma blocks, Hangar 5;237;221;178;190;236;212;225;260;210;221;333;421;399;453;542;0;0;0;0;4338
01;Stockholm;80;Stockholm;0180037;Brommaplans bibliotek;323;294;281;145;0;324;228;340;317;303;289;0;494;392;531;0;0;0;0;4261
01;Stockholm;80;Stockholm;0180097;Enskede bibliotek;207;145;0;92;0;173;100;195;164;0;195;0;254;294;333;0;0;0;0;2152
01;Stockholm;80;Stockholm;0180033;Eriksdalsbadet;244;200;154;94;171;171;185;205;166;178;208;311;286;309;356;0;0;0;0;3238
01;Stockholm;80;Stockholm;0180007;Farsta bibliotek;539;574;494;357;439;664;534;720;666;566;595;621;825;771;1038;0;0;0;0;9403
01;Stockholm;80;Stockholm;0180008;Fridhemsplan;461;408;352;138;240;412;398;433;404;436;395;412;568;720;723;0;0;0;0;6500
01;Stockholm;80;Stockholm;0180002;Fruängstorget;460;386;463;150;237;410;385;438;454;428;305;392;553;634;698;0;0;0;0;6393
01;Stockholm;80;Stockholm;0180051;Globen Shopping;484;455;438;296;359;468;429;453;473;476;413;468;670;736;800;0;0;0;0;7418
01;Stockholm;80;Stockholm;0180006;Gubbängens bibliotek;217;192;0;0;157;163;110;182;162;0;0;265;255;232;278;0;0;0;0;2213
01;Stockholm;80;Stockholm;0180031;Gullmarsplan;236;227;209;58;94;183;204;210;209;246;149;203;302;339;373;0;0;0;0;3242
01;Stockholm;80;Stockholm;0180016;Hagsätra bibliotek;150;163;118;0;143;0;150;157;166;132;0;169;0;251;282;0;0;0;0;1881
01;Stockholm;80;Stockholm;0180039;Historiska museet;196;166;119;115;196;122;140;260;175;130;285;424;0;345;632;0;0;0;0;3305
01;Stockholm;80;Stockholm;0180021;Hjorthagshallen;74;61;67;51;0;63;57;60;74;79;145;0;117;126;184;0;0;0;0;1158
01;Stockholm;80;Stockholm;0180012;Hornstulls servicehus;342;257;235;109;191;255;253;313;278;274;222;285;372;446;529;0;0;0;0;4361
01;Stockholm;80;Stockholm;0180018;Humlegården;650;489;440;150;390;456;465;588;539;527;499;601;864;965;1215;0;0;0;0;8838
01;Stockholm;80;Stockholm;0180052;Husby medborgarkontor;121;106;80;0;0;115;114;205;128;208;0;0;147;172;251;0;0;0;0;1647
01;Stockholm;80;Stockholm;0180025;Hägerstensåsens medborgarhus;167;123;153;0;0;209;193;158;146;192;0;0;293;293;329;0;0;0;0;2256
01;Stockholm;80;Stockholm;0180045;Hässelby Villastads bibliotek;286;0;267;206;0;323;304;326;0;318;263;0;391;404;399;0;0;0;0;3487
01;Stockholm;80;Stockholm;0180034;Hässelby gårds Bibbleria;225;236;241;101;0;227;200;232;222;213;162;0;285;354;337;0;0;0;0;3035
01;Stockholm;80;Stockholm;0180017;Högdalens bibliotek;510;422;328;266;328;511;384;488;455;392;466;505;664;677;791;0;0;0;0;7187
01;Stockholm;80;Stockholm;0180022;Kista bibliotek;366;380;350;272;367;418;386;426;378;460;428;519;647;686;752;0;0;0;0;6835
01;Stockholm;80;Stockholm;0180010;Kulturhuset;2;459;383;260;281;395;410;512;492;478;437;456;718;868;981;0;0;0;0;7132
01;Stockholm;80;Stockholm;0180026;Kungsholmens bibliotek;531;460;315;310;397;489;414;536;465;375;430;597;738;633;808;0;0;0;0;7498
01;Stockholm;80;Stockholm;0180038;Liljeholmstorget;749;706;727;352;461;715;746;772;717;730;589;561;968;1075;1144;0;0;0;0;11012
01;Stockholm;80;Stockholm;0180042;Luma bibliotek;292;235;0;0;291;282;204;312;263;0;0;340;430;364;525;0;0;0;0;3538
01;Stockholm;80;Stockholm;0180030;Mariatorget;632;509;443;245;371;497;476;532;491;508;452;513;710;780;874;0;0;0;0;8033
01;Stockholm;80;Stockholm;0180028;Medborgarhuset;838;751;531;337;440;630;688;752;773;586;631;710;1099;1128;1163;0;0;0;0;11057
01;Stockholm;80;Stockholm;0180050;Moa Martinssons torg;283;255;212;108;185;188;194;226;210;208;208;353;298;383;501;0;0;0;0;3812
01;Stockholm;80;Stockholm;0180098;Norrsken;174;120;140;51;0;147;123;181;175;170;148;0;277;343;409;0;0;0;0;2458
01;Stockholm;80;Stockholm;0180001;Observatorielunden;293;208;193;104;168;223;188;265;287;233;259;396;398;477;627;0;0;0;0;4319
01;Stockholm;80;Stockholm;0180013;Odenplan;874;827;757;369;579;962;897;937;958;922;697;726;1289;1357;1390;0;0;0;0;13541
01;Stockholm;80;Stockholm;0180027;Orionteatern;277;255;263;160;0;304;229;257;280;278;268;0;407;358;473;0;0;0;0;3809
01;Stockholm;80;Stockholm;0180040;Rinkeby Folkets Hus;311;352;313;87;144;389;353;331;342;365;184;203;425;423;446;0;0;0;0;4668
01;Stockholm;80;Stockholm;0180020;SKHLM-Skärholmens centrum;574;599;576;469;468;616;645;585;620;611;623;595;724;749;761;0;0;0;0;9215
01;Stockholm;80;Stockholm;0180005;Skarpnäcks bibliotek;203;144;0;113;0;195;105;163;129;0;176;0;267;169;351;0;0;0;0;2015
01;Stockholm;80;Stockholm;0180015;Sköndals bibliotek;0;0;261;0;149;0;168;0;0;276;0;203;0;246;0;0;0;0;0;1303
01;Stockholm;80;Stockholm;0180003;Spånga torg;317;273;288;130;202;331;278;310;339;352;336;338;480;538;593;0;0;0;0;5105
01;Stockholm;80;Stockholm;0180029;Stadshuset;409;347;322;0;0;321;286;387;351;313;0;0;404;505;535;0;0;0;0;4180
01;Stockholm;80;Stockholm;0180023;Stockholms central, Centralhallen;1020;715;684;360;487;614;585;719;663;742;486;526;1032;1170;1360;0;0;0;0;11163
01;Stockholm;80;Stockholm;0180065;Stockholms universitetet;79;79;65;0;0;108;141;126;146;142;0;0;218;220;290;0;0;0;0;1614
01;Stockholm;80;Stockholm;0180047;Telefonplan;357;280;295;140;270;271;261;345;309;308;284;398;331;600;658;0;0;0;0;5107
01;Stockholm;80;Stockholm;0180009;Tensta bibliotek;268;253;224;61;90;290;214;291;245;223;209;147;312;306;337;0;0;0;0;3470
01;Stockholm;80;Stockholm;0180046;Vällingby bibliotek;471;483;390;260;400;481;391;527;554;451;526;552;767;708;891;0;0;0;0;7852
01;Stockholm;80;Stockholm;0180069;bEGRÄNSAT TILLTR. Fridh./Alströmerh.;0;0;0;0;0;0;0;0;0;0;0;0;0;0;0;0;0;0;0;0
01;Stockholm;80;Stockholm;0180078;bEGRÄNSAT TILLTR. Kista serviceh/VoB;0;0;0;0;0;0;0;45;0;0;0;0;0;0;0;0;0;0;0;45
01;Stockholm;80;Stockholm;0180053;Älvsjö medborgarkontor;227;194;188;92;122;203;252;232;179;229;168;234;339;394;442;0;0;0;0;3495
01;Stockholm;80;Stockholm;0180044;Årsta bibliotek;203;227;162;152;0;200;193;201;218;219;193;0;286;327;363;0;0;0;0;2944
01;Stockholm;80;Stockholm;0180032;Östberga kulturhus;35;63;29;0;70;43;34;51;39;34;0;98;63;62;71;0;0;0;0;692
01;Stockholm;80;Stockholm;0180011;Östermalms bibliotek;616;598;511;325;362;658;506;640;613;551;348;495;890;705;926;0;0;0;0;8744
01;Stockholm;81;Södertälje;0181026;Aktivitetshuset Mosaik Ronna;54;54;78;10;36;66;70;57;64;57;79;56;99;104;103;0;0;0;0;987
01;Stockholm;81;Södertälje;0181025;Ambulerande röstmottagning;0;0;0;0;0;24;73;56;7;31;4;0;2;12;0;0;0;0;0;209
01;Stockholm;81;Södertälje;0181004;Enhörna församlingshem;0;0;0;0;125;115;99;0;0;0;0;119;143;136;0;0;0;0;0;737
01;Stockholm;81;Södertälje;0181031;Fornhöjden centrum;0;0;0;0;127;0;0;0;0;0;118;0;0;0;0;0;0;0;0;245
01;Stockholm;81;Södertälje;0181006;Futurum Järna;199;158;154;62;99;201;238;223;198;182;123;127;246;317;307;0;0;0;0;2834
01;Stockholm;81;Södertälje;0181008;Hovsjö Hub;84;111;61;21;28;108;119;98;68;55;37;55;84;71;97;0;0;0;0;1097
01;Stockholm;81;Södertälje;0181029;Hölö IP;0;200;0;0;0;0;0;0;276;0;0;0;0;0;0;0;0;0;0;476
01;Stockholm;81;Södertälje;0181028;Morabergs handelsplats;149;151;174;108;164;224;244;245;234;236;184;263;363;380;423;0;0;0;0;3542
01;Stockholm;81;Södertälje;0181001;Mölnboskogens aktivitetshall;0;0;0;38;57;0;0;0;0;0;53;64;0;0;0;0;0;0;0;212
01;Stockholm;81;Södertälje;0181009;Mötesplats Bergvik;112;103;83;39;0;0;0;158;114;107;90;0;0;0;171;0;0;0;0;977
01;Stockholm;81;Södertälje;0181034;Saltsjötorg;0;0;143;37;0;0;89;0;0;0;0;0;0;0;0;0;0;0;0;269
01;Stockholm;81;Södertälje;0181032;Scania Tekniskt center;162;0;0;0;0;0;0;0;0;0;0;0;0;0;0;0;0;0;0;162
01;Stockholm;81;Södertälje;0181036;Scania huvudkontor;0;0;0;0;0;0;0;0;0;0;0;0;0;0;0;0;0;0;0;0
01;Stockholm;81;Södertälje;0181011;SiS Tysslinge;0;0;13;0;0;0;0;0;0;0;0;0;0;0;0;0;0;0;0;13
01;Stockholm;81;Södertälje;0181038;St:a Ragnhildgymnasiet;0;0;0;0;0;0;0;0;0;0;0;0;23;0;0;0;0;0;0;23
01;Stockholm;81;Södertälje;0181010;Stadshuset Södertälje kommun;194;146;106;43;72;138;106;112;118;98;57;90;193;181;209;0;0;0;0;1863
01;Stockholm;81;Södertälje;0181030;Stora torget, Södertälje centrum;0;0;0;0;0;0;0;0;0;0;0;136;0;0;0;0;0;0;0;136
01;Stockholm;81;Södertälje;0181027;Södertälje Syd;50;76;83;32;54;87;68;46;61;63;39;51;97;91;112;0;0;0;0;1010
01;Stockholm;81;Södertälje;0181003;Södertälje centrum, Storgatan 17;258;223;283;72;112;235;248;232;224;206;186;129;306;305;351;0;0;0;0;3370
01;Stockholm;81;Södertälje;0181035;Södertälje station;0;0;0;0;0;0;0;181;0;0;0;0;0;0;233;0;0;0;0;414
01;Stockholm;81;Södertälje;0181039;Torekällgymnasiet;0;0;0;0;0;0;0;0;0;61;0;0;0;0;0;0;0;0;0;61
01;Stockholm;81;Södertälje;0181037;Täljegymnasiet;0;0;0;0;0;0;0;0;0;0;0;0;23;0;0;0;0;0;0;23
01;Stockholm;81;Södertälje;0181005;Vasa handelsplats;224;253;251;144;215;304;304;301;389;320;271;272;402;495;483;0;0;0;0;4628
01;Stockholm;81;Södertälje;0181033;Östertälje station;0;0;0;0;0;232;0;0;0;0;0;0;0;264;2;0;0;0;0;498
01;Stockholm;82;Nacka;0182023;Ambulerande röstmottagning;0;0;0;0;0;2;0;4;25;4;0;0;9;12;6;0;0;0;0;62
01;Stockholm;82;Nacka;0182012;Danvikshem;0;0;0;0;0;0;84;0;0;0;0;0;0;0;0;0;0;0;0;84
01;Stockholm;82;Nacka;0182003;Dieselverkstaden;289;304;236;192;226;306;340;355;307;357;438;399;533;559;635;0;0;0;0;5476
01;Stockholm;82;Nacka;0182026;Ednahemmet;0;0;0;0;0;0;0;0;0;0;0;0;0;0;0;0;0;0;0;0
01;Stockholm;82;Nacka;0182009;Ersta Sarahemmet;0;0;0;0;0;0;0;0;0;0;0;0;15;0;0;0;0;0;0;15
01;Stockholm;82;Nacka;0182018;Fisksätra bibliotek;82;92;106;38;43;123;107;106;106;87;61;62;135;164;185;0;0;0;0;1497
01;Stockholm;82;Nacka;0182021;Graninge Strand;0;0;0;0;0;0;0;0;0;0;0;0;0;34;0;0;0;0;0;34
01;Stockholm;82;Nacka;0182005;Igelboda skola;142;127;110;67;81;170;176;169;198;187;146;168;237;261;323;0;0;0;0;2562
01;Stockholm;82;Nacka;0182024;NSC Sjötäppan;0;0;0;0;0;0;0;0;0;0;0;0;24;0;0;0;0;0;0;24
01;Stockholm;82;Nacka;0182025;NSC Sofiero;0;0;0;0;0;0;0;0;0;0;0;0;0;0;0;0;0;0;0;0
01;Stockholm;82;Nacka;0182002;Nacka Forum, plan 0;566;640;562;589;521;669;633;640;680;606;811;776;921;1023;1110;0;0;0;0;10747
01;Stockholm;82;Nacka;0182011;Nacka Seniorcenter Ektorp;0;0;0;0;0;0;0;0;0;0;0;0;0;0;0;0;0;0;0;0
01;Stockholm;82;Nacka;0182013;Nacka Seniorcenter Talliden;0;0;0;0;0;0;0;0;0;31;0;0;0;0;0;0;0;0;0;31
01;Stockholm;82;Nacka;0182020;Nacka stadshus;76;66;40;0;1;42;52;51;47;62;0;0;78;89;98;0;0;0;0;702
01;Stockholm;82;Nacka;0182001;Orminge bibliotek;287;308;305;192;207;418;392;407;366;430;328;300;609;616;555;0;0;0;0;5720
01;Stockholm;82;Nacka;0182010;Saltsjöbadens sjukhus;0;0;0;0;0;0;0;0;36;0;0;0;0;0;0;0;0;0;0;36
01;Stockholm;82;Nacka;0182016;Vardaga Lillängen;0;0;0;0;0;22;0;0;0;0;0;0;0;0;0;0;0;0;0;22
01;Stockholm;82;Nacka;0182007;Vardaga villa Sarvträsk;0;0;0;0;0;0;0;18;0;0;0;0;0;0;0;0;0;0;0;18
01;Stockholm;82;Nacka;0182008;Villa Tollare;0;0;0;0;0;0;0;27;0;0;0;0;0;0;0;0;0;0;0;27
01;Stockholm;82;Nacka;0182004;Älta bibliotek;154;111;106;113;92;139;113;145;148;172;166;190;222;237;252;0;0;0;0;2360
01;Stockholm;83;Sundbyberg;0183008;Ambulerande röstmottagning;0;0;0;0;0;0;0;0;0;0;0;0;5;5;1;0;0;0;0;11
01;Stockholm;83;Sundbyberg;0183005;Biblioteket Hallonbergen C;172;94;125;75;0;190;118;196;139;138;136;0;291;169;318;0;0;0;0;2161
01;Stockholm;83;Sundbyberg;0183004;Biblioteket Signalfabriken;477;425;402;228;277;476;430;531;412;502;381;388;740;803;863;0;0;0;0;7335
01;Stockholm;83;Sundbyberg;0183007;Bällstahof;0;0;0;0;0;0;0;0;0;0;0;0;18;30;0;0;0;0;0;48
01;Stockholm;83;Sundbyberg;0183002;Ekbacken;0;0;0;0;0;0;0;0;0;0;0;0;0;0;57;0;0;0;0;57
01;Stockholm;83;Sundbyberg;0183001;Förvaltarens träfflokal i Rissne;94;87;72;44;61;84;81;80;106;90;54;134;122;118;159;0;0;0;0;1386
01;Stockholm;83;Sundbyberg;0183003;Hallonhöjden;0;0;0;0;0;0;0;0;0;0;0;0;0;0;0;0;0;0;0;0
01;Stockholm;83;Sundbyberg;0183009;Kulturhuset;85;56;46;48;0;56;62;70;72;62;107;0;163;149;160;0;0;0;0;1136
01;Stockholm;83;Sundbyberg;0183006;Stadshuset;77;65;55;0;0;81;64;78;63;54;0;0;100;97;98;0;0;0;0;832
01;Stockholm;83;Sundbyberg;0183010;Vardaga Villa Tule;0;0;0;0;0;0;0;0;0;0;0;0;0;0;0;0;0;0;0;0
01;Stockholm;84;Solna;0184011;Ambulerande röstmottagning;1;0;3;0;0;5;3;31;8;4;0;0;41;34;47;0;0;0;0;177
01;Stockholm;84;Solna;0184006;Ankaret i Hagalund;0;0;0;0;0;107;0;80;0;76;0;0;87;0;129;0;0;0;0;479
01;Stockholm;84;Solna;0184001;Biblioteket i Bergshamra;182;174;95;92;0;167;102;200;175;101;154;0;195;165;376;0;0;0;0;2178
01;Stockholm;84;Solna;0184002;Biblioteket i Solna centrum;421;594;556;415;0;686;644;621;614;582;529;0;844;922;943;0;0;0;0;8371
01;Stockholm;84;Solna;0184005;Hallen äldreboende;0;0;0;0;0;117;0;0;111;0;0;0;0;155;0;0;0;0;0;383
01;Stockholm;84;Solna;0184004;Skoga Omvårdnadsboende;0;0;0;0;0;0;164;0;158;0;0;0;0;120;0;0;0;0;0;442
01;Stockholm;84;Solna;0184009;Solna Simhall;0;0;0;0;0;0;0;233;0;136;253;316;0;0;0;0;0;0;0;938
01;Stockholm;84;Solna;0184003;Solna stadshus;353;283;207;0;340;220;219;219;212;182;0;580;366;417;432;0;0;0;0;4030
01;Stockholm;84;Solna;0184010;Valbuss;0;0;0;0;172;0;114;125;54;137;156;95;0;145;229;0;0;0;0;1227
01;Stockholm;86;Lidingö;0186010;Ambulerande röstmottagning;0;0;0;0;0;0;0;0;0;0;0;0;0;0;0;0;0;0;0;0
01;Stockholm;86;Lidingö;0186004;Föreningsgården Larsberg;115;123;103;75;144;93;121;118;111;80;177;239;197;218;226;0;0;0;0;2140
01;Stockholm;86;Lidingö;0186011;Nova fritidsgård;50;36;40;46;74;37;31;53;44;45;82;98;84;117;127;0;0;0;0;964
01;Stockholm;86;Lidingö;0186005;Stadshuset;567;441;500;304;360;547;576;719;550;564;472;594;854;918;1084;0;0;0;0;9050
01;Stockholm;87;Vaxholm;0187002;Ambulerande röstmottagning;0;0;0;0;0;0;0;27;0;0;0;0;0;0;1;0;0;0;0;28
01;Stockholm;87;Vaxholm;0187001;Lägerbacken;165;147;143;94;128;176;141;188;177;208;220;245;221;283;303;0;0;0;0;2839
01;Stockholm;88;Norrtälje;0188015;Ambulerande röstmottagning;22;6;27;0;0;64;27;43;59;47;0;0;34;48;19;0;0;0;0;396
01;Stockholm;88;Norrtälje;0188007;Bergshamra bygdegård;81;50;58;0;0;34;55;42;60;57;0;0;77;73;57;0;0;0;0;644
01;Stockholm;88;Norrtälje;0188012;Biblioteksbussen;5;18;0;0;0;0;0;0;4;0;0;0;0;8;32;0;0;0;0;67
01;Stockholm;88;Norrtälje;0188009;Edsbro bibliotek;47;42;0;0;0;0;0;39;51;0;0;0;0;0;79;0;0;0;0;258
01;Stockholm;88;Norrtälje;0188010;Gräddö by samfällighetslokal;57;68;65;0;0;0;0;96;76;80;0;0;0;0;101;0;0;0;0;543
01;Stockholm;88;Norrtälje;0188004;Hallstaviks bibliotek;121;149;147;78;0;173;168;154;157;152;117;0;258;202;187;0;0;0;0;2063
01;Stockholm;88;Norrtälje;0188001;Herrängs bibliotek;28;0;0;0;0;0;32;27;0;0;0;0;0;39;31;0;0;0;0;157
01;Stockholm;88;Norrtälje;0188011;Kommunhuset Ankaret;174;194;150;85;157;174;195;224;244;163;184;245;232;230;229;0;0;0;0;2880
01;Stockholm;88;Norrtälje;0188002;Kriminalvårdsanstalten Norrtälje;0;0;0;0;0;0;0;0;0;0;0;156;0;0;0;0;0;0;0;156
01;Stockholm;88;Norrtälje;0188016;Norrtälje Hamnkontor;41;61;56;30;0;66;70;67;65;88;73;0;76;97;127;0;0;0;0;917
01;Stockholm;88;Norrtälje;0188003;Norrtälje stadsbibliotek;428;487;371;238;0;500;505;586;517;412;325;0;705;749;732;0;0;0;0;6555
01;Stockholm;88;Norrtälje;0188006;Rimbo kontaktcenter;147;189;155;114;0;120;250;189;157;170;190;0;203;347;267;0;0;0;0;2498
01;Stockholm;88;Norrtälje;0188008;Rodengymnasiet;0;0;0;0;0;0;0;0;0;0;0;0;21;17;19;0;0;0;0;57
01;Stockholm;88;Norrtälje;0188014;Roslagens Sparbank;107;72;114;0;0;119;128;98;97;135;0;0;139;200;195;0;0;0;0;1404
01;Stockholm;88;Norrtälje;0188013;Rånäs bibliotek;17;0;0;0;0;0;0;32;0;0;0;0;0;0;38;0;0;0;0;87
01;Stockholm;88;Norrtälje;0188005;Väddö Träffpunkt;123;92;99;93;0;0;0;184;137;121;155;0;0;0;278;0;0;0;0;1282
01;Stockholm;91;Sigtuna;0191007;Ambulerande röstmottagning;0;4;8;0;0;8;29;15;11;15;0;0;24;9;12;0;0;0;0;135
01;Stockholm;91;Sigtuna;0191001;Anstalten Rosersberg;0;0;0;0;0;0;0;0;0;0;0;0;0;0;0;0;0;0;0;0
01;Stockholm;91;Sigtuna;0191004;Humlegården;206;161;133;71;138;151;164;168;139;177;151;169;229;228;236;0;0;0;0;2521
01;Stockholm;91;Sigtuna;0191003;Kulturlänken;170;184;169;75;119;168;147;141;164;159;134;126;188;224;236;0;0;0;0;2404
01;Stockholm;91;Sigtuna;0191005;Mötesplatsen, Valsta centrum;136;112;127;56;84;115;173;145;118;130;154;146;200;190;184;0;0;0;0;2070
01;Stockholm;91;Sigtuna;0191006;Parkering framför Pinbackshallen;244;271;248;186;257;279;297;338;305;329;360;390;407;421;475;0;0;0;0;4807
01;Stockholm;91;Sigtuna;0191002;Rosersbergs bibliotek;91;0;41;0;48;0;48;38;0;54;0;68;0;76;75;0;0;0;0;539
01;Stockholm;92;Nynäshamn;0192006;Ambulerande röstmottagning;0;7;5;0;0;6;6;8;5;9;0;0;6;8;20;0;0;0;0;80
01;Stockholm;92;Nynäshamn;0192001;Centrumhuset Ösmo;87;98;63;0;0;111;94;94;89;90;0;0;140;157;193;0;0;0;0;1216
01;Stockholm;92;Nynäshamn;0192005;Nickstadalen;7;20;23;0;0;24;10;16;19;20;0;0;28;16;51;0;0;0;0;234
01;Stockholm;92;Nynäshamn;0192002;Nynäshamns kulturhus;228;254;229;126;139;250;259;239;235;256;153;165;293;297;326;0;0;0;0;3449
01;Stockholm;92;Nynäshamn;0192003;Seglargränd gästhamnen;91;113;110;31;54;126;126;157;128;163;101;147;163;200;213;0;0;0;0;1923
01;Stockholm;92;Nynäshamn;0192004;Sorunda bygdegård;58;59;35;0;0;78;47;64;78;61;0;0;116;125;132;0;0;0;0;853
03;Uppsala;05;Håbo;0305007;Ambulerande röstmottagning;0;0;2;0;0;2;1;0;0;2;0;0;3;3;0;0;0;0;0;13
03;Uppsala;05;Håbo;0305002;Bålsta centrum;208;238;178;180;238;259;266;304;307;275;302;374;355;332;400;0;0;0;0;4216
03;Uppsala;05;Håbo;0305005;Parkgårdens äldreboende;0;0;0;0;0;0;0;0;0;0;0;0;0;0;20;0;0;0;0;20
03;Uppsala;05;Håbo;0305004;Pomona äldreboende;0;0;0;0;0;0;0;10;0;0;0;0;0;0;0;0;0;0;0;10
03;Uppsala;05;Håbo;0305001;Slottsskolans sporthall;46;0;0;0;72;0;0;75;0;0;0;80;0;0;147;0;0;0;0;420
03;Uppsala;05;Håbo;0305006;Solängens och Dalängens äldreboenden;0;0;0;0;0;0;0;0;0;0;0;0;0;0;0;0;0;0;0;0
03;Uppsala;19;Älvkarleby;0319003;Ambulerande röstmottagning;0;0;0;0;0;0;7;0;0;0;0;0;0;17;0;0;0;0;0;24
03;Uppsala;19;Älvkarleby;0319001;Biblioteket Skutskär;199;194;167;94;50;203;220;228;184;186;118;142;250;274;300;0;0;0;0;2809
03;Uppsala;19;Älvkarleby;0319002;Ljusgården, Kommunhuset;0;0;0;0;0;0;0;0;0;0;0;0;0;0;0;0;0;0;0;0
03;Uppsala;30;Knivsta;0330002;Alsike skola;0;0;0;37;101;0;0;0;0;0;94;166;56;69;96;0;0;0;0;619
03;Uppsala;30;Knivsta;0330003;Ambulerande röstmottagning;0;0;1;0;0;0;6;11;6;0;1;0;0;0;13;0;0;0;0;38
03;Uppsala;30;Knivsta;0330001;Knivsta kommunhus;246;230;219;121;119;269;226;269;243;253;255;241;384;432;536;0;0;0;0;4043
03;Uppsala;31;Heby;0331008;Ambulerande röstmottagning;0;0;0;0;0;0;0;0;0;0;13;0;0;0;3;0;0;0;0;16
03;Uppsala;31;Heby;0331003;Birgittagården, Harbo;0;0;0;0;0;0;0;148;0;0;0;0;0;0;46;0;0;0;0;194
03;Uppsala;31;Heby;0331004;Enåkers Bygdegård;0;0;0;0;0;0;0;0;0;43;0;0;0;0;0;0;0;0;0;43
03;Uppsala;31;Heby;0331002;Fokus, Östervåla;94;0;0;0;0;161;0;0;342;0;0;0;286;0;0;0;0;0;0;883
03;Uppsala;31;Heby;0331001;Folkets hus, Tärnsjö;0;92;0;0;0;0;100;0;21;0;0;0;0;259;0;0;0;0;0;472
03;Uppsala;31;Heby;0331005;Församlingshemmet, Huddunge;0;0;0;0;0;0;0;44;0;0;0;0;0;0;0;0;0;0;0;44
03;Uppsala;31;Heby;0331007;Heby Folkets Hus;60;70;95;52;43;70;78;67;87;91;76;97;235;113;108;0;0;0;0;1342
03;Uppsala;31;Heby;0331009;Kommunhuset, Heby;0;0;0;0;0;0;0;0;0;0;0;0;0;0;0;0;0;0;0;0
03;Uppsala;31;Heby;0331006;Kyrkans allrum, Morgongåva;0;0;0;0;0;0;0;206;0;0;0;0;0;86;199;0;0;0;0;491
03;Uppsala;60;Tierp;0360007;Ambulerande röstmottagning;0;0;1;0;0;12;24;2;30;4;0;0;2;0;0;0;0;0;0;75
03;Uppsala;60;Tierp;0360005;Karlholms bibliotek;0;0;0;0;0;48;62;0;60;34;0;0;50;56;78;0;0;0;0;388
03;Uppsala;60;Tierp;0360008;Kommunhuset, Tierp;0;0;0;0;0;0;0;0;0;0;0;0;0;0;0;0;0;0;0;0
03;Uppsala;60;Tierp;0360003;Kulturhuset Möbeln;97;120;161;100;75;211;197;188;218;226;150;136;285;367;336;0;0;0;0;2867
03;Uppsala;60;Tierp;0360001;Mehede skola, gymnastiksalen;0;0;0;0;0;0;0;0;0;0;0;0;0;0;0;0;0;0;0;0
03;Uppsala;60;Tierp;0360004;Skärplinge bibliotek;0;0;0;0;0;82;62;0;102;43;0;0;94;116;118;0;0;0;0;617
03;Uppsala;60;Tierp;0360006;Söderfors bibliotek;0;0;0;0;0;52;39;0;61;30;0;0;38;45;41;0;0;0;0;306
03;Uppsala;60;Tierp;0360002;Örbyhus bibliotek;0;0;0;0;0;107;83;0;118;55;0;0;92;131;93;0;0;0;0;679
03;Uppsala;80;Uppsala;0380020;Akademiska sjukhuset (Ingång10);135;137;114;0;0;137;157;121;176;157;108;0;225;229;260;0;0;0;0;1956
03;Uppsala;80;Uppsala;0380079;Ambulerande röstmottagning;12;20;23;0;0;24;25;37;27;23;0;0;38;47;22;0;0;0;0;298
03;Uppsala;80;Uppsala;0380035;Andreas And;0;0;0;0;0;0;24;0;3;0;0;0;4;0;0;0;0;0;0;31
03;Uppsala;80;Uppsala;0380027;Anstalten Åby;0;0;0;0;0;0;0;0;0;0;0;0;0;47;0;0;0;0;0;47
03;Uppsala;80;Uppsala;0380036;Attendo Fortuna;0;0;0;0;0;0;0;0;0;22;0;0;0;0;0;0;0;0;0;22
03;Uppsala;80;Uppsala;0380037;Attendo Kapellgärdet Norra;0;0;35;0;0;0;0;0;0;0;0;0;0;0;0;0;0;0;0;35
03;Uppsala;80;Uppsala;0380038;Attendo Orgelgatan;0;0;73;0;0;0;0;0;0;0;0;0;0;0;0;0;0;0;0;73
03;Uppsala;80;Uppsala;0380039;Attendo Råbyvägen;0;0;0;0;0;0;0;0;30;0;0;0;0;0;0;0;0;0;0;30
03;Uppsala;80;Uppsala;0380040;Attendo Sandelska;0;32;0;0;0;0;0;0;0;0;0;0;0;0;0;0;0;0;0;32
03;Uppsala;80;Uppsala;0380041;Attendo Topelius;0;41;0;0;0;0;0;0;0;0;0;0;0;0;0;0;0;0;0;41
03;Uppsala;80;Uppsala;0380049;Balder;0;0;0;0;0;0;29;0;0;0;0;0;0;0;0;0;0;0;0;29
03;Uppsala;80;Uppsala;0380050;Bernadotte 1 och 2;0;0;0;0;0;0;0;0;0;45;0;0;0;0;0;0;0;0;0;45
03;Uppsala;80;Uppsala;0380051;Björkgården;0;0;0;0;0;18;0;0;0;0;0;0;0;0;0;0;0;0;0;18
03;Uppsala;80;Uppsala;0380023;Björklingebiblioteket;65;105;0;0;0;142;0;156;172;0;0;0;154;0;183;0;0;0;0;977
03;Uppsala;80;Uppsala;0380052;Björklingegården;20;0;0;0;0;0;0;0;0;0;0;0;0;0;0;0;0;0;0;20
03;Uppsala;80;Uppsala;0380001;Bolandcity;274;267;245;301;323;300;343;325;352;379;380;409;466;539;580;0;0;0;0;5483
03;Uppsala;80;Uppsala;0380022;Bälingebiblioteket;75;0;0;0;0;79;109;72;0;0;106;0;100;226;109;0;0;0;0;876
03;Uppsala;80;Uppsala;0380053;Dalbyhemmet 1 och 2;0;0;0;0;0;0;0;0;17;0;0;0;0;0;0;0;0;0;0;17
03;Uppsala;80;Uppsala;0380042;Ebbagården;0;0;0;0;0;16;0;0;0;0;0;0;0;0;0;0;0;0;0;16
03;Uppsala;80;Uppsala;0380003;Ekonomikum;240;193;194;96;0;193;216;224;196;190;239;0;351;427;468;0;0;0;0;3227
03;Uppsala;80;Uppsala;0380054;Erikdalsgården;0;0;0;0;0;0;36;0;0;0;0;0;0;0;0;0;0;0;0;36
03;Uppsala;80;Uppsala;0380055;Ferlin;27;0;0;0;0;0;0;0;0;0;0;0;0;0;0;0;0;0;0;27
03;Uppsala;80;Uppsala;0380014;Fyrishov;217;215;196;133;231;211;237;214;238;230;254;439;349;367;435;0;0;0;0;3966
03;Uppsala;80;Uppsala;0380056;Glimmervägen;0;0;0;0;0;0;0;40;0;0;0;0;0;0;0;0;0;0;0;40
03;Uppsala;80;Uppsala;0380011;Gottsundabiblioteket;353;395;307;250;1;444;427;398;421;319;256;173;487;480;484;0;0;0;0;5195
03;Uppsala;80;Uppsala;0380057;Granbommen;0;19;0;0;0;0;0;0;0;0;0;0;0;0;0;0;0;0;0;19
03;Uppsala;80;Uppsala;0380025;Gränbystaden Galleria;585;661;671;764;809;793;910;966;902;929;975;1113;1131;1201;1261;0;0;0;0;13671
03;Uppsala;80;Uppsala;0380043;Gutasund;0;0;0;0;0;0;0;0;19;0;0;0;0;0;0;0;0;0;0;19
03;Uppsala;80;Uppsala;0380058;Hagundagården;0;0;5;0;0;0;0;0;0;0;0;0;0;0;0;0;0;0;0;5
03;Uppsala;80;Uppsala;0380059;Hasselparken 1 och 2;0;0;0;0;0;0;0;0;0;0;0;0;40;0;0;0;0;0;0;40
03;Uppsala;80;Uppsala;0380006;Häktet Uppsala;0;0;0;0;0;0;0;0;0;0;29;0;0;0;0;0;0;0;0;29
03;Uppsala;80;Uppsala;0380060;Höganäs;0;0;0;0;0;0;0;0;0;0;0;0;42;0;0;0;0;0;0;42
03;Uppsala;80;Uppsala;0380044;Juliahemmet;0;0;0;0;0;0;0;0;0;45;0;0;0;0;0;0;0;0;0;45
03;Uppsala;80;Uppsala;0380045;Liljefors Torg 4;0;0;0;0;0;0;0;0;34;0;0;0;0;0;0;0;0;0;0;34
03;Uppsala;80;Uppsala;0380061;Lillsjögården 1 och 2;0;0;0;0;0;18;0;0;0;0;0;0;0;0;0;0;0;0;0;18
03;Uppsala;80;Uppsala;0380062;Linné;0;0;0;0;0;0;0;0;0;37;0;0;0;0;0;0;0;0;0;37
03;Uppsala;80;Uppsala;0380063;Lundgården;16;0;0;0;0;0;0;0;0;0;0;0;0;0;0;0;0;0;0;16
03;Uppsala;80;Uppsala;0380072;Magelungens gymnasium;0;0;0;0;0;0;0;18;0;0;0;0;0;0;0;0;0;0;0;18
03;Uppsala;80;Uppsala;0380078;Mikaelsgården;0;0;0;0;0;0;11;0;0;0;0;0;0;0;0;0;0;0;0;11
03;Uppsala;80;Uppsala;0380064;Myrbergska gården;0;0;0;0;0;0;0;28;0;0;0;0;0;0;0;0;0;0;0;28
03;Uppsala;80;Uppsala;0380012;Nyby Servicehus;0;0;99;0;0;0;101;0;0;117;0;0;0;108;0;0;0;0;0;425
03;Uppsala;80;Uppsala;0380033;Rosendalsbiblioteket;137;134;123;0;0;0;165;205;127;117;153;0;0;302;307;0;0;0;0;1770
03;Uppsala;80;Uppsala;0380004;SiS LVM-hem Östfora;0;0;18;0;0;0;0;0;0;0;0;0;0;0;0;0;0;0;0;18
03;Uppsala;80;Uppsala;0380005;SiS ungdomshem Bärby;0;22;0;0;0;0;0;0;0;0;0;0;0;0;0;0;0;0;0;22
03;Uppsala;80;Uppsala;0380065;Skogsgården;0;17;0;0;0;0;0;0;0;0;0;0;0;0;0;0;0;0;0;17
03;Uppsala;80;Uppsala;0380007;Stadsbiblioteket;439;411;411;207;0;523;547;552;560;504;430;273;720;801;842;0;0;0;0;7220
03;Uppsala;80;Uppsala;0380026;Stadshuset;472;399;333;171;381;386;401;410;411;376;429;486;560;716;859;0;0;0;0;6790
03;Uppsala;80;Uppsala;0380066;Stenhagen 1 och 2;0;0;25;0;0;0;0;0;0;0;0;0;0;0;0;0;0;0;0;25
03;Uppsala;80;Uppsala;0380002;Stenhagenbiblioteket;189;135;120;0;0;167;206;212;180;147;209;0;203;274;366;0;0;0;0;2408
03;Uppsala;80;Uppsala;0380009;Storvretabiblioteket;114;128;95;0;0;0;203;124;144;134;122;0;0;308;227;0;0;0;0;1599
03;Uppsala;80;Uppsala;0380031;Studenternas;114;108;74;64;115;125;133;146;95;127;0;268;188;257;292;0;0;0;0;2106
03;Uppsala;80;Uppsala;0380013;Sveriges Lantbruksuniversitet, SLU;100;64;104;0;0;105;117;101;109;132;0;0;169;188;288;0;0;0;0;1477
03;Uppsala;80;Uppsala;0380008;Sävja kulturcentrum;88;77;58;54;0;81;140;87;111;77;142;0;91;223;146;0;0;0;0;1375
03;Uppsala;80;Uppsala;0380073;Träffpunkt Lindblomman;0;0;0;0;0;0;0;0;5;0;0;0;0;0;0;0;0;0;0;5
03;Uppsala;80;Uppsala;0380075;Träffpunkt Tinget;0;0;0;0;0;0;0;0;0;0;0;0;0;0;0;0;0;0;0;0
03;Uppsala;80;Uppsala;0380074;Träffpunkt Vänkretsen;5;0;0;0;0;0;0;0;0;0;0;0;0;0;0;0;0;0;0;5
03;Uppsala;80;Uppsala;0380067;Tunåsen;0;0;0;0;0;0;0;0;0;0;0;0;0;26;0;0;0;0;0;26
03;Uppsala;80;Uppsala;0380019;Utbildnings- och jobbcenter;55;65;52;0;0;50;69;49;62;100;0;0;80;118;132;0;0;0;0;832
03;Uppsala;80;Uppsala;0380030;Valbuss;117;59;106;71;122;56;164;81;109;113;128;93;98;83;101;0;0;0;0;1501
03;Uppsala;80;Uppsala;0380068;Vigmunds äldreboende;0;0;0;0;0;0;0;14;0;0;0;0;0;0;0;0;0;0;0;14
03;Uppsala;80;Uppsala;0380046;Villa Djäknegatan;0;0;0;0;0;0;0;0;0;0;0;0;55;0;0;0;0;0;0;55
03;Uppsala;80;Uppsala;0380047;Villa Hovstallet;0;0;0;0;0;27;0;0;0;0;0;0;0;0;0;0;0;0;0;27
03;Uppsala;80;Uppsala;0380048;Villa Salabacke;0;0;0;0;0;0;0;31;0;0;0;0;0;0;0;0;0;0;0;31
03;Uppsala;80;Uppsala;0380069;Von Bahr;17;0;0;0;0;0;0;0;0;0;0;0;0;0;0;0;0;0;0;17
03;Uppsala;80;Uppsala;0380070;Västergården 2;0;0;0;0;0;0;28;0;0;0;0;0;0;0;0;0;0;0;0;28
03;Uppsala;80;Uppsala;0380071;Årstagården 1 och 2;0;0;0;0;0;0;0;0;0;0;0;0;20;0;0;0;0;0;0;20
03;Uppsala;80;Uppsala;0380034;Återfika;0;0;0;0;0;0;0;0;0;55;0;0;0;0;34;0;0;0;0;89
03;Uppsala;81;Enköping;0381009;Ambulerande röstmottagning;0;0;0;0;0;21;0;10;23;23;0;0;0;0;0;0;0;0;0;77
03;Uppsala;81;Enköping;0381002;Biblioteket;504;522;474;307;354;612;628;613;673;535;489;509;787;836;822;0;0;0;0;8665
03;Uppsala;81;Enköping;0381001;Brandstationen Fjärdhundra;55;0;0;55;0;0;0;131;0;0;80;0;0;0;129;0;0;0;0;450
03;Uppsala;81;Enköping;0381003;Brandstationen, Örsundsbro;0;70;0;78;0;97;0;0;138;0;171;0;170;0;0;0;0;0;0;724
03;Uppsala;81;Enköping;0381008;Ljunggården, Enköping;87;94;85;43;54;91;99;100;109;90;99;122;153;174;245;0;0;0;0;1645
03;Uppsala;81;Enköping;0381007;Tallgården, Grillby;0;0;0;83;0;0;97;0;0;0;87;0;0;126;0;0;0;0;0;393
03;Uppsala;82;Östhammar;0382012;Ambulerande röstmottagning;0;0;0;0;0;0;0;0;0;0;0;0;5;3;0;0;0;0;0;8
03;Uppsala;82;Östhammar;0382003;Ekebyskolan;0;0;0;0;0;0;0;0;0;0;121;0;0;0;0;0;0;0;0;121
03;Uppsala;82;Östhammar;0382009;Folkets Hus, Hargshamn;0;0;0;0;0;0;0;0;0;0;127;0;0;0;0;0;0;0;0;127
03;Uppsala;82;Östhammar;0382006;Folkets Hus, Österbybruk;0;0;0;0;0;149;130;0;160;0;0;143;0;286;141;0;0;0;0;1009
03;Uppsala;82;Östhammar;0382011;Församlingshemmet, Gräsö;0;0;0;0;0;0;0;0;0;0;0;178;0;0;0;0;0;0;0;178
03;Uppsala;82;Östhammar;0382001;Granhälla Bygdegård;0;0;0;0;0;0;0;0;0;79;0;0;0;0;0;0;0;0;0;79
03;Uppsala;82;Östhammar;0382008;Kommunkontoret;0;0;0;0;0;0;0;0;0;0;0;0;0;0;0;0;0;0;0;0
03;Uppsala;82;Östhammar;0382005;Lärkbacken;0;0;0;0;0;176;0;0;197;0;103;0;197;0;0;0;0;0;0;673
03;Uppsala;82;Östhammar;0382007;Olandsskolans matsal;0;0;0;0;0;162;134;0;143;0;0;181;201;229;0;0;0;0;0;1050
03;Uppsala;82;Östhammar;0382002;Societetshuset Källör;159;161;129;95;131;134;152;125;177;142;130;194;204;204;197;0;0;0;0;2334
03;Uppsala;82;Östhammar;0382004;Sven Persson hallen;0;0;0;0;0;188;157;0;168;0;0;157;123;119;123;0;0;0;0;1035
03;Uppsala;82;Östhammar;0382010;Söderögården, Långalma;0;0;0;0;0;0;0;0;0;0;132;0;0;0;0;0;0;0;0;132
04;Södermanland;28;Vingåker;0428004;Ambulerande röstmottagning;0;0;4;0;0;0;0;0;0;4;0;0;0;5;0;0;0;0;0;13
04;Södermanland;28;Vingåker;0428002;Humlegården;0;0;0;0;0;0;0;0;0;0;0;28;0;0;0;0;0;0;0;28
04;Södermanland;28;Vingåker;0428001;Kommunhuset Vingåker;0;0;0;0;0;0;0;0;0;0;0;0;0;0;0;0;0;0;0;0
04;Södermanland;28;Vingåker;0428003;Vingåkers Bibliotek;166;148;159;83;48;203;186;170;133;180;124;94;251;267;279;0;0;0;0;2491
04;Södermanland;61;Gnesta;0461002;Ambulerande röstmottagning;0;0;0;0;0;0;0;0;27;9;0;0;0;0;8;0;0;0;0;44
04;Södermanland;61;Gnesta;0461001;Servicecenter;216;227;186;95;50;208;190;225;246;229;122;94;255;280;295;0;0;0;0;2918
04;Södermanland;80;Nyköping;0480011;Ambulerande röstmottagning;13;22;3;0;0;47;28;34;56;71;0;0;12;28;0;0;0;0;0;314
04;Södermanland;80;Nyköping;0480010;Arnöanstalten Nyköping;0;0;0;0;0;1;0;0;0;0;69;0;0;0;0;0;0;0;0;70
04;Södermanland;80;Nyköping;0480005;Betelkyrkan Jönåker;0;0;0;0;0;62;59;52;50;60;0;0;97;78;97;0;0;0;0;555
04;Södermanland;80;Nyköping;0480004;Brukslokalen Nävekvarn;0;0;0;0;0;77;59;50;56;68;0;0;68;58;67;0;0;0;0;503
04;Södermanland;80;Nyköping;0480009;Häktet Nyköping;0;0;0;0;0;0;0;0;0;0;0;40;0;0;0;0;0;0;0;40
04;Södermanland;80;Nyköping;0480007;IOGT-NTO-lokalen;0;0;0;0;0;78;52;73;57;55;0;0;111;82;109;0;0;0;0;617
04;Södermanland;80;Nyköping;0480012;Nyköpings lasarett;0;0;0;0;0;0;0;0;0;0;0;0;0;110;92;0;0;0;0;202
04;Södermanland;80;Nyköping;0480001;S:t Botvidsgården Tystberga;0;0;0;0;0;88;59;61;77;54;0;0;85;104;79;0;0;0;0;607
04;Södermanland;80;Nyköping;0480006;S:ta Katarina kyrka Arnö;0;0;0;0;0;145;83;101;106;101;0;0;155;169;156;0;0;0;0;1016
04;Södermanland;80;Nyköping;0480003;Stadshuset Nyköping;461;482;440;267;237;446;419;497;415;416;367;396;537;645;697;0;0;0;0;6722
04;Södermanland;80;Nyköping;0480008;Träffen Nyköping;314;302;275;198;229;346;279;320;323;311;262;334;372;470;518;0;0;0;0;4853
04;Södermanland;80;Nyköping;0480002;Vrena församlingshem;0;0;0;0;0;53;32;18;51;37;0;0;42;53;31;0;0;0;0;317
04;Södermanland;81;Oxelösund;0481004;Ambulerande röstmottagning;0;1;0;0;0;0;4;0;0;0;0;0;0;0;0;0;0;0;0;5
04;Södermanland;81;Oxelösund;0481001;Björntorps äldreboende;0;0;0;0;0;0;0;0;45;0;0;0;0;0;0;0;0;0;0;45
04;Södermanland;81;Oxelösund;0481003;D-skolans matsal;254;264;225;58;98;297;281;278;285;213;105;126;300;352;361;0;0;0;0;3497
04;Södermanland;81;Oxelösund;0481002;Sjötångens äldreboende;0;0;0;0;0;0;0;0;20;0;0;0;0;0;0;0;0;0;0;20
04;Södermanland;82;Flen;0482004;Ambulerande röstmottagning;0;3;3;0;0;1;11;3;15;3;0;0;14;7;5;0;0;0;0;65
04;Södermanland;82;Flen;0482002;Bokbuss;0;58;0;0;0;75;78;0;80;0;0;0;77;88;0;0;0;0;0;456
04;Södermanland;82;Flen;0482003;Järnvägshotellet, Flen;223;228;223;84;95;230;203;252;226;232;120;93;258;304;290;0;0;0;0;3061
04;Södermanland;82;Flen;0482001;Stadshuset, Flen;0;0;0;0;0;0;0;0;0;0;0;0;0;0;0;0;0;0;0;0
04;Södermanland;83;Katrineholm;0483011;Ambulerande röstmottagning;2;50;13;0;0;47;61;15;48;37;0;0;62;5;42;0;0;0;0;382
04;Södermanland;83;Katrineholm;0483004;Bibliotek/kulturhuset Ängeln;459;407;410;227;177;497;501;484;554;511;305;293;607;637;712;0;0;0;0;6781
04;Södermanland;83;Katrineholm;0483006;Björkviks skola, biblioteket;0;0;0;0;0;0;0;0;0;0;0;0;78;76;66;0;0;0;0;220
04;Södermanland;83;Katrineholm;0483001;Duveholmsgymnasiet;0;0;0;0;0;0;0;0;0;0;0;0;0;0;0;0;0;0;0;0
04;Södermanland;83;Katrineholm;0483005;Julita skola;0;0;0;0;0;0;0;0;0;0;0;0;24;38;39;0;0;0;0;101
04;Södermanland;83;Katrineholm;0483012;Lindengymnasiet;0;0;0;0;0;0;0;0;0;0;0;0;0;14;0;0;0;0;0;14
04;Södermanland;83;Katrineholm;0483008;Nyhemsskolan;0;0;0;0;0;0;0;0;0;0;0;0;75;57;76;0;0;0;0;208
04;Södermanland;83;Katrineholm;0483002;Strångsjö skola;0;0;0;0;0;0;0;0;0;0;0;0;40;35;28;0;0;0;0;103
04;Södermanland;83;Katrineholm;0483009;Valla skola;0;0;0;0;0;0;0;0;0;0;0;0;105;110;67;0;0;0;0;282
04;Södermanland;84;Eskilstuna;0484018;Ambulerande röstmottagning;0;0;0;0;0;0;18;0;29;0;0;0;11;19;0;0;0;0;0;77
04;Södermanland;84;Eskilstuna;0484021;Bolindergården;0;0;0;0;0;0;50;0;0;0;0;0;0;0;0;0;0;0;0;50
04;Södermanland;84;Eskilstuna;0484022;Ekebo vård- och omsorgsboende;28;0;0;0;0;0;0;0;0;0;0;0;0;0;0;0;0;0;0;28
04;Södermanland;84;Eskilstuna;0484029;Engelska skolan;0;0;0;0;122;0;0;0;0;0;0;125;0;0;0;0;0;0;0;247
04;Södermanland;84;Eskilstuna;0484020;Gallerian;543;491;526;246;142;482;528;448;410;455;282;230;516;561;693;0;0;0;0;6553
04;Södermanland;84;Eskilstuna;0484030;Gökstensskolans aula;0;0;0;93;121;0;0;0;0;0;97;130;0;0;0;0;0;0;0;441
04;Södermanland;84;Eskilstuna;0484002;Hammargärdets Skola;0;0;0;0;78;0;0;0;0;0;0;90;0;0;0;0;0;0;0;168
04;Södermanland;84;Eskilstuna;0484007;Kjula skola;0;0;0;112;0;0;0;0;0;0;128;0;0;0;0;0;0;0;0;240
04;Södermanland;84;Eskilstuna;0484015;Lagersbergsgården;0;0;48;0;0;0;0;0;0;0;0;0;0;0;0;0;0;0;0;48
04;Södermanland;84;Eskilstuna;0484016;Marielunds vård- och omsorgsboende;0;0;0;0;0;0;0;48;0;0;0;0;0;0;0;0;0;0;0;48
04;Södermanland;84;Eskilstuna;0484010;Mälarsjukhuset;0;0;0;0;0;0;0;0;0;0;0;0;0;0;0;0;0;0;0;0
04;Södermanland;84;Eskilstuna;0484024;Måsta äng vård- och omsorgsboende;0;0;0;0;0;0;0;0;38;0;0;0;0;0;0;0;0;0;0;38
04;Södermanland;84;Eskilstuna;0484006;Näshultagården;0;0;0;0;26;0;0;0;0;0;0;0;0;0;0;0;0;0;0;26
04;Södermanland;84;Eskilstuna;0484035;Odlarbäckens vård- och omsorgsboende;0;0;0;0;0;0;0;0;42;0;0;0;0;0;0;0;0;0;0;42
04;Södermanland;84;Eskilstuna;0484014;PRO Torshälla;185;226;194;0;0;200;176;185;172;164;0;0;249;343;250;0;0;0;0;2344
04;Södermanland;84;Eskilstuna;0484026;Rosenforsgården;0;0;0;0;0;36;0;0;0;0;0;0;0;0;0;0;0;0;0;36
04;Södermanland;84;Eskilstuna;0484005;Skiftingehus skola;0;0;0;0;0;0;0;0;0;0;92;93;0;0;0;0;0;0;0;185
04;Södermanland;84;Eskilstuna;0484025;Skogsgläntan vård- och omsorgsboende;0;25;0;0;0;0;0;0;0;0;0;0;0;0;0;0;0;0;0;25
04;Södermanland;84;Eskilstuna;0484001;Skogstorpsskolan;0;0;0;95;83;0;0;0;0;0;120;160;0;0;0;0;0;0;0;458
04;Södermanland;84;Eskilstuna;0484019;Sveaplan;473;506;477;268;259;466;473;493;451;431;341;355;576;705;681;0;0;0;0;6955
04;Södermanland;84;Eskilstuna;0484028;Sörmlands Stadsmission;0;10;0;0;0;0;0;0;0;0;0;0;2;0;0;0;0;0;0;12
04;Södermanland;84;Eskilstuna;0484003;Tegelvikens skola;0;0;0;0;0;0;0;0;0;0;84;136;0;0;0;0;0;0;0;220
04;Södermanland;84;Eskilstuna;0484017;Tuna Park;449;538;453;509;511;515;522;565;584;586;530;560;706;725;739;0;0;0;0;8492
04;Södermanland;84;Eskilstuna;0484027;Tunagården vård- och omsorgsboende;0;0;0;0;0;0;0;29;0;0;0;0;0;0;0;0;0;0;0;29
04;Södermanland;84;Eskilstuna;0484033;Villa Stallgången;0;0;0;0;0;0;31;0;0;0;0;0;0;0;0;0;0;0;0;31
04;Södermanland;84;Eskilstuna;0484034;Vågens vård- och omsorgsboende;0;0;0;0;0;0;0;0;0;45;0;0;0;0;0;0;0;0;0;45
04;Södermanland;84;Eskilstuna;0484031;Ärlagården vård- och omsorgsboende;0;0;0;0;0;4;0;0;0;0;0;0;0;0;0;0;0;0;0;4
04;Södermanland;84;Eskilstuna;0484032;Åbacken vård- och omsorgsboende;0;0;29;0;0;0;0;0;0;0;0;0;0;0;0;0;0;0;0;29
04;Södermanland;84;Eskilstuna;0484004;Åsborgen;0;0;0;84;0;0;0;0;0;0;127;0;0;0;0;0;0;0;0;211
04;Södermanland;86;Strängnäs;0486017;Ambulerande röstmottagning;0;3;0;0;0;5;0;0;0;0;0;0;0;0;0;0;0;0;0;8
04;Södermanland;86;Strängnäs;0486004;Campus Thomasgymnasiet;0;0;0;0;0;0;0;0;0;0;0;0;0;0;0;0;0;0;0;0
04;Södermanland;86;Strängnäs;0486001;Europaskolan;0;0;0;0;0;0;0;0;0;0;0;0;0;0;0;0;0;0;0;0
04;Södermanland;86;Strängnäs;0486007;Hammargården/Nypongården;0;0;0;0;0;0;0;0;0;0;20;0;0;0;0;0;0;0;0;20
04;Södermanland;86;Strängnäs;0486009;Isabellagården 1 & 2;0;0;0;0;0;0;0;0;0;0;15;0;0;0;0;0;0;0;0;15
04;Södermanland;86;Strängnäs;0486014;Kristinagården 1 & 2;0;0;0;0;0;0;0;0;0;0;17;0;0;0;0;0;0;0;0;17
04;Södermanland;86;Strängnäs;0486008;Kulturhuset Multeum;462;440;0;0;0;428;467;457;491;387;315;337;577;594;574;0;0;0;0;5529
04;Södermanland;86;Strängnäs;0486013;Mariagården;0;0;0;0;0;0;0;0;0;0;9;0;0;0;0;0;0;0;0;9
04;Södermanland;86;Strängnäs;0486006;Mariefredsanstalten;0;0;0;0;0;0;0;0;0;0;103;0;0;0;0;0;0;0;0;103
04;Södermanland;86;Strängnäs;0486011;Medborgarkontoret Mariefred;138;138;111;46;0;145;132;163;132;156;109;0;212;238;217;0;0;0;0;1937
04;Södermanland;86;Strängnäs;0486010;Medborgarkontoret Stallarholmen;62;77;41;50;0;101;85;99;96;64;78;0;122;132;144;0;0;0;0;1151
04;Södermanland;86;Strängnäs;0486012;Medborgarkontoret Åker;61;50;36;31;0;65;57;72;53;46;40;0;81;103;82;0;0;0;0;777
04;Södermanland;86;Strängnäs;0486016;Paulinska salen;0;0;235;177;179;12;0;0;0;0;0;0;0;0;0;0;0;0;0;603
04;Södermanland;86;Strängnäs;0486002;Riagården;0;0;0;0;0;0;0;0;0;0;0;0;0;0;0;0;0;0;0;0
04;Södermanland;86;Strängnäs;0486005;Södra stadsskogen;0;0;0;0;0;0;0;0;0;0;61;0;0;0;0;0;0;0;0;61
04;Södermanland;88;Trosa;0488008;Ambulerande röstmottagning;0;0;0;0;0;0;0;0;6;0;0;0;6;0;0;0;0;0;0;12
04;Södermanland;88;Trosa;0488003;Häradsgården;0;0;0;0;0;0;0;0;16;0;0;0;0;0;0;0;0;0;0;16
04;Södermanland;88;Trosa;0488004;Skärborgarnas hus;239;214;187;131;0;182;255;226;295;207;159;211;213;391;327;0;0;0;0;3237
04;Södermanland;88;Trosa;0488001;Sockenstugan, Västerljung;0;0;0;0;0;0;0;0;49;0;0;0;0;25;0;0;0;0;0;74
04;Södermanland;88;Trosa;0488002;Trosagården;0;0;0;0;0;0;0;0;17;0;0;0;0;0;0;0;0;0;0;17
04;Södermanland;88;Trosa;0488007;Ungdomens hus;160;0;98;0;127;147;0;185;0;101;80;101;186;0;291;0;0;0;0;1476
05;Östergötland;09;Ödeshög;0509003;Ambulerande röstmottagning;0;0;0;0;0;0;12;0;0;0;0;0;2;3;0;0;0;0;0;17
05;Östergötland;09;Ödeshög;0509001;Ödeshögs bibliotek;74;67;68;32;38;80;106;102;109;106;63;62;148;119;126;0;0;0;0;1300
05;Östergötland;12;Ydre;0512003;Ambulerande röstmottagning;0;0;0;0;0;0;0;0;0;0;0;0;0;0;0;0;0;0;0;0
05;Östergötland;12;Ydre;0512001;Kommunkontoret i Österbymo;21;60;49;16;19;55;51;45;78;53;33;0;81;90;37;0;0;0;0;688
05;Östergötland;12;Ydre;0512002;Solängen Österbymo;0;0;0;0;0;0;0;0;0;0;0;31;0;0;0;0;0;0;0;31
05;Östergötland;13;Kinda;0513006;Ambulerande röstmottagning;0;1;0;0;0;0;0;0;15;0;0;0;8;7;0;0;0;0;0;31
05;Östergötland;13;Kinda;0513001;Biblioteket, Horn;0;36;0;0;0;0;106;0;0;0;0;47;0;113;0;0;0;0;0;302
05;Östergötland;13;Kinda;0513004;Biblioteket, Kisa;70;116;78;50;23;88;127;108;134;88;71;0;154;204;169;0;0;0;0;1480
05;Östergötland;13;Kinda;0513003;Biblioteket, Rimforsa;110;0;75;56;0;65;0;160;0;91;59;0;142;0;212;0;0;0;0;970
05;Östergötland;13;Kinda;0513002;Kommunkontoret, Kisa;0;1;0;0;0;0;0;0;0;0;0;0;0;0;0;0;0;0;0;1
05;Östergötland;60;Boxholm;0560002;Ambulerande röstmottagning;0;0;0;0;0;0;0;0;0;0;0;0;0;0;0;0;0;0;0;0
05;Östergötland;60;Boxholm;0560003;Bjursdalen Trivselhuset;0;0;0;0;31;0;0;0;0;0;0;0;0;0;0;0;0;0;0;31
05;Östergötland;60;Boxholm;0560001;Boxholms bibliotek;72;123;72;32;36;88;74;101;121;125;45;60;97;176;127;0;0;0;0;1349
05;Östergötland;61;Åtvidaberg;0561012;Ambulerande röstmottagning;0;0;5;0;0;2;1;2;0;3;0;0;0;5;0;0;0;0;0;18
05;Östergötland;61;Åtvidaberg;0561015;Björsäter skola;0;0;0;0;0;0;0;0;0;0;0;0;0;0;148;0;0;0;0;148
05;Östergötland;61;Åtvidaberg;0561013;Citylokalen;133;237;149;85;92;146;239;185;293;183;153;146;208;399;209;0;0;0;0;2857
05;Östergötland;61;Åtvidaberg;0561006;Falerums bygdegård, Bykupan;0;0;0;0;0;0;0;50;0;0;0;0;0;0;0;0;0;0;0;50
05;Östergötland;61;Åtvidaberg;0561014;Grebo skola;0;0;0;0;0;0;0;0;0;0;0;0;114;0;0;0;0;0;0;114
05;Östergötland;61;Åtvidaberg;0561005;Kvarnvik-Hannäs Bygdegård;0;0;0;0;0;0;0;0;94;0;0;0;0;0;0;0;0;0;0;94
05;Östergötland;61;Åtvidaberg;0561004;Receptionen på Kommunhuset;0;0;0;0;0;0;0;0;0;0;0;0;0;0;0;0;0;0;0;0
05;Östergötland;61;Åtvidaberg;0561001;Särskilt boende i Åtvidaberg;0;0;0;0;0;0;0;42;30;0;0;0;0;0;0;0;0;0;0;72
05;Östergötland;62;Finspång;0562005;Ambulerande röstmottagning;0;0;0;0;0;0;0;0;0;0;0;0;29;14;0;0;0;0;0;43
05;Östergötland;62;Finspång;0562001;Hällestadgården;0;0;0;0;0;0;0;0;0;0;0;0;101;79;92;0;0;0;0;272
05;Östergötland;62;Finspång;0562002;Kommunhuset;0;0;0;0;0;0;0;0;0;0;0;0;0;0;0;0;0;0;0;0
05;Östergötland;62;Finspång;0562004;Kulturhuset, Foajé;0;0;0;0;0;376;327;321;356;352;147;164;421;478;460;0;0;0;0;3402
05;Östergötland;62;Finspång;0562006;Kulturhuset, Galaxen;319;319;313;136;128;0;0;31;26;0;0;0;0;0;0;0;0;0;0;1272
05;Östergötland;62;Finspång;0562003;Rejmyre Folkets Hus;0;0;0;0;0;0;0;0;0;0;0;0;109;85;66;0;0;0;0;260
05;Östergötland;63;Valdemarsvik;0563004;Ambulerande röstmottagning;0;0;0;0;0;0;3;0;13;0;0;0;0;9;0;0;0;0;0;25
05;Östergötland;63;Valdemarsvik;0563001;Gusums Folket Hus;0;29;0;0;0;35;39;33;45;0;0;0;57;27;33;0;0;0;0;298
05;Östergötland;63;Valdemarsvik;0563002;Ringarums Stationshus;0;25;0;0;0;32;34;33;17;0;0;0;32;59;41;0;0;0;0;273
05;Östergötland;63;Valdemarsvik;0563003;Valdemarsviks Folkets Hus;122;137;122;85;59;102;113;138;150;119;96;92;184;183;192;0;0;0;0;1894
05;Östergötland;80;Linköping;0580040;Ambulerande röstmottagning;0;0;0;0;0;0;0;0;0;0;0;0;6;0;84;0;0;0;0;90
05;Östergötland;80;Linköping;0580020;Bantorgets vårdboende;0;0;0;0;0;24;0;0;0;0;0;0;0;0;0;0;0;0;0;24
05;Östergötland;80;Linköping;0580034;Bastuplans vårdboende;0;0;0;0;0;0;11;0;0;0;0;0;0;0;0;0;0;0;0;11
05;Östergötland;80;Linköping;0580013;Berga Centrum;232;248;243;168;156;256;299;270;244;254;191;248;363;398;425;0;0;0;0;3995
05;Östergötland;80;Linköping;0580036;Bestorps trygghetsboende;0;0;0;0;0;0;12;0;0;0;0;0;0;0;0;0;0;0;0;12
05;Östergötland;80;Linköping;0580045;Brushanens vårdboende;0;0;0;0;0;0;0;0;0;14;0;0;0;0;0;0;0;0;0;14
05;Östergötland;80;Linköping;0580021;Duvans vårdboende;0;0;0;0;0;0;34;0;0;0;0;0;0;0;0;0;0;0;0;34
05;Östergötland;80;Linköping;0580005;Ekbackens vårdboende;0;0;0;0;0;0;16;0;0;0;0;0;0;0;0;0;0;0;0;16
05;Östergötland;80;Linköping;0580041;Ekero vårdboende;0;0;0;0;0;0;0;0;13;0;0;0;0;0;0;0;0;0;0;13
05;Östergötland;80;Linköping;0580015;Ekholmens centrum;337;378;331;241;233;351;386;379;405;392;270;324;573;544;561;0;0;0;0;5705
05;Östergötland;80;Linköping;0580022;Ekollongatans vårdboende;0;0;0;0;0;0;13;0;0;0;0;0;0;0;0;0;0;0;0;13
05;Östergötland;80;Linköping;0580037;Garnisonens vårdboende;0;0;0;0;0;0;0;0;15;0;0;0;0;0;0;0;0;0;0;15
05;Östergötland;80;Linköping;0580029;Hagalund Vårdboende;0;0;0;0;0;0;18;0;0;0;0;0;0;0;0;0;0;0;0;18
05;Östergötland;80;Linköping;0580025;Huvudbiblioteket;522;567;425;351;290;479;505;570;483;387;445;475;680;808;889;0;0;0;0;7876
05;Östergötland;80;Linköping;0580023;Kanalgårdens vårdboende;0;0;0;0;0;0;0;0;12;0;0;0;0;0;0;0;0;0;0;12
05;Östergötland;80;Linköping;0580048;Kärna vård- och trygghetsboende;0;0;0;0;0;0;0;0;0;0;0;0;25;0;0;0;0;0;0;25
05;Östergötland;80;Linköping;0580017;Landeryds vårdboende;0;0;0;0;0;0;0;0;0;23;0;0;0;0;0;0;0;0;0;23
05;Östergötland;80;Linköping;0580052;Lilla torget (Gyllentorget);0;0;327;293;193;403;386;407;376;383;342;272;448;452;631;0;0;0;0;4913
05;Östergötland;80;Linköping;0580002;Linghems vårdboende;0;0;0;0;0;0;0;18;0;0;0;0;0;0;0;0;0;0;0;18
05;Östergötland;80;Linköping;0580001;Linköpings universitet;165;98;76;0;0;115;126;175;182;147;0;0;254;351;421;0;0;0;0;2110
05;Östergötland;80;Linköping;0580028;Ljungsbro bibliotek;77;80;171;0;0;103;191;303;0;249;0;0;144;249;386;0;0;0;0;1953
05;Östergötland;80;Linköping;0580009;Malmslätts bibliotek;106;0;105;0;0;270;0;207;0;137;0;0;278;0;254;0;0;0;0;1357
05;Östergötland;80;Linköping;0580051;Norrberga skola gymnastiksal;0;0;0;71;68;0;0;0;0;0;73;110;0;0;0;0;0;0;0;322
05;Östergötland;80;Linköping;0580054;Nykil - Gammalkil Nykils skola;0;0;0;0;0;0;0;0;0;0;0;0;0;0;0;0;0;0;0;0
05;Östergötland;80;Linköping;0580049;Ramstorps trygghetsboende;0;0;0;0;0;0;0;0;0;0;0;0;36;0;0;0;0;0;0;36
05;Östergötland;80;Linköping;0580033;Resecentrum, stationshuset;81;56;42;26;33;43;48;33;30;49;48;43;62;87;107;0;0;0;0;788
05;Östergötland;80;Linköping;0580046;Ryds trygghetsboende;0;0;0;0;0;0;0;0;0;18;0;0;0;0;0;0;0;0;0;18
05;Östergötland;80;Linköping;0580004;Skräddaregårdens vårdboende;0;0;0;0;0;0;0;0;0;20;0;0;0;0;0;0;0;0;0;20
05;Östergötland;80;Linköping;0580012;Skäggetorp centrum, lokal WILL-MEET;162;120;168;76;81;156;153;139;160;182;79;118;185;175;231;0;0;0;0;2185
05;Östergötland;80;Linköping;0580047;Skäggetorps trygghetsboende;0;0;0;0;0;0;0;0;0;0;0;0;22;0;0;0;0;0;0;22
05;Östergötland;80;Linköping;0580038;Solrosens trygghetsboenden;0;0;0;0;0;0;0;0;0;26;0;0;0;0;0;0;0;0;0;26
05;Östergötland;80;Linköping;0580042;Stiglötsgatans vårdboende;0;0;0;0;0;0;0;13;0;15;0;0;0;0;0;0;0;0;0;28
05;Östergötland;80;Linköping;0580007;Trägårns trygghetsboende;0;0;0;0;0;0;16;0;0;0;0;0;0;0;0;0;0;0;0;16
05;Östergötland;80;Linköping;0580030;UngZon Ryd;72;77;78;55;43;88;93;107;114;119;70;109;153;166;185;0;0;0;0;1529
05;Östergötland;80;Linköping;0580019;Universitetssjukhuset;0;0;0;0;0;0;0;0;0;0;0;0;136;172;206;0;0;0;0;514
05;Östergötland;80;Linköping;0580050;Valbod Djurgårdens centrum;122;193;190;110;143;200;218;178;202;240;191;237;322;391;397;0;0;0;0;3334
05;Östergötland;80;Linköping;0580053;Valbod Tallboda centrum;48;58;52;50;53;64;71;86;72;68;82;109;141;169;159;0;0;0;0;1282
05;Östergötland;80;Linköping;0580032;Valbod vid Livli/IKEA;182;177;191;254;199;210;199;254;246;243;346;379;347;404;436;0;0;0;0;4067
05;Östergötland;80;Linköping;0580044;Valla park;0;0;0;0;0;0;0;0;0;23;0;0;0;0;0;0;0;0;0;23
05;Östergötland;80;Linköping;0580010;Vallastadens vårdboende;0;0;0;0;0;0;0;0;0;23;0;0;0;0;0;0;0;0;0;23
05;Östergötland;80;Linköping;0580035;Vasastadens vårdboende;0;0;0;0;0;0;8;0;0;0;0;0;0;0;0;0;0;0;0;8
05;Östergötland;80;Linköping;0580031;Vikingstad skolas skolrestaurang;0;0;0;118;126;0;0;0;0;0;203;186;0;0;0;0;0;0;0;633
05;Östergötland;80;Linköping;0580043;Vikingstads trygghetsboende;0;0;0;0;0;0;0;0;20;0;0;0;0;0;0;0;0;0;0;20
05;Östergötland;80;Linköping;0580011;Åkerbogården Linghem;0;89;52;50;67;0;98;0;99;57;51;93;0;173;0;0;0;0;0;829
05;Östergötland;80;Linköping;0580026;Åleryds vårdboende;0;0;0;0;0;0;0;0;0;25;0;0;0;0;0;0;0;0;0;25
05;Östergötland;80;Linköping;0580039;Ånestads vårdboende;0;0;0;0;0;0;0;0;0;0;0;0;16;0;0;0;0;0;0;16
05;Östergötland;80;Linköping;0580008;Östgötagatans servicehus;0;0;0;0;0;0;26;0;0;0;0;0;0;0;0;0;0;0;0;26
05;Östergötland;81;Norrköping;0581014;Ambulerande röstmottagning;18;2;49;0;0;95;70;34;89;72;0;0;50;18;47;0;0;0;0;544
05;Östergötland;81;Norrköping;0581006;Arbetets museum, Strykjärnet;107;105;105;145;136;91;94;101;120;112;172;274;151;181;222;0;0;0;0;2116
05;Östergötland;81;Norrköping;0581012;Billbäcks arena;0;0;0;100;141;0;0;0;0;0;151;184;0;0;0;0;0;0;0;576
05;Östergötland;81;Norrköping;0581015;Eneby bibliotek;0;435;2;0;0;301;362;0;539;0;0;0;374;520;0;0;0;0;0;2533
05;Östergötland;81;Norrköping;0581002;Förvaltningshuset Rosen;87;100;125;0;0;119;85;91;70;84;0;0;139;166;165;0;0;0;0;1231
05;Östergötland;81;Norrköping;0581003;Häktet Norrköping;0;14;0;0;0;0;0;0;0;0;0;0;0;43;0;0;0;0;0;57
05;Östergötland;81;Norrköping;0581004;Kriminalvårdsanstalten Skenäs;0;0;0;0;0;0;0;78;0;0;0;0;94;0;0;0;0;0;0;172
05;Östergötland;81;Norrköping;0581005;Linden Köpcentrum;239;240;195;260;156;250;268;262;235;249;381;235;353;455;463;0;0;0;0;4241
05;Östergötland;81;Norrköping;0581011;Mirum Galleria;478;492;511;425;481;600;535;573;551;572;581;642;722;807;818;0;0;0;0;8788
05;Östergötland;81;Norrköping;0581001;Norrköpings stadsbibliotek;402;392;354;240;204;415;422;435;430;279;329;336;591;622;696;0;0;0;0;6147
05;Östergötland;81;Norrköping;0581008;Skärblacka bibliotek;140;0;203;0;0;172;227;147;0;225;0;0;131;288;211;0;0;0;0;1744
05;Östergötland;81;Norrköping;0581013;Träffpunkt Nyköpingsvägen 28;144;160;175;0;0;163;152;168;174;151;0;1;236;239;268;0;0;0;0;2031
05;Östergötland;81;Norrköping;0581007;Träffpunkt Valhallavägen 1C;94;73;90;0;0;114;110;102;87;128;0;0;165;177;168;0;0;0;0;1308
05;Östergötland;81;Norrköping;0581009;Vilbergens bibliotek;256;352;260;0;0;226;0;416;309;228;0;0;262;0;534;0;0;0;0;2843
05;Östergötland;81;Norrköping;0581010;Östra Husby bygdegård;99;122;0;0;0;0;189;162;0;0;0;0;0;234;227;0;0;0;0;1033
05;Östergötland;82;Söderköping;0582005;Ambulerande röstmottagning;0;0;2;0;0;0;2;0;40;0;0;0;0;24;3;0;0;0;0;71
05;Östergötland;82;Söderköping;0582004;Kommunhuset;0;0;0;0;0;0;0;0;0;0;0;0;0;0;0;0;0;0;0;0
05;Östergötland;82;Söderköping;0582003;Mogata förskola;0;0;0;0;0;0;0;27;34;0;0;0;0;0;0;0;0;0;0;61
05;Östergötland;82;Söderköping;0582001;Stadsbiblioteket Stinsen;217;230;239;78;105;294;281;311;282;264;210;201;357;422;447;0;0;0;0;3938
05;Östergötland;82;Söderköping;0582002;Östra Ryds församlingshem;0;0;0;0;0;0;0;0;0;0;0;0;45;50;0;0;0;0;0;95
05;Östergötland;83;Motala;0583026;Ambulerande röstmottagning;0;0;0;0;0;0;0;0;0;0;0;0;10;0;14;0;0;0;0;24
05;Östergötland;83;Motala;0583013;Björkbladet;0;0;0;0;0;0;0;0;0;0;0;0;24;0;17;0;0;0;0;41
05;Östergötland;83;Motala;0583025;Bokbussen;0;0;0;0;0;0;26;0;10;0;0;0;0;0;0;0;0;0;0;36
05;Östergötland;83;Motala;0583021;Boregatans trygghetsboende;0;0;0;0;0;0;0;0;0;0;0;0;0;0;0;0;0;0;0;0
05;Östergötland;83;Motala;0583015;Borensberg Svanen;0;0;0;0;0;0;176;136;110;113;0;0;0;234;220;0;0;0;0;989
05;Östergötland;83;Motala;0583024;Bråstorp Räddningstjänst idrottshall;0;0;0;0;0;152;135;60;76;200;0;0;419;255;274;0;0;0;0;1571
05;Östergötland;83;Motala;0583023;Båtsmansgatan trygghetsboende;0;0;0;0;0;0;0;0;0;0;0;0;0;0;10;0;0;0;0;10
05;Östergötland;83;Motala;0583001;Charlottenborg fritidsgård;0;0;0;0;0;0;0;0;0;0;0;0;0;0;81;0;0;0;0;81
05;Östergötland;83;Motala;0583010;Fornåsa bygdegård;0;0;0;0;0;112;36;0;0;0;0;0;156;59;0;0;0;0;0;363
05;Östergötland;83;Motala;0583019;Gamla Stan café 59:an;0;0;0;0;0;0;0;0;0;0;0;0;0;3;0;0;0;0;0;3
05;Östergötland;83;Motala;0583003;Husbygården Borensberg;0;0;0;0;0;0;0;0;0;0;0;0;0;7;0;0;0;0;0;7
05;Östergötland;83;Motala;0583009;Kommunhuset;102;70;105;0;157;55;67;86;61;64;0;232;72;85;104;0;0;0;0;1260
05;Östergötland;83;Motala;0583011;Motala bibliotek;236;469;259;288;0;502;472;307;513;273;320;0;547;589;411;0;0;0;0;5186
05;Östergötland;83;Motala;0583022;Nämndemansgatan;0;0;0;0;0;0;0;0;0;0;0;0;0;0;0;0;0;0;0;0
05;Östergötland;83;Motala;0583017;Samuelsbergshemmet;0;0;0;0;0;0;0;0;0;0;0;0;0;0;0;0;0;0;0;0
05;Östergötland;83;Motala;0583014;Skogsgården;0;0;0;0;0;0;0;0;0;0;0;0;7;0;0;0;0;0;0;7
05;Östergötland;83;Motala;0583002;Solbacken;0;0;0;0;0;0;0;0;0;0;0;0;0;0;0;0;0;0;0;0
05;Östergötland;83;Motala;0583006;Strandvägens äldreboende;0;0;0;0;0;0;0;0;0;0;0;0;0;0;0;0;0;0;0;0
05;Östergötland;83;Motala;0583005;Strömsborg;0;0;0;0;0;0;0;0;0;0;0;0;0;0;0;0;0;0;0;0
05;Östergötland;83;Motala;0583020;Tjällmo bibliotek;0;0;0;0;0;22;0;0;60;0;0;0;42;0;0;0;0;0;0;124
05;Östergötland;83;Motala;0583008;Trygghetsboende Ekön;0;0;0;0;0;0;0;0;0;0;0;0;0;0;0;0;0;0;0;0
05;Östergötland;83;Motala;0583018;Trygghetsboendet Väster;0;0;0;0;0;0;0;0;0;0;0;0;7;0;0;0;0;0;0;7
05;Östergötland;83;Motala;0583012;Vileborg;0;0;0;0;0;0;0;0;0;0;0;0;0;7;0;0;0;0;0;7
05;Östergötland;83;Motala;0583004;Väster Råssnäs fritidsgård;0;0;0;0;0;0;0;28;27;0;0;0;0;0;0;0;0;0;0;55
05;Östergötland;83;Motala;0583016;Åkervallen;0;0;0;0;0;0;0;0;0;0;0;0;0;0;0;0;0;0;0;0
05;Östergötland;84;Vadstena;0584006;Ambulerande röstmottagning;0;0;4;0;0;0;1;0;1;0;0;0;5;0;0;0;0;0;0;11
05;Östergötland;84;Vadstena;0584004;Kommunhuset;0;0;0;0;0;0;0;0;0;0;0;0;0;0;0;0;0;0;0;0
05;Östergötland;84;Vadstena;0584002;Rättspsykiatriska kliniken;0;0;0;0;0;0;0;0;0;0;0;0;0;54;0;0;0;0;0;54
05;Östergötland;84;Vadstena;0584005;Rödtornet;0;106;95;78;90;149;97;115;219;122;138;139;237;222;302;0;0;0;0;2109
05;Östergötland;84;Vadstena;0584003;Vätterngården;0;0;0;0;0;0;20;0;0;0;0;0;0;0;0;0;0;0;0;20
05;Östergötland;84;Vadstena;0584001;Wasagården;0;0;0;0;0;31;0;0;0;0;0;0;0;0;0;0;0;0;0;31
05;Östergötland;86;Mjölby;0586013;Ambulerande röstmottagning;0;0;0;0;0;83;7;0;21;19;0;0;0;0;0;0;0;0;0;130
05;Östergötland;86;Mjölby;0586011;Dacke korttidsboende;0;0;0;0;0;0;0;15;0;0;0;0;0;0;0;0;0;0;0;15
05;Östergötland;86;Mjölby;0586012;Folkungagården;0;0;0;0;0;0;0;0;18;0;0;0;0;0;0;0;0;0;0;18
05;Östergötland;86;Mjölby;0586009;Folkungasalen;1;53;0;0;46;66;0;0;39;0;46;0;48;36;39;0;0;0;0;374
05;Östergötland;86;Mjölby;0586010;Gallerian;181;210;218;251;0;173;182;174;509;456;323;0;399;416;428;0;0;0;0;3920
05;Östergötland;86;Mjölby;0586007;Hatten gemenskapslokal;110;0;120;0;0;70;0;184;0;139;0;136;57;59;61;0;0;0;0;936
05;Östergötland;86;Mjölby;0586005;Häradsvallens förskola;57;123;0;0;151;1;136;20;148;67;0;167;127;136;168;0;0;0;0;1301
05;Östergötland;86;Mjölby;0586008;Kriminalvårdsanstalten;0;0;0;0;0;0;0;143;116;23;0;0;0;0;0;0;0;0;0;282
05;Östergötland;86;Mjölby;0586004;Slomarps demensboende;0;0;0;0;0;0;18;0;0;0;0;0;0;0;0;0;0;0;0;18
05;Östergötland;86;Mjölby;0586006;Stadshuset i Mjölby;0;0;0;0;0;0;0;0;0;0;0;0;0;0;0;0;0;0;0;0
05;Östergötland;86;Mjölby;0586002;Vifolkagårdens vårdboende;0;39;0;0;0;0;0;0;0;0;0;0;0;0;0;0;0;0;0;39
05;Östergötland;86;Mjölby;0586001;Änggårdens vårdboende;0;0;18;0;0;0;0;0;0;0;0;0;0;0;0;0;0;0;0;18
06;Jönköping;04;Aneby;0604003;Ambulerande röstmottagning;0;0;0;0;0;0;0;0;0;0;0;0;0;0;0;0;0;0;0;0
06;Jönköping;04;Aneby;0604002;Antuna särskilt boende för äldre;0;0;0;0;0;0;0;25;0;0;0;0;0;0;0;0;0;0;0;25
06;Jönköping;04;Aneby;0604001;Druvan;79;92;91;43;64;107;123;105;122;103;64;74;215;186;124;0;0;0;0;1592
06;Jönköping;17;Gnosjö;0617005;Ambulerande röstmottagning;0;0;0;0;0;0;1;0;0;0;0;0;0;0;0;0;0;0;0;1
06;Jönköping;17;Gnosjö;0617002;Gnosjö Bibliotek;43;94;114;38;49;87;94;92;99;129;74;69;166;149;138;0;0;0;0;1435
06;Jönköping;17;Gnosjö;0617006;Hillecenter;11;25;23;0;0;33;41;30;30;38;0;0;53;66;82;0;0;0;0;432
06;Jönköping;17;Gnosjö;0617001;Rosendals servicehus;0;0;0;0;0;0;0;0;0;0;0;25;0;0;0;0;0;0;0;25
06;Jönköping;17;Gnosjö;0617004;Töllstorpshallen;0;0;0;0;0;0;0;0;0;0;0;0;0;0;0;0;0;0;0;0
06;Jönköping;42;Mullsjö;0642005;Ambulerande röstmottagning;1;2;0;0;0;0;10;0;2;0;0;0;0;0;2;0;0;0;0;17
06;Jönköping;42;Mullsjö;0642003;Gunnarsbohallen;0;0;0;0;0;0;0;0;0;0;0;0;0;0;0;0;0;0;0;0
06;Jönköping;42;Mullsjö;0642004;Gunnarsbohallens cafeteria;84;101;68;48;58;106;108;97;112;98;77;101;139;148;154;0;0;0;0;1499
06;Jönköping;42;Mullsjö;0642002;Margaretas Park äldreboende;0;0;0;0;0;0;0;0;0;0;0;0;0;50;0;0;0;0;0;50
06;Jönköping;42;Mullsjö;0642001;Träffpunkten;0;63;0;0;0;0;0;0;61;0;0;0;0;0;0;0;0;0;0;124
06;Jönköping;43;Habo;0643002;Ambulerande röstmottagning;2;0;0;0;0;0;0;13;0;0;0;0;1;0;0;0;0;0;0;16
06;Jönköping;43;Habo;0643001;Habo bibliotek;191;193;163;93;97;233;199;222;221;211;175;151;277;344;299;0;0;0;0;3069
06;Jönköping;62;Gislaved;0662011;AB Hestra Radio & Sport (Preem);20;34;19;11;0;35;25;45;31;52;32;0;37;71;75;0;0;0;0;487
06;Jönköping;62;Gislaved;0662016;Ambulerande röstmottagning;0;0;0;0;0;0;0;0;1;0;11;0;0;2;0;0;0;0;0;14
06;Jönköping;62;Gislaved;0662001;Anderstorps Bibliotek;49;89;67;18;0;95;91;70;95;103;38;0;146;169;141;0;0;0;0;1171
06;Jönköping;62;Gislaved;0662014;Burseryds Lantmän;18;38;32;11;0;35;29;39;42;53;37;0;49;60;63;0;0;0;0;506
06;Jönköping;62;Gislaved;0662004;Ekbacken;0;0;0;0;0;0;0;0;7;0;0;0;0;0;0;0;0;0;0;7
06;Jönköping;62;Gislaved;0662012;Gislaveds gymnasium;0;0;0;0;0;0;15;0;4;0;0;0;0;0;0;0;0;0;0;19
06;Jönköping;62;Gislaved;0662010;Gislows dagcentral;0;0;0;0;0;0;0;10;0;0;0;0;0;0;0;0;0;0;0;10
06;Jönköping;62;Gislaved;0662007;Hestragården;0;0;0;0;0;15;0;0;0;0;0;0;0;0;0;0;0;0;0;15
06;Jönköping;62;Gislaved;0662006;Klockaregården;0;0;0;0;0;0;26;0;0;0;0;0;0;0;0;0;0;0;0;26
06;Jönköping;62;Gislaved;0662002;Kommunhuset;120;116;130;49;33;143;147;144;155;214;97;63;226;250;240;0;0;0;0;2127
06;Jönköping;62;Gislaved;0662003;Mariagården;0;0;0;0;0;0;0;0;0;21;0;0;0;0;0;0;0;0;0;21
06;Jönköping;62;Gislaved;0662009;Reftele Lantmän;31;45;25;15;0;31;23;39;48;43;17;0;69;92;77;0;0;0;0;555
06;Jönköping;62;Gislaved;0662005;Solbacka;0;0;0;0;0;0;0;9;0;0;0;0;0;0;0;0;0;0;0;9
06;Jönköping;62;Gislaved;0662013;Torghuset Smålandsstenar;95;69;79;25;0;147;90;109;92;175;111;0;210;188;167;0;0;0;0;1557
06;Jönköping;62;Gislaved;0662015;Valdshult församlingsgård;0;0;0;0;0;0;0;0;0;0;0;0;0;0;0;0;0;0;0;0
06;Jönköping;62;Gislaved;0662008;Vitsippan;0;0;0;0;0;15;0;0;0;0;0;0;0;0;0;0;0;0;0;15
06;Jönköping;65;Vaggeryd;0665007;Ambulerande röstmottagning;0;0;0;0;0;0;0;0;0;0;0;0;0;0;0;0;0;0;0;0
06;Jönköping;65;Vaggeryd;0665005;Folkets hus, Vaggeryd;98;94;126;28;0;120;106;150;85;143;0;151;216;176;195;0;0;0;0;1688
06;Jönköping;65;Vaggeryd;0665001;Särskild röstmottagning i Bondstorp;0;0;0;0;0;0;0;0;0;0;0;0;0;0;0;0;0;0;0;0
06;Jönköping;65;Vaggeryd;0665004;Särskild röstmottagning i Hagshult;0;0;0;0;0;0;0;0;0;0;0;0;0;0;0;0;0;0;0;0
06;Jönköping;65;Vaggeryd;0665002;Särskild röstmottagning i Tofteryd;0;0;0;0;0;0;0;0;0;0;0;0;0;0;0;0;0;0;0;0
06;Jönköping;65;Vaggeryd;0665003;Särskild röstmottagning i Åker;0;0;0;0;0;0;0;0;0;0;0;0;0;0;0;0;0;0;0;0
06;Jönköping;65;Vaggeryd;0665006;Äldrecentrum Mejeriet, Skillingaryd;116;59;63;0;55;130;88;136;75;114;77;0;130;164;164;0;0;0;0;1371
06;Jönköping;80;Jönköping;0680065;Ambulerande röstmottagning;45;47;35;0;4;77;60;46;107;56;0;0;69;49;50;0;0;0;0;645
06;Jönköping;80;Jönköping;0680062;Asecs Paviljong;170;246;220;235;269;262;304;281;356;353;355;442;419;558;617;0;0;0;0;5087
06;Jönköping;80;Jönköping;0680055;Asecs köpcenter;212;234;241;304;245;246;259;259;318;360;447;397;364;456;493;0;0;0;0;4835
06;Jönköping;80;Jönköping;0680057;Bankeryds centrum;122;134;116;0;0;138;165;166;187;198;0;0;237;273;258;0;0;0;0;1994
06;Jönköping;80;Jönköping;0680058;Bottnaryds församlingshem;0;0;0;0;0;35;0;64;0;0;0;0;25;0;108;0;0;0;0;232
06;Jönköping;80;Jönköping;0680059;Gränna bibliotek;101;86;74;39;0;70;82;89;93;72;69;0;105;110;113;0;0;0;0;1103
06;Jönköping;80;Jönköping;0680064;Huskvarna centrum;65;64;48;0;0;97;105;86;92;80;0;0;127;147;161;0;0;0;0;1072
06;Jönköping;80;Jönköping;0680051;Huskvarna stadshus;202;191;199;99;0;245;213;240;205;268;221;0;297;311;314;0;0;0;0;3005
06;Jönköping;80;Jönköping;0680056;Juneporten;250;212;221;76;0;216;202;182;175;147;75;0;227;237;250;0;0;0;0;2470
06;Jönköping;80;Jönköping;0680001;Järsnäs Gamla skola;0;0;0;0;0;0;24;0;23;0;0;0;0;53;0;0;0;0;0;100
06;Jönköping;80;Jönköping;0680005;Jönköping University Biblioteket;132;91;114;0;0;181;142;154;172;160;0;0;253;294;328;0;0;0;0;2021
06;Jönköping;80;Jönköping;0680053;Jönköpings stadsbibliotek;320;282;265;132;177;286;288;327;264;297;222;265;388;406;476;0;0;0;0;4395
06;Jönköping;80;Jönköping;0680047;Kaxholmen Pingstkyrkan;0;0;0;0;0;65;0;0;35;0;0;0;85;0;0;0;0;0;0;185
06;Jönköping;80;Jönköping;0680060;Kriminalvården Häktet Jönköping;0;0;0;0;0;0;0;17;0;0;0;0;0;0;17;0;0;0;0;34
06;Jönköping;80;Jönköping;0680041;Lekeryds församlingshem;25;20;0;0;0;0;48;69;38;0;0;0;0;81;69;0;0;0;0;350
06;Jönköping;80;Jönköping;0680046;Norra Unnaryds församlingshem;0;0;0;0;0;16;0;9;0;0;0;0;59;0;20;0;0;0;0;104
06;Jönköping;80;Jönköping;0680050;Norrahammars Församlingshem;70;54;90;0;0;93;57;77;79;100;0;0;117;129;159;0;0;0;0;1025
06;Jönköping;80;Jönköping;0680004;Ryhov Lärcentrum;72;63;75;0;0;78;72;107;113;98;0;0;141;169;169;0;0;0;0;1157
06;Jönköping;80;Jönköping;0680007;Rådhusparken Paviljong;0;0;0;0;0;127;95;99;96;126;98;0;167;208;212;0;0;0;0;1228
06;Jönköping;80;Jönköping;0680049;Råslätt Paviljong;188;168;181;88;0;221;174;202;158;189;129;0;266;233;204;0;0;0;0;2401
06;Jönköping;80;Jönköping;0680052;Svarttorps församlingsgård;0;0;0;0;0;0;23;0;36;0;0;0;0;22;0;0;0;0;0;81
06;Jönköping;80;Jönköping;0680035;Tabergs Missionskyrka;65;71;0;0;0;0;110;86;111;0;0;0;0;208;157;0;0;0;0;808
06;Jönköping;80;Jönköping;0680036;Tenhults bibliotek;62;44;48;0;0;0;108;150;66;78;0;0;0;144;196;0;0;0;0;896
06;Jönköping;80;Jönköping;0680037;Visingsö bibliotek;0;0;0;0;0;84;0;0;31;0;0;0;49;0;0;0;0;0;0;164
06;Jönköping;80;Jönköping;0680038;Ödestugu skola;0;0;0;0;0;19;0;30;0;0;0;0;56;0;45;0;0;0;0;150
06;Jönköping;80;Jönköping;0680010;Örserums skola;0;0;0;0;0;0;36;0;37;0;0;0;0;37;0;0;0;0;0;110
06;Jönköping;80;Jönköping;0680024;Österängens centrum;187;203;198;80;0;174;173;171;151;180;93;0;195;236;224;0;0;0;0;2265
06;Jönköping;80;Jönköping;0680040;Öxnehaga Vardagsrummet;80;67;45;0;0;80;86;81;61;73;0;0;71;77;54;0;0;0;0;775
06;Jönköping;82;Nässjö;0682007;Ambulerande röstmottagning;65;25;38;0;0;38;7;8;7;7;0;0;12;9;14;0;0;0;0;230
06;Jönköping;82;Nässjö;0682001;Annebergs bibliotek;43;0;0;0;0;57;0;70;0;0;0;0;77;0;94;0;0;0;0;341
06;Jönköping;82;Nässjö;0682002;Biblioteket Bodafors;0;0;96;0;0;0;110;0;0;152;0;0;0;185;0;0;0;0;0;543
06;Jönköping;82;Nässjö;0682003;Biblioteket Forserum;0;100;0;0;0;0;109;0;128;0;0;0;0;155;0;0;0;0;0;492
06;Jönköping;82;Nässjö;0682004;Biblioteket Malmbäck;36;0;0;0;0;63;0;70;0;0;0;0;71;0;96;0;0;0;0;336
06;Jönköping;82;Nässjö;0682008;Brinellgymnasiet;0;0;0;0;0;57;0;0;0;0;0;0;0;0;0;0;0;0;0;57
06;Jönköping;82;Nässjö;0682005;Stadsbiblioteket Nässjö;289;305;263;173;174;443;437;405;426;403;339;287;630;669;690;0;0;0;0;5933
06;Jönköping;83;Värnamo;0683004;Ambulerande röstmottagning;0;0;0;0;0;30;29;31;28;0;0;0;18;30;16;0;0;0;0;182
06;Jönköping;83;Värnamo;0683002;Bredaryds Bygdegård;0;0;0;0;0;0;98;95;75;0;0;64;0;133;103;0;0;0;0;568
06;Jönköping;83;Värnamo;0683003;Exposkolans aula (Östbosalen);299;354;280;194;235;297;375;423;388;380;303;423;604;601;679;0;0;0;0;5835
06;Jönköping;83;Värnamo;0683001;Fd. banken i Rydaholm;0;0;0;0;0;0;107;88;96;0;0;93;0;110;103;0;0;0;0;597
06;Jönköping;84;Sävsjö;0684005;Ambulerande röstmottagning;0;0;0;0;0;0;12;0;22;0;0;0;0;0;0;0;0;0;0;34
06;Jönköping;84;Sävsjö;0684004;Församlingshemmet Vrigstad;25;0;34;0;0;34;0;52;0;67;0;0;61;0;76;0;0;0;0;349
06;Jönköping;84;Sävsjö;0684003;Kulturhuset;47;88;116;47;61;115;110;112;119;77;117;108;188;194;199;0;0;0;0;1698
06;Jönköping;84;Sävsjö;0684002;Rörviks skola, biblioteket;26;0;17;0;0;14;0;39;0;21;0;0;31;0;37;0;0;0;0;185
06;Jönköping;84;Sävsjö;0684001;Södergården, restaurangen;13;0;30;0;0;28;0;39;0;41;0;0;54;0;36;0;0;0;0;241
06;Jönköping;85;Vetlanda;0685011;Ambulerande röstmottagning;0;15;6;0;0;14;47;8;19;12;0;0;2;19;0;0;0;0;0;142
06;Jönköping;85;Vetlanda;0685002;Bokbussen;6;1;0;0;0;7;0;5;1;0;0;0;6;0;0;0;0;0;0;26
06;Jönköping;85;Vetlanda;0685005;Näshults bygdegård;0;0;0;0;0;0;0;0;0;0;0;0;0;70;0;0;0;0;0;70
06;Jönköping;85;Vetlanda;0685006;Ramkvilla skola;0;0;0;0;0;0;0;0;0;0;0;0;0;76;0;0;0;0;0;76
06;Jönköping;85;Vetlanda;0685004;Råsagården;0;0;0;0;0;0;0;0;0;0;0;0;0;41;0;0;0;0;0;41
06;Jönköping;85;Vetlanda;0685010;Stadshuset;321;319;331;244;176;373;358;456;443;489;275;287;520;546;585;0;0;0;0;5723
06;Jönköping;86;Eksjö;0686005;Almgården - Särskilt boende;0;0;0;0;0;22;0;0;0;22;0;0;0;0;0;0;0;0;0;44
06;Jönköping;86;Eksjö;0686011;Ambulerande röstmottagning;0;0;0;0;0;0;6;2;0;7;0;3;9;0;0;0;0;0;0;27
06;Jönköping;86;Eksjö;0686012;Bobinen - Trygghetsboende;0;0;0;0;0;0;0;13;0;0;0;0;0;0;0;0;0;0;0;13
06;Jönköping;86;Eksjö;0686002;Emilkraften, Mariannelund;35;0;59;0;0;59;0;53;0;62;0;0;0;95;0;0;0;0;0;363
06;Jönköping;86;Eksjö;0686004;Folkets Hus, Bruzaholm;0;25;0;0;0;18;0;0;0;19;0;0;22;0;0;0;0;0;0;84
06;Jönköping;86;Eksjö;0686007;Hjältevad Tallgården (Gamla skolan);0;17;0;0;0;18;0;0;0;27;0;0;20;0;19;0;0;0;0;101
06;Jönköping;86;Eksjö;0686008;Marieberg - Särskilt boende;0;0;0;0;0;0;0;0;0;0;0;0;0;0;0;0;0;0;0;0
06;Jönköping;86;Eksjö;0686006;Mogården - Särskilt boende;0;0;0;0;0;0;0;0;25;0;0;0;0;0;0;0;0;0;0;25
06;Jönköping;86;Eksjö;0686001;Olsbergs Arena;181;181;157;68;84;235;196;249;242;292;156;130;309;337;377;0;0;0;0;3194
06;Jönköping;86;Eksjö;0686009;Snickaren - Trygghetsboende;0;0;0;0;0;0;0;0;0;0;0;0;0;0;35;0;0;0;0;35
06;Jönköping;86;Eksjö;0686003;Solgården, Ingatorp;0;12;0;0;0;25;0;0;0;33;0;0;15;0;40;0;0;0;0;125
06;Jönköping;86;Eksjö;0686010;Tuvan - Trygghetsboende;0;0;0;0;0;0;0;0;0;0;0;0;0;10;0;0;0;0;0;10
06;Jönköping;87;Tranås;0687003;Adelövs Friskola;0;0;0;0;0;18;0;0;0;0;0;0;0;0;0;0;0;0;0;18
06;Jönköping;87;Tranås;0687013;Ambulerande röstmottagning;0;0;0;0;0;0;0;0;4;0;0;0;0;0;0;0;0;0;0;4
06;Jönköping;87;Tranås;0687014;Blå Huset;0;0;0;0;0;0;0;0;0;0;0;0;0;0;26;0;0;0;0;26
06;Jönköping;87;Tranås;0687005;Gripenbergs skola;0;0;0;0;0;0;0;34;0;0;0;0;0;0;0;0;0;0;0;34
06;Jönköping;87;Tranås;0687012;Holavedsgymnasiet;0;0;0;0;0;0;0;0;33;0;0;0;0;0;0;0;0;0;0;33
06;Jönköping;87;Tranås;0687004;Linderås församlingsgård;0;0;0;0;0;0;12;0;0;0;0;0;0;0;0;0;0;0;0;12
06;Jönköping;87;Tranås;0687002;Parkhallen;88;126;120;74;41;101;106;96;118;141;78;94;119;131;127;0;0;0;0;1560
06;Jönköping;87;Tranås;0687007;Seniorboende Berget;0;0;0;0;0;0;0;0;0;0;0;0;65;0;0;0;0;0;0;65
06;Jönköping;87;Tranås;0687010;Seniorboende Idyllen;0;0;0;0;0;0;0;0;0;0;0;0;0;0;13;0;0;0;0;13
06;Jönköping;87;Tranås;0687006;Sommens skola;0;0;0;0;0;0;0;0;70;0;0;0;0;0;0;0;0;0;0;70
06;Jönköping;87;Tranås;0687001;Storgatan 40;182;206;193;175;39;152;164;206;184;205;146;100;314;339;322;0;0;0;0;2927
06;Jönköping;87;Tranås;0687008;Särskilt boende Lövstagården;0;0;0;0;0;0;0;0;0;0;0;0;0;35;0;0;0;0;0;35
06;Jönköping;87;Tranås;0687011;Särskilt boende Råsvägen;0;0;0;0;0;0;0;0;0;0;0;0;0;0;0;0;0;0;0;0
06;Jönköping;87;Tranås;0687009;Särskilt boende Östanå;0;0;0;0;0;0;0;0;0;0;0;0;0;17;0;0;0;0;0;17
07;Kronoberg;60;Uppvidinge;0760013;Alstermo Folkets hus;0;0;0;0;0;0;0;0;0;0;0;97;0;0;0;0;0;0;0;97
07;Kronoberg;60;Uppvidinge;0760012;Ambulerande röstmottagning;0;0;0;0;0;0;6;0;0;2;0;0;0;0;0;0;0;0;0;8
07;Kronoberg;60;Uppvidinge;0760003;Folkets hus, Fröseke;0;0;0;0;0;0;0;0;0;0;0;0;0;0;0;0;0;0;0;0
07;Kronoberg;60;Uppvidinge;0760011;Fritidslokalen Borgen;0;0;0;0;136;0;0;200;0;0;0;0;0;0;274;0;0;0;0;610
07;Kronoberg;60;Uppvidinge;0760002;Kommunhuset, Åseda;33;44;46;0;0;54;47;59;55;53;0;80;122;119;107;0;0;0;0;819
07;Kronoberg;60;Uppvidinge;0760004;Lingården;0;0;0;0;11;0;0;0;0;0;0;0;0;0;0;0;0;0;0;11
07;Kronoberg;60;Uppvidinge;0760007;Matsalen Älghultskolan, Älghult;0;0;0;80;0;0;0;0;0;0;0;0;0;0;0;0;0;0;0;80
07;Kronoberg;60;Uppvidinge;0760010;Olofsgården;0;0;0;0;0;0;0;0;0;0;0;0;8;0;0;0;0;0;0;8
07;Kronoberg;60;Uppvidinge;0760014;PRO-lokalen Nottebäck;0;0;0;0;0;0;0;0;0;0;78;0;132;0;0;0;0;0;0;210
07;Kronoberg;60;Uppvidinge;0760009;Smedsgård;0;0;0;0;0;0;0;0;0;0;0;0;0;0;0;0;0;0;0;0
07;Kronoberg;61;Lessebo;0761006;Ambulerande röstmottagning;0;2;0;0;0;0;1;0;0;0;0;0;1;8;0;0;0;0;0;12
07;Kronoberg;61;Lessebo;0761005;Hovmantorps Folkets Hus;0;0;0;0;0;137;48;74;83;79;0;0;144;45;129;0;0;0;0;739
07;Kronoberg;61;Lessebo;0761003;Kommunhuset Lessebo;0;0;0;0;0;0;0;0;0;0;0;0;0;0;0;0;0;0;0;0
07;Kronoberg;61;Lessebo;0761004;Kosta Bibliotek/Folkets hus;0;0;0;0;0;0;0;0;88;2;0;0;0;53;0;0;0;0;0;143
07;Kronoberg;61;Lessebo;0761002;Lessebo Bibliotek;73;53;57;27;47;70;32;90;77;67;42;60;115;39;110;0;0;0;0;959
07;Kronoberg;61;Lessebo;0761001;Skruvs Bibliotek/Folkets hus;0;0;0;0;0;0;0;33;0;0;0;0;58;0;0;0;0;0;0;91
07;Kronoberg;63;Tingsryd;0763003;Ambulerande röstmottagning;0;0;22;0;0;0;0;5;17;0;0;0;3;0;0;0;0;0;0;47
07;Kronoberg;63;Tingsryd;0763007;Björkeborg, Väckelsång;0;0;0;0;0;81;0;0;0;58;0;0;59;0;65;0;0;0;0;263
07;Kronoberg;63;Tingsryd;0763008;Byahuset, Rävemåla;0;0;0;0;0;0;51;0;48;0;0;0;0;60;0;0;0;0;0;159
07;Kronoberg;63;Tingsryd;0763004;Gillet, Ryd;0;80;0;0;0;83;0;62;0;69;0;0;85;0;103;0;0;0;0;482
07;Kronoberg;63;Tingsryd;0763006;Konga Folkets Hus;0;0;0;0;0;0;38;0;51;0;0;0;0;46;0;0;0;0;0;135
07;Kronoberg;63;Tingsryd;0763009;Linneryds bygdegård;0;0;0;0;0;0;70;0;54;0;0;0;0;88;0;0;0;0;0;212
07;Kronoberg;63;Tingsryd;0763005;Parken, Urshult;0;0;48;0;0;48;0;56;0;52;0;0;0;0;127;0;0;0;0;331
07;Kronoberg;63;Tingsryd;0763001;Restaurangen vid äldreboendet Örnen;44;83;60;49;58;74;87;100;74;81;62;85;136;140;148;0;0;0;0;1281
07;Kronoberg;64;Alvesta;0764011;Ambulerande röstmottagning;0;3;3;0;0;0;2;2;1;2;0;0;1;0;0;0;0;0;0;14
07;Kronoberg;64;Alvesta;0764006;Björkliden;0;0;0;0;0;0;0;22;0;0;0;0;0;0;0;0;0;0;0;22
07;Kronoberg;64;Alvesta;0764004;Kommunhuset Alvesta;156;160;154;85;83;171;178;192;182;183;168;151;278;302;280;0;0;0;0;2723
07;Kronoberg;64;Alvesta;0764003;Kulturbussen;16;33;0;0;0;25;40;17;31;0;0;0;19;22;35;0;0;0;0;238
07;Kronoberg;64;Alvesta;0764002;Moheda bibliotek;0;65;38;0;0;86;35;0;127;46;0;0;134;36;0;0;0;0;0;567
07;Kronoberg;64;Alvesta;0764005;Torsgården;0;0;0;0;0;11;0;0;0;0;0;0;0;0;0;0;0;0;0;11
07;Kronoberg;64;Alvesta;0764001;Vislanda bibliotek;0;54;45;0;0;108;70;0;108;54;0;0;127;113;0;0;0;0;0;679
07;Kronoberg;65;Älmhult;0765013;Ambulerande röstmottagning;0;0;0;0;0;1;4;0;0;0;0;0;7;4;0;0;0;0;0;16
07;Kronoberg;65;Älmhult;0765012;Art Center;220;206;190;109;120;218;211;237;212;249;158;160;281;304;360;0;0;0;0;3235
07;Kronoberg;65;Älmhult;0765002;Brogård Pjätteryd;0;88;0;0;0;0;0;0;0;0;0;0;0;0;0;0;0;0;0;88
07;Kronoberg;65;Älmhult;0765011;Ekebo;0;0;0;0;0;0;0;0;0;0;0;0;0;0;0;0;0;0;0;0
07;Kronoberg;65;Älmhult;0765005;Eneborg Eneryda;0;0;0;0;0;0;0;0;129;0;0;0;0;0;0;0;0;0;0;129
07;Kronoberg;65;Älmhult;0765004;Hallaborg Hallaryd;0;0;0;0;0;0;0;0;0;0;0;0;107;0;0;0;0;0;0;107
07;Kronoberg;65;Älmhult;0765003;Häradsbäcks aktivitetshall;0;0;0;0;0;74;0;0;0;0;0;0;0;0;0;0;0;0;0;74
07;Kronoberg;65;Älmhult;0765008;Medborgarhuset Liatorp;0;0;0;0;0;0;0;0;0;0;0;0;0;100;0;0;0;0;0;100
07;Kronoberg;65;Älmhult;0765010;Nicklagården;0;0;0;0;0;0;0;0;0;0;0;0;0;0;0;0;0;0;0;0
07;Kronoberg;65;Älmhult;0765001;Sockenstugan Virestad;0;0;0;0;0;0;0;0;0;0;0;0;0;0;115;0;0;0;0;115
07;Kronoberg;65;Älmhult;0765007;Solgården;0;0;0;0;0;0;0;0;0;0;0;0;0;0;0;0;0;0;0;0
07;Kronoberg;65;Älmhult;0765006;Urania Diö;0;0;0;0;0;0;72;0;0;0;0;0;0;0;0;0;0;0;0;72
07;Kronoberg;67;Markaryd;0767005;Ambulerande röstmottagning;0;23;0;0;0;0;0;16;11;9;0;0;6;7;0;0;0;0;0;72
07;Kronoberg;67;Markaryd;0767004;Hinneryds bygdegård;0;0;0;0;0;31;0;0;0;0;0;0;37;0;0;0;0;0;0;68
07;Kronoberg;67;Markaryd;0767002;Markaryds kulturhus;113;98;92;67;58;92;147;109;122;125;43;69;146;177;168;0;0;0;0;1626
07;Kronoberg;67;Markaryd;0767001;Strömsnäsbruk Servicekontoret;39;44;0;0;0;0;38;48;39;0;0;0;0;66;68;0;0;0;0;342
07;Kronoberg;67;Markaryd;0767003;Traryd Verdandi;0;0;49;0;0;0;0;0;0;64;0;0;0;0;0;0;0;0;0;113
07;Kronoberg;80;Växjö;0780039;Ambulerande röstmottagning;1;1;0;0;0;9;8;19;6;31;0;0;11;13;4;0;0;0;0;103
07;Kronoberg;80;Växjö;0780004;Asa Herrgård;0;0;0;0;0;11;0;0;0;0;0;0;0;0;0;0;0;0;0;11
07;Kronoberg;80;Växjö;0780026;Attendo Vikaholm;0;16;0;0;0;0;0;0;0;0;0;0;0;0;0;0;0;0;0;16
07;Kronoberg;80;Växjö;0780027;Attendo Vintervägen;6;0;0;0;0;0;0;0;0;0;0;0;0;0;0;0;0;0;0;6
07;Kronoberg;80;Växjö;0780028;Attendo Åbovägen;0;0;0;0;0;0;0;0;0;0;0;0;14;0;0;0;0;0;0;14
07;Kronoberg;80;Växjö;0780012;Birkagården, Öster;48;29;39;0;0;47;40;41;53;32;0;0;155;125;139;0;0;0;0;748
07;Kronoberg;80;Växjö;0780036;Borgmästaren, Väster;0;0;0;0;0;0;0;0;0;0;0;0;0;24;0;0;0;0;0;24
07;Kronoberg;80;Växjö;0780051;Bygdegården i Berg;0;0;0;0;0;0;0;0;0;0;0;0;0;0;0;0;0;0;0;0
07;Kronoberg;80;Växjö;0780021;Bågen;0;0;0;0;0;0;0;0;0;32;0;0;0;0;0;0;0;0;0;32
07;Kronoberg;80;Växjö;0780016;Centrallasarettet;0;0;0;0;0;0;0;0;0;0;0;0;0;0;0;0;0;0;0;0
07;Kronoberg;80;Växjö;0780052;Dädesjö sockenstuga;0;0;0;0;0;0;17;0;0;0;0;0;0;0;0;0;0;0;0;17
07;Kronoberg;80;Växjö;0780030;Evelid;0;0;0;0;0;0;32;0;0;0;0;0;0;0;0;0;0;0;0;32
07;Kronoberg;80;Växjö;0780055;Furuby Församlingshem;0;0;0;0;0;0;0;0;0;0;0;0;49;0;0;0;0;0;0;49
07;Kronoberg;80;Växjö;0780056;Gemla skola;0;0;0;0;0;0;0;0;94;0;0;0;0;0;0;0;0;0;0;94
07;Kronoberg;80;Växjö;0780041;Gustavslundskolan;72;64;0;0;0;85;97;84;75;0;0;0;120;121;129;0;0;0;0;847
07;Kronoberg;80;Växjö;0780034;Hagalund äldreboende;0;0;0;0;0;0;0;0;0;0;0;0;36;0;0;0;0;0;0;36
07;Kronoberg;80;Växjö;0780033;Humana Södra Järnvägsgatan;0;0;0;0;0;0;0;0;0;0;0;0;0;26;0;0;0;0;0;26
07;Kronoberg;80;Växjö;0780003;Jäts bygdegård;0;0;0;0;0;0;0;0;0;0;0;0;0;0;0;0;0;0;0;0
07;Kronoberg;80;Växjö;0780002;Kalvsviks bygdegård;0;0;0;0;0;0;0;0;0;0;0;0;0;0;0;0;0;0;0;0
07;Kronoberg;80;Växjö;0780042;Katedralskolan;0;0;0;0;0;0;0;0;0;0;0;0;0;0;0;0;0;0;0;0
07;Kronoberg;80;Växjö;0780017;Kinnevaldsgården;0;8;0;0;0;0;0;0;0;0;0;0;0;0;0;0;0;0;0;8
07;Kronoberg;80;Växjö;0780040;Konsthallen;44;68;49;105;206;111;109;86;93;112;260;251;320;276;322;0;0;0;0;2412
07;Kronoberg;80;Växjö;0780043;Kungsmadskolan;0;0;0;0;0;0;0;0;0;0;0;0;29;0;0;0;0;0;0;29
07;Kronoberg;80;Växjö;0780024;Kvarngården;0;0;0;0;0;0;0;14;0;0;0;0;0;0;0;0;0;0;0;14
07;Kronoberg;80;Växjö;0780032;Lammengatans äldreboende;0;0;20;0;0;0;0;0;0;0;0;0;0;0;0;0;0;0;0;20
07;Kronoberg;80;Växjö;0780011;Lammhults bibliotek;45;15;0;0;0;76;29;98;14;0;0;0;129;36;140;0;0;0;0;582
07;Kronoberg;80;Växjö;0780005;Möllekulls församlingshem;0;0;0;0;0;0;0;0;0;0;0;0;0;0;0;0;0;0;0;0
07;Kronoberg;80;Växjö;0780029;Mötesplats Framtidsvägen, Teleborg;78;82;75;0;0;118;106;129;118;102;0;0;311;322;312;0;0;0;0;1753
07;Kronoberg;80;Växjö;0780009;Näckrosen i Ingelstad;52;22;30;0;0;46;49;66;45;43;0;0;154;123;121;0;0;0;0;751
07;Kronoberg;80;Växjö;0780053;Nöbbele Bygdegård;0;0;0;0;0;0;0;0;0;0;0;0;0;0;15;0;0;0;0;15
07;Kronoberg;80;Växjö;0780046;ProCivitas Gymnasium;0;0;0;0;0;0;0;27;0;0;0;0;0;0;0;0;0;0;0;27
07;Kronoberg;80;Växjö;0780037;Rottnegården;38;26;25;0;0;55;43;48;62;48;0;0;116;95;122;0;0;0;0;678
07;Kronoberg;80;Växjö;0780050;Rättspsykiatriska regionkliniken;0;0;0;0;0;0;0;0;0;0;0;0;0;0;0;0;0;0;0;0
07;Kronoberg;80;Växjö;0780010;Sjöliden, Braås;27;16;26;0;0;37;34;30;25;51;0;0;73;53;53;0;0;0;0;425
07;Kronoberg;80;Växjö;0780023;Solgården;6;0;0;0;0;0;0;0;0;0;0;0;0;0;0;0;0;0;0;6
07;Kronoberg;80;Växjö;0780022;Sommarvägen hemvård/Lyckans Café;0;0;0;0;0;0;0;0;0;5;0;0;0;0;0;0;0;0;0;5
07;Kronoberg;80;Växjö;0780031;Stadsbiblioteket, Växjö;610;587;579;381;0;727;686;673;672;586;461;342;888;909;1001;0;0;0;0;9102
07;Kronoberg;80;Växjö;0780019;Söders hemvård;0;0;0;0;0;0;0;0;14;0;0;0;0;0;0;0;0;0;0;14
07;Kronoberg;80;Växjö;0780008;Sörgården;0;0;0;0;0;0;0;9;0;0;0;0;0;0;0;0;0;0;0;9
07;Kronoberg;80;Växjö;0780007;Tallgården, Araby;60;59;54;0;0;70;75;74;62;85;0;0;141;134;139;0;0;0;0;953
07;Kronoberg;80;Växjö;0780044;Teknikum;0;0;0;0;0;0;38;0;0;0;0;0;0;0;0;0;0;0;0;38
07;Kronoberg;80;Växjö;0780014;Toftagården, Sandsbro;0;0;0;0;0;0;0;0;23;0;0;0;0;0;0;0;0;0;0;23
07;Kronoberg;80;Växjö;0780054;Vederslöv skola;0;0;0;0;0;0;0;0;0;0;0;0;0;38;0;0;0;0;0;38
07;Kronoberg;80;Växjö;0780018;Vuxenpsykiatrin;0;0;0;0;0;12;0;0;0;0;0;0;0;0;0;0;0;0;0;12
07;Kronoberg;80;Växjö;0780047;Växjö Fria Fordonsgymnasium;0;0;0;0;0;0;0;0;0;0;0;0;0;19;0;0;0;0;0;19
07;Kronoberg;80;Växjö;0780045;Växjö Fria Gymnasium;0;0;0;0;0;0;0;0;0;0;0;0;0;0;48;0;0;0;0;48
07;Kronoberg;80;Växjö;0780048;Växjö Praktiska Gymnasium;0;0;0;0;0;11;0;0;0;0;0;0;0;0;0;0;0;0;0;11
07;Kronoberg;80;Växjö;0780001;Växjö kommunhus;166;205;116;95;0;158;164;172;152;187;115;0;287;333;305;0;0;0;0;2455
07;Kronoberg;80;Växjö;0780057;Åryd skola;0;0;0;0;0;0;0;45;0;0;0;0;0;0;0;0;0;0;0;45
07;Kronoberg;80;Växjö;0780025;Öjaby församlingshem;49;49;44;0;0;61;52;52;49;60;0;0;118;125;129;0;0;0;0;788
07;Kronoberg;80;Växjö;0780015;Örtagården;0;0;0;0;0;0;0;0;0;0;0;0;0;0;0;0;0;0;0;0
07;Kronoberg;80;Växjö;0780020;Östregården;0;0;0;0;0;0;29;0;0;0;0;0;0;0;0;0;0;0;0;29
07;Kronoberg;81;Ljungby;0781009;Ambulerande röstmottagning;0;0;4;0;0;0;7;0;0;7;0;0;0;18;63;0;0;0;0;99
07;Kronoberg;81;Ljungby;0781005;Biblioteket;0;43;0;0;0;0;0;0;111;0;0;0;114;0;0;0;0;0;0;268
07;Kronoberg;81;Ljungby;0781002;Biblioteket (Ica);0;0;27;0;0;39;0;0;0;58;0;0;25;0;67;0;0;0;0;216
07;Kronoberg;81;Ljungby;0781003;Bolmsöskolan;0;0;0;0;0;0;0;0;0;0;0;0;0;0;0;0;0;0;0;0
07;Kronoberg;81;Ljungby;0781001;Garvaren;167;190;190;225;215;201;197;211;282;222;255;278;530;549;563;0;0;0;0;4275
07;Kronoberg;81;Ljungby;0781010;Sunnerbogymnasiet;0;0;0;0;0;0;0;0;0;0;0;0;0;0;0;0;0;0;0;0
07;Kronoberg;81;Ljungby;0781007;Södra Ljunga bygdegård;0;0;0;0;0;0;0;0;0;0;0;0;0;0;0;0;0;0;0;0
07;Kronoberg;81;Ljungby;0781006;Västanå;0;0;0;0;0;0;0;103;0;0;0;0;0;85;0;0;0;0;0;188
08;Kalmar;21;Högsby;0821004;Ambulerande röstmottagning;0;0;0;0;0;2;0;0;0;0;0;0;12;8;3;0;0;0;0;25
08;Kalmar;21;Högsby;0821003;Kommunkontoret;41;64;71;57;47;58;64;63;77;77;44;73;97;120;102;0;0;0;0;1055
08;Kalmar;34;Torsås;0834002;Ambulerande röstmottagning;0;0;0;0;0;0;0;18;10;0;0;0;7;0;2;0;0;0;0;37
08;Kalmar;34;Torsås;0834001;Torsås Bibliotek;123;122;122;51;43;123;155;130;134;168;82;62;193;195;217;0;0;0;0;1920
08;Kalmar;40;Mörbylånga;0840005;Ambulerande röstmottagning;0;1;17;0;0;19;0;22;5;0;0;0;0;0;0;0;0;0;0;64
08;Kalmar;40;Mörbylånga;0840002;Biblioteket, Degerhamn;0;74;0;0;0;63;0;0;86;0;0;0;85;0;0;0;0;0;0;308
08;Kalmar;40;Mörbylånga;0840001;Biblioteket, Färjestaden;207;237;258;148;0;242;249;261;282;323;236;0;390;427;305;0;0;0;0;3565
08;Kalmar;40;Mörbylånga;0840003;Biblioteket, Mörbylånga;83;0;92;0;0;109;60;96;0;107;62;0;122;72;81;0;0;0;0;884
08;Kalmar;40;Mörbylånga;0840004;Kommunkontoret, Mörbylånga;0;0;0;0;17;0;0;0;0;0;0;61;0;0;0;0;0;0;0;78
08;Kalmar;60;Hultsfred;0860010;Ambulerande röstmottagning;0;0;0;0;0;0;0;16;15;0;0;0;0;0;8;0;0;0;0;39
08;Kalmar;60;Hultsfred;0860002;Parkeringen vid ICA Sundbergs;0;0;0;0;0;66;0;0;0;0;0;0;0;0;87;0;0;0;0;153
08;Kalmar;60;Hultsfred;0860004;Parkeringen vid Järnforsens livs;0;0;0;0;0;41;0;0;0;0;0;0;0;0;0;0;0;0;0;41
08;Kalmar;60;Hultsfred;0860006;Parkeringen vid LTV sparbank;0;0;0;0;0;0;0;37;0;0;0;0;51;0;0;0;0;0;0;88
08;Kalmar;60;Hultsfred;0860003;Parkeringen vid Medborgarplatsen;0;0;0;0;0;0;0;0;0;0;0;0;0;0;54;0;0;0;0;54
08;Kalmar;60;Hultsfred;0860007;Parkeringen vid Q star;0;0;0;0;0;0;0;41;0;0;0;0;24;0;0;0;0;0;0;65
08;Kalmar;60;Hultsfred;0860001;Ringvägen;0;68;0;0;0;71;0;69;58;90;0;0;106;0;111;0;0;0;0;573
08;Kalmar;60;Hultsfred;0860005;Skeppet;0;70;0;0;0;0;77;49;52;0;0;0;0;98;85;0;0;0;0;431
08;Kalmar;60;Hultsfred;0860008;Valhall;135;129;114;28;35;130;112;116;143;183;70;78;181;160;191;0;0;0;0;1805
08;Kalmar;61;Mönsterås;0861007;Ambulerande röstmottagning;0;0;0;0;0;4;2;18;23;27;0;0;0;0;0;0;0;0;0;74
08;Kalmar;61;Mönsterås;0861003;Biblioteket;161;167;135;55;57;199;204;245;198;221;114;102;297;327;311;0;0;0;0;2793
08;Kalmar;61;Mönsterås;0861002;Biblioteket Fliseryd;33;0;0;0;0;49;0;70;0;0;0;0;67;0;89;0;0;0;0;308
08;Kalmar;61;Mönsterås;0861004;Biblioteket Timmernabben;0;42;0;0;0;67;17;0;56;0;0;0;77;25;0;0;0;0;0;284
08;Kalmar;61;Mönsterås;0861001;Biblioteket Ålem;0;37;0;0;0;41;20;0;57;0;0;0;83;31;0;0;0;0;0;269
08;Kalmar;61;Mönsterås;0861005;Blomstermåla Bibliotek;4;36;0;0;0;67;27;0;70;0;0;0;62;29;0;0;0;0;0;295
08;Kalmar;62;Emmaboda;0862007;Ambulerande röstmottagning;0;0;0;0;0;0;7;0;0;0;0;7;0;2;0;0;0;0;0;16
08;Kalmar;62;Emmaboda;0862006;Boda Skola;0;0;0;0;0;0;0;0;0;0;0;0;0;55;0;0;0;0;0;55
08;Kalmar;62;Emmaboda;0862001;Emmaboda bibliotek;101;114;106;73;72;116;126;121;123;128;100;59;219;235;250;0;0;0;0;1943
08;Kalmar;62;Emmaboda;0862005;Johansfors skola;0;0;0;0;0;0;42;0;0;0;0;0;0;0;0;0;0;0;0;42
08;Kalmar;62;Emmaboda;0862002;Långasjö skola;0;0;0;0;0;0;0;0;27;0;0;0;0;0;0;0;0;0;0;27
08;Kalmar;62;Emmaboda;0862004;Mikaelsgården;0;0;0;0;0;0;0;50;0;0;0;0;0;0;0;0;0;0;0;50
08;Kalmar;62;Emmaboda;0862003;Vissefjärda bibliotek;0;0;0;0;0;0;0;0;0;0;0;0;62;0;0;0;0;0;0;62
08;Kalmar;80;Kalmar;0880007;Allaktivitetshuset Rockneby;78;0;0;0;0;112;0;167;0;0;0;0;197;0;191;0;0;0;0;745
08;Kalmar;80;Kalmar;0880029;Ambulerande röstmottagning;0;0;0;0;0;0;8;9;7;7;0;0;7;0;0;0;0;0;0;38
08;Kalmar;80;Kalmar;0880026;Atlasvägen 2;0;0;0;0;0;0;0;0;0;0;0;0;25;0;0;0;0;0;0;25
08;Kalmar;80;Kalmar;0880013;Backsippvägen 13 (fd Ljungbyhemmet);0;0;0;0;0;0;0;0;0;0;0;0;0;0;0;0;0;0;0;0
08;Kalmar;80;Kalmar;0880003;Berga Backe;0;0;0;0;0;0;0;0;0;0;0;0;0;0;0;0;0;0;0;0
08;Kalmar;80;Kalmar;0880005;Biblioteket Bergavik;59;57;0;0;0;140;0;203;200;0;0;0;219;0;252;0;0;0;0;1130
08;Kalmar;80;Kalmar;0880011;Biblioteket Hagby;0;113;0;0;0;0;0;0;179;0;0;0;0;0;0;0;0;0;0;292
08;Kalmar;80;Kalmar;0880019;Biblioteket Lindsdal;112;108;0;0;0;181;0;164;190;0;0;0;252;0;254;0;0;0;0;1261
08;Kalmar;80;Kalmar;0880010;Biblioteket Ljungbyholm;66;0;0;0;0;112;0;125;0;0;0;0;172;0;193;0;0;0;0;668
08;Kalmar;80;Kalmar;0880006;Biblioteket Påryd;34;0;0;0;0;0;0;75;0;0;0;0;0;0;117;0;0;0;0;226
08;Kalmar;80;Kalmar;0880017;Biblioteket Rinkabyholm;0;77;0;0;0;0;112;0;110;0;0;0;0;150;0;0;0;0;0;449
08;Kalmar;80;Kalmar;0880008;Biblioteket Trekanten;0;51;0;0;0;87;0;0;92;0;0;0;105;0;0;0;0;0;0;335
08;Kalmar;80;Kalmar;0880014;Björkhaga;0;0;0;0;0;0;0;0;0;0;0;0;0;0;0;0;0;0;0;0
08;Kalmar;80;Kalmar;0880027;Jungmansgården;0;0;0;0;0;0;0;0;0;0;0;0;0;0;0;0;0;0;0;0
08;Kalmar;80;Kalmar;0880002;Kriminalvårdsanstalten;0;0;0;0;0;0;0;0;0;0;0;0;0;59;0;0;0;0;0;59
08;Kalmar;80;Kalmar;0880023;Kulturhuset Strömmen;516;543;478;313;349;538;556;611;571;565;429;467;864;970;951;0;0;0;0;8721
08;Kalmar;80;Kalmar;0880001;Länssjukhuset Kalmar;0;0;0;0;0;0;0;0;0;0;0;0;0;0;0;0;0;0;0;0
08;Kalmar;80;Kalmar;0880012;Möregården;0;0;0;0;0;0;0;0;0;0;0;0;0;0;0;0;0;0;0;0
08;Kalmar;80;Kalmar;0880025;S:t Kristoffers väg 3;0;0;0;0;0;0;0;0;0;0;0;0;0;35;0;0;0;0;0;35
08;Kalmar;80;Kalmar;0880004;Stadshuset;0;0;0;0;0;0;0;0;0;0;0;0;0;0;0;0;0;0;0;0
08;Kalmar;80;Kalmar;0880018;Träffpunkt Ingelstorpsvägen 1;0;75;0;0;0;0;96;0;98;0;0;0;0;147;0;0;0;0;0;416
08;Kalmar;80;Kalmar;0880021;Träffpunkt Skogsrået;0;75;99;0;0;106;0;0;104;98;0;0;109;0;0;0;0;0;0;591
08;Kalmar;80;Kalmar;0880022;Träffpunkt Stensberg;0;0;110;0;0;142;0;0;0;151;0;0;150;0;0;0;0;0;0;553
08;Kalmar;80;Kalmar;0880009;Träffpunkt Äringen;15;0;0;0;0;0;0;47;0;0;0;0;0;0;47;0;0;0;0;109
08;Kalmar;80;Kalmar;0880020;Varvet;0;0;0;0;0;0;0;0;0;0;0;0;0;0;0;0;0;0;0;0
08;Kalmar;80;Kalmar;0880016;Vasallparken;0;0;0;0;0;0;0;0;0;0;0;0;0;0;0;0;0;0;0;0
08;Kalmar;80;Kalmar;0880028;Villa Linné;0;0;0;0;0;0;0;0;0;0;0;0;0;0;0;0;0;0;0;0
08;Kalmar;80;Kalmar;0880015;Vänskapens väg;0;0;0;0;0;0;0;0;0;0;0;0;0;0;0;0;0;0;0;0
08;Kalmar;81;Nybro;0881001;Almen, äldreboende;0;0;0;0;0;0;0;0;0;0;0;18;0;0;0;0;0;0;0;18
08;Kalmar;81;Nybro;0881012;Ambulerande röstmottagning;1;0;4;0;5;3;2;6;1;5;0;0;7;2;0;0;0;0;0;36
08;Kalmar;81;Nybro;0881002;Biblioteket i Nybro;262;252;241;125;88;354;362;378;319;387;180;169;487;547;524;0;0;0;0;4675
08;Kalmar;81;Nybro;0881009;Fryshuset Nybro;0;0;0;0;0;0;0;0;0;0;0;0;49;76;55;0;0;0;0;180
08;Kalmar;81;Nybro;0881004;Fröjdekulla, äldreboende;0;0;0;0;0;0;0;0;0;0;0;20;0;0;0;0;0;0;0;20
08;Kalmar;81;Nybro;0881013;Kulturhuset Kristallen;0;0;0;0;0;0;0;0;0;0;0;0;0;0;0;0;0;0;0;0
08;Kalmar;81;Nybro;0881010;Kvarnbacken, äldreboende;0;0;0;0;0;0;0;0;0;0;0;9;0;0;0;0;0;0;0;9
08;Kalmar;81;Nybro;0881005;Strandvägen, äldreboende;0;0;0;0;0;0;0;0;0;0;0;14;0;0;0;0;0;0;0;14
08;Kalmar;81;Nybro;0881008;Vattugatan, äldreboende;0;0;0;0;0;0;0;0;0;0;0;39;0;0;0;0;0;0;0;39
08;Kalmar;82;Oskarshamn;0882009;Ambulerande röstmottagning;0;3;0;0;0;0;26;0;3;0;0;0;1;12;0;0;0;0;0;45
08;Kalmar;82;Oskarshamn;0882005;Bockara församlingshem;0;0;0;0;0;0;0;0;0;0;113;0;0;0;0;0;0;0;0;113
08;Kalmar;82;Oskarshamn;0882001;Figeholms bibliotek;42;0;32;0;0;3;0;104;0;53;0;0;0;0;141;0;0;0;0;375
08;Kalmar;82;Oskarshamn;0882002;Kristdala bibliotek;49;0;53;0;0;0;0;89;0;53;0;0;0;0;113;0;0;0;0;357
08;Kalmar;82;Oskarshamn;0882006;Kulturhuset, Oskarshamn;351;309;361;213;216;409;398;485;490;445;298;253;515;578;599;0;0;0;0;5920
08;Kalmar;82;Oskarshamn;0882004;Misterhults skola;0;0;0;0;0;0;0;0;0;0;60;0;0;0;0;0;0;0;0;60
08;Kalmar;82;Oskarshamn;0882008;Oscarsgymnasiet;0;0;0;0;0;0;0;0;0;0;0;0;0;16;29;0;0;0;0;45
08;Kalmar;82;Oskarshamn;0882003;Strandagården;38;0;50;0;0;0;0;94;0;49;0;0;0;0;99;0;0;0;0;330
08;Kalmar;83;Västervik;0883007;Ambulerande röstmottagning;0;0;0;0;0;42;11;45;52;20;45;0;9;19;28;0;0;0;0;271
08;Kalmar;83;Västervik;0883002;Ankarsrums bibliotek;51;0;46;0;0;81;0;71;0;73;0;0;124;0;136;0;0;0;0;582
08;Kalmar;83;Västervik;0883003;Anstalten, Västervik Norra;0;0;0;0;0;0;0;0;0;0;99;135;0;0;0;0;0;0;0;234
08;Kalmar;83;Västervik;0883006;Fritidsgården, Gamleby;0;162;138;60;0;155;151;0;238;172;118;0;254;182;0;0;0;0;0;1630
08;Kalmar;83;Västervik;0883005;Kommunhuset, Valnämnden;0;0;0;0;105;0;0;0;0;0;0;124;0;0;0;0;0;0;0;229
08;Kalmar;83;Västervik;0883004;Stadsbiblioteket, Västervik;475;485;464;221;0;613;486;604;533;572;287;0;716;764;791;0;0;0;0;7011
08;Kalmar;83;Västervik;0883001;Västerviks Gymnasium;0;0;0;0;0;0;0;0;0;0;0;0;0;48;0;0;0;0;0;48
08;Kalmar;84;Vimmerby;0884004;Ambulerande röstmottagning;0;9;2;0;0;0;24;10;4;4;0;0;1;3;2;0;0;0;0;59
08;Kalmar;84;Vimmerby;0884001;Plenisalen, Stadshuset;139;144;142;156;125;167;182;174;220;208;226;198;514;519;459;0;0;0;0;3573
08;Kalmar;84;Vimmerby;0884003;Storebro bibliotek;0;0;0;0;0;59;0;0;48;0;0;0;57;0;0;0;0;0;0;164
08;Kalmar;84;Vimmerby;0884002;Södra vi bibliotek;0;0;0;0;0;0;58;50;0;0;0;0;0;101;59;0;0;0;0;268
08;Kalmar;85;Borgholm;0885005;Ambulerande röstmottagning;0;0;0;0;0;1;0;9;0;0;0;0;0;15;0;0;0;0;0;25
08;Kalmar;85;Borgholm;0885001;Biblioteket, Åkerboskolan;0;0;115;0;0;0;188;0;0;129;0;0;0;210;0;0;0;0;0;642
08;Kalmar;85;Borgholm;0885002;Huvudbiblioteket i Borgholm;79;211;212;140;0;283;244;243;208;219;142;0;307;332;234;0;0;0;0;2854
08;Kalmar;85;Borgholm;0885003;ICA Nära Byxelkrok;49;33;38;40;14;31;35;19;25;43;33;40;34;37;39;0;0;0;0;510
09;Gotland;80;Gotland;0980005;Almedalsbiblioteket;191;197;166;115;106;184;169;163;172;160;170;172;222;254;243;0;0;0;0;2684
09;Gotland;80;Gotland;0980022;Ambulerande röstmottagning;0;0;0;0;0;5;0;6;2;0;0;4;0;19;19;0;0;0;0;55
09;Gotland;80;Gotland;0980009;Attendo Hemse;0;0;0;0;0;0;0;0;0;0;0;0;0;35;0;0;0;0;0;35
09;Gotland;80;Gotland;0980025;Attendo Regementsgatan;0;0;0;0;0;0;0;0;0;0;0;0;0;19;0;0;0;0;0;19
09;Gotland;80;Gotland;0980001;Attendo Sudergården;0;0;0;0;0;0;0;0;0;0;0;0;0;12;0;0;0;0;0;12
09;Gotland;80;Gotland;0980018;Biblioteket Burgsvik;0;76;0;0;0;59;0;0;73;0;0;0;75;0;0;0;0;0;0;283
09;Gotland;80;Gotland;0980016;Coop Konsum Klintehamn;64;56;46;41;0;67;66;77;53;53;65;0;104;100;109;0;0;0;0;901
09;Gotland;80;Gotland;0980017;Coop Konsum, Hemse;89;104;114;73;62;114;147;111;111;132;98;106;149;172;178;0;0;0;0;1760
09;Gotland;80;Gotland;0980002;Coop Konsum, Slite;68;68;86;59;0;89;64;87;73;99;72;0;94;124;110;0;0;0;0;1093
09;Gotland;80;Gotland;0980024;Fältgatan;0;0;0;0;0;0;0;0;0;0;0;0;0;37;0;0;0;0;0;37
09;Gotland;80;Gotland;0980006;Gårdsservice Roma;55;88;76;45;0;82;91;95;73;100;72;0;111;122;113;0;0;0;0;1123
09;Gotland;80;Gotland;0980010;ICA Maxi Stormarknad;274;314;323;319;347;359;364;427;405;479;514;517;524;655;666;0;0;0;0;6487
09;Gotland;80;Gotland;0980015;ICA Supermarket, Fårösund;46;43;44;27;21;29;48;33;37;44;36;38;39;57;68;0;0;0;0;610
09;Gotland;80;Gotland;0980003;Kilåkern senior & säbo;0;0;0;0;0;0;0;0;0;0;0;0;0;10;0;0;0;0;0;10
09;Gotland;80;Gotland;0980011;Korttidsenheten, Visby;0;0;0;0;0;0;0;0;0;0;0;0;0;20;0;0;0;0;0;20
09;Gotland;80;Gotland;0980008;Kriminalvården VO Gotland;0;0;0;0;0;0;0;0;0;0;0;10;0;0;0;0;0;0;0;10
09;Gotland;80;Gotland;0980020;Pjäsen;0;0;0;0;0;0;0;0;0;0;0;0;0;0;54;0;0;0;0;54
09;Gotland;80;Gotland;0980012;Region Gotland, Visborg;69;53;65;0;0;78;86;82;70;81;0;0;87;96;100;0;0;0;0;867
09;Gotland;80;Gotland;0980014;Roma äldreboende;0;0;0;0;0;0;0;0;0;0;0;24;0;0;0;0;0;0;0;24
09;Gotland;80;Gotland;0980023;Statens servicecenter;55;46;36;0;0;26;45;44;35;36;0;0;51;70;48;0;0;0;0;492
09;Gotland;80;Gotland;0980007;Stiftelsen Gotlands Sjukhem;0;0;0;0;0;0;0;0;0;0;0;0;0;43;0;0;0;0;0;43
09;Gotland;80;Gotland;0980021;Terra Nova Äldreboende;0;0;0;0;0;0;0;0;0;0;0;0;0;0;23;0;0;0;0;23
09;Gotland;80;Gotland;0980019;Tingsbrogården;0;0;0;0;0;0;0;0;0;0;0;0;0;15;0;0;0;0;0;15
09;Gotland;80;Gotland;0980013;Vardaga Katthammarsvik;0;0;0;0;0;0;0;0;0;0;0;20;0;0;0;0;0;0;0;20
09;Gotland;80;Gotland;0980004;Wisbygymnasiet;0;0;0;0;0;0;0;0;0;0;0;0;0;0;34;0;0;0;0;34
10;Blekinge;60;Olofström;1060013;Ambulerande röstmottagning;0;0;0;0;0;0;4;6;0;0;0;0;0;29;1;0;0;0;0;40
10;Blekinge;60;Olofström;1060011;Borggården;0;0;0;0;0;0;0;0;0;0;0;0;9;0;0;0;0;0;0;9
10;Blekinge;60;Olofström;1060009;Brännaregårdens äldreboende;0;0;0;0;0;0;0;0;0;22;0;0;0;0;0;0;0;0;0;22
10;Blekinge;60;Olofström;1060001;Gränums gymnastiksal (bara valdag);0;0;0;0;0;0;0;0;0;0;0;0;0;0;0;0;0;0;0;0
10;Blekinge;60;Olofström;1060002;Jämshögs Medborgarhus;0;0;0;0;0;0;0;109;0;0;0;0;127;39;0;0;0;0;0;275
10;Blekinge;60;Olofström;1060006;Kulturhuset;171;200;188;61;83;252;225;145;189;192;109;114;325;314;265;0;0;0;0;2833
10;Blekinge;60;Olofström;1060005;Träffpunkten vid Garvaregården;0;0;0;0;0;0;103;0;0;0;0;0;0;0;107;0;0;0;0;210
10;Blekinge;60;Olofström;1060003;Vilshults gymnastiksal (bara valdag);0;0;0;0;0;0;0;0;0;0;0;0;0;0;0;0;0;0;0;0
10;Blekinge;60;Olofström;1060008;Västralid;0;0;0;0;0;0;0;0;0;0;0;0;8;0;0;0;0;0;0;8
10;Blekinge;80;Karlskrona;1080020;Ambulerande röstmottagning;9;9;32;0;0;5;15;62;43;30;0;0;65;45;42;0;0;0;0;357
10;Blekinge;80;Karlskrona;1080001;Amiralens parkering;196;211;235;183;206;240;287;300;297;286;254;253;395;425;427;0;0;0;0;4195
10;Blekinge;80;Karlskrona;1080012;Blekinge Tekniska Högskola;30;83;120;0;0;98;132;99;89;95;0;0;123;152;148;0;0;0;0;1169
10;Blekinge;80;Karlskrona;1080019;Blekingesjukhuset Karlskrona;5;42;62;0;0;53;60;54;63;75;0;0;77;86;79;0;0;0;0;656
10;Blekinge;80;Karlskrona;1080009;Blåningsmåla, gamla skolan;0;0;0;0;0;0;0;0;0;0;0;0;0;0;0;0;0;0;0;0
10;Blekinge;80;Karlskrona;1080021;Citygross parkering;157;113;155;111;151;234;228;186;188;236;190;212;332;315;360;0;0;0;0;3168
10;Blekinge;80;Karlskrona;1080011;Flymen, Församlingshem Fjärdsjömåla;0;0;0;0;0;0;0;0;0;0;0;0;0;0;0;0;0;0;0;0
10;Blekinge;80;Karlskrona;1080016;Fridlevstads skola;0;12;0;0;0;6;53;0;39;0;0;0;0;69;0;0;0;0;0;179
10;Blekinge;80;Karlskrona;1080003;Fågelmara Missionskyrka;0;27;0;0;0;0;70;0;50;0;0;0;0;95;2;0;0;0;0;244
10;Blekinge;80;Karlskrona;1080017;Hasslö PRO;13;0;67;0;0;0;2;110;0;0;0;0;0;0;167;0;0;0;0;359
10;Blekinge;80;Karlskrona;1080007;Holmsjö Allhallen;0;39;0;0;0;38;0;0;60;0;0;0;0;0;0;0;0;0;0;137
10;Blekinge;80;Karlskrona;1080006;Jämjö bibliotek;0;37;3;0;0;205;0;148;0;0;0;0;201;0;209;0;0;0;0;803
10;Blekinge;80;Karlskrona;1080002;Kungsmarksplans bibliotek;0;39;20;0;0;21;15;0;22;15;0;0;30;24;1;0;0;0;0;187
10;Blekinge;80;Karlskrona;1080008;Militärhemmet;220;222;224;194;117;256;197;222;223;243;261;233;349;373;371;0;0;0;0;3705
10;Blekinge;80;Karlskrona;1080015;Nättraby kunskapscentrum;63;0;0;0;0;42;56;56;0;0;0;0;65;75;181;0;0;0;0;538
10;Blekinge;80;Karlskrona;1080010;Nävragöl Ekegården;0;0;0;0;0;0;0;0;0;0;0;0;0;0;0;0;0;0;0;0
10;Blekinge;80;Karlskrona;1080005;Ruthensparre, Kommunhuset;21;41;33;3;0;23;34;36;42;35;0;0;44;58;53;0;0;0;0;423
10;Blekinge;80;Karlskrona;1080014;Rödeby Centrumhus fd Kommunhus;0;0;90;0;0;139;0;128;0;119;0;0;151;0;230;0;0;0;0;857
10;Blekinge;80;Karlskrona;1080018;Sturkö skola;52;0;20;0;0;12;0;140;0;0;0;0;0;0;203;0;0;0;0;427
10;Blekinge;80;Karlskrona;1080004;Torhamnsgården;0;44;0;0;0;0;64;0;4;55;0;0;0;1;62;0;0;0;0;230
10;Blekinge;80;Karlskrona;1080013;Tvings skola;17;0;0;0;0;34;0;18;0;0;0;0;34;0;63;0;0;0;0;166
10;Blekinge;81;Ronneby;1081009;Ambulerande röstmottagning;2;17;5;0;0;19;22;26;27;13;0;0;13;19;0;0;0;0;0;163
10;Blekinge;81;Ronneby;1081008;Bräknegården - endast valdagen;0;0;0;0;0;0;0;0;0;0;0;0;0;0;0;0;0;0;0;0
10;Blekinge;81;Ronneby;1081002;Eringsboda skola - endast valdagen;0;0;0;0;0;0;0;0;0;0;0;0;0;0;0;0;0;0;0;0
10;Blekinge;81;Ronneby;1081005;Hallabro bibliotek;0;35;0;0;0;0;69;0;55;0;0;0;0;77;0;0;0;0;0;236
10;Blekinge;81;Ronneby;1081004;Kallinge bibliotek;75;0;0;0;0;114;0;124;0;0;0;0;156;0;168;0;0;0;0;637
10;Blekinge;81;Ronneby;1081007;Listerby bibliotek;0;56;0;0;0;0;127;0;80;0;0;0;0;143;0;0;0;0;0;406
10;Blekinge;81;Ronneby;1081006;PRO-lokalen Bräkne-Hoby;60;46;0;0;0;76;0;64;66;0;0;0;124;0;108;0;0;0;0;544
10;Blekinge;81;Ronneby;1081001;Stadsbiblioteket Ronneby;93;84;124;0;0;135;148;108;132;164;0;0;182;214;187;0;0;0;0;1571
10;Blekinge;81;Ronneby;1081003;Stadshuset;216;157;202;124;112;225;229;201;262;220;160;188;278;360;339;0;0;0;0;3273
10;Blekinge;82;Karlshamn;1082007;Ambulerande röstmottagning;0;10;0;0;0;0;0;48;22;0;0;0;0;0;0;0;0;0;0;80
10;Blekinge;82;Karlshamn;1082006;Bellevueparken, Karlshamn;145;163;127;102;95;148;187;172;201;190;141;185;193;292;270;0;0;0;0;2611
10;Blekinge;82;Karlshamn;1082003;Hällaryds skola;0;35;0;0;0;0;51;0;56;0;0;0;0;104;0;0;0;0;0;246
10;Blekinge;82;Karlshamn;1082005;Mörrumsparken;68;0;74;0;0;110;0;119;0;125;0;0;158;0;205;0;0;0;0;859
10;Blekinge;82;Karlshamn;1082001;Rådhuset, Rådhussalen;296;316;324;158;113;265;283;269;252;326;211;195;355;419;437;0;0;0;0;4219
10;Blekinge;82;Karlshamn;1082002;Svängsta fritidsgård;53;0;0;0;0;65;0;62;0;0;0;0;117;0;106;0;0;0;0;403
10;Blekinge;82;Karlshamn;1082004;Väggaskolan;0;0;0;0;0;0;0;0;0;0;0;0;17;11;11;0;0;0;0;39
10;Blekinge;83;Sölvesborg;1083004;Ambulerande röstmottagning;0;38;0;0;0;0;8;4;0;6;67;0;0;0;7;0;0;0;0;130
10;Blekinge;83;Sölvesborg;1083003;Biblioteket i Mjällby;0;0;0;0;0;0;163;0;143;0;0;0;0;205;0;0;0;0;0;511
10;Blekinge;83;Sölvesborg;1083002;Biblioteket i Norje;0;0;0;0;0;107;0;77;0;0;0;0;84;1;108;0;0;0;0;377
10;Blekinge;83;Sölvesborg;1083001;Stadshuset;315;219;203;121;95;256;229;265;202;259;144;126;344;318;350;0;0;0;0;3446
12;Skåne;14;Svalöv;1214006;Aktivitetshuset Kvarnen;0;41;0;0;0;33;0;0;0;0;0;0;0;0;0;0;0;0;0;74
12;Skåne;14;Svalöv;1214009;Ambulerande röstmottagning;0;0;2;0;0;0;3;7;7;9;0;0;1;0;2;0;0;0;0;31
12;Skåne;14;Svalöv;1214007;Billeberga scoutstuga;0;0;0;0;0;0;0;0;0;102;60;0;0;0;79;0;0;0;0;241
12;Skåne;14;Svalöv;1214004;Fullmäktigesalen, kommunhuset;102;0;59;52;64;0;108;83;106;93;107;116;217;220;242;0;0;0;0;1569
12;Skåne;14;Svalöv;1214003;Heleneborgshallen, Sal A1;0;0;0;0;0;0;0;0;0;0;0;0;0;0;0;0;0;0;0;0
12;Skåne;14;Svalöv;1214008;Kågerödslund;0;0;0;0;0;0;0;145;0;0;126;0;0;0;0;0;0;0;0;271
12;Skåne;14;Svalöv;1214002;Röstånga turistinformation;0;0;0;0;0;0;0;0;92;0;0;79;0;0;0;0;0;0;0;171
12;Skåne;14;Svalöv;1214005;Teckomatorps församlingshem;0;0;110;75;0;0;0;0;0;0;0;0;0;0;0;0;0;0;0;185
12;Skåne;14;Svalöv;1214001;Tågarps klubbstuga;0;0;0;0;0;0;56;45;0;0;0;0;0;0;0;0;0;0;0;101
12;Skåne;30;Staffanstorp;1230007;Ambulerande röstmottagning;0;4;1;0;0;0;0;0;0;3;0;0;7;1;0;0;0;0;0;16
12;Skåne;30;Staffanstorp;1230001;Hjärups bibliotek;53;87;50;54;0;103;45;49;99;46;72;0;194;134;70;0;0;0;0;1056
12;Skåne;30;Staffanstorp;1230003;Humana Sockerstan;0;0;0;0;0;0;0;23;0;0;0;0;0;0;0;0;0;0;0;23
12;Skåne;30;Staffanstorp;1230004;Magnoliagården;0;0;0;0;0;0;0;0;25;0;0;0;0;0;0;0;0;0;0;25
12;Skåne;30;Staffanstorp;1230002;Medborgarhuset Staffanstorp;256;291;234;141;134;334;312;273;254;200;121;197;424;457;457;0;0;0;0;4085
12;Skåne;30;Staffanstorp;1230005;Villa Roos Park;0;0;0;0;0;0;0;0;23;0;0;0;0;0;0;0;0;0;0;23
12;Skåne;30;Staffanstorp;1230006;Villa Vikhem;0;0;0;0;0;0;0;31;0;0;0;0;0;0;0;0;0;0;0;31
12;Skåne;31;Burlöv;1231006;Ambulerande röstmottagning;0;8;0;0;0;10;1;10;2;0;0;0;0;4;0;0;0;0;0;35
12;Skåne;31;Burlöv;1231001;Arlövs bibliotek;113;121;43;48;0;104;118;128;81;42;72;0;139;146;112;0;0;0;0;1267
12;Skåne;31;Burlöv;1231005;Burlöv Center;125;140;132;239;224;0;183;160;160;143;261;267;0;219;216;0;0;0;0;2469
12;Skåne;31;Burlöv;1231002;Medborgarhuset;0;0;0;0;0;0;0;0;0;0;0;0;0;0;0;0;0;0;0;0
12;Skåne;31;Burlöv;1231003;Tora Vega folkhögskola;0;0;0;0;0;0;81;58;57;30;0;0;0;120;60;0;0;0;0;406
12;Skåne;33;Vellinge;1233013;Almgården i Vellinge Förenade care;0;0;0;0;0;26;0;0;0;0;0;0;0;0;0;0;0;0;0;26
12;Skåne;33;Vellinge;1233005;Ambulerande röstmottagning;0;2;4;0;0;0;1;0;1;0;0;0;6;0;0;0;0;0;0;14
12;Skåne;33;Vellinge;1233008;Attendo Mejerigatan;17;0;0;0;0;0;0;0;0;0;0;0;0;0;0;0;0;0;0;17
12;Skåne;33;Vellinge;1233006;Blomstertorget Toppengallerian;310;407;349;245;248;309;336;354;337;358;292;296;401;460;491;0;0;0;0;5193
12;Skåne;33;Vellinge;1233014;Bäckagården;0;0;0;0;0;0;0;0;0;0;0;0;0;0;0;0;0;0;0;0
12;Skåne;33;Vellinge;1233016;Lillgården;0;0;5;0;0;0;0;0;0;0;0;0;0;0;0;0;0;0;0;5
12;Skåne;33;Vellinge;1233019;Länsmansgatans gruppboende;0;0;0;0;0;0;0;0;0;0;0;0;0;0;0;0;0;0;0;0
12;Skåne;33;Vellinge;1233010;Månstorps ängar;0;0;0;0;0;0;10;0;0;0;0;0;0;0;0;0;0;0;0;10
12;Skåne;33;Vellinge;1233018;Nyvångsvägen och Bäckahästen;0;0;0;0;0;0;0;3;0;0;0;0;0;0;0;0;0;0;0;3
12;Skåne;33;Vellinge;1233012;Omtankens hus;0;0;0;0;0;0;0;0;0;0;0;0;22;0;0;0;0;0;0;22
12;Skåne;33;Vellinge;1233015;Postgården;0;0;0;0;0;0;0;0;0;0;0;0;0;0;0;0;0;0;0;0
12;Skåne;33;Vellinge;1233009;Postiljonen äldreboende Förenadecare;0;0;0;0;0;0;0;0;0;13;0;0;0;0;0;0;0;0;0;13
12;Skåne;33;Vellinge;1233001;Skanörs bibliotek;221;204;122;111;94;173;147;156;113;152;131;155;210;208;173;0;0;0;0;2370
12;Skåne;33;Vellinge;1233011;St Knut och Aspen;0;22;0;0;0;0;0;0;0;0;0;0;0;0;0;0;0;0;0;22
12;Skåne;33;Vellinge;1233017;Storgatans gruppboende;0;0;0;0;0;0;0;0;0;0;0;0;0;0;0;0;0;0;0;0
12;Skåne;33;Vellinge;1233002;Vellinge kommunhuset;134;114;90;98;152;113;132;164;149;97;120;219;192;229;294;0;0;0;0;2297
12;Skåne;33;Vellinge;1233004;Västra Ingelstads bibliotek;32;49;0;0;0;31;0;92;55;0;0;0;74;0;132;0;0;0;0;465
12;Skåne;56;Östra Göinge;1256007;Ambulerande röstmottagning;0;0;2;0;0;2;20;0;21;6;0;0;0;25;0;0;0;0;0;76
12;Skåne;56;Östra Göinge;1256001;Broby Bibliotek;0;0;129;72;96;129;0;0;0;197;0;134;150;0;0;0;0;0;0;907
12;Skåne;56;Östra Göinge;1256002;Glimåkra Bibliotek;52;0;0;0;0;97;0;63;0;0;0;0;135;0;96;0;0;0;0;443
12;Skåne;56;Östra Göinge;1256003;Hanaskogs Bibliotek;0;47;0;0;0;0;64;0;34;0;0;0;0;97;0;0;0;0;0;242
12;Skåne;56;Östra Göinge;1256005;Knislinge Bibliotek;51;126;0;0;0;0;66;92;141;0;100;0;0;110;115;0;0;0;0;801
12;Skåne;56;Östra Göinge;1256006;Kommunhuset;0;0;0;0;0;0;0;0;0;0;0;0;0;0;0;0;0;0;0;0
12;Skåne;56;Östra Göinge;1256004;Sibbhults Bibliotek;0;60;0;0;0;0;52;0;89;0;0;0;0;61;0;0;0;0;0;262
12;Skåne;57;Örkelljunga;1257007;Ambulerande röstmottagning;0;0;0;0;0;0;0;0;1;1;0;0;0;0;0;0;0;0;0;2
12;Skåne;57;Örkelljunga;1257003;Forum Örkelljunga;0;0;0;0;0;0;0;0;0;0;0;0;0;0;0;0;0;0;0;0
12;Skåne;57;Örkelljunga;1257004;Huvudbiblioteket;177;116;167;73;72;206;163;186;154;169;74;120;210;238;285;0;0;0;0;2410
12;Skåne;57;Örkelljunga;1257002;Servicehuset Södergården;0;0;0;0;0;0;0;0;0;0;0;0;0;15;0;0;0;0;0;15
12;Skåne;57;Örkelljunga;1257001;SiS ungdomshem Ljungaskog;0;0;0;0;0;0;0;0;0;0;0;0;0;18;0;0;0;0;0;18
12;Skåne;57;Örkelljunga;1257006;Solgården särskilt boende;0;0;0;0;0;0;0;0;0;0;0;0;2;0;0;0;0;0;0;2
12;Skåne;57;Örkelljunga;1257005;Solhaga Vårdhem;0;0;0;0;0;0;0;0;0;0;0;0;3;0;0;0;0;0;0;3
12;Skåne;57;Örkelljunga;1257008;Särskilt boende Tallgården;0;0;0;0;0;0;0;0;0;0;0;0;0;8;0;0;0;0;0;8
12;Skåne;60;Bjuv;1260005;Ambulerande röstmottagning;0;0;0;0;0;35;0;0;15;0;0;3;17;23;0;0;0;0;0;93
12;Skåne;60;Bjuv;1260006;Ekebyskolan, cafeteria;0;58;0;0;0;66;48;0;65;0;0;0;131;51;0;0;0;0;0;419
12;Skåne;60;Bjuv;1260002;Kommunhuset;12;76;123;22;46;112;93;103;99;84;64;65;179;99;193;0;0;0;0;1370
12;Skåne;60;Bjuv;1260001;Skeneholmssalen, Billesholm;102;0;66;0;0;0;0;127;0;52;82;0;0;0;161;0;0;0;0;590
12;Skåne;61;Kävlinge;1261006;Ambulerande röstmottagning;0;2;0;0;0;0;0;0;2;18;0;0;3;2;0;0;0;0;0;27
12;Skåne;61;Kävlinge;1261002;Dösjebroskolan, Dösjebro;0;0;0;0;0;0;0;0;0;0;0;0;0;66;0;0;0;0;0;66
12;Skåne;61;Kävlinge;1261005;Galleria Center Syd;311;317;306;323;352;0;442;411;364;352;412;494;0;619;611;0;0;0;0;5314
12;Skåne;61;Kävlinge;1261004;Kommunhuset, Kävlinge;214;210;152;0;115;199;195;185;172;151;0;257;286;280;357;0;0;0;0;2773
12;Skåne;61;Kävlinge;1261003;Ljungenskolans matsal Furulund;0;0;0;0;0;0;0;0;0;0;0;0;169;0;0;0;0;0;0;169
12;Skåne;61;Kävlinge;1261001;Skönadalsskolan, Hofterup;0;0;0;0;0;0;0;0;0;0;0;0;0;0;91;0;0;0;0;91
12;Skåne;62;Lomma;1262004;Ambulerande röstmottagning;0;0;0;0;0;0;0;0;0;0;0;0;1;31;0;0;0;0;0;32
12;Skåne;62;Lomma;1262001;Bjärreds bibliotek;116;109;138;56;95;184;135;120;87;165;112;172;275;283;281;0;0;0;0;2328
12;Skåne;62;Lomma;1262002;Stationshuset i Lomma;246;260;192;123;180;262;245;242;166;176;226;253;375;384;369;0;0;0;0;3699
12;Skåne;63;Svedala;1263005;Ambulerande röstmottagning;15;17;5;0;0;0;3;0;0;0;0;0;0;0;0;0;0;0;0;40
12;Skåne;63;Svedala;1263002;Bara bibliotek;0;0;0;0;0;141;57;63;161;45;70;0;169;60;48;0;0;0;0;814
12;Skåne;63;Svedala;1263003;Klågerups bibliotek;0;0;0;0;0;0;0;0;0;0;0;0;37;105;33;0;0;0;0;175
12;Skåne;63;Svedala;1263004;Naverlönnskolan;0;0;0;0;0;0;0;0;0;0;0;0;0;0;0;0;0;0;0;0
12;Skåne;63;Svedala;1263001;Svedala bibliotek;285;253;179;171;113;238;311;301;209;215;216;187;440;424;533;0;0;0;0;4075
12;Skåne;64;Skurup;1264002;Ambulerande röstmottagning;0;0;0;0;0;17;3;6;9;0;0;0;0;0;0;0;0;0;0;35
12;Skåne;64;Skurup;1264003;Restaurang Rutger;0;0;0;0;0;261;265;251;264;203;151;228;279;382;424;0;0;0;0;2708
12;Skåne;64;Skurup;1264001;Skurups bibliotek;184;287;247;156;125;0;0;0;0;0;0;0;0;0;0;0;0;0;0;999
12;Skåne;65;Sjöbo;1265005;Ambulerande röstmottagning;0;0;0;0;0;0;11;14;7;0;0;0;0;16;2;0;0;0;0;50
12;Skåne;65;Sjöbo;1265002;Blentarp bibliotek;0;76;0;0;0;0;82;0;47;0;0;0;0;148;0;0;0;0;0;353
12;Skåne;65;Sjöbo;1265004;Lövestad bibliotek;0;29;0;0;0;31;0;0;36;0;0;0;52;0;0;0;0;0;0;148
12;Skåne;65;Sjöbo;1265001;Sjöbo bibliotek;156;213;200;111;86;235;202;214;237;211;166;198;310;318;246;0;0;0;0;3103
12;Skåne;65;Sjöbo;1265003;Vollsjö bibliotek;0;42;0;0;0;0;37;0;35;0;0;0;0;63;0;0;0;0;0;177
12;Skåne;66;Hörby;1266004;Ambulerande röstmottagning;0;0;0;0;0;0;0;0;0;0;0;0;26;13;0;0;0;0;0;39
12;Skåne;66;Hörby;1266002;Husaren;0;0;0;0;0;98;0;0;0;0;0;0;109;0;0;0;0;0;0;207
12;Skåne;66;Hörby;1266001;Kommunhuset;181;156;149;109;86;227;136;193;196;215;151;159;361;375;353;0;0;0;0;3047
12;Skåne;67;Höör;1267003;Ambulerande röstmottagning;0;0;0;10;0;0;4;6;11;11;0;0;0;4;3;0;0;0;0;49
12;Skåne;67;Höör;1267001;Kulturhuset Anders;247;278;202;124;189;242;248;280;229;298;169;247;157;393;415;0;0;0;0;3718
12;Skåne;70;Tomelilla;1270005;Ambulerande röstmottagning;0;0;0;0;0;1;2;3;16;22;0;0;0;0;36;0;0;0;0;80
12;Skåne;70;Tomelilla;1270001;Brösarps skola, gymnastiksalen;0;0;0;0;0;115;0;0;110;0;0;0;120;0;0;0;0;0;0;345
12;Skåne;70;Tomelilla;1270002;Kommunhuset Tomelilla;0;0;480;101;60;201;137;154;194;173;150;107;327;326;363;0;0;0;0;2773
12;Skåne;70;Tomelilla;1270004;Medborgarhuset, Smedstorp;0;0;0;0;0;0;0;75;0;0;0;0;0;52;0;0;0;0;0;127
12;Skåne;70;Tomelilla;1270003;Odenslundsskolan, matsalen;0;0;0;0;0;0;51;0;0;0;0;0;39;0;0;0;0;0;0;90
12;Skåne;72;Bromölla;1272003;Ambulerande röstmottagning;0;5;0;0;0;2;1;0;6;3;0;0;21;3;4;0;0;0;0;45
12;Skåne;72;Bromölla;1272002;Kulturpunkten;262;246;212;123;104;278;246;259;258;207;173;143;316;384;357;0;0;0;0;3568
12;Skåne;72;Bromölla;1272001;Näsums bibliotek;0;47;0;37;0;0;62;0;63;0;54;0;0;110;0;0;0;0;0;373
12;Skåne;73;Osby;1273009;Ambulerande röstmottagning;0;0;0;0;0;0;0;4;7;0;0;0;3;2;0;0;0;0;0;16
12;Skåne;73;Osby;1273001;Bergfast äldreboende;0;0;0;0;0;0;0;19;0;0;0;0;0;0;0;0;0;0;0;19
12;Skåne;73;Osby;1273011;Fullmäktigesalen Kommunhuset Osby;103;80;73;89;76;82;105;112;115;98;116;154;122;219;157;0;0;0;0;1701
12;Skåne;73;Osby;1273007;Hembygdsgården Visseltofta;0;0;0;0;0;28;0;0;0;30;0;0;0;0;79;0;0;0;0;137
12;Skåne;73;Osby;1273005;Hemgården Killeberg;0;0;0;0;0;0;55;0;23;0;0;29;0;39;0;0;0;0;0;146
12;Skåne;73;Osby;1273008;Kontaktcenter, Kommunhuset;0;0;0;0;0;0;0;0;0;0;0;0;0;0;0;0;0;0;0;0
12;Skåne;73;Osby;1273004;Lindhems äldreboende;0;0;0;0;0;0;0;0;14;0;0;0;0;0;0;0;0;0;0;14
12;Skåne;73;Osby;1273002;Medborgarhuset Lönsboda;60;0;0;0;0;78;77;55;56;58;37;0;100;65;109;0;0;0;0;695
12;Skåne;73;Osby;1273010;Pop-up förtidsröstning Familjedagen;0;0;0;76;0;0;0;0;0;0;0;0;0;0;0;0;0;0;0;76
12;Skåne;73;Osby;1273003;Rönnebackens äldreboende;0;0;0;0;0;0;0;0;28;0;0;0;0;0;0;0;0;0;0;28
12;Skåne;73;Osby;1273006;Solhems äldreboende;0;0;0;0;0;0;0;8;0;0;0;0;0;0;0;0;0;0;0;8
12;Skåne;75;Perstorp;1275003;Ambulerande röstmottagning;0;0;0;0;0;0;0;0;11;0;0;0;0;0;0;0;0;0;0;11
12;Skåne;75;Perstorp;1275002;Biblioteket i Perstorp;149;173;133;41;53;164;106;119;116;132;84;75;193;158;207;0;0;0;0;1903
12;Skåne;75;Perstorp;1275001;Ugglehallen;0;0;0;0;0;0;0;0;0;0;0;0;0;0;0;0;0;0;0;0
12;Skåne;76;Klippan;1276005;Ambulerande röstmottagning;1;2;2;0;0;6;7;5;16;3;0;0;3;1;3;0;0;0;0;49
12;Skåne;76;Klippan;1276001;Arenan i Sågenhuset i Klippan;110;187;151;113;143;172;172;133;169;122;129;166;264;238;240;0;0;0;0;2509
12;Skåne;76;Klippan;1276003;Församlingshemmet i Ljungbyhed;89;0;62;0;0;46;116;0;91;84;0;0;54;137;0;0;0;0;0;679
12;Skåne;76;Klippan;1276002;Östra Ljungby Bygdegård;41;60;0;0;0;69;36;0;0;0;0;0;143;0;0;0;0;0;0;349
12;Skåne;77;Åstorp;1277010;Ambulerande röstmottagning;0;1;0;0;0;0;0;0;0;2;0;0;0;0;0;0;0;0;0;3
12;Skåne;77;Åstorp;1277008;Astern;0;0;3;0;0;0;0;0;0;0;0;0;0;0;0;0;0;0;0;3
12;Skåne;77;Åstorp;1277001;Bjärshögsskolan;0;0;0;0;0;0;0;7;0;0;0;0;0;0;0;0;0;0;0;7
12;Skåne;77;Åstorp;1277004;Hyllinge bibliotek;0;0;0;0;0;87;0;0;0;0;0;0;99;0;14;0;0;0;0;200
12;Skåne;77;Åstorp;1277011;Kvidinge bibliotek;0;32;0;0;0;0;84;0;41;0;0;0;0;114;0;0;0;0;0;271
12;Skåne;77;Åstorp;1277005;Medborgarkontoret;153;131;112;51;54;123;137;132;147;107;68;75;167;195;186;0;0;0;0;1838
12;Skåne;77;Åstorp;1277003;Nyvångs bibliotek;16;0;0;0;0;0;0;0;0;0;0;0;0;0;30;0;0;0;0;46
12;Skåne;77;Åstorp;1277002;Rönnåsen;0;0;0;0;0;0;0;0;0;15;0;0;0;0;0;0;0;0;0;15
12;Skåne;77;Åstorp;1277007;Vidåsen;0;0;21;0;0;0;0;0;0;0;0;0;0;0;0;0;0;0;0;21
12;Skåne;78;Båstad;1278012;Ambulerande röstmottagning;0;0;0;0;0;3;0;15;0;20;0;0;1;27;7;0;0;0;0;73
12;Skåne;78;Båstad;1278010;Förslövs skola/biblioteket;80;0;0;65;84;0;0;105;0;0;113;126;0;0;162;0;0;0;0;735
12;Skåne;78;Båstad;1278011;Hovs församlingshem;0;0;0;0;0;0;0;0;0;0;0;0;0;0;0;0;0;0;0;0
12;Skåne;78;Båstad;1278003;ICA Supermarket/biblioteket;0;0;77;74;0;0;0;0;0;105;107;0;0;0;0;0;0;0;0;363
12;Skåne;78;Båstad;1278005;Kommunkontoret;212;161;169;88;99;204;200;216;174;196;95;155;249;283;270;0;0;0;0;2771
12;Skåne;78;Båstad;1278004;Sandlyckekolan/biblioteket i Torekov;0;102;0;0;0;0;90;0;98;0;0;0;0;85;0;0;0;0;0;375
12;Skåne;80;Malmö;1280088;Ambulerande röstmottagning;89;35;24;0;0;21;5;7;5;18;0;0;17;9;0;0;0;0;0;230
12;Skåne;80;Malmö;1280005;Anstalten Fosie;0;0;0;0;0;0;0;0;0;0;0;0;0;0;134;0;0;0;0;134
12;Skåne;80;Malmö;1280070;Anstalten Tygelsjö;0;0;0;0;0;0;0;56;0;0;0;0;0;0;0;0;0;0;0;56
12;Skåne;80;Malmö;1280108;Apelrosens gruppboende;0;0;0;0;0;0;0;0;11;0;0;0;0;0;0;0;0;0;0;11
12;Skåne;80;Malmö;1280130;Arresten Malmö;0;0;0;0;0;0;0;0;0;0;0;0;0;0;0;0;0;0;0;0
12;Skåne;80;Malmö;1280111;Attendo Bellevuegården;0;0;0;0;0;23;0;0;0;0;0;0;0;0;0;0;0;0;0;23
12;Skåne;80;Malmö;1280120;Attendo Märsgränd;0;0;0;0;0;0;0;0;0;0;0;0;0;0;0;0;0;0;0;0
12;Skåne;80;Malmö;1280115;Attendo Västra varvsgatan;0;0;0;0;0;0;0;0;0;0;0;0;0;0;0;0;0;0;0;0
12;Skåne;80;Malmö;1280106;Basen vård- och omsorgsboende;0;0;0;0;0;0;36;0;0;0;0;0;0;0;0;0;0;0;0;36
12;Skåne;80;Malmö;1280116;Basunen äldreboende;0;0;0;0;0;0;0;0;0;0;0;0;0;0;11;0;0;0;0;11
12;Skåne;80;Malmö;1280031;Bellevuegårdsbiblioteket;174;192;125;0;108;113;217;187;123;109;0;123;111;280;248;0;0;0;0;2110
12;Skåne;80;Malmö;1280124;Bellevuepark;0;0;0;0;0;0;0;0;0;0;0;0;0;0;0;0;0;0;0;0
12;Skåne;80;Malmö;1280101;Blomstergården;0;0;0;0;0;0;0;0;0;15;0;0;0;0;0;0;0;0;0;15
12;Skåne;80;Malmö;1280090;Bostad först Malmö stad;0;0;0;0;0;0;0;15;0;0;0;0;0;0;0;0;0;0;0;15
12;Skåne;80;Malmö;1280105;Bostadsbyn;0;0;1;0;0;0;0;0;0;0;0;0;0;0;0;0;0;0;0;1
12;Skåne;80;Malmö;1280021;Bunkeflostrand;210;182;152;133;158;170;143;164;130;151;178;274;212;263;257;0;0;0;0;2777
12;Skåne;80;Malmö;1280089;Celsiusgatans vård-och omsorgsboende;0;0;0;0;0;18;0;0;0;0;0;0;0;0;0;0;0;0;0;18
12;Skåne;80;Malmö;1280113;Danska Vägens Vårdboende;0;0;0;0;0;0;0;0;0;0;0;0;0;30;0;0;0;0;0;30
12;Skåne;80;Malmö;1280097;Disponentvillan;0;0;3;0;0;0;0;0;0;0;0;0;0;0;0;0;0;0;0;3
12;Skåne;80;Malmö;1280045;Emporia;534;498;540;633;583;511;497;490;449;531;651;630;529;575;633;0;0;0;0;8284
12;Skåne;80;Malmö;1280044;Entré;308;296;288;281;204;225;234;249;262;252;238;276;351;358;500;0;0;0;0;4322
12;Skåne;80;Malmö;1280096;Fabriken DV;0;0;0;0;0;0;0;0;8;0;0;0;0;0;0;0;0;0;0;8
12;Skåne;80;Malmö;1280131;Forenede Care Neptunigatan;0;0;0;0;0;0;0;0;0;0;0;0;0;0;0;0;0;0;0;0
12;Skåne;80;Malmö;1280103;Forenede Care Segevångsgården;0;0;0;0;0;0;0;0;0;33;0;0;0;0;0;0;0;0;0;33
12;Skåne;80;Malmö;1280127;Forenedecare Neptunigatan;0;0;0;0;0;0;0;0;0;0;0;0;0;0;0;0;0;0;0;0
12;Skåne;80;Malmö;1280117;Fosieborg;0;0;0;0;0;0;0;0;0;0;0;0;0;0;0;0;0;0;0;0
12;Skåne;80;Malmö;1280083;Fridhemstorget;312;265;177;198;205;190;203;184;142;128;233;353;288;278;307;0;0;0;0;3463
12;Skåne;80;Malmö;1280084;Fänriksgatan 1;63;75;67;0;0;49;43;37;35;51;0;0;49;59;91;0;0;0;0;619
12;Skåne;80;Malmö;1280110;Gasverksgatans LSS Boende;0;0;0;0;0;0;0;12;0;0;0;0;0;0;0;0;0;0;0;12
12;Skåne;80;Malmö;1280073;Hansa Malmö;248;248;209;228;144;180;177;202;177;193;285;196;323;354;416;0;0;0;0;3580
12;Skåne;80;Malmö;1280129;Havsbris vård- och omsorgsboende;0;0;0;0;0;0;0;0;0;0;0;0;7;0;0;0;0;0;0;7
12;Skåne;80;Malmö;1280126;Heleneholms Vård & Omsorgsboende;0;0;0;0;0;0;0;0;0;0;0;0;0;0;0;0;0;0;0;0
12;Skåne;80;Malmö;1280075;Husiebiblioteket;54;72;54;0;0;54;75;82;64;49;0;0;57;108;127;0;0;0;0;796
12;Skåne;80;Malmö;1280104;Husiegård Vård- och omsorgsboende;0;0;31;0;0;0;0;0;0;0;0;0;0;0;0;0;0;0;0;31
12;Skåne;80;Malmö;1280085;Hyllie;193;208;141;121;79;194;162;182;151;141;138;170;230;261;309;0;0;0;0;2680
12;Skåne;80;Malmö;1280099;Hyllie Park vårdboende;0;0;0;0;0;0;0;0;28;0;0;0;0;0;0;0;0;0;0;28
12;Skåne;80;Malmö;1280002;Häktet Malmö;0;69;0;0;0;0;0;0;38;0;0;0;0;0;0;0;0;0;0;107
12;Skåne;80;Malmö;1280032;Jägersro Center;407;392;401;359;306;405;418;374;360;344;357;391;367;456;514;0;0;0;0;5851
12;Skåne;80;Malmö;1280109;KRA/Öresundsgården;0;14;0;0;0;0;0;0;0;0;0;0;0;0;0;0;0;0;0;14
12;Skåne;80;Malmö;1280048;Kirsebergsbiblioteket;105;121;49;0;72;57;65;96;76;71;0;123;93;155;144;0;0;0;0;1227
12;Skåne;80;Malmö;1280074;Kronprinsen;439;453;426;324;194;373;360;389;332;366;355;305;492;511;565;0;0;0;0;5884
12;Skåne;80;Malmö;1280132;LSS boende Flygledaregatan;0;0;0;0;0;0;0;0;0;0;0;0;0;0;0;0;0;0;0;0
12;Skåne;80;Malmö;1280081;Lillhem;0;1;0;0;0;0;0;0;0;0;0;0;0;0;0;0;0;0;0;1
12;Skåne;80;Malmö;1280086;Limhamns torg;223;305;257;261;239;204;166;191;149;197;307;432;306;219;295;0;0;0;0;3751
12;Skåne;80;Malmö;1280046;Limhamnsbiblioteket;370;373;184;152;0;247;313;301;284;164;209;0;275;402;370;0;0;0;0;3644
12;Skåne;80;Malmö;1280121;Lindeborgs gård;0;0;0;0;0;0;0;0;0;0;0;0;0;0;0;0;0;0;0;0
12;Skåne;80;Malmö;1280134;Lindängelund vård- och omsorgsboende;0;0;0;0;0;0;0;0;0;0;0;0;0;30;0;0;0;0;0;30
12;Skåne;80;Malmö;1280043;Lindängenbiblioteket;124;122;73;52;0;121;138;103;105;78;97;0;150;183;129;0;0;0;0;1475
12;Skåne;80;Malmö;1280122;Lotsgården;0;0;0;0;0;0;0;0;0;0;0;0;0;0;0;0;0;0;0;0
12;Skåne;80;Malmö;1280027;Malmö Centralstation;337;295;198;124;125;250;251;256;210;222;160;186;348;402;439;0;0;0;0;3803
12;Skåne;80;Malmö;1280114;Marietorps vårdboende;0;0;0;0;0;0;0;0;0;0;0;0;0;0;27;0;0;0;0;27
12;Skåne;80;Malmö;1280050;Mathildenborgs korttidsboende;0;29;0;0;0;0;0;0;0;0;0;0;0;0;0;0;0;0;0;29
12;Skåne;80;Malmö;1280019;Mitt Möllan;356;293;245;300;0;288;250;246;215;205;349;0;400;385;470;0;0;0;0;4002
12;Skåne;80;Malmö;1280033;Mobilia;689;792;655;667;656;707;695;723;678;620;738;750;856;942;1041;0;0;0;0;11209
12;Skåne;80;Malmö;1280066;Mötesplats Dammfrigården;0;0;0;0;0;50;0;0;0;0;0;0;0;0;0;0;0;0;0;50
12;Skåne;80;Malmö;1280047;Mötesplats Havsuttern;0;0;0;0;0;0;16;0;0;0;0;0;0;0;0;0;0;0;0;16
12;Skåne;80;Malmö;1280034;Mötesplats Ignis;0;0;0;0;0;0;0;0;0;0;0;0;0;8;0;0;0;0;0;8
12;Skåne;80;Malmö;1280063;Mötesplats Lyckan;0;0;0;0;0;0;0;0;0;0;0;0;0;0;0;0;0;0;0;0
12;Skåne;80;Malmö;1280068;Mötesplats Träffpunkten;0;0;0;0;0;0;0;25;0;0;0;0;0;0;0;0;0;0;0;25
12;Skåne;80;Malmö;1280067;Mötesplats Tuppen;0;0;0;0;0;0;0;0;25;0;0;0;0;0;0;0;0;0;0;25
12;Skåne;80;Malmö;1280107;Mötesplats i rörelse;0;0;0;0;0;0;0;0;0;0;0;0;0;0;0;0;0;0;0;0
12;Skåne;80;Malmö;1280098;Mötesplats vänkretsen;0;0;0;0;0;0;9;0;0;0;0;0;0;0;0;0;0;0;0;9
12;Skåne;80;Malmö;1280028;Oxiebiblioteket;96;152;89;72;0;121;115;127;79;86;114;0;111;154;137;0;0;0;0;1453
12;Skåne;80;Malmö;1280137;Pildammsvägen Vård- och omsorgsboend;0;0;0;0;0;0;0;0;0;0;0;0;0;0;0;0;0;0;0;0
12;Skåne;80;Malmö;1280136;Pildammsvägen äldreboende;0;0;0;0;0;0;0;0;0;0;0;0;0;0;0;0;0;0;0;0
12;Skåne;80;Malmö;1280135;Päronskogen Vård- och omsorgsboend;0;0;0;0;0;0;0;0;0;0;0;0;0;0;0;0;0;0;0;0
12;Skåne;80;Malmö;1280125;Päronskogens vårdboende;0;0;0;0;0;0;0;0;0;0;0;0;0;0;0;0;0;0;0;0
12;Skåne;80;Malmö;1280133;Päronskogens vårdboende;0;0;0;0;0;0;0;0;0;0;0;0;0;0;0;0;0;0;0;0
12;Skåne;80;Malmö;1280015;Qvarnen;0;0;0;0;0;0;0;0;0;21;0;0;0;0;0;0;0;0;0;21
12;Skåne;80;Malmö;1280095;Region Skåne-Sjukhuset;0;0;0;0;0;0;24;0;0;0;0;0;0;0;72;0;0;0;0;96
12;Skåne;80;Malmö;1280076;Rosengårdsbiblioteket;439;493;500;440;354;490;497;409;313;369;429;386;475;473;490;0;0;0;0;6557
12;Skåne;80;Malmö;1280102;Rönnbärets vårdboende;0;0;32;0;0;0;0;0;0;0;0;0;0;0;0;0;0;0;0;32
12;Skåne;80;Malmö;1280118;Sigtunaboendet;0;0;0;0;0;0;0;0;0;0;0;0;0;0;0;0;0;0;0;0
12;Skåne;80;Malmö;1280042;Skåne Stadsmission Unga forum;0;0;0;0;0;0;0;0;20;0;0;0;0;0;0;0;0;0;0;20
12;Skåne;80;Malmö;1280094;Skåne stadsmission;0;0;0;0;0;0;0;19;0;0;0;0;0;0;0;0;0;0;0;19
12;Skåne;80;Malmö;1280007;Stadsbiblioteket;267;190;131;155;181;173;174;205;131;130;187;283;253;289;289;0;0;0;0;3038
12;Skåne;80;Malmö;1280049;Stadshuset;170;114;108;0;0;106;112;113;89;104;0;0;134;168;191;0;0;0;0;1409
12;Skåne;80;Malmö;1280100;Storskarvens vård och omsorgboende;0;0;0;0;0;0;0;0;0;21;0;0;0;0;0;0;0;0;0;21
12;Skåne;80;Malmö;1280092;Styrkans gruppboende;0;16;0;0;0;0;0;0;0;0;0;0;0;0;0;0;0;0;0;16
12;Skåne;80;Malmö;1280123;Södergården;0;0;0;0;0;0;0;0;0;0;0;0;0;0;12;0;0;0;0;12
12;Skåne;80;Malmö;1280112;Söderkulla korttidsboende;0;0;0;0;0;0;0;0;0;0;0;0;36;0;0;0;0;0;0;36
12;Skåne;80;Malmö;1280119;Södertorpsgården, Neptuna;0;0;0;0;0;0;0;0;0;0;0;0;37;0;0;0;0;0;0;37
12;Skåne;80;Malmö;1280020;Toftanäs;197;225;218;188;182;188;177;252;211;185;267;342;259;332;371;0;0;0;0;3594
12;Skåne;80;Malmö;1280029;Triangeln;507;491;434;445;462;471;434;457;393;497;599;624;631;701;781;0;0;0;0;7927
12;Skåne;80;Malmö;1280128;Västergård;0;0;0;0;0;0;0;0;0;0;0;0;0;0;0;0;0;0;0;0
12;Skåne;80;Malmö;1280087;Västra hamnen;309;235;215;172;154;184;151;229;181;166;265;356;275;350;406;0;0;0;0;3648
12;Skåne;80;Malmö;1280062;Vårdboende Blombuketten;0;0;0;0;0;30;0;0;0;0;0;0;0;0;0;0;0;0;0;30
12;Skåne;80;Malmö;1280022;Vårdboende Dekoren;0;0;0;0;0;0;0;0;0;0;0;0;0;0;0;0;0;0;0;0
12;Skåne;80;Malmö;1280054;Vårdboende Högsåkerringen;0;0;0;0;0;0;0;0;20;0;0;0;0;0;0;0;0;0;0;20
12;Skåne;80;Malmö;1280058;Vårdboende Jylland;0;0;0;0;0;0;0;29;0;0;0;0;0;0;0;0;0;0;0;29
12;Skåne;80;Malmö;1280026;Vårdboende Rosenholm;0;0;0;0;0;0;0;18;0;0;0;0;0;0;0;0;0;0;0;18
12;Skåne;80;Malmö;1280091;Vårdboende Rönnen;0;0;0;0;0;0;31;0;0;0;0;0;0;0;0;0;0;0;0;31
12;Skåne;80;Malmö;1280080;Vårdboende Sjöstaden;24;0;0;0;0;0;0;0;0;0;0;0;0;0;0;0;0;0;0;24
12;Skåne;80;Malmö;1280093;Vårdboende Stensjögatan;20;0;0;0;0;0;0;0;0;0;0;0;0;0;0;0;0;0;0;20
12;Skåne;80;Malmö;1280077;Vårdboende Tygelsjögården;0;0;0;0;0;0;30;0;0;0;0;0;0;0;0;0;0;0;0;30
12;Skåne;80;Malmö;1280023;Vårdboende Vittlingen;0;0;0;0;0;0;0;0;24;0;0;0;0;0;0;0;0;0;0;24
12;Skåne;80;Malmö;1280072;Willys Katrinelund;183;277;225;224;206;250;231;198;199;183;225;315;271;269;351;0;0;0;0;3607
12;Skåne;81;Lund;1281018;Ambulerande röstmottagning;36;56;25;36;45;39;25;17;33;25;42;6;24;26;105;0;0;0;0;540
12;Skåne;81;Lund;1281001;Bibliotek Folkparken;0;181;0;0;0;81;90;84;110;0;0;0;79;160;111;0;0;0;0;896
12;Skåne;81;Lund;1281013;Bibliotek Norra Fäladen;99;133;0;157;168;173;142;84;80;80;175;280;254;136;159;0;0;0;0;2120
12;Skåne;81;Lund;1281011;Bibliotek Stångby;0;94;0;0;0;54;0;62;65;0;0;0;86;0;67;0;0;0;0;428
12;Skåne;81;Lund;1281004;Bibliotek Södra Sandby;0;175;150;0;0;177;152;0;202;95;144;0;204;184;0;0;0;0;0;1483
12;Skåne;81;Lund;1281003;Bibliotek Veberöd;95;0;123;0;0;129;164;125;64;88;0;0;189;274;178;0;0;0;0;1429
12;Skåne;81;Lund;1281015;Brunnshög;113;93;103;0;0;83;67;61;57;81;0;0;119;115;131;0;0;0;0;1023
12;Skåne;81;Lund;1281006;Dalby bibliotek;175;0;148;0;0;208;143;178;135;114;0;0;289;209;250;0;0;0;0;1849
12;Skåne;81;Lund;1281005;Genarps bibliotek;0;116;0;0;0;136;0;192;65;0;0;148;111;0;209;0;0;0;0;977
12;Skåne;81;Lund;1281019;Holger Crafoords Ekonomicentrum;0;0;0;0;0;46;72;64;53;46;0;0;52;178;113;0;0;0;0;624
12;Skåne;81;Lund;1281012;Klostergårdens bibliotek;136;0;137;0;0;120;113;121;73;61;0;0;167;169;248;0;0;0;0;1345
12;Skåne;81;Lund;1281014;Kristallen;112;110;85;0;0;123;84;77;60;62;0;0;131;166;176;0;0;0;0;1186
12;Skåne;81;Lund;1281007;Linero bibliotek;223;0;197;0;0;187;180;147;152;105;0;0;216;257;214;0;0;0;0;1878
12;Skåne;81;Lund;1281008;Navet, LTH;90;72;74;0;0;71;130;90;70;69;0;0;145;182;167;0;0;0;0;1160
12;Skåne;81;Lund;1281020;Nova Lund;331;342;354;345;373;349;358;354;354;372;370;394;396;416;462;0;0;0;0;5570
12;Skåne;81;Lund;1281021;Polhemsskolan;0;0;0;0;0;0;0;0;0;0;0;0;34;0;0;0;0;0;0;34
12;Skåne;81;Lund;1281017;SiS LVM-hem Lunden;0;0;0;0;0;14;0;0;0;0;0;0;0;0;0;0;0;0;0;14
12;Skåne;81;Lund;1281016;SiS ungdomshem Råby;0;0;0;0;0;0;57;0;0;0;0;0;0;0;0;0;0;0;0;57
12;Skåne;81;Lund;1281009;Skånes universitetssjukhus, Lund;57;58;43;0;0;50;73;51;59;76;0;0;117;114;134;0;0;0;0;832
12;Skåne;81;Lund;1281010;Stadsbiblioteket;465;359;335;237;0;494;374;364;259;294;313;274;714;549;651;0;0;0;0;5682
12;Skåne;81;Lund;1281002;Stadshallen;264;294;250;268;233;0;310;263;201;234;427;286;0;481;515;0;0;0;0;4026
12;Skåne;82;Landskrona;1282009;Ambulerande röstmottagning;0;0;0;0;0;5;16;5;26;14;0;0;22;32;0;0;0;0;0;120
12;Skåne;82;Landskrona;1282012;Annelövs församlingsgård;0;0;0;0;0;26;0;0;0;0;0;0;0;0;0;0;0;0;0;26
12;Skåne;82;Landskrona;1282011;Asmundtorps församlingshem;0;0;0;0;0;124;0;82;0;0;0;0;110;0;107;0;0;0;0;423
12;Skåne;82;Landskrona;1282013;Brf Kungens kvarterslokal;0;0;0;0;0;121;92;123;116;56;111;131;141;102;136;0;0;0;0;1129
12;Skåne;82;Landskrona;1282010;Glumslövs förskola, gamla skolvillan;0;0;0;0;0;0;118;0;72;0;0;0;0;134;0;0;0;0;0;324
12;Skåne;82;Landskrona;1282006;Häljarps bibliotek;0;0;0;0;0;0;0;172;0;88;0;0;0;0;195;0;0;0;0;455
12;Skåne;82;Landskrona;1282003;Stadsbiblioteket;397;413;357;238;207;381;353;366;309;243;299;346;625;509;596;0;0;0;0;5639
12;Skåne;82;Landskrona;1282004;Stadshuset;0;0;0;0;0;121;125;90;86;76;0;0;138;127;120;0;0;0;0;883
12;Skåne;82;Landskrona;1282001;Uranienborgs skola;0;0;0;0;0;0;0;0;0;0;0;0;0;0;0;0;0;0;0;0
12;Skåne;83;Helsingborg;1283034;Adolfsberg, valbuss;68;0;0;0;0;0;0;45;0;0;0;0;68;0;80;0;0;0;0;261
12;Skåne;83;Helsingborg;1283049;Ambulerande röstmottagning;0;2;15;7;2;0;3;3;48;6;4;13;5;15;6;0;0;0;0;129
12;Skåne;83;Helsingborg;1283001;Bergaliden;0;0;0;0;0;24;0;0;0;0;0;0;0;0;0;0;0;0;0;24
12;Skåne;83;Helsingborg;1283021;Bokliden;0;0;20;0;0;0;0;0;0;0;0;0;0;0;0;0;0;0;0;20
12;Skåne;83;Helsingborg;1283022;Borgvalla;0;0;0;0;0;0;0;0;0;0;0;0;0;0;0;0;0;0;0;0
12;Skåne;83;Helsingborg;1283035;Bårslöv, valbuss;0;0;0;0;0;24;50;0;0;0;0;0;0;20;0;0;0;0;0;94
12;Skåne;83;Helsingborg;1283016;Dunkerska huset;0;0;21;0;0;0;0;0;0;0;0;0;0;0;0;0;0;0;0;21
12;Skåne;83;Helsingborg;1283007;Elinebergs bibliotek;0;77;0;109;0;0;101;0;59;0;103;0;0;152;0;0;0;0;0;601
12;Skåne;83;Helsingborg;1283017;Elinebo;0;0;0;0;0;0;0;0;22;0;0;0;0;0;0;0;0;0;0;22
12;Skåne;83;Helsingborg;1283030;Fullriggaren;0;0;0;0;0;24;0;0;0;0;0;0;0;0;0;0;0;0;0;24
12;Skåne;83;Helsingborg;1283033;Furillen;0;0;0;0;0;30;0;0;0;0;0;0;0;0;0;0;0;0;0;30
12;Skåne;83;Helsingborg;1283044;Gantofta, valbuss;0;0;27;0;0;0;0;0;0;27;0;0;0;0;0;0;0;0;0;54
12;Skåne;83;Helsingborg;1283014;Helsingborg C;452;607;569;365;298;579;592;557;516;494;359;378;633;597;709;0;0;0;0;7705
12;Skåne;83;Helsingborg;1283013;Helsingborgs lasarett;165;176;162;0;0;154;162;145;161;160;0;0;167;182;175;0;0;0;0;1809
12;Skåne;83;Helsingborg;1283048;Hemlösas hus;0;0;0;0;0;0;0;10;0;0;0;0;0;0;0;0;0;0;0;10
12;Skåne;83;Helsingborg;1283012;IKEA Helsingborg;287;230;253;273;273;267;233;277;233;235;253;434;310;395;471;0;0;0;0;4424
12;Skåne;83;Helsingborg;1283045;Idé A Drottninghög;118;77;85;103;0;50;129;101;52;60;105;0;87;141;137;0;0;0;0;1245
12;Skåne;83;Helsingborg;1283027;Jordbodalen;0;53;0;0;0;0;0;0;0;0;0;0;0;0;0;0;0;0;0;53
12;Skåne;83;Helsingborg;1283036;Kattarp, valbuss;0;40;0;0;0;0;0;0;69;0;0;0;0;0;0;0;0;0;0;109
12;Skåne;83;Helsingborg;1283020;Kriminalvården, häktet;0;0;127;0;0;0;0;0;0;0;0;0;0;0;1;0;0;0;0;128
12;Skåne;83;Helsingborg;1283010;Kungshult;0;0;37;0;0;0;0;0;0;0;0;0;0;0;0;0;0;0;0;37
12;Skåne;83;Helsingborg;1283015;Laröd;0;98;0;61;78;0;0;0;91;0;35;110;0;0;0;0;0;0;0;473
12;Skåne;83;Helsingborg;1283023;Lundhagen;0;12;0;0;0;0;0;0;0;0;0;0;0;0;0;0;0;0;0;12
12;Skåne;83;Helsingborg;1283026;Lussebäcksgården;0;0;0;0;0;0;0;0;46;0;0;0;0;0;0;0;0;0;0;46
12;Skåne;83;Helsingborg;1283037;Mariastadens bibliotek;0;101;79;0;0;48;0;0;98;68;0;0;66;0;0;0;0;0;0;460
12;Skåne;83;Helsingborg;1283028;Murteglet;0;29;0;0;0;0;0;0;0;0;0;0;0;0;0;0;0;0;0;29
12;Skåne;83;Helsingborg;1283038;Mörarp, valbuss;0;92;0;0;0;0;0;0;58;0;0;0;0;0;0;0;0;0;0;150
12;Skåne;83;Helsingborg;1283046;Planteringen, valbuss;35;0;0;0;0;0;0;43;0;0;0;0;54;0;19;0;0;0;0;151
12;Skåne;83;Helsingborg;1283039;Påarp, valbuss;0;0;0;0;0;78;59;0;0;0;0;0;0;79;0;0;0;0;0;216
12;Skåne;83;Helsingborg;1283018;Pålsjö park;0;0;0;0;39;0;0;0;0;0;0;0;0;0;0;0;0;0;0;39
12;Skåne;83;Helsingborg;1283029;Ragnvallagården;0;0;0;0;0;0;0;28;0;0;0;0;0;0;0;0;0;0;0;28
12;Skåne;83;Helsingborg;1283006;Ringstorps centrum;220;217;141;130;129;181;185;177;159;137;159;256;272;254;317;0;0;0;0;2934
12;Skåne;83;Helsingborg;1283025;Romares stiftelse;0;0;0;0;36;0;0;0;0;0;0;0;0;0;0;0;0;0;0;36
12;Skåne;83;Helsingborg;1283008;Rosengårdens bibliotek;67;0;71;0;0;118;0;78;0;76;0;0;121;0;103;0;0;0;0;634
12;Skåne;83;Helsingborg;1283011;Rydebäcks bibliotek;93;0;104;0;0;145;0;107;0;88;0;0;204;0;149;0;0;0;0;890
12;Skåne;83;Helsingborg;1283009;Råå Center;512;456;425;330;324;455;445;453;466;489;398;461;590;599;620;0;0;0;0;7023
12;Skåne;83;Helsingborg;1283003;Stattenahemmet;0;0;0;0;0;0;0;45;0;0;0;0;0;0;0;0;0;0;0;45
12;Skåne;83;Helsingborg;1283047;Södergallerian;193;239;198;175;188;276;246;221;205;209;287;267;309;263;300;0;0;0;0;3576
12;Skåne;83;Helsingborg;1283024;Tuvehagen;0;29;0;0;0;0;0;0;0;0;0;0;0;0;0;0;0;0;0;29
12;Skåne;83;Helsingborg;1283002;Valltorp;0;0;0;0;0;31;0;0;0;0;0;0;0;0;0;0;0;0;0;31
12;Skåne;83;Helsingborg;1283040;Vallåkra, valbuss;0;0;20;0;0;0;0;0;0;30;0;0;0;0;0;0;0;0;0;50
12;Skåne;83;Helsingborg;1283005;Väla Centrum;432;489;508;456;459;558;497;621;543;617;477;484;631;648;669;0;0;0;0;8089
12;Skåne;83;Helsingborg;1283019;Åbrädden;0;0;0;0;0;0;0;0;37;0;0;0;0;0;0;0;0;0;0;37
12;Skåne;84;Höganäs;1284017;Ambulerande röstmottagning;3;0;1;0;0;13;24;3;21;0;0;0;33;2;20;0;0;0;0;120
12;Skåne;84;Höganäs;1284007;Biblioteket i Jonstorp;0;0;0;0;0;0;83;0;0;0;0;0;0;80;0;0;0;0;0;163
12;Skåne;84;Höganäs;1284004;Biblioteket i Lerberget;0;0;0;0;0;0;0;0;22;0;0;0;27;0;0;0;0;0;0;49
12;Skåne;84;Höganäs;1284011;Biblioteket i Nyhamnsläge;0;0;0;0;0;0;0;47;0;0;0;0;0;0;0;0;0;0;0;47
12;Skåne;84;Höganäs;1284006;Höganäs Stadshus - Sessionssalen;0;0;0;0;0;0;0;0;0;0;0;0;0;0;0;0;0;0;0;0
12;Skåne;84;Höganäs;1284005;Kulturhuset i Höganäs;163;133;128;97;66;107;108;77;53;80;55;46;107;94;134;0;0;0;0;1448
12;Skåne;84;Höganäs;1284010;Mölle stationshus;0;0;0;0;0;0;0;85;0;0;0;0;0;0;78;0;0;0;0;163
12;Skåne;84;Höganäs;1284003;Valbussen - Långarödsvägen i Höganäs;0;0;0;0;0;13;0;0;0;0;0;0;0;0;0;0;0;0;0;13
12;Skåne;84;Höganäs;1284013;Valbussen - Pumpgatan 3 i Höganäs;0;0;0;0;0;0;0;0;0;0;0;0;9;0;0;0;0;0;0;9
12;Skåne;84;Höganäs;1284008;Valbussen i Arild;0;0;0;0;0;0;0;0;0;19;0;0;0;0;0;0;0;0;0;19
12;Skåne;84;Höganäs;1284009;Valbussen i Farhult;0;0;0;0;0;0;0;0;20;0;0;0;0;0;0;0;0;0;0;20
12;Skåne;84;Höganäs;1284015;Valbussen i Ingelsträde;0;0;0;0;0;0;5;0;0;0;0;0;0;0;0;0;0;0;0;5
12;Skåne;84;Höganäs;1284002;Valbussen i Mjöhult;0;0;0;0;0;0;0;14;0;0;0;0;0;0;0;0;0;0;0;14
12;Skåne;84;Höganäs;1284014;Valtältet vid City Gross i Höganäs;135;156;117;191;152;214;264;258;214;239;246;302;294;330;486;0;0;0;0;3598
12;Skåne;84;Höganäs;1284012;Valtältet vid Ica Kvantum i Höganäs;121;121;139;82;92;117;131;131;120;143;151;183;222;158;316;0;0;0;0;2227
12;Skåne;84;Höganäs;1284001;Vikens hemgård;0;0;0;0;0;137;0;0;0;0;0;0;0;131;0;0;0;0;0;268
12;Skåne;85;Eslöv;1285013;Ambulerande röstmottagning;0;18;7;0;0;1;117;23;42;1;0;0;5;53;108;0;0;0;0;375
12;Skåne;85;Eslöv;1285008;Flyinge församlingshem;56;0;39;0;0;0;0;73;0;55;0;0;0;0;95;0;0;0;0;318
12;Skåne;85;Eslöv;1285003;Hantverksgården i Löberöd;43;60;0;0;0;68;0;75;68;0;0;0;105;0;98;0;0;0;0;517
12;Skåne;85;Eslöv;1285002;Harlösa Byahus;37;0;30;0;0;0;56;32;0;26;0;0;0;47;47;0;0;0;0;275
12;Skåne;85;Eslöv;1285009;Hyresgästföreningen Snäckan Sallerup;0;48;38;45;69;0;0;0;68;25;60;152;0;0;0;0;0;0;0;505
12;Skåne;85;Eslöv;1285012;Kärråkra vårdcentral;53;0;61;0;0;55;0;70;0;54;0;0;50;0;69;0;0;0;0;412
12;Skåne;85;Eslöv;1285004;Marieholms bibliotek;0;71;0;0;0;87;0;0;68;0;0;0;103;0;0;0;0;0;0;329
12;Skåne;85;Eslöv;1285010;Rönningen;0;0;19;0;57;0;31;0;0;17;0;60;0;30;0;0;0;0;0;214
12;Skåne;85;Eslöv;1285007;Stadsbiblioteket;284;269;269;215;0;305;285;255;243;265;254;0;358;419;447;0;0;0;0;3868
12;Skåne;85;Eslöv;1285006;Stadshuset;49;44;41;0;0;49;44;34;34;60;0;0;47;50;71;0;0;0;0;523
12;Skåne;85;Eslöv;1285005;Stehags bibliotek;0;84;0;0;0;54;0;0;74;0;0;0;82;0;0;0;0;0;0;294
12;Skåne;86;Ystad;1286006;Ambulerande röstmottagning;0;127;3;0;0;4;0;0;6;0;0;0;0;10;6;0;0;0;0;156
12;Skåne;86;Ystad;1286010;Bellevue;0;0;0;0;0;16;0;0;0;0;0;0;0;0;0;0;0;0;0;16
12;Skåne;86;Ystad;1286005;Glemmingebro medborgarhus;0;0;0;0;0;69;0;66;0;0;0;0;73;0;0;0;0;0;0;208
12;Skåne;86;Ystad;1286003;Köpingebro bibliotek;0;0;0;0;0;0;119;0;175;0;0;0;0;166;0;0;0;0;0;460
12;Skåne;86;Ystad;1286007;Ljuskällan;0;0;0;0;0;0;0;11;0;0;0;0;0;0;0;0;0;0;0;11
12;Skåne;86;Ystad;1286004;Löderupsgården;0;0;0;0;0;0;0;133;0;0;0;0;89;0;0;0;0;0;0;222
12;Skåne;86;Ystad;1286009;Solbacken;0;0;0;0;0;0;0;0;0;0;0;0;0;0;0;0;0;0;0;0
12;Skåne;86;Ystad;1286001;Svarte bibliotek;0;0;0;0;0;0;112;0;58;0;0;0;0;128;0;0;0;0;0;298
12;Skåne;86;Ystad;1286011;Vigavägen;0;0;0;0;0;0;16;0;0;0;0;0;0;0;0;0;0;0;0;16
12;Skåne;86;Ystad;1286008;Väderleksvägen;0;0;0;0;0;38;0;0;0;0;0;0;0;0;0;0;0;0;0;38
12;Skåne;86;Ystad;1286002;Ystads Stadsbibliotek;575;583;492;291;299;626;574;608;509;469;433;499;837;832;870;0;0;0;0;8497
12;Skåne;87;Trelleborg;1287008;Ambulerande röstmottagning;0;23;0;2;29;28;0;10;14;26;0;13;24;17;29;0;0;0;0;215
12;Skåne;87;Trelleborg;1287005;Biblioteket;0;138;82;0;0;101;86;111;77;50;0;0;132;112;104;0;0;0;0;993
12;Skåne;87;Trelleborg;1287002;CityGross;0;0;212;107;94;205;196;186;155;143;87;127;249;244;259;0;0;0;0;2264
12;Skåne;87;Trelleborg;1287001;ICA Maxi;0;282;177;93;99;127;215;207;162;154;109;133;190;255;205;0;0;0;0;2408
12;Skåne;87;Trelleborg;1287004;Stora Coop;0;0;201;86;116;203;172;167;158;175;117;176;230;296;294;0;0;0;0;2391
12;Skåne;87;Trelleborg;1287006;Valbussen;0;44;99;28;31;110;70;22;66;41;79;60;63;143;53;0;0;0;0;909
12;Skåne;87;Trelleborg;1287003;Valengallerian;335;327;256;154;74;229;230;226;203;208;168;101;287;288;307;0;0;0;0;3393
12;Skåne;90;Kristianstad;1290042;Ambulerande röstmottagning;0;54;21;0;0;36;25;25;58;8;0;0;72;14;25;0;0;0;0;338
12;Skåne;90;Kristianstad;1290039;Anstalten Kristianstad;0;0;0;0;0;0;0;0;0;0;119;0;0;0;0;0;0;0;0;119
12;Skåne;90;Kristianstad;1290031;Anstalten Lindåsa;0;0;34;0;0;0;0;0;0;0;0;0;0;0;0;0;0;0;0;34
12;Skåne;90;Kristianstad;1290002;Arkelstorp folkets hus;0;0;0;0;0;0;0;0;171;117;99;0;0;0;98;0;0;0;0;485
12;Skåne;90;Kristianstad;1290043;C4 Shopping;0;0;0;298;0;0;277;291;294;266;364;0;0;360;377;0;0;0;0;2527
12;Skåne;90;Kristianstad;1290003;Degeberga bibliotek;147;0;0;0;0;154;0;151;0;0;0;0;254;0;199;0;0;0;0;905
12;Skåne;90;Kristianstad;1290004;Fjälkinge IF Klubbstuga;0;0;0;136;0;94;79;0;0;0;0;0;143;137;0;0;0;0;0;589
12;Skåne;90;Kristianstad;1290012;Furuboda Folkhögskola;0;0;0;0;0;0;115;0;108;0;0;0;0;0;0;0;0;0;0;223
12;Skåne;90;Kristianstad;1290011;Galleria Boulevard;0;0;0;197;0;197;184;195;199;196;217;0;244;244;239;0;0;0;0;2112
12;Skåne;90;Kristianstad;1290005;Gamlegårdens bibliotek;0;198;182;0;0;0;237;0;165;122;0;0;0;237;113;0;0;0;0;1254
12;Skåne;90;Kristianstad;1290013;Huaröds församlingshem;0;0;0;0;0;0;0;0;0;0;164;0;0;0;0;0;0;0;0;164
12;Skåne;90;Kristianstad;1290038;Häktet Kristianstad;0;0;0;0;0;0;0;0;0;0;0;0;0;0;0;0;0;0;0;0
12;Skåne;90;Kristianstad;1290037;Mötesplats Åhus;0;0;0;0;0;0;0;0;0;124;0;0;0;0;0;0;0;0;0;124
12;Skåne;90;Kristianstad;1290007;Rådhus Skåne;525;534;450;320;361;497;406;431;411;417;354;491;530;512;547;0;0;0;0;6786
12;Skåne;90;Kristianstad;1290009;Tollarps bibliotek;163;0;0;0;0;189;147;181;0;0;0;0;230;183;247;0;0;0;0;1340
12;Skåne;90;Kristianstad;1290008;Wä IF Klubbstugan;0;0;218;0;0;0;0;216;150;157;0;0;0;0;261;0;0;0;0;1002
12;Skåne;90;Kristianstad;1290006;Åhus IF - Klubbstuga;248;269;235;191;0;231;235;278;284;248;290;0;389;373;416;0;0;0;0;3687
12;Skåne;90;Kristianstad;1290001;Önnestads bibliotek;0;0;0;0;0;158;0;110;0;0;0;0;178;0;165;0;0;0;0;611
12;Skåne;90;Kristianstad;1290010;Österängs församlingshem;0;0;0;0;0;131;0;58;0;0;0;0;87;76;73;0;0;0;0;425
12;Skåne;91;Simrishamn;1291008;Ambulerande röstmottagning;0;0;23;0;0;0;12;0;0;39;0;4;0;22;0;0;0;0;0;100
12;Skåne;91;Simrishamn;1291002;Borrby Scoutgård;52;0;0;0;0;82;0;95;0;0;0;0;87;0;110;0;0;0;0;426
12;Skåne;91;Simrishamn;1291003;Gärsnäs, Allaktivitetshuset;59;0;0;55;0;60;0;57;0;0;0;106;94;0;113;0;0;0;0;544
12;Skåne;91;Simrishamn;1291007;Hammenhög, Sporthallen;0;42;0;0;56;0;48;0;60;0;0;0;0;77;0;0;0;0;0;283
12;Skåne;91;Simrishamn;1291004;Kivik, Sporthallen;108;0;0;94;0;74;0;103;0;0;0;109;78;0;119;0;0;0;0;685
12;Skåne;91;Simrishamn;1291005;Sankt Olof, Medborgarhuset;0;62;0;0;40;0;45;0;47;0;55;0;0;69;0;0;0;0;0;318
12;Skåne;91;Simrishamn;1291001;Simrishamn, Skeppet;252;293;217;103;128;196;272;217;278;256;169;197;275;337;323;0;0;0;0;3513
12;Skåne;91;Simrishamn;1291006;Skillinge, Ankaret;0;51;0;0;0;0;53;0;50;0;0;0;0;57;0;0;0;0;0;211
12;Skåne;92;Ängelholm;1292009;Ambulerande röstmottagning;1;2;2;0;0;1;4;3;0;4;0;0;1;2;0;0;0;0;0;20
12;Skåne;92;Ängelholm;1292002;Avenboken samlingslokal;0;147;88;53;0;90;82;0;151;101;104;1;147;141;0;0;0;0;0;1105
12;Skåne;92;Ängelholm;1292021;Bokhöjden SÄBO;0;0;0;0;0;0;0;0;0;0;0;0;5;0;0;0;0;0;0;5
12;Skåne;92;Ängelholm;1292015;Errarps ängar SÄBO;0;0;0;0;0;0;26;0;0;0;0;0;0;0;0;0;0;0;0;26
12;Skåne;92;Ängelholm;1292018;Fridhemslund SÄBO;0;0;0;0;0;0;0;34;0;0;0;0;0;0;0;0;0;0;0;34
12;Skåne;92;Ängelholm;1292017;Funktionsstöd Metallgatan;0;0;0;0;0;0;0;7;0;0;0;0;0;0;0;0;0;0;0;7
12;Skåne;92;Ängelholm;1292004;Hjärnarps bibliotek;65;0;69;0;0;94;0;100;0;86;0;0;121;0;176;0;0;0;0;711
12;Skåne;92;Ängelholm;1292010;KVS Vejbystrand SÄBO;9;0;0;0;0;0;0;0;0;0;0;0;0;0;0;0;0;0;0;9
12;Skåne;92;Ängelholm;1292020;Karlslund SÄBO;0;0;0;0;0;0;0;0;0;0;0;0;20;0;0;0;0;0;0;20
12;Skåne;92;Ängelholm;1292019;Kvarnliden SÄBO;0;0;0;0;0;0;0;0;8;0;0;0;0;0;0;0;0;0;0;8
12;Skåne;92;Ängelholm;1292022;Munka-Ljungbygården SÄBO;0;0;0;0;0;0;0;0;0;0;0;0;0;12;0;0;0;0;0;12
12;Skåne;92;Ängelholm;1292007;Rönnegymnasiet;0;0;0;0;0;0;0;0;83;0;0;0;0;0;0;0;0;0;0;83
12;Skåne;92;Ängelholm;1292011;Solhaga SÄBO;0;12;0;0;0;0;0;0;0;0;0;0;0;0;0;0;0;0;0;12
12;Skåne;92;Ängelholm;1292013;Sommarsol SÄBO;0;0;0;0;0;30;0;0;0;0;0;0;0;0;0;0;0;0;0;30
12;Skåne;92;Ängelholm;1292003;Stadsbiblioteket;345;432;279;292;0;368;394;311;356;217;450;0;587;498;661;0;0;0;0;5190
12;Skåne;92;Ängelholm;1292001;Stadshuset;159;124;127;0;179;132;133;139;129;112;0;302;182;182;228;0;0;0;0;2128
12;Skåne;92;Ängelholm;1292006;Strövelstorps bibliotek;0;69;0;0;0;33;0;0;96;0;0;0;69;0;0;0;0;0;0;267
12;Skåne;92;Ängelholm;1292005;Vejbystrands bibliotek;0;126;108;0;0;102;86;0;153;126;0;0;211;165;0;0;0;0;0;1077
12;Skåne;92;Ängelholm;1292014;Viktoriagården SÄBO;0;0;0;0;0;7;0;0;0;0;0;0;0;0;0;0;0;0;0;7
12;Skåne;92;Ängelholm;1292012;Willan SÄBO;0;44;0;0;0;0;0;0;0;0;0;0;0;0;0;0;0;0;0;44
12;Skåne;92;Ängelholm;1292023;Ängelholms sjukhus;0;0;0;0;0;0;0;0;0;0;0;0;0;0;0;0;0;0;0;0
12;Skåne;92;Ängelholm;1292016;Åshaga SÄBO;0;0;0;0;0;0;8;0;0;0;0;0;0;0;0;0;0;0;0;8
12;Skåne;93;Hässleholm;1293008;Ambulerande röstmottagning;2;4;5;0;0;18;23;7;7;24;0;0;26;20;40;0;0;0;0;176
12;Skåne;93;Hässleholm;1293002;Bjärnums bibliotek;28;90;0;0;0;144;0;63;121;0;0;0;167;0;101;0;0;0;0;714
12;Skåne;93;Hässleholm;1293006;Hästveda bibliotek;0;62;33;0;0;103;28;0;70;45;0;0;115;45;0;0;0;0;0;501
12;Skåne;93;Hässleholm;1293007;Kyrkskolan;366;413;347;273;229;429;388;393;339;351;399;470;658;492;570;0;0;0;0;6117
12;Skåne;93;Hässleholm;1293003;Sösdala bibliotek;25;40;20;0;0;89;0;43;31;25;0;0;122;0;70;0;0;0;0;465
12;Skåne;93;Hässleholm;1293004;Tyringe bibliotek;0;128;138;0;0;242;123;0;184;149;0;0;273;122;0;0;0;0;0;1359
12;Skåne;93;Hässleholm;1293005;Vinslövs bibliotek;64;0;109;0;0;284;108;108;0;152;0;0;329;163;114;0;0;0;0;1431
12;Skåne;93;Hässleholm;1293001;Vittsjö bibliotek;51;0;49;0;0;94;44;54;0;60;0;0;115;64;81;0;0;0;0;612
13;Halland;15;Hylte;1315005;Ambulerande röstmottagning;0;0;0;0;0;0;17;0;12;2;0;0;0;6;0;0;0;0;0;37
13;Halland;15;Hylte;1315001;Hörsalen;64;95;82;33;32;47;84;107;100;123;75;53;131;133;216;0;0;0;0;1375
13;Halland;15;Hylte;1315002;Kontaktcenter i kommunhuset;0;0;0;0;0;0;0;0;0;0;0;0;0;0;0;0;0;0;0;0
13;Halland;15;Hylte;1315003;Torups bygdegård;37;0;52;0;0;35;0;42;0;117;0;0;0;0;81;0;0;0;0;364
13;Halland;15;Hylte;1315004;Unnaryds sporthall;0;25;0;15;0;0;30;0;43;0;24;0;0;46;0;0;0;0;0;183
13;Halland;80;Halmstad;1380021;Ambulerande röstmottagning;0;0;82;0;0;68;60;77;75;137;0;0;67;53;57;0;0;0;0;676
13;Halland;80;Halmstad;1380012;Anstalten i Halmstad;0;0;0;0;0;0;0;0;0;0;0;0;0;0;0;0;0;0;0;0
13;Halland;80;Halmstad;1380016;Getinge- Getingehallen;0;0;0;139;0;0;0;0;0;0;199;0;0;0;0;0;0;0;0;338
13;Halland;80;Halmstad;1380018;Gullbrandstorp-idrottshallen;0;0;0;112;0;0;0;0;0;0;115;0;0;0;0;0;0;0;0;227
13;Halland;80;Halmstad;1380011;Hallands sjukhus Halmstad;0;0;0;0;0;0;0;0;0;0;0;0;0;0;191;0;0;0;0;191
13;Halland;80;Halmstad;1380007;Hallarna;210;270;270;330;369;295;322;343;307;332;468;486;421;505;492;0;0;0;0;5420
13;Halland;80;Halmstad;1380002;Halmstads arena;182;205;157;145;223;178;193;246;226;239;232;368;322;444;469;0;0;0;0;3829
13;Halland;80;Halmstad;1380006;Halmstads högskola;44;57;43;0;0;70;79;92;77;65;0;0;100;142;157;0;0;0;0;926
13;Halland;80;Halmstad;1380001;Halmstads kommuns rådhus;260;245;197;141;0;255;243;244;190;198;184;0;334;323;416;0;0;0;0;3230
13;Halland;80;Halmstad;1380015;Harplinge Lyngåkraskolan;0;0;0;0;119;0;0;0;0;0;0;167;0;0;0;0;0;0;0;286
13;Halland;80;Halmstad;1380009;Haverdalshallen;0;0;0;155;179;0;0;0;0;0;212;273;0;0;0;0;0;0;0;819
13;Halland;80;Halmstad;1380019;Kvibille- Gymnastikhall;0;0;0;0;60;0;0;0;0;0;0;109;0;0;0;0;0;0;0;169
13;Halland;80;Halmstad;1380008;Medborgarservice Andersberg;47;98;44;0;0;58;65;88;51;67;0;0;102;84;84;0;0;0;0;788
13;Halland;80;Halmstad;1380010;Oskarströms brottningshall;0;0;0;0;142;69;84;0;0;0;0;137;103;84;0;0;0;0;0;619
13;Halland;80;Halmstad;1380017;Simlångsdalen- idrottshallen;0;0;0;46;0;0;0;0;0;0;96;0;0;0;0;0;0;0;0;142
13;Halland;80;Halmstad;1380013;Slättåkra - idrottshallen;0;0;0;91;0;0;0;0;0;0;66;0;0;0;0;0;0;0;0;157
13;Halland;80;Halmstad;1380005;Stadsbiblioteket;204;252;184;166;0;306;279;290;222;218;229;291;381;404;462;0;0;0;0;3888
13;Halland;80;Halmstad;1380004;Söndrums bibliotek;0;250;195;157;0;254;283;0;349;282;334;0;286;474;0;0;0;0;0;2864
13;Halland;80;Halmstad;1380020;Trönninge- idrottshall;0;0;0;0;75;0;0;0;0;0;0;129;0;0;0;0;0;0;0;204
13;Halland;80;Halmstad;1380003;Vallås bibliotek;94;88;88;52;0;0;170;150;116;94;72;0;0;193;162;0;0;0;0;1279
13;Halland;81;Laholm;1381004;Ambulerande röstmottagning;0;2;1;0;0;0;7;18;23;2;0;0;24;12;0;0;0;0;0;89
13;Halland;81;Laholm;1381002;Knäreds bibliotek;0;34;0;0;0;80;0;0;64;0;0;0;109;0;0;0;0;0;0;287
13;Halland;81;Laholm;1381001;Mellby Center;181;185;206;180;218;191;227;232;250;288;323;321;296;357;369;0;0;0;0;3824
13;Halland;81;Laholm;1381003;Stadsbiblioteket;172;132;146;113;0;165;160;183;167;184;177;0;233;235;237;0;0;0;0;2304
13;Halland;82;Falkenberg;1382008;Ambulerande röstmottagning;0;0;1;0;0;40;51;39;21;42;0;0;4;11;0;0;0;0;0;209
13;Halland;82;Falkenberg;1382004;Argus;233;315;243;225;252;294;339;363;333;325;325;327;541;606;652;0;0;0;0;5373
13;Halland;82;Falkenberg;1382006;Falkenbergs Netto, Heberg;65;77;79;77;89;85;75;94;94;94;113;119;123;142;137;0;0;0;0;1463
13;Halland;82;Falkenberg;1382001;Gullvivans öppna förskola;0;0;0;0;0;51;0;0;0;0;0;0;0;0;0;0;0;0;0;51
13;Halland;82;Falkenberg;1382003;Katrinebergs folkhögskola;0;0;0;0;0;0;0;0;0;0;0;0;0;0;0;0;0;0;0;0
13;Halland;82;Falkenberg;1382007;Mariagården, Ullared;0;0;0;0;0;156;140;0;0;0;0;0;223;200;0;0;0;0;0;719
13;Halland;82;Falkenberg;1382005;Stadshuset, Falkenberg;236;260;208;0;0;244;283;272;248;266;0;0;351;379;352;0;0;0;0;3099
13;Halland;82;Falkenberg;1382002;Stenfalkens hus;0;0;0;0;0;0;38;0;0;0;0;0;0;0;0;0;0;0;0;38
13;Halland;83;Varberg;1383013;Ambulerande röstmottagning;3;10;5;0;0;0;7;18;40;41;0;0;21;73;0;0;0;0;0;218
13;Halland;83;Varberg;1383006;Bua bibliotek;110;83;61;0;0;137;89;138;68;101;0;0;202;95;219;0;0;0;0;1303
13;Halland;83;Varberg;1383010;Kommunkansliet i Stadshus A;0;0;0;0;0;0;0;0;0;0;0;0;0;0;0;0;0;0;0;0
13;Halland;83;Varberg;1383011;Kungsäters bibliotek;16;5;0;0;0;33;0;41;33;0;0;0;42;0;86;0;0;0;0;256
13;Halland;83;Varberg;1383007;Lorensberg;213;240;202;169;100;279;267;293;289;299;235;207;358;405;402;0;0;0;0;3958
13;Halland;83;Varberg;1383008;Peder Skrivares skola;0;0;0;0;0;0;0;0;0;0;0;0;29;34;32;0;0;0;0;95
13;Halland;83;Varberg;1383005;Rolfstorps bibliotek;0;40;28;0;0;53;51;0;77;43;0;0;113;92;0;0;0;0;0;497
13;Halland;83;Varberg;1383009;Träslövsläge bibliotek;80;60;70;0;0;103;58;102;89;78;0;0;144;83;152;0;0;0;0;1019
13;Halland;83;Varberg;1383004;Tvååkers bibliotek;76;56;58;0;0;106;150;77;118;89;0;0;187;168;122;0;0;0;0;1207
13;Halland;83;Varberg;1383002;Varbergs stadsbibliotek, våning 1;306;333;320;220;156;400;387;398;331;362;281;273;512;518;524;0;0;0;0;5321
13;Halland;83;Varberg;1383014;Varbergs stadsbibliotek, våning 2;245;226;114;114;137;212;215;194;204;224;212;189;307;325;392;0;0;0;0;3310
13;Halland;83;Varberg;1383003;Veddige bibliotek;59;43;53;0;0;80;83;42;66;66;0;0;152;160;87;0;0;0;0;891
13;Halland;84;Kungsbacka;1384025;Ambulerande röstmottagning;5;0;2;0;0;0;0;1;6;0;0;0;1;50;12;0;0;0;0;77
13;Halland;84;Kungsbacka;1384003;Aranäsgymnasiet;0;0;0;0;0;0;0;0;0;0;0;0;17;10;0;0;0;0;0;27
13;Halland;84;Kungsbacka;1384007;Bedagårdens vård- och omsorgsboende;0;0;0;0;0;0;5;0;0;0;0;0;0;0;0;0;0;0;0;5
13;Halland;84;Kungsbacka;1384024;Björkris vård- och omsorgsboende;0;0;0;0;0;0;0;0;0;0;0;0;32;0;0;0;0;0;0;32
13;Halland;84;Kungsbacka;1384001;Blåvingevägen vård och omsorgsboende;0;0;0;0;0;14;0;0;0;0;0;0;0;0;0;0;0;0;0;14
13;Halland;84;Kungsbacka;1384020;Ekhaga vård- och omsorgsboende;0;0;0;0;0;0;0;39;0;0;0;0;0;0;0;0;0;0;0;39
13;Halland;84;Kungsbacka;1384004;Elof Lindälvs gymnasium;0;0;0;0;0;0;0;0;0;0;0;0;0;0;6;0;0;0;0;6
13;Halland;84;Kungsbacka;1384012;Fjärås bibliotek;0;47;0;0;0;73;0;0;86;0;0;0;117;0;0;0;0;0;0;323
13;Halland;84;Kungsbacka;1384021;Frillesåsskolan;48;44;30;0;0;42;68;66;62;56;0;0;95;110;126;0;0;0;0;747
13;Halland;84;Kungsbacka;1384026;Gällinge;0;0;0;0;0;0;27;0;29;0;0;0;0;51;0;0;0;0;0;107
13;Halland;84;Kungsbacka;1384018;Kolla vård- och omsorgsboende;0;0;0;0;0;0;0;26;0;0;0;0;0;0;0;0;0;0;0;26
13;Halland;84;Kungsbacka;1384015;Kullaviks bibliotek;154;122;0;140;0;214;93;161;158;0;239;0;352;191;250;0;0;0;0;2074
13;Halland;84;Kungsbacka;1384013;Kungsbacka, Stadshuset;117;123;89;0;0;114;128;105;118;85;74;74;156;142;180;0;0;0;0;1505
13;Halland;84;Kungsbacka;1384008;Kungsmässan;708;632;719;813;812;797;894;882;868;994;1063;1091;1201;1351;1459;0;0;0;0;14284
13;Halland;84;Kungsbacka;1384023;Löftadalens Folkhögskola;0;0;0;0;0;0;0;0;0;0;0;0;0;0;0;0;0;0;0;0
13;Halland;84;Kungsbacka;1384009;Löftagårdens vård- och omsorgsboende;0;0;0;0;0;0;0;0;19;0;0;0;0;0;0;0;0;0;0;19
13;Halland;84;Kungsbacka;1384006;Måhaga vård- och omsorgsboende;0;0;0;0;0;0;0;0;0;31;0;0;0;0;0;0;0;0;0;31
13;Halland;84;Kungsbacka;1384017;Onsala Båt och Sjöfartsmuseum;40;153;101;0;0;94;123;143;121;148;0;0;228;201;243;0;0;0;0;1595
13;Halland;84;Kungsbacka;1384010;Sandlyckans vård- och omsorgsboende;0;0;0;0;0;26;0;0;0;0;0;0;0;0;0;0;0;0;0;26
13;Halland;84;Kungsbacka;1384027;Signeshus Vård- och Omsorgsboende;0;0;0;0;0;0;0;0;0;0;0;0;0;16;0;0;0;0;0;16
13;Halland;84;Kungsbacka;1384002;Särö vård- och omsorgsboende;0;0;0;0;0;0;0;0;0;24;0;0;0;0;0;0;0;0;0;24
13;Halland;84;Kungsbacka;1384014;Toråsskolan, biblioteket;55;39;24;0;0;34;45;39;35;48;0;0;69;85;87;0;0;0;0;560
13;Halland;84;Kungsbacka;1384016;Vickans vård- och omsorgsboende;0;0;0;0;0;0;18;0;0;0;0;0;0;0;0;0;0;0;0;18
13;Halland;84;Kungsbacka;1384019;Älvsåkersskolan, Biblioteket;0;0;0;0;0;50;0;47;0;0;0;3;57;0;93;0;0;0;0;250
13;Halland;84;Kungsbacka;1384011;Åsa Bibliotek;77;68;0;91;0;131;107;96;96;0;114;0;228;122;151;0;0;0;0;1281
13;Halland;84;Kungsbacka;1384005;Åsa vård- och omsorgsboende;0;0;0;0;0;0;0;0;18;0;0;0;0;0;0;0;0;0;0;18
14;Västra Götaland;01;Härryda;1401006;Ambulerande röstmottagning;0;0;4;0;0;32;22;0;9;0;0;0;15;12;1;0;0;0;0;95
14;Västra Götaland;01;Härryda;1401002;Hindås stationshus;67;0;0;0;0;145;0;94;0;167;0;0;121;0;182;0;0;0;0;776
14;Västra Götaland;01;Härryda;1401004;Landvetters kulturhus;157;148;158;116;0;227;258;210;196;194;167;0;290;390;354;0;0;0;0;2865
14;Västra Götaland;01;Härryda;1401001;Mölnlycke kommunhus;1;0;0;0;0;0;0;0;0;0;0;0;0;0;0;0;0;0;0;1
14;Västra Götaland;01;Härryda;1401005;Mölnlycke kulturhus;278;274;231;167;170;334;330;313;335;311;285;277;509;526;573;0;0;0;0;4913
14;Västra Götaland;01;Härryda;1401003;Rävlanda föreningsgård;0;67;0;0;0;0;74;0;84;0;0;0;0;156;0;0;0;0;0;381
14;Västra Götaland;02;Partille;1402001;Allum;536;541;501;563;603;574;665;635;641;659;687;746;802;964;1085;0;0;0;0;10202
14;Västra Götaland;02;Partille;1402003;Ambulerande röstmottagning;0;0;4;0;0;41;4;34;3;0;0;0;0;5;0;0;0;0;0;91
14;Västra Götaland;02;Partille;1402002;Partille kommunhus;167;148;110;0;0;128;161;169;163;145;0;0;199;211;225;0;0;0;0;1826
14;Västra Götaland;07;Öckerö;1407008;Ambulerande röstmottagning;0;0;0;0;0;0;0;0;0;0;0;0;0;0;3;0;0;0;0;3
14;Västra Götaland;07;Öckerö;1407006;Brandstationen;0;0;0;0;0;0;0;0;0;0;0;0;0;0;0;0;0;0;0;0
14;Västra Götaland;07;Öckerö;1407004;Föreningsgården Knippla;0;0;0;0;0;0;0;0;0;0;0;0;0;0;0;0;0;0;0;0
14;Västra Götaland;07;Öckerö;1407002;Hyppelns församlingshem;0;0;0;0;0;0;0;0;0;0;0;0;0;0;0;0;0;0;0;0
14;Västra Götaland;07;Öckerö;1407007;Kurts garage;0;0;0;0;0;0;0;0;0;0;0;0;0;0;0;0;0;0;0;0
14;Västra Götaland;07;Öckerö;1407003;Rörö församlingshem/bibliotek;0;0;0;0;0;0;0;0;0;0;0;0;0;0;0;0;0;0;0;0
14;Västra Götaland;07;Öckerö;1407001;Solhöjdens äldreboende;0;0;0;0;0;0;0;0;0;0;0;0;0;0;59;0;0;0;0;59
14;Västra Götaland;07;Öckerö;1407005;Öckerö bibliotek, utställningshallen;237;203;161;109;104;241;238;293;235;216;143;144;322;361;380;0;0;0;0;3387
14;Västra Götaland;15;Stenungsund;1415003;Ambulerande röstmottagning;0;3;0;0;0;0;2;25;4;0;0;0;0;4;44;0;0;0;0;82
14;Västra Götaland;15;Stenungsund;1415002;Kulturhuset Fregatten;397;361;333;363;297;411;448;510;477;379;334;353;541;550;647;0;0;0;0;6401
14;Västra Götaland;15;Stenungsund;1415001;Stenungsunds Arena;0;0;0;0;0;0;0;0;0;0;181;164;203;192;228;0;0;0;0;968
14;Västra Götaland;19;Tjörn;1419010;Ambulerande röstmottagning;0;0;0;0;0;0;0;44;31;0;0;0;0;0;0;0;0;0;0;75
14;Västra Götaland;19;Tjörn;1419003;Dyröns EFS;0;0;0;0;0;0;0;0;0;0;42;0;0;0;0;0;0;0;0;42
14;Västra Götaland;19;Tjörn;1419002;Häggvallskolan, aulan;0;0;0;0;0;0;0;0;0;0;0;0;0;0;0;0;0;0;0;0
14;Västra Götaland;19;Tjörn;1419006;Klädesholmens församlingshem;0;0;0;0;0;0;0;0;0;0;0;0;0;0;0;0;0;0;0;0
14;Västra Götaland;19;Tjörn;1419005;Klövedals församlingshem;0;0;0;0;0;0;0;0;0;0;0;0;0;0;0;0;0;0;0;0
14;Västra Götaland;19;Tjörn;1419009;Kommunkontoret;214;228;189;102;111;237;198;232;261;283;200;187;343;417;375;0;0;0;0;3577
14;Västra Götaland;19;Tjörn;1419008;Kållekärrs skola, matsalen;0;0;0;0;0;0;0;0;0;0;0;0;0;0;0;0;0;0;0;0
14;Västra Götaland;19;Tjörn;1419001;Myggenäs skola, matsalen;0;0;0;0;0;0;0;0;0;0;0;0;0;0;0;0;0;0;0;0
14;Västra Götaland;19;Tjörn;1419007;Rönnäng skola, matsalen;0;0;0;0;0;0;0;0;0;0;0;0;0;0;0;0;0;0;0;0
14;Västra Götaland;19;Tjörn;1419004;Åstols café;0;0;0;0;0;0;0;0;0;0;68;0;0;0;0;0;0;0;0;68
14;Västra Götaland;21;Orust;1421010;Ambulerande röstmottagning;18;39;0;0;0;40;31;5;8;5;0;0;17;0;0;0;0;0;0;163
14;Västra Götaland;21;Orust;1421001;Ellös bibliotek;0;0;0;0;0;0;80;81;132;64;0;0;0;102;96;0;0;0;0;555
14;Västra Götaland;21;Orust;1421005;Flatö skola;41;0;0;0;0;0;0;0;64;0;0;0;0;32;0;0;0;0;0;137
14;Västra Götaland;21;Orust;1421003;Gullholmsgården;0;0;0;0;0;0;0;0;0;0;0;0;0;0;0;0;0;0;0;0
14;Västra Götaland;21;Orust;1421011;Göksäter;0;70;0;93;0;0;0;0;116;0;104;0;0;0;0;0;0;0;0;383
14;Västra Götaland;21;Orust;1421008;Henån, kommunhuset;110;137;153;76;58;185;137;166;152;185;108;106;298;220;241;0;0;0;0;2332
14;Västra Götaland;21;Orust;1421009;Henån, sporthallen;0;0;0;0;0;0;0;0;0;0;0;0;0;0;0;0;0;0;0;0
14;Västra Götaland;21;Orust;1421006;Käringön, gamla hamnkontoret;0;0;0;0;0;0;0;0;0;0;0;0;0;0;0;0;0;0;0;0
14;Västra Götaland;21;Orust;1421002;Mollösund, Änggårdens idrottshall;0;0;0;0;0;0;0;0;0;0;55;50;0;0;0;0;0;0;0;105
14;Västra Götaland;21;Orust;1421007;Svanesund, Ängås skola;0;0;0;0;0;91;81;67;72;0;0;0;107;97;107;0;0;0;0;622
14;Västra Götaland;21;Orust;1421004;Varekils bibliotek;0;0;0;0;0;0;61;38;49;0;0;0;0;0;0;0;0;0;0;148
14;Västra Götaland;27;Sotenäs;1427007;Ambulerande röstmottagning;0;0;0;0;0;0;6;10;0;4;0;0;3;2;0;0;0;0;0;25
14;Västra Götaland;27;Sotenäs;1427002;Fd. förskolan Hasselösund Smögen;48;29;16;29;30;50;34;35;40;25;32;38;64;42;61;0;0;0;0;573
14;Västra Götaland;27;Sotenäs;1427006;Folkets Hus Kungshamn;128;96;75;82;77;139;142;110;119;126;100;78;147;189;149;0;0;0;0;1757
14;Västra Götaland;27;Sotenäs;1427009;Hunnebohemmet;0;0;0;0;0;0;0;0;0;0;0;0;0;0;14;0;0;0;0;14
14;Västra Götaland;27;Sotenäs;1427001;Kommunhuset Kungshamn;0;0;0;0;0;0;0;0;0;0;0;0;0;0;0;0;0;0;0;0
14;Västra Götaland;27;Sotenäs;1427005;Kulturhuset Hav & Land;78;74;68;90;60;62;109;92;92;107;80;78;153;154;165;0;0;0;0;1462
14;Västra Götaland;27;Sotenäs;1427010;Kvarnbergshemmet;0;0;0;0;0;0;0;27;0;0;0;0;0;0;0;0;0;0;0;27
14;Västra Götaland;27;Sotenäs;1427004;Stallebrottets föreningslokal;0;0;0;0;0;0;0;0;0;0;0;0;0;0;0;0;0;0;0;0
14;Västra Götaland;30;Munkedal;1430005;Ambulerande röstmottagning;0;0;2;0;0;12;4;4;3;3;0;0;7;3;0;0;0;0;0;38
14;Västra Götaland;30;Munkedal;1430003;Bygdegården Hedekas;34;0;21;0;0;0;0;85;0;35;0;0;0;1;139;0;0;0;0;315
14;Västra Götaland;30;Munkedal;1430004;Hällevadsholms Folkets Hus;1;11;37;0;0;74;0;0;58;0;0;0;112;0;0;0;0;0;0;293
14;Västra Götaland;30;Munkedal;1430001;Kommunhuset Forum Munkedal;25;104;157;81;50;110;112;148;104;150;80;106;229;263;175;0;0;0;0;1894
14;Västra Götaland;30;Munkedal;1430002;Utvecklingscentrum Munkedal (Dingle);23;0;48;0;0;0;0;40;0;88;0;0;0;0;82;0;0;0;0;281
14;Västra Götaland;35;Tanum;1435007;Ambulerande röstmottagning;27;18;0;0;0;2;4;2;3;0;0;0;2;5;0;0;0;0;0;63
14;Västra Götaland;35;Tanum;1435002;Bullaregården;0;0;0;0;0;0;0;65;0;0;0;0;0;0;111;0;0;0;0;176
14;Västra Götaland;35;Tanum;1435001;Charlottenlund (Lunden);0;0;0;0;0;0;0;0;194;0;0;0;0;0;0;0;0;0;0;194
14;Västra Götaland;35;Tanum;1435005;Fjällbacka församlingshem;0;0;20;0;0;0;131;0;0;0;0;0;0;148;0;0;0;0;0;299
14;Västra Götaland;35;Tanum;1435003;Folkets hus,  Hamburgsund;0;0;0;0;0;183;0;0;0;0;0;0;237;0;0;0;0;0;0;420
14;Västra Götaland;35;Tanum;1435004;Kommunhuset Tanumshede;0;0;0;0;0;0;0;0;0;0;0;0;0;0;0;0;0;0;0;0
14;Västra Götaland;35;Tanum;1435006;Tanums bygdegård;96;132;146;85;78;120;129;138;210;221;139;145;190;225;161;0;0;0;0;2215
14;Västra Götaland;38;Dals-Ed;1438009;Ambulerande röstmottagning;0;0;0;0;0;0;0;0;0;0;0;0;0;1;0;0;0;0;0;1
14;Västra Götaland;38;Dals-Ed;1438004;Edsgärdets sjukhem;0;0;0;0;0;0;0;0;0;8;0;0;0;0;0;0;0;0;0;8
14;Västra Götaland;38;Dals-Ed;1438003;Hagalid Servicehus;0;0;0;0;0;0;0;0;0;5;0;0;0;0;0;0;0;0;0;5
14;Västra Götaland;38;Dals-Ed;1438002;Håbol församlingshemmet;0;0;0;0;0;0;0;0;0;0;0;0;0;0;0;0;0;0;0;0
14;Västra Götaland;38;Dals-Ed;1438007;Kommunhuset;82;63;71;16;22;82;66;140;82;99;58;23;90;96;176;0;0;0;0;1166
14;Västra Götaland;38;Dals-Ed;1438008;Linden;0;0;0;0;0;0;0;0;13;0;0;0;0;0;0;0;0;0;0;13
14;Västra Götaland;38;Dals-Ed;1438001;Nössemark församlingshemmet;0;0;0;0;0;0;0;0;0;0;0;0;0;0;0;0;0;0;0;0
14;Västra Götaland;38;Dals-Ed;1438005;Rölanda församlingshemmet;0;0;0;0;0;0;0;0;0;0;0;0;0;0;0;0;0;0;0;0
14;Västra Götaland;38;Dals-Ed;1438006;Töftedal församlingshemmet;0;0;0;0;0;0;0;0;0;0;0;0;0;0;0;0;0;0;0;0
14;Västra Götaland;39;Färgelanda;1439006;Ambulerande röstmottagning;0;0;0;0;0;0;0;1;0;0;0;0;0;0;0;0;0;0;0;1
14;Västra Götaland;39;Färgelanda;1439001;Centrumhuset;94;95;84;95;70;100;82;95;76;119;101;93;101;166;160;0;0;0;0;1531
14;Västra Götaland;39;Färgelanda;1439009;Håvestensgården;0;0;0;0;0;0;0;0;11;0;0;0;0;0;0;0;0;0;0;11
14;Västra Götaland;39;Färgelanda;1439008;Lillågården;0;0;0;0;0;0;0;0;5;0;0;0;0;0;0;0;0;0;0;5
14;Västra Götaland;39;Färgelanda;1439007;Solgården;0;0;0;0;0;0;0;0;10;0;0;0;0;0;0;0;0;0;0;10
14;Västra Götaland;40;Ale;1440007;Ambulerande röstmottagning;0;0;0;0;0;25;8;9;41;4;0;0;14;22;11;0;0;0;0;134
14;Västra Götaland;40;Ale;1440001;Bohus Servicehus;67;65;35;52;0;64;77;65;74;84;73;0;101;113;133;0;0;0;0;1003
14;Västra Götaland;40;Ale;1440002;Hörnan, Ale Torg;170;176;176;90;98;221;205;233;217;215;172;177;328;331;355;0;0;0;0;3164
14;Västra Götaland;40;Ale;1440004;Skepplanda bibliotek;43;59;42;0;0;77;83;65;80;77;70;0;117;101;110;0;0;0;0;924
14;Västra Götaland;40;Ale;1440006;Älvängens aktivitetshus;125;122;107;86;0;143;141;141;131;137;0;0;285;230;276;0;0;0;0;1924
14;Västra Götaland;41;Lerum;1441006;Ambulerande röstmottagning;1;2;7;0;0;2;26;33;1;2;0;0;32;30;15;0;0;0;0;151
14;Västra Götaland;41;Lerum;1441001;Floda bibliotek;0;106;114;0;0;162;161;0;175;186;0;0;366;204;0;0;0;0;0;1474
14;Västra Götaland;41;Lerum;1441004;Grå huset Lundbyvägen 16;127;0;103;128;0;132;109;153;0;171;183;0;0;410;339;0;0;0;0;1855
14;Västra Götaland;41;Lerum;1441005;Lerum - Solkatten;334;350;303;181;204;362;361;375;390;378;212;223;409;488;535;0;0;0;0;5105
14;Västra Götaland;41;Lerum;1441003;Sjöviks bibliotek;0;0;0;0;0;0;0;0;0;0;0;0;0;0;0;0;0;0;0;0
14;Västra Götaland;41;Lerum;1441002;Tollereds bibliotek;0;0;0;0;0;0;0;0;100;0;0;0;69;0;0;0;0;0;0;169
14;Västra Götaland;42;Vårgårda;1442002;Ambulerande röstmottagning;0;0;0;0;0;0;0;0;12;0;0;0;0;0;0;0;0;0;0;12
14;Västra Götaland;42;Vårgårda;1442001;Vårgårda Kommunhus;101;133;106;77;99;148;150;164;121;156;112;76;186;299;295;0;0;0;0;2223
14;Västra Götaland;43;Bollebygd;1443005;Ambulerande röstmottagning;0;0;4;0;0;0;0;0;0;0;0;0;0;1;0;0;0;0;0;5
14;Västra Götaland;43;Bollebygd;1443002;Förtidsröstningslokal Bollebygdskola;0;0;0;0;0;0;0;0;0;0;0;0;0;0;0;0;0;0;0;0
14;Västra Götaland;43;Bollebygd;1443001;Förtidsröstningslokal Bollegården;0;0;0;0;0;0;0;0;0;0;0;173;0;0;0;0;0;0;0;173
14;Västra Götaland;43;Bollebygd;1443003;Förtidsröstningslokal Tingshuset;118;151;150;70;77;137;150;141;160;186;118;0;169;211;229;0;0;0;0;2067
14;Västra Götaland;44;Grästorp;1444003;Ambulerande röstmottagning;0;0;0;0;0;0;1;0;0;3;0;0;0;0;0;0;0;0;0;4
14;Västra Götaland;44;Grästorp;1444002;Kommunens Hus, Samlingssalen;84;133;93;58;39;145;96;184;155;106;62;81;205;125;308;0;0;0;0;1874
14;Västra Götaland;44;Grästorp;1444001;Restaurang Jon Jesper;0;0;0;0;0;0;0;0;0;0;0;0;0;0;0;0;0;0;0;0
14;Västra Götaland;45;Essunga;1445004;Ambulerande röstmottagning;0;0;0;0;1;0;0;0;0;0;0;0;2;0;0;0;0;0;0;3
14;Västra Götaland;45;Essunga;1445001;Kerstinsås;65;132;54;26;39;105;91;57;159;45;49;35;148;150;111;0;0;0;0;1266
14;Västra Götaland;45;Essunga;1445002;Nossebro skola, aulan;0;0;0;0;0;0;0;0;0;0;0;0;0;0;0;0;0;0;0;0
14;Västra Götaland;46;Karlsborg;1446003;Ambulerande röstmottagning;0;0;0;0;0;0;0;0;0;0;0;0;0;0;0;0;0;0;0;0
14;Västra Götaland;46;Karlsborg;1446002;Forsviks If klubbstuga;0;0;0;0;0;0;0;0;0;0;0;0;0;0;0;0;0;0;0;0
14;Västra Götaland;46;Karlsborg;1446001;Karlsborgs kommunhus, receptionen;105;149;125;35;39;134;99;148;179;140;65;79;181;220;164;0;0;0;0;1862
14;Västra Götaland;47;Gullspång;1447003;Ambulerande röstmottagning;0;0;0;0;0;0;0;0;0;0;0;0;0;6;0;0;0;0;0;6
14;Västra Götaland;47;Gullspång;1447002;Amnegården;0;0;0;139;114;0;0;0;0;0;183;165;0;0;0;0;0;0;0;601
14;Västra Götaland;47;Gullspång;1447001;Hova förvaltningsbyggnad/sessionssal;53;36;44;0;0;67;73;31;89;36;0;0;69;135;111;0;0;0;0;744
14;Västra Götaland;52;Tranemo;1452012;Ambulerande röstmottagning;0;12;0;0;0;1;0;4;9;18;0;0;2;9;6;0;0;0;0;61
14;Västra Götaland;52;Tranemo;1452013;Bokbuss;0;15;0;0;0;20;14;23;10;0;0;0;18;6;0;0;0;0;0;106
14;Västra Götaland;52;Tranemo;1452001;Bygdegården Månstad;0;0;0;0;0;0;0;0;0;0;0;0;0;0;0;0;0;0;0;0
14;Västra Götaland;52;Tranemo;1452007;Centralen, Biblioteket;98;145;124;58;43;162;148;171;184;163;90;85;188;261;245;0;0;0;0;2165
14;Västra Götaland;52;Tranemo;1452005;Dalstorps Bygdegård;0;0;0;0;0;0;0;0;0;0;0;0;0;0;0;0;0;0;0;0
14;Västra Götaland;52;Tranemo;1452009;Församlingshemmet Länghem;0;0;0;0;0;0;0;0;85;0;0;0;0;0;0;0;0;0;0;85
14;Västra Götaland;52;Tranemo;1452010;Glasets Hus Limmared;0;0;0;0;0;0;0;0;0;0;0;0;0;0;0;0;0;0;0;0
14;Västra Götaland;52;Tranemo;1452008;Grimsås bygdegård;0;0;0;0;0;0;0;0;0;0;0;0;52;0;0;0;0;0;0;52
14;Västra Götaland;52;Tranemo;1452003;Lillsjön, Nittorps Bygdegård;0;0;0;0;0;0;0;0;0;0;0;0;0;0;0;0;0;0;0;0
14;Västra Götaland;52;Tranemo;1452004;Ljungsarps bygdegård;0;0;0;0;0;0;0;0;0;0;0;0;0;0;0;0;0;0;0;0
14;Västra Götaland;52;Tranemo;1452011;Sjötofta skola, matsalen;0;0;0;0;0;0;0;0;0;0;0;0;0;0;0;0;0;0;0;0
14;Västra Götaland;52;Tranemo;1452006;Uddebo Fritidsgård;0;0;0;0;0;0;0;0;0;0;0;0;0;0;0;0;0;0;0;0
14;Västra Götaland;60;Bengtsfors;1460008;Ambulerande röstmottagning;0;0;0;0;0;2;0;6;0;34;0;0;0;0;21;0;0;0;0;63
14;Västra Götaland;60;Bengtsfors;1460006;Biblioteket Bengtsfors;119;104;143;48;42;116;82;130;124;137;69;48;168;115;225;0;0;0;0;1670
14;Västra Götaland;60;Bengtsfors;1460002;Bäckegården Bäckefors;0;0;0;0;0;50;0;62;0;0;0;52;22;0;89;0;0;0;0;275
14;Västra Götaland;60;Bengtsfors;1460005;Folkets hus Gustavsfors;0;0;0;0;0;0;0;0;0;0;75;0;0;0;0;0;0;0;0;75
14;Västra Götaland;60;Bengtsfors;1460003;Lövåsenskolan Billingsfors;0;0;0;36;0;45;0;0;28;0;0;0;53;0;0;0;0;0;0;162
14;Västra Götaland;60;Bengtsfors;1460007;Nybygget Stenebyskolan;0;0;0;0;68;0;102;0;0;87;0;0;0;160;0;0;0;0;0;417
14;Västra Götaland;60;Bengtsfors;1460004;Torrskogs stom bygdegård;0;0;0;0;0;0;0;0;0;0;0;66;0;0;0;0;0;0;0;66
14;Västra Götaland;61;Mellerud;1461007;Ambulerande röstmottagning;0;0;0;0;0;0;0;0;0;0;0;0;3;0;0;0;0;0;0;3
14;Västra Götaland;61;Mellerud;1461006;Fagerlids särskilda boende;0;0;0;0;0;0;0;0;0;0;0;19;0;0;0;0;0;0;0;19
14;Västra Götaland;61;Mellerud;1461005;Grinstadrummet, Mellerud;82;86;120;75;83;140;179;170;158;164;108;98;124;244;172;0;0;0;0;2003
14;Västra Götaland;61;Mellerud;1461003;Karolinen;0;0;0;0;0;0;0;0;0;0;7;0;0;0;0;0;0;0;0;7
14;Västra Götaland;61;Mellerud;1461002;Skållerudshemmet;0;0;0;0;0;0;0;0;0;0;11;0;0;0;0;0;0;0;0;11
14;Västra Götaland;61;Mellerud;1461001;Ängenäs särskilda boende;0;0;0;0;0;0;0;0;0;0;0;11;0;0;0;0;0;0;0;11
14;Västra Götaland;62;Lilla Edet;1462003;Ambulerande röstmottagning;0;0;1;0;0;0;2;51;4;0;0;0;0;4;0;0;0;0;0;62
14;Västra Götaland;62;Lilla Edet;1462002;Kommunhuset Lilla Edet;103;143;92;58;87;140;126;118;153;131;82;117;224;229;273;0;0;0;0;2076
14;Västra Götaland;62;Lilla Edet;1462001;Lödöse Museum;34;0;59;0;0;0;50;0;154;0;92;0;0;101;0;0;0;0;0;490
14;Västra Götaland;63;Mark;1463011;Ambulerande röstmottagning;0;18;13;0;0;10;22;37;8;0;0;0;9;0;7;0;0;0;0;124
14;Västra Götaland;63;Mark;1463012;Ekelund linneväveri;41;49;52;21;0;73;53;42;43;69;54;0;77;74;109;0;0;0;0;757
14;Västra Götaland;63;Mark;1463006;Fritsla Folketshus;0;0;0;0;0;0;91;77;67;78;0;0;70;76;72;0;0;0;0;531
14;Västra Götaland;63;Mark;1463008;Församlingshemmet i Björketorp;0;0;0;108;0;0;0;0;0;0;0;0;0;0;0;0;0;0;0;108
14;Västra Götaland;63;Mark;1463007;Hajoms bygdegård;0;0;0;0;83;0;0;0;0;0;0;0;0;0;0;0;0;0;0;83
14;Västra Götaland;63;Mark;1463010;Kommunhuset Kinnaborgssalen;188;225;165;173;144;183;224;255;287;257;212;225;292;353;391;0;0;0;0;3574
14;Västra Götaland;63;Mark;1463005;Lundagård, Sätila;0;0;0;0;0;0;123;117;99;137;0;0;136;120;176;0;0;0;0;908
14;Västra Götaland;63;Mark;1463003;Rydals Museum;0;0;0;0;0;0;0;0;0;0;70;0;0;0;0;0;0;0;0;70
14;Västra Götaland;63;Mark;1463002;Älekulla Bygdegård;0;0;0;0;0;0;0;0;0;0;0;147;0;0;0;0;0;0;0;147
14;Västra Götaland;63;Mark;1463009;Ängshallen, Skene;150;155;98;0;0;131;118;128;137;179;0;0;162;236;163;0;0;0;0;1657
14;Västra Götaland;63;Mark;1463001;Öxabäckshallen, caféet;0;0;0;0;0;0;0;0;0;0;0;0;0;0;0;0;0;0;0;0
14;Västra Götaland;65;Svenljunga;1465010;Ambulerande röstmottagning;4;0;0;0;0;0;0;1;0;3;0;1;2;6;0;0;0;0;0;17
14;Västra Götaland;65;Svenljunga;1465004;Hillareds skola;0;0;0;0;0;0;45;0;0;0;0;0;0;73;0;0;0;0;0;118
14;Västra Götaland;65;Svenljunga;1465002;Holsljunga Idrottshall;0;0;0;0;0;0;0;0;0;0;0;0;0;0;0;0;0;0;0;0
14;Västra Götaland;65;Svenljunga;1465007;Håcksviks idrottshall;0;0;0;0;0;0;0;0;0;0;0;0;0;0;0;0;0;0;0;0
14;Västra Götaland;65;Svenljunga;1465001;Kalvs Bygdegård;0;0;0;0;0;0;0;0;0;0;0;0;0;0;0;0;0;0;0;0
14;Västra Götaland;65;Svenljunga;1465011;Klockaregården;0;0;0;0;0;0;0;0;0;0;0;24;0;0;0;0;0;0;0;24
14;Västra Götaland;65;Svenljunga;1465013;Lysjölid;0;0;0;0;0;0;0;0;0;0;0;7;0;0;0;0;0;0;0;7
14;Västra Götaland;65;Svenljunga;1465003;Långehall, Överlida;0;0;0;0;0;0;0;75;0;0;0;0;0;0;76;0;0;0;0;151
14;Västra Götaland;65;Svenljunga;1465008;Medborgarhuset, Östra Frölunda;0;0;0;0;0;55;0;0;0;0;0;0;41;0;0;0;0;0;0;96
14;Västra Götaland;65;Svenljunga;1465006;Mårdaklevs bygdegård;0;0;0;0;0;0;0;0;0;0;0;0;0;0;0;0;0;0;0;0
14;Västra Götaland;65;Svenljunga;1465014;Skaparverkstaden;0;0;0;0;0;0;0;0;16;0;0;0;0;0;0;0;0;0;0;16
14;Västra Götaland;65;Svenljunga;1465009;Svenljunga Bibliotek;105;125;141;42;38;133;176;157;145;118;82;66;200;278;222;0;0;0;0;2028
14;Västra Götaland;65;Svenljunga;1465005;Örsåsgården;0;0;0;0;0;0;0;0;0;0;0;0;0;0;0;0;0;0;0;0
14;Västra Götaland;65;Svenljunga;1465012;Östrabo;0;0;0;0;0;0;0;0;0;0;0;9;0;0;0;0;0;0;0;9
14;Västra Götaland;66;Herrljunga;1466004;Ambulerande röstmottagning;0;2;2;0;0;12;4;12;1;5;0;0;0;2;7;0;0;0;0;47
14;Västra Götaland;66;Herrljunga;1466003;Gäsenegården;49;35;43;26;0;48;29;86;59;46;39;0;85;82;92;0;0;0;0;719
14;Västra Götaland;66;Herrljunga;1466001;Huvudbibliotek Herrljunga;105;116;100;35;54;142;142;172;122;121;80;84;191;211;199;0;0;0;0;1874
14;Västra Götaland;70;Vara;1470006;Alléhallen;0;0;0;0;0;0;0;0;0;0;0;0;0;0;0;0;0;0;0;0
14;Västra Götaland;70;Vara;1470005;Ambulerande röstmottagning;0;0;0;0;0;0;0;0;0;0;0;0;5;0;0;0;0;0;0;5
14;Västra Götaland;70;Vara;1470003;Biblioteket Vara;214;215;216;100;0;271;283;327;299;272;166;0;335;399;436;0;0;0;0;3533
14;Västra Götaland;70;Vara;1470004;Laskegården Vedum;0;0;0;0;0;0;0;0;0;0;0;129;0;0;0;0;0;0;0;129
14;Västra Götaland;70;Vara;1470001;Nästegårdsskolan i Kvänum;0;0;0;0;144;0;0;0;0;0;0;0;0;0;0;0;0;0;0;144
14;Västra Götaland;71;Götene;1471005;Ambulerande röstmottagning;0;0;0;0;0;0;0;0;0;17;0;0;0;0;0;0;0;0;0;17
14;Västra Götaland;71;Götene;1471003;Källby Gård;0;0;0;0;0;0;0;0;0;0;177;0;0;0;0;0;0;0;0;177
14;Västra Götaland;71;Götene;1471004;Lundabyn;0;0;0;0;0;0;0;0;0;0;58;0;0;0;0;0;0;0;0;58
14;Västra Götaland;71;Götene;1471002;Samlingslokal servicehuset Hällekis;0;0;0;0;0;0;0;0;0;0;0;140;0;0;0;0;0;0;0;140
14;Västra Götaland;71;Götene;1471001;Sessionssalen, Centrumhuset Götene;166;168;170;61;60;214;211;210;280;173;97;61;279;301;373;0;0;0;0;2824
14;Västra Götaland;72;Tibro;1472001;Allégården, lokal Galaxen;173;189;150;50;78;203;191;199;183;147;88;109;229;211;223;0;0;0;0;2423
14;Västra Götaland;72;Tibro;1472003;Ambulerande röstmottagning;0;0;0;0;0;0;0;7;0;0;0;0;0;0;0;0;0;0;0;7
14;Västra Götaland;72;Tibro;1472002;Biblioteket;0;0;0;0;0;0;0;0;0;0;0;0;109;191;82;0;0;0;0;382
14;Västra Götaland;73;Töreboda;1473004;Ambulerande röstmottagning;0;0;0;0;0;20;0;0;7;0;0;0;0;0;5;0;0;0;0;32
14;Västra Götaland;73;Töreboda;1473003;Moholms skolas gymnastiksal;0;0;0;0;0;0;94;0;0;0;0;0;0;0;0;0;0;0;0;94
14;Västra Götaland;73;Töreboda;1473002;Älgarås skolas gymnastiksal;0;0;0;0;0;0;0;0;42;0;0;0;0;0;0;0;0;0;0;42
14;Västra Götaland;80;Göteborg;1480095;Ambulerande röstmottagning;26;0;37;0;0;9;40;29;33;49;0;0;154;187;139;0;0;0;0;703
14;Västra Götaland;80;Göteborg;1480022;Anstalten Skogome;0;94;0;0;0;55;0;0;0;0;0;0;0;0;0;0;0;0;0;149
14;Västra Götaland;80;Göteborg;1480004;Askims bibliotek;171;208;182;0;0;271;216;223;303;199;0;0;387;266;279;0;0;0;0;2705
14;Västra Götaland;80;Göteborg;1480023;Asperöskolan;0;0;0;0;0;0;0;0;0;0;0;0;0;0;0;0;0;0;0;0
14;Västra Götaland;80;Göteborg;1480084;Attendo Lundby Park äldreboende;0;0;0;0;0;32;0;0;0;0;0;0;0;0;0;0;0;0;0;32
14;Västra Götaland;80;Göteborg;1480085;Attendo Postflyget äldreboende;0;0;0;0;0;34;0;0;0;0;0;0;0;0;0;0;0;0;0;34
14;Västra Götaland;80;Göteborg;1480086;Attendo S:t Jörgen äldreboende;0;0;0;0;0;0;17;0;0;0;0;0;0;0;0;0;0;0;0;17
14;Västra Götaland;80;Göteborg;1480094;Attendo Ädelstenen äldreboende;0;0;47;0;0;0;0;0;0;0;0;0;0;0;0;0;0;0;0;47
14;Västra Götaland;80;Göteborg;1480002;Axelhuset;307;278;202;124;166;279;257;336;263;215;216;246;404;423;499;0;0;0;0;4215
14;Västra Götaland;80;Göteborg;1480096;Bagaregårdens Vårdboende;0;0;0;0;0;32;0;0;0;0;0;0;0;0;0;0;0;0;0;32
14;Västra Götaland;80;Göteborg;1480025;Biskopsgårdens bibliotek;197;162;91;108;0;211;188;179;216;147;126;0;267;288;322;0;0;0;0;2502
14;Västra Götaland;80;Göteborg;1480090;Bjölas vårdboende;0;0;0;0;0;0;0;0;0;47;0;0;0;0;0;0;0;0;0;47
14;Västra Götaland;80;Göteborg;1480021;Bräcke vårdboende Västergården;0;0;0;0;0;0;0;0;0;0;0;0;0;7;0;0;0;0;0;7
14;Västra Götaland;80;Göteborg;1480101;Eklövet;0;0;0;0;0;0;45;0;31;0;79;0;0;69;0;0;0;0;0;224
14;Västra Götaland;80;Göteborg;1480091;Fiskebäcks äldreboende;0;0;0;0;0;30;0;0;0;0;0;0;0;0;0;0;0;0;0;30
14;Västra Götaland;80;Göteborg;1480052;Fridkullas Vårdboende;0;0;0;0;0;0;0;0;0;0;0;0;0;36;0;0;0;0;0;36
14;Västra Götaland;80;Göteborg;1480103;Friskväderstorget;0;53;40;0;0;0;0;0;64;33;0;0;68;0;0;0;0;0;0;258
14;Västra Götaland;80;Göteborg;1480003;Frölunda Kulturhus;220;228;124;239;0;0;241;223;207;198;264;0;0;343;378;0;0;0;0;2665
14;Västra Götaland;80;Göteborg;1480081;Frölunda Torg köpcenter;741;674;732;645;847;960;918;1012;1028;1044;895;1006;1268;1395;1471;0;0;0;0;14636
14;Västra Götaland;80;Göteborg;1480065;Gamlestadens bibliotek;151;144;73;85;0;134;159;156;144;102;159;0;240;299;331;0;0;0;0;2177
14;Västra Götaland;80;Göteborg;1480053;Gerdas Gård Vårdboende;0;0;0;0;0;0;52;0;0;0;0;0;0;0;0;0;0;0;0;52
14;Västra Götaland;80;Göteborg;1480054;Granlidens Vårdboende;0;0;36;0;0;0;0;0;0;0;0;0;0;0;0;0;0;0;0;36
14;Västra Götaland;80;Göteborg;1480055;Grevegårdens Vårdboende;0;0;0;0;0;24;0;0;0;0;0;0;0;0;0;0;0;0;0;24
14;Västra Götaland;80;Göteborg;1480075;Guldhedens bibliotek;168;285;139;123;0;234;186;130;202;132;184;0;319;426;274;0;0;0;0;2802
14;Västra Götaland;80;Göteborg;1480039;Gunnareds Vårdboende;0;0;0;0;0;0;0;0;0;37;0;0;0;0;0;0;0;0;0;37
14;Västra Götaland;80;Göteborg;1480026;Hammarkullens bibliotek;97;100;96;66;0;96;108;120;90;100;51;0;135;150;131;0;0;0;0;1340
14;Västra Götaland;80;Göteborg;1480036;Hjalmar Brantingsplatsen;376;453;276;203;243;414;391;410;477;426;297;340;484;495;494;0;0;0;0;5779
14;Västra Götaland;80;Göteborg;1480027;Hjällbo bibliotek;129;96;100;0;124;160;190;148;92;109;0;132;243;223;207;0;0;0;0;1953
14;Västra Götaland;80;Göteborg;1480100;Hotell Kusten;0;57;0;0;0;0;0;52;0;0;0;0;0;0;0;0;0;0;0;109
14;Västra Götaland;80;Göteborg;1480070;Häktet;0;54;53;0;0;0;0;0;64;0;0;0;50;0;0;0;0;0;0;221
14;Västra Götaland;80;Göteborg;1480040;Häktet Högsbo;0;0;48;0;0;0;0;0;0;0;0;0;0;0;0;0;0;0;0;48
14;Västra Götaland;80;Göteborg;1480092;Högsbotorps vårdboende;0;0;0;0;0;0;37;0;0;0;0;0;0;0;0;0;0;0;0;37
14;Västra Götaland;80;Göteborg;1480097;Järnbrottshus Vårdboende;0;0;0;0;0;0;0;14;0;0;0;0;0;0;0;0;0;0;0;14
14;Västra Götaland;80;Göteborg;1480057;Järntorget;609;709;477;340;390;569;632;720;775;723;463;504;835;858;815;0;0;0;0;9419
14;Västra Götaland;80;Göteborg;1480032;Kaverös Ängs Vårdboende;0;0;0;0;0;0;0;19;0;0;0;0;0;0;0;0;0;0;0;19
14;Västra Götaland;80;Göteborg;1480072;Kortedala bibliotek;176;264;188;0;165;260;270;184;279;214;0;282;394;377;258;0;0;0;0;3311
14;Västra Götaland;80;Göteborg;1480028;Kulturhuset Bergsjön;122;95;96;61;71;134;162;164;144;143;149;147;148;269;290;0;0;0;0;2195
14;Västra Götaland;80;Göteborg;1480071;Kulturhuset Blå Stället;272;307;301;280;251;351;383;349;366;325;320;355;407;415;500;0;0;0;0;5182
14;Västra Götaland;80;Göteborg;1480014;Kulturhuset Kåken;396;364;253;215;272;361;336;386;326;386;311;428;550;612;762;0;0;0;0;5958
14;Västra Götaland;80;Göteborg;1480066;Kulturpunkten Tuve;160;228;117;0;0;269;180;224;237;143;0;0;345;205;242;0;0;0;0;2350
14;Västra Götaland;80;Göteborg;1480045;Kulturrummet Gårdsten;0;81;0;0;0;0;103;0;0;0;222;0;0;1;0;0;0;0;0;407
14;Västra Götaland;80;Göteborg;1480058;Kvibergs Vårdboende;0;0;0;0;0;27;0;0;0;0;0;0;0;0;0;0;0;0;0;27
14;Västra Götaland;80;Göteborg;1480024;Kyrkbyns bibliotek;162;304;0;0;0;244;155;176;267;0;0;0;371;215;253;0;0;0;0;2147
14;Västra Götaland;80;Göteborg;1480104;Kärra sim- och sporthall;137;0;152;0;0;192;0;259;0;269;0;0;346;0;379;0;0;0;0;1734
14;Västra Götaland;80;Göteborg;1480056;Kärrahus Vårdboende;0;0;0;0;0;0;0;0;57;0;0;0;0;0;0;0;0;0;0;57
14;Västra Götaland;80;Göteborg;1480105;Lagerhusets bibliotek;171;124;69;42;0;88;104;111;98;76;88;0;267;248;415;0;0;0;0;1901
14;Västra Götaland;80;Göteborg;1480082;Landala Vårdboende;0;0;0;0;0;0;0;0;0;37;0;0;0;0;0;0;0;0;0;37
14;Västra Götaland;80;Göteborg;1480031;Lundby bibliotek;279;249;180;161;0;265;251;268;231;191;248;0;364;416;459;0;0;0;0;3562
14;Västra Götaland;80;Göteborg;1480098;Länsmanshuset;0;0;0;0;0;0;40;66;0;0;62;0;0;157;0;0;0;0;0;325
14;Västra Götaland;80;Göteborg;1480047;Lövgärdets Vårdboende;0;0;0;0;0;0;0;0;0;0;0;0;0;29;0;0;0;0;0;29
14;Västra Götaland;80;Göteborg;1480001;Majornas bibliotek;393;385;260;202;0;394;398;401;375;331;313;0;582;616;617;0;0;0;0;5267
14;Västra Götaland;80;Göteborg;1480012;Mötesplats Vintergatan;1;162;81;198;227;281;0;0;228;180;285;358;422;0;0;0;0;0;0;2423
14;Västra Götaland;80;Göteborg;1480015;Neuberghska Bambergerska boende;0;0;0;0;0;0;0;0;0;0;0;0;0;44;0;0;0;0;0;44
14;Västra Götaland;80;Göteborg;1480080;Nordstan;1307;1290;1235;1059;981;1230;1362;1374;1309;1398;1246;1222;1677;1849;1993;0;0;0;0;20532
14;Västra Götaland;80;Göteborg;1480060;Nya Hovås;146;135;175;126;177;0;241;187;137;264;166;235;0;483;377;0;0;0;0;2849
14;Västra Götaland;80;Göteborg;1480018;Nya Varvets Vårdboende;0;0;0;0;0;0;0;0;35;0;0;0;0;0;0;0;0;0;0;35
14;Västra Götaland;80;Göteborg;1480008;Olskrokstorget;437;496;284;202;214;379;394;435;438;438;318;370;595;576;630;0;0;0;0;6206
14;Västra Götaland;80;Göteborg;1480106;Otium Vårdboende;0;0;30;0;0;0;0;0;0;0;0;0;0;0;0;0;0;0;0;30
14;Västra Götaland;80;Göteborg;1480099;Rymdtorget daglig verksamhet;0;0;0;0;0;0;0;21;0;0;0;0;0;0;0;0;0;0;0;21
14;Västra Götaland;80;Göteborg;1480007;Räddningsmissionen;0;10;0;0;0;0;0;0;0;0;0;0;0;0;0;0;0;0;0;10
14;Västra Götaland;80;Göteborg;1480041;Rättsmedicinalverkets rättspsykiatri;0;0;0;0;0;0;10;0;0;0;0;0;0;0;0;0;0;0;0;10
14;Västra Götaland;80;Göteborg;1480033;Rågården rättspsykiatri;0;0;0;0;0;0;0;72;0;0;0;0;0;0;0;0;0;0;0;72
14;Västra Götaland;80;Göteborg;1480087;Sekelbo vårdboende;0;0;0;0;0;0;0;0;32;0;0;0;0;0;0;0;0;0;0;32
14;Västra Götaland;80;Göteborg;1480064;Selma Lagerlöfs Center;293;278;187;0;229;313;303;278;271;231;0;358;395;447;454;0;0;0;0;4037
14;Västra Götaland;80;Göteborg;1480020;Silvergruvans Vårdboende;0;0;0;0;0;0;11;0;0;0;0;0;0;0;0;0;0;0;0;11
14;Västra Götaland;80;Göteborg;1480013;Solgläntans Vårdboende;0;0;0;0;0;27;0;0;0;0;0;0;0;0;0;0;0;0;0;27
14;Västra Götaland;80;Göteborg;1480017;Solängens Vårdboende;0;0;0;0;0;0;19;0;0;0;0;0;0;0;0;0;0;0;0;19
14;Västra Götaland;80;Göteborg;1480073;Stadsbiblioteket;845;828;464;497;582;774;828;966;834;939;831;1006;1163;1272;1443;0;0;0;0;13272
14;Västra Götaland;80;Göteborg;1480011;Stadsmissionen Mötesplats Centrum;0;0;0;0;0;0;0;0;47;0;0;0;0;0;0;0;0;0;0;47
14;Västra Götaland;80;Göteborg;1480076;Styrsö församlingshem;0;98;0;0;0;130;0;0;113;0;0;0;169;0;0;0;0;0;0;510
14;Västra Götaland;80;Göteborg;1480042;Svaleboskogens Vårdboende;0;0;0;0;0;0;0;0;0;32;0;0;0;0;0;0;0;0;0;32
14;Västra Götaland;80;Göteborg;1480010;Svartedalens Vårdboende;0;0;0;0;0;0;0;0;0;0;0;0;0;60;0;0;0;0;0;60
14;Västra Götaland;80;Göteborg;1480009;Södra Skärgårdens Vårdboende;0;0;0;0;0;0;0;0;0;16;0;0;0;0;0;0;0;0;0;16
14;Västra Götaland;80;Göteborg;1480034;Torslanda bibliotek;295;338;304;234;0;432;495;357;451;413;397;0;669;727;500;0;0;0;0;5612
14;Västra Götaland;80;Göteborg;1480067;Trulsegårdsskolan;0;59;0;0;0;0;0;0;76;0;0;0;64;0;0;0;0;0;0;199
14;Västra Götaland;80;Göteborg;1480077;Uggledals Vårdboende;0;0;0;0;0;0;0;27;0;0;0;0;0;0;0;0;0;0;0;27
14;Västra Götaland;80;Göteborg;1480089;Vardaga Sisjödal äldreboende;0;0;45;0;0;0;0;0;0;0;0;0;0;0;0;0;0;0;0;45
14;Västra Götaland;80;Göteborg;1480088;Vardaga Villa Ekeberg äldreboende;0;0;0;0;0;0;11;0;0;0;0;0;0;0;0;0;0;0;0;11
14;Västra Götaland;80;Göteborg;1480019;Vardaga Villa Hovås äldreboende;0;0;22;0;0;0;0;0;0;0;0;0;0;0;0;0;0;0;0;22
14;Västra Götaland;80;Göteborg;1480093;Vardaga Villa Höjden äldreboende;0;0;0;0;0;0;0;0;42;0;0;0;0;0;0;0;0;0;0;42
14;Västra Götaland;80;Göteborg;1480078;Vardaga Villa Kviberg;0;0;0;0;0;32;0;0;0;0;0;0;0;0;0;0;0;0;0;32
14;Västra Götaland;80;Göteborg;1480037;Vasahemmet;0;28;0;0;0;0;0;0;0;0;0;0;0;0;0;0;0;0;0;28
14;Västra Götaland;80;Göteborg;1480107;Vegahusen Vårboende;0;0;0;0;0;0;0;0;0;77;0;0;0;0;0;0;0;0;0;77
14;Västra Götaland;80;Göteborg;1480006;Vrångöhuset;0;0;0;0;0;0;0;0;0;0;0;0;0;0;0;0;0;0;0;0
14;Västra Götaland;80;Göteborg;1480108;Änggårdsbacken Vårdboende;0;0;0;0;0;0;0;0;0;51;0;0;0;0;0;0;0;0;0;51
14;Västra Götaland;80;Göteborg;1480016;Åkerhus Vårdboende;0;0;0;0;0;0;0;0;0;28;0;0;0;0;0;0;0;0;0;28
14;Västra Götaland;81;Mölndal;1481014;Aktiviteten;177;154;102;116;0;131;182;170;152;214;210;0;323;330;489;0;0;0;0;2750
14;Västra Götaland;81;Mölndal;1481012;Ambulerande röstmottagning;5;8;0;0;0;3;5;5;13;3;0;0;4;10;5;0;0;0;0;61
14;Västra Götaland;81;Mölndal;1481003;Berzelius äldreboende;0;0;0;0;0;47;0;0;0;0;0;0;0;0;0;0;0;0;0;47
14;Västra Götaland;81;Mölndal;1481006;Brogårdens äldreboende;0;0;0;0;0;0;0;0;0;0;0;0;35;0;0;0;0;0;0;35
14;Västra Götaland;81;Mölndal;1481005;Eklanda äldreboende;0;0;0;0;0;0;0;31;0;0;0;0;0;0;0;0;0;0;0;31
14;Västra Götaland;81;Mölndal;1481002;Fagareds ungdomshem;0;0;0;0;0;0;19;0;0;0;0;0;0;0;0;0;0;0;0;19
14;Västra Götaland;81;Mölndal;1481007;Fässbergs äldreboende;0;0;0;0;0;0;0;0;0;0;0;0;0;0;34;0;0;0;0;34
14;Västra Götaland;81;Mölndal;1481013;GoLife Norlandia äldreboende;0;0;0;0;0;0;0;0;0;0;0;0;0;28;0;0;0;0;0;28
14;Västra Götaland;81;Mölndal;1481008;Kållereds fritidsgård;121;151;108;102;0;143;158;151;135;123;175;0;201;239;291;0;0;0;0;2098
14;Västra Götaland;81;Mölndal;1481004;Lackarebäcks äldreboende;0;0;0;0;0;0;0;0;33;0;0;0;0;0;0;0;0;0;0;33
14;Västra Götaland;81;Mölndal;1481009;Lindome centrum;153;166;158;86;0;192;201;185;155;201;144;0;295;383;362;0;0;0;0;2681
14;Västra Götaland;81;Mölndal;1481010;Mölndal galleria;466;459;426;380;390;485;510;513;533;571;497;543;780;872;923;0;0;0;0;8348
14;Västra Götaland;81;Mölndal;1481001;Sagsjöns kriminalvårdsanstalt;0;0;0;0;0;0;0;0;0;99;0;0;0;0;0;0;0;0;0;99
14;Västra Götaland;81;Mölndal;1481011;Sörgårdens äldreboende;0;0;25;0;0;0;0;0;0;0;0;0;0;0;0;0;0;0;0;25
14;Västra Götaland;82;Kungälv;1482008;Ambulerande röstmottagning;2;7;4;0;0;0;8;24;0;3;0;0;20;8;0;0;0;0;0;76
14;Västra Götaland;82;Kungälv;1482009;Båtmansgärdet;0;0;0;0;0;0;0;0;0;0;0;0;6;0;0;0;0;0;0;6
14;Västra Götaland;82;Kungälv;1482003;Diseröds Bibliotek;0;80;0;0;0;0;0;0;107;0;0;0;0;0;0;0;0;0;0;187
14;Västra Götaland;82;Kungälv;1482010;Ekhaga;0;0;0;0;0;22;0;0;0;0;0;0;0;0;0;0;0;0;0;22
14;Västra Götaland;82;Kungälv;1482002;Kongahälla Center;374;365;412;467;440;443;431;472;510;582;616;612;707;699;779;0;0;0;0;7909
14;Västra Götaland;82;Kungälv;1482001;Kärna bygdegård;0;103;0;0;0;100;94;0;184;0;0;0;0;275;0;0;0;0;0;756
14;Västra Götaland;82;Kungälv;1482011;Kärna Äldreboende;0;0;0;0;0;0;0;21;0;0;0;0;0;0;0;0;0;0;0;21
14;Västra Götaland;82;Kungälv;1482006;Marstrands församlingsgård;0;67;0;0;0;0;59;0;61;0;0;0;0;43;0;0;0;0;0;230
14;Västra Götaland;82;Kungälv;1482004;Mimers hus;156;158;115;0;0;193;228;206;247;239;0;0;321;314;358;0;0;0;0;2535
14;Västra Götaland;82;Kungälv;1482012;Ranrikegården;0;13;0;0;0;0;0;0;0;0;0;0;0;0;0;0;0;0;0;13
14;Västra Götaland;82;Kungälv;1482013;Solhaga;0;0;37;0;0;0;0;0;0;0;0;0;0;0;0;0;0;0;0;37
14;Västra Götaland;82;Kungälv;1482007;Stadshuset;103;115;92;0;0;89;80;110;0;0;0;0;214;193;164;0;0;0;0;1160
14;Västra Götaland;82;Kungälv;1482005;Ytterby Bibliotek;60;65;0;0;0;0;88;58;69;0;0;0;0;196;129;0;0;0;0;665
14;Västra Götaland;82;Kungälv;1482014;Ytterbyhemmet;43;0;0;0;0;0;0;0;0;0;0;0;0;0;0;0;0;0;0;43
14;Västra Götaland;82;Kungälv;1482015;Ängegärde vård- och omsorgsboende;0;0;0;0;0;0;0;0;0;44;0;0;0;0;0;0;0;0;0;44
14;Västra Götaland;84;Lysekil;1484004;Ambulerande röstmottagning;0;0;2;0;0;0;0;17;13;24;0;0;1;0;20;0;0;0;0;77
14;Västra Götaland;84;Lysekil;1484003;Folkets Hus - Brastad;66;51;61;0;0;75;62;104;103;59;0;0;130;150;106;0;0;0;0;967
14;Västra Götaland;84;Lysekil;1484001;Kommunhuset Lysekil;207;187;187;117;65;213;216;258;219;231;143;106;253;310;292;0;0;0;0;3004
14;Västra Götaland;84;Lysekil;1484002;Skaftö församlingshem;60;45;55;0;0;50;50;66;63;66;0;0;52;70;0;0;0;0;0;577
14;Västra Götaland;85;Uddevalla;1485006;Ambulerande röstmottagning;0;0;0;0;0;0;0;40;0;9;0;0;6;14;48;0;0;0;0;117
14;Västra Götaland;85;Uddevalla;1485001;Bohusläns museum;265;221;131;187;199;176;166;327;300;192;215;249;228;249;607;0;0;0;0;3712
14;Västra Götaland;85;Uddevalla;1485003;Dalabergs bibliotek;59;89;120;0;0;87;95;92;88;122;0;0;160;133;132;0;0;0;0;1177
14;Västra Götaland;85;Uddevalla;1485004;Kontaktcenter Rådhuset;151;139;111;0;0;147;137;154;154;155;73;0;205;214;224;0;0;0;0;1864
14;Västra Götaland;85;Uddevalla;1485005;Ljungskilegården;86;90;73;68;0;103;119;120;131;124;94;0;206;216;203;0;0;0;0;1633
14;Västra Götaland;85;Uddevalla;1485002;Torp köpcentrum, Västra Torp;350;389;463;514;378;472;410;449;461;613;587;565;593;742;722;0;0;0;0;7708
14;Västra Götaland;86;Strömstad;1486003;Ambulerande röstmottagning;0;0;0;0;0;0;0;0;0;10;0;0;0;8;1;0;0;0;0;19
14;Västra Götaland;86;Strömstad;1486002;Kosters Sportklubb;0;0;0;0;0;0;0;0;0;0;0;0;0;0;0;0;0;0;0;0
14;Västra Götaland;86;Strömstad;1486001;Pilen 5 ( sjukhusfastigheten);217;265;270;161;172;284;274;296;276;283;185;187;375;348;413;0;0;0;0;4006
14;Västra Götaland;87;Vänersborg;1487009;Ambulerande röstmottagning;0;0;9;0;0;0;21;27;20;37;0;0;0;19;6;0;0;0;0;139
14;Västra Götaland;87;Vänersborg;1487001;Arena Vänersborg;368;426;260;233;238;304;368;331;415;351;301;333;429;583;605;0;0;0;0;5545
14;Västra Götaland;87;Vänersborg;1487005;Brinkåsen;0;0;0;0;0;0;0;0;0;0;0;0;0;0;0;0;0;0;0;0
14;Västra Götaland;87;Vänersborg;1487002;Brålanda bibliotek;0;95;0;0;0;0;220;0;214;0;0;0;0;353;0;0;0;0;0;882
14;Västra Götaland;87;Vänersborg;1487004;Kriminalvårdsanstalten Brinkeberg;0;0;0;0;0;0;0;0;0;109;0;0;0;0;0;0;0;0;0;109
14;Västra Götaland;87;Vänersborg;1487003;Kriminalvårdsanstalten Östragård;0;0;0;0;0;0;0;0;67;0;0;0;81;0;0;0;0;0;0;148
14;Västra Götaland;87;Vänersborg;1487008;SiS ungdomshem Brättegården;0;0;0;0;0;0;0;0;0;0;0;0;0;19;0;0;0;0;0;19
14;Västra Götaland;87;Vänersborg;1487007;Vargöns bibliotek;0;231;102;0;0;0;258;0;280;87;0;0;0;385;0;0;0;0;0;1343
14;Västra Götaland;87;Vänersborg;1487006;Vänersborgs Huvudbibliotek;0;0;317;0;0;309;0;430;0;367;0;0;400;0;518;0;0;0;0;2341
14;Västra Götaland;88;Trollhättan;1488013;Ambulerande röstmottagning;0;0;0;0;0;7;9;22;7;0;0;0;0;0;0;0;0;0;0;45
14;Västra Götaland;88;Trollhättan;1488009;Edsborg Idrottsplats;290;270;217;0;0;310;262;329;330;309;0;0;480;490;568;0;0;0;0;3855
14;Västra Götaland;88;Trollhättan;1488012;Folkets hus / Kulturhuset;371;405;308;219;126;399;354;441;319;374;231;219;496;481;584;0;0;0;0;5327
14;Västra Götaland;88;Trollhättan;1488001;Kronogården, PRO Södra;126;131;131;0;0;148;128;116;131;166;0;0;164;176;143;0;0;0;0;1560
14;Västra Götaland;88;Trollhättan;1488011;Norra Björke Bygdegård;0;0;0;0;0;0;0;0;0;0;0;0;0;0;0;0;0;0;0;0
14;Västra Götaland;88;Trollhättan;1488003;Stadshuset;0;0;0;0;0;0;0;0;0;0;0;0;0;0;0;0;0;0;0;0
14;Västra Götaland;88;Trollhättan;1488010;Överby Etagehuset;254;276;266;337;360;291;289;330;340;317;416;375;393;430;488;0;0;0;0;5162
14;Västra Götaland;89;Alingsås;1489002;Alingsås kulturhus;403;430;0;0;0;525;500;530;469;0;0;0;649;694;673;0;0;0;0;4873
14;Västra Götaland;89;Alingsås;1489004;Ambulerande röstmottagning;1;2;4;0;0;6;44;8;21;17;0;0;26;19;50;0;0;0;0;198
14;Västra Götaland;89;Alingsås;1489003;Kommunhuset;147;158;287;254;161;224;218;255;228;507;408;388;324;360;394;0;0;0;0;4313
14;Västra Götaland;89;Alingsås;1489005;Polisstation Alingsås;0;0;0;0;0;0;0;0;0;0;0;0;0;0;0;0;0;0;0;0
14;Västra Götaland;89;Alingsås;1489001;Servicekontoret i Sollebrunn;108;0;128;50;0;109;0;165;0;214;0;0;162;0;241;0;0;0;0;1177
14;Västra Götaland;90;Borås;1490029;Ambulerande röstmottagning;0;0;6;0;0;0;26;26;3;35;0;0;12;19;26;0;0;0;0;153
14;Västra Götaland;90;Borås;1490016;Anstalten Borås;0;0;0;0;0;0;0;0;0;0;0;0;138;0;0;0;0;0;0;138
14;Västra Götaland;90;Borås;1490010;Dalsjöfors folkets park;88;83;85;72;0;111;86;95;93;90;96;175;131;175;182;0;0;0;0;1562
14;Västra Götaland;90;Borås;1490025;Dalsjövägen 25;39;0;0;0;0;0;0;20;0;0;0;0;0;0;0;0;0;0;0;59
14;Västra Götaland;90;Borås;1490021;Distansgatan 7;0;0;0;0;0;5;0;0;0;0;0;0;0;0;0;0;0;0;0;5
14;Västra Götaland;90;Borås;1490004;Equmeniakyrkan i Fristad;120;160;138;70;0;149;138;146;140;103;142;0;184;179;229;0;0;0;0;1898
14;Västra Götaland;90;Borås;1490033;Fagerhultsvägen 1;0;0;19;0;0;0;0;0;0;0;0;0;0;0;0;0;0;0;0;19
14;Västra Götaland;90;Borås;1490019;Gamla Kyrkvägen 6/Nya Kyrkvägen 7;0;25;0;0;0;0;0;0;0;0;0;0;0;0;0;0;0;0;0;25
14;Västra Götaland;90;Borås;1490007;Göta, Boråshallen, Rotundan;95;100;90;0;0;108;89;75;96;89;0;0;158;148;177;0;0;0;0;1225
14;Västra Götaland;90;Borås;1490015;Hultahuset;87;69;96;0;0;84;105;82;69;90;0;0;92;126;66;0;0;0;0;966
14;Västra Götaland;90;Borås;1490031;Häkte Brodal;0;0;0;0;0;0;0;0;0;0;0;0;0;0;59;0;0;0;0;59
14;Västra Götaland;90;Borås;1490018;Häkte Sandgärdsgatan;0;0;0;0;0;0;0;0;0;0;0;0;0;31;0;0;0;0;0;31
14;Västra Götaland;90;Borås;1490014;Hässlehuset, föreningslokalen;70;61;44;0;0;72;97;67;82;39;0;0;140;118;91;0;0;0;0;881
14;Västra Götaland;90;Borås;1490027;Kapplandsgatan 8;0;0;0;0;0;19;0;0;0;0;0;0;0;0;0;0;0;0;0;19
14;Västra Götaland;90;Borås;1490024;Klintesväng 2-8;0;29;0;0;0;0;0;0;0;0;0;0;0;0;0;0;0;0;0;29
14;Västra Götaland;90;Borås;1490013;Knallelands valstuga;320;287;293;249;300;306;346;323;331;354;408;456;474;472;441;0;0;0;0;5360
14;Västra Götaland;90;Borås;1490034;Kristinegränd 7;44;0;0;0;0;0;0;0;0;0;0;0;0;0;0;0;0;0;0;44
14;Västra Götaland;90;Borås;1490026;Kvibergsgatan 17;0;0;0;0;0;40;0;0;0;0;0;0;0;0;0;0;0;0;0;40
14;Västra Götaland;90;Borås;1490023;Margaretagatan 9;0;0;0;0;0;8;0;0;0;0;0;0;0;0;0;0;0;0;0;8
14;Västra Götaland;90;Borås;1490017;Mobil förtidsröstningslokal, valbuss;60;66;98;132;140;132;100;124;110;108;133;107;91;174;115;0;0;0;0;1690
14;Västra Götaland;90;Borås;1490001;Norrbyhuset;78;94;56;0;0;84;73;75;67;43;0;0;100;99;66;0;0;0;0;835
14;Västra Götaland;90;Borås;1490030;Sandared, Simklubben SK70;73;63;61;37;0;62;58;77;71;72;85;0;94;120;127;0;0;0;0;1000
14;Västra Götaland;90;Borås;1490020;Sanderökroken 1 och 2;0;0;0;0;0;0;0;0;13;0;0;0;0;0;0;0;0;0;0;13
14;Västra Götaland;90;Borås;1490011;Sjöbohuset;89;87;66;74;0;77;75;71;77;46;0;0;108;95;96;0;0;0;0;961
14;Västra Götaland;90;Borås;1490003;Sjömarkenkyrkan, bottenvåningen;57;36;44;52;0;48;55;67;57;57;80;0;94;102;100;0;0;0;0;849
14;Västra Götaland;90;Borås;1490005;Stadsbiblioteket;225;254;201;191;226;265;247;276;235;253;228;291;395;442;438;0;0;0;0;4167
14;Västra Götaland;90;Borås;1490009;Stadshuset, receptionen;44;29;25;30;0;57;39;34;54;43;67;0;77;99;109;0;0;0;0;707
14;Västra Götaland;90;Borås;1490008;Stora torgets valstuga;458;464;398;291;152;408;459;426;462;470;338;346;508;484;488;0;0;0;0;6152
14;Västra Götaland;90;Borås;1490032;Söderkullagatan 64-66;12;0;0;0;0;0;0;0;0;0;0;0;0;0;0;0;0;0;0;12
14;Västra Götaland;90;Borås;1490012;Södra Älvsborgs Sjukhus;68;76;66;0;0;81;95;91;72;79;0;0;123;141;153;0;0;0;0;1045
14;Västra Götaland;90;Borås;1490002;Träffpunkt Simonsland;0;76;0;0;0;0;0;0;85;0;0;0;0;0;0;0;0;0;0;161
14;Västra Götaland;90;Borås;1490006;Viskafors bibliotek;50;85;57;51;0;55;73;62;67;70;67;0;63;138;54;0;0;0;0;892
14;Västra Götaland;90;Borås;1490022;Våglängdsgatan 153;0;0;24;0;0;0;0;0;0;0;0;0;0;0;0;0;0;0;0;24
14;Västra Götaland;90;Borås;1490028;Österlånggatan 4;24;0;0;0;0;0;0;0;0;0;0;0;0;0;0;0;0;0;0;24
14;Västra Götaland;91;Ulricehamn;1491003;Ambulerande röstmottagning;0;0;0;0;0;43;80;34;20;0;0;0;9;10;0;0;0;0;0;196
14;Västra Götaland;91;Ulricehamn;1491002;Förtidsröstning, centrala Ulricehamn;262;302;325;148;131;287;304;334;281;408;199;199;405;497;473;0;0;0;0;4555
14;Västra Götaland;91;Ulricehamn;1491001;Valbussen;71;48;60;35;0;95;148;92;115;109;78;96;107;98;128;0;0;0;0;1280
14;Västra Götaland;92;Åmål;1492010;Adolfsberg Särskilt boende;0;0;0;0;0;11;0;0;0;0;0;0;0;0;0;0;0;0;0;11
14;Västra Götaland;92;Åmål;1492008;Ambulerande röstmottagning;0;2;0;0;0;2;0;2;0;0;0;0;0;0;0;0;0;0;0;6
14;Västra Götaland;92;Åmål;1492001;Edsleskogs prästgård;0;0;0;0;0;0;55;0;0;0;0;0;0;0;0;0;0;0;0;55
14;Västra Götaland;92;Åmål;1492002;Fengersfors Folkets hus;0;0;0;0;0;101;0;0;0;0;0;0;0;0;0;0;0;0;0;101
14;Västra Götaland;92;Åmål;1492014;Illern Särskilt boende;0;0;0;0;0;0;0;0;3;0;0;0;0;0;0;0;0;0;0;3
14;Västra Götaland;92;Åmål;1492005;Konsthallen;227;236;209;92;106;202;231;239;231;221;169;130;283;310;372;0;0;0;0;3258
14;Västra Götaland;92;Åmål;1492004;Mo-Berga Bygdegård;0;0;0;0;0;0;0;43;0;0;0;0;0;0;0;0;0;0;0;43
14;Västra Götaland;92;Åmål;1492012;Opus/Nova Daglig verksamhet;0;0;0;0;0;0;6;0;0;0;0;0;0;0;0;0;0;0;0;6
14;Västra Götaland;92;Åmål;1492009;Solsäter Särskilt boende;0;0;9;0;0;0;0;0;0;0;0;0;0;0;0;0;0;0;0;9
14;Västra Götaland;92;Åmål;1492006;Stadshuset;0;0;0;0;0;0;0;0;0;0;0;0;0;0;0;0;0;0;0;0
14;Västra Götaland;92;Åmål;1492015;Tjuke Särskilt boende;0;0;0;0;0;0;0;0;0;0;0;0;0;12;0;0;0;0;0;12
14;Västra Götaland;92;Åmål;1492011;Viljan Daglig verksamhet;0;0;0;0;0;0;4;0;0;0;0;0;0;0;0;0;0;0;0;4
14;Västra Götaland;92;Åmål;1492013;Åmålsgården Särskilt boende;0;0;0;0;0;0;0;31;0;0;0;0;0;0;0;0;0;0;0;31
14;Västra Götaland;92;Åmål;1492003;Ånimskogs Bygdegård;0;0;0;0;0;0;0;0;48;0;0;0;0;0;0;0;0;0;0;48
14;Västra Götaland;93;Mariestad;1493004;Ambulerande röstmottagning;0;0;0;0;0;0;5;6;5;19;0;0;12;8;6;0;0;0;0;61
14;Västra Götaland;93;Mariestad;1493003;Anstalten Johannesberg;0;0;0;0;0;0;0;72;0;0;0;0;0;0;0;0;0;0;0;72
14;Västra Götaland;93;Mariestad;1493002;Anstalten Rödjan;0;0;0;0;0;0;0;0;87;110;0;0;0;17;0;0;0;0;0;214
14;Västra Götaland;93;Mariestad;1493001;Stadshuset;353;332;295;182;139;449;381;466;426;421;242;189;613;637;784;0;0;0;0;5909
14;Västra Götaland;94;Lidköping;1494004;Ambulerande röstmottagning;0;0;0;0;0;0;0;0;0;0;0;0;0;0;0;0;0;0;0;0
14;Västra Götaland;94;Lidköping;1494001;Stadshuset;581;617;562;251;290;697;678;895;698;703;406;453;1018;1069;1233;0;0;0;0;10151
14;Västra Götaland;95;Skara;1495007;Ambulerande röstmottagning;0;0;0;0;0;8;12;3;0;0;0;0;6;34;0;0;0;0;0;63
14;Västra Götaland;95;Skara;1495001;Ardalaskolan;0;0;0;0;0;0;0;0;63;0;0;0;0;0;0;0;0;0;0;63
14;Västra Götaland;95;Skara;1495003;Husaren;0;0;0;0;0;0;0;104;0;0;0;0;0;0;0;0;0;0;0;104
14;Västra Götaland;95;Skara;1495008;Mötesplats Solrosen;0;0;0;0;0;0;0;0;0;0;0;0;0;0;0;0;0;0;0;0
14;Västra Götaland;95;Skara;1495006;Skara stadshus aulan;239;230;225;125;69;304;251;316;317;337;136;159;404;441;427;0;0;0;0;3980
14;Västra Götaland;95;Skara;1495004;Teglagården;0;0;0;0;0;0;0;0;0;0;0;0;39;0;0;0;0;0;0;39
14;Västra Götaland;95;Skara;1495002;Vallegården;0;0;0;0;0;130;0;0;0;0;0;0;0;0;0;0;0;0;0;130
14;Västra Götaland;95;Skara;1495005;Varnhemsskolan;0;51;0;0;0;0;0;0;0;0;0;0;0;0;0;0;0;0;0;51
14;Västra Götaland;96;Skövde;1496020;Ambulerande röstmottagning;0;10;11;0;0;0;0;4;4;5;0;0;0;5;9;0;0;0;0;48
14;Västra Götaland;96;Skövde;1496021;Arena Skövde;518;497;320;250;302;603;521;570;591;625;439;588;773;846;894;0;0;0;0;8337
14;Västra Götaland;96;Skövde;1496005;Biblioteket, Stöpen;0;0;0;0;0;0;0;0;0;0;0;0;191;135;0;0;0;0;0;326
14;Västra Götaland;96;Skövde;1496013;Biblioteket, Södra Ryd;0;0;0;0;0;0;0;0;0;0;0;0;0;0;247;0;0;0;0;247
14;Västra Götaland;96;Skövde;1496014;Kommunalhuset, Skultorp;0;0;0;0;0;0;0;0;0;0;0;0;0;0;238;0;0;0;0;238
14;Västra Götaland;96;Skövde;1496012;Kyrkans Hus Värsås;0;0;0;0;0;0;0;0;0;0;0;0;0;0;86;0;0;0;0;86
14;Västra Götaland;96;Skövde;1496011;Skaraborgs Sjukhus;0;0;0;0;0;0;0;74;0;0;0;0;0;0;113;0;0;0;0;187
14;Västra Götaland;96;Skövde;1496002;Skaraborgs läns sjukhem;0;0;0;0;0;0;0;0;0;19;0;0;0;0;0;0;0;0;0;19
14;Västra Götaland;96;Skövde;1496018;Skövde Kulturhus;0;0;0;0;0;0;0;0;0;0;0;0;342;323;357;0;0;0;0;1022
14;Västra Götaland;96;Skövde;1496017;Skövde kulturfabrik;145;152;137;122;0;163;169;152;157;208;141;0;187;204;174;0;0;0;0;2111
14;Västra Götaland;96;Skövde;1496022;Soldathemmet;0;42;0;0;0;0;0;48;0;0;0;0;0;0;0;0;0;0;0;90
14;Västra Götaland;96;Skövde;1496006;Sventorps församlingshem;0;0;0;0;0;0;0;0;0;0;0;0;0;0;66;0;0;0;0;66
14;Västra Götaland;96;Skövde;1496016;Tidans församlingshem;0;0;0;0;0;0;0;0;0;0;0;0;151;158;0;0;0;0;0;309
14;Västra Götaland;96;Skövde;1496015;Timmersdala församlingshem;0;0;0;0;0;0;0;0;0;0;0;0;135;122;0;0;0;0;0;257
14;Västra Götaland;96;Skövde;1496004;Värings skola;0;0;0;0;0;0;0;0;0;0;0;0;104;79;0;0;0;0;0;183
14;Västra Götaland;96;Skövde;1496019;Äldreboende Billingsdal;0;0;0;0;0;12;0;0;0;0;0;0;0;0;0;0;0;0;0;12
14;Västra Götaland;96;Skövde;1496008;Äldreboende Boken;0;0;0;0;0;0;27;0;0;0;0;0;0;0;0;0;0;0;0;27
14;Västra Götaland;96;Skövde;1496001;Äldreboende Ekedal;0;46;0;0;0;0;0;0;0;0;0;0;0;0;0;0;0;0;0;46
14;Västra Götaland;96;Skövde;1496007;Äldreboende Hentorp;0;0;0;0;0;0;0;0;25;0;0;0;0;0;0;0;0;0;0;25
14;Västra Götaland;96;Skövde;1496003;Äldreboende Norrmalm;0;0;0;0;0;0;12;0;0;0;0;0;0;0;0;0;0;0;0;12
14;Västra Götaland;96;Skövde;1496009;Äldreboende Solgården;0;0;0;0;0;0;0;0;0;33;0;0;0;0;0;0;0;0;0;33
14;Västra Götaland;96;Skövde;1496010;Äldreboende Tomtegården;0;0;0;0;0;0;0;0;0;0;0;0;33;0;0;0;0;0;0;33
14;Västra Götaland;97;Hjo;1497003;Ambulerande röstmottagning;0;0;0;0;0;10;0;0;15;0;0;0;0;0;0;0;0;0;0;25
14;Västra Götaland;97;Hjo;1497001;Kulturkvarteret, Lilla park;177;208;105;91;93;156;133;152;171;182;131;142;217;205;237;0;0;0;0;2400
14;Västra Götaland;97;Hjo;1497002;Stadshuset;0;0;0;0;0;0;0;0;0;0;0;0;0;0;0;0;0;0;0;0
14;Västra Götaland;98;Tidaholm;1498002;Ambulerande röstmottagning;2;0;2;0;0;0;2;0;3;3;0;0;0;4;4;0;0;0;0;20
14;Västra Götaland;98;Tidaholm;1498003;Hellidshemmet;0;0;0;0;0;0;0;11;0;0;0;0;0;0;0;0;0;0;0;11
14;Västra Götaland;98;Tidaholm;1498005;Lindängen;0;0;0;0;0;0;0;0;0;0;0;0;10;0;0;0;0;0;0;10
14;Västra Götaland;98;Tidaholm;1498004;Midgård;0;26;0;0;0;0;0;0;0;0;0;0;0;0;0;0;0;0;0;26
14;Västra Götaland;98;Tidaholm;1498006;Solvik;0;0;0;0;0;17;0;0;0;0;0;0;0;0;0;0;0;0;0;17
14;Västra Götaland;98;Tidaholm;1498001;Stadsbiblioteket;191;208;204;108;76;373;230;236;261;252;143;131;455;465;492;0;0;0;0;3825
14;Västra Götaland;99;Falköping;1499001;Alvershus, Åsarp;0;0;0;0;0;0;0;0;0;0;0;0;49;55;27;0;0;0;0;131
14;Västra Götaland;99;Falköping;1499011;Ambulerande röstmottagning;0;0;0;0;0;8;29;30;6;15;0;0;26;39;0;0;0;0;0;153
14;Västra Götaland;99;Falköping;1499012;Elvagården, Vartofta;0;0;0;0;0;33;38;42;38;45;0;0;0;0;0;0;0;0;0;196
14;Västra Götaland;99;Falköping;1499003;Gudhems församlingshem;0;0;0;0;0;86;49;51;56;79;0;0;0;0;0;0;0;0;0;321
14;Västra Götaland;99;Falköping;1499015;Hjelmarsrörsgatan 20;347;337;228;229;227;425;327;356;416;270;259;266;604;646;687;0;0;0;0;5624
14;Västra Götaland;99;Falköping;1499006;Kinnarps bibliotek, Kinnarpsskolan;0;0;0;0;0;0;0;0;0;0;0;0;65;90;80;0;0;0;0;235
14;Västra Götaland;99;Falköping;1499005;Kommunalhuset i Floby, nedervåningen;0;0;0;0;0;85;71;85;77;110;0;0;0;0;0;0;0;0;0;428
14;Västra Götaland;99;Falköping;1499004;Stadshuset, fullmäktiges sessionssal;0;0;0;0;0;0;0;0;0;0;0;0;0;0;0;0;0;0;0;0
14;Västra Götaland;99;Falköping;1499013;Stenstorps församlingshem;0;0;0;0;0;0;0;0;0;0;0;0;158;161;138;0;0;0;0;457
17;Värmland;15;Kil;1715002;Ambulerande röstmottagning;0;1;0;0;0;0;3;0;4;0;0;0;4;0;0;0;0;0;0;12
17;Värmland;15;Kil;1715001;Kils bibliotek;151;146;151;115;95;154;189;154;202;162;196;127;321;311;336;0;0;0;0;2810
17;Värmland;30;Eda;1730008;Ambulerande röstmottagning;1;0;0;0;0;0;1;0;1;13;0;0;7;2;2;0;0;0;0;27
17;Värmland;30;Eda;1730007;Bruksgården;0;0;0;0;0;0;0;0;65;0;0;0;0;0;0;0;0;0;0;65
17;Värmland;30;Eda;1730004;Charlottenbergs Folkets Hus;104;96;100;59;45;117;118;98;87;94;85;80;128;185;117;0;0;0;0;1513
17;Värmland;30;Eda;1730006;Gillevihallen;0;0;0;0;0;0;0;0;0;0;0;0;0;0;154;0;0;0;0;154
17;Värmland;30;Eda;1730005;Älvgården;0;0;0;0;0;0;0;0;0;0;0;0;0;176;100;0;0;0;0;276
17;Värmland;37;Torsby;1737008;Ambulerande röstmottagning;0;0;0;0;0;1;11;0;8;3;0;0;0;0;0;0;0;0;0;23
17;Värmland;37;Torsby;1737003;Biblioteket Torsby;108;143;113;47;0;146;110;121;142;160;123;0;232;276;227;0;0;0;0;1948
17;Värmland;37;Torsby;1737005;Bokbussen;12;15;0;0;38;19;45;18;0;0;0;61;16;11;26;0;0;0;0;261
17;Värmland;37;Torsby;1737001;Kommunhuset Torsby;61;73;64;0;0;51;34;30;40;36;0;0;41;66;56;0;0;0;0;552
17;Värmland;37;Torsby;1737002;Lokalkontorets reception;38;19;30;0;0;23;24;27;19;26;0;0;32;36;32;0;0;0;0;306
17;Värmland;37;Torsby;1737004;Piltzsalen, Lokalkontoret;0;0;0;0;0;0;0;0;0;0;0;0;0;0;0;0;0;0;0;0
17;Värmland;37;Torsby;1737006;Stölletskolan;0;0;0;0;0;0;0;0;0;0;0;0;0;0;0;0;0;0;0;0
17;Värmland;60;Storfors;1760002;Ambulerande röstmottagning;0;0;0;0;0;0;0;0;0;0;0;0;0;9;3;0;0;0;0;12
17;Värmland;60;Storfors;1760001;Kommunhuset;34;45;25;26;23;27;45;44;74;68;60;48;52;126;64;0;0;0;0;761
17;Värmland;61;Hammarö;1761002;Ambulerande röstmottagning;0;0;0;0;0;0;0;4;0;0;0;0;0;14;0;0;0;0;0;18
17;Värmland;61;Hammarö;1761003;Djupängen, särskilt boende;0;0;0;0;0;0;0;0;53;0;0;0;0;0;0;0;0;0;0;53
17;Värmland;61;Hammarö;1761001;Folkets hus, Hammarö kommun;238;220;220;160;159;311;226;261;276;233;199;251;438;400;593;0;0;0;0;4185
17;Värmland;62;Munkfors;1762004;Ambulerande röstmottagning;1;0;0;0;0;1;0;0;2;1;0;0;1;15;1;0;0;0;0;22
17;Värmland;62;Munkfors;1762001;Församlingshemmet Munkfors;0;0;0;0;0;0;0;0;0;0;0;0;0;0;0;0;0;0;0;0
17;Värmland;62;Munkfors;1762003;Församlingshemmet i Ransäter;0;32;0;0;0;0;0;0;0;0;74;0;0;0;0;0;0;0;0;106
17;Värmland;62;Munkfors;1762002;Munkfors kommunkontor;52;70;63;15;11;60;56;82;71;61;37;22;89;118;67;0;0;0;0;874
17;Värmland;63;Forshaga;1763005;Ambulerande röstmottagning;0;0;0;0;0;9;0;0;0;0;0;0;22;16;0;0;0;0;0;47
17;Värmland;63;Forshaga;1763002;Forshaga Lärcenter;98;103;104;77;89;101;119;149;139;116;0;170;186;327;235;0;0;0;0;2013
17;Värmland;63;Forshaga;1763006;Klarälvsgården;0;0;0;0;0;0;14;0;0;0;0;0;0;0;0;0;0;0;0;14
17;Värmland;63;Forshaga;1763004;Kommunkontoret;0;0;0;0;0;0;0;0;0;0;0;0;0;0;0;0;0;0;0;0
17;Värmland;63;Forshaga;1763003;Kulturhuset Deje;62;81;0;0;0;71;72;0;78;99;85;0;95;134;68;0;0;0;0;845
17;Värmland;63;Forshaga;1763001;Olsätersskolan;0;0;0;0;0;0;0;0;0;0;0;0;0;0;0;0;0;0;0;0
17;Värmland;64;Grums;1764005;Ambulerande röstmottagning;0;27;0;0;0;8;6;0;0;12;0;0;14;6;0;0;0;0;0;73
17;Värmland;64;Grums;1764001;Grums bibliotek;233;68;136;55;75;148;235;203;162;159;102;85;126;302;290;0;0;0;0;2379
17;Värmland;64;Grums;1764004;Mobil röstningslokal, Långsta;0;0;0;0;0;0;0;22;0;0;0;0;0;0;0;0;0;0;0;22
17;Värmland;64;Grums;1764003;Mobil röstningslokal, Värmskog;29;0;0;0;0;0;0;0;0;0;0;0;0;0;43;0;0;0;0;72
17;Värmland;65;Årjäng;1765010;Ambulerande röstmottagning;0;0;0;0;0;0;0;0;0;0;0;0;0;33;1;0;0;0;0;34
17;Värmland;65;Årjäng;1765001;Biblioteket Töcksfors;0;71;0;0;64;82;0;0;121;0;0;92;115;0;0;0;0;0;0;545
17;Värmland;65;Årjäng;1765002;Biblioteket Årjäng;120;113;135;40;0;140;99;113;112;151;60;0;172;230;196;0;0;0;0;1681
17;Värmland;65;Årjäng;1765003;Böns föredetta skola, Östervallskog;0;0;0;0;0;0;0;0;0;0;0;0;0;0;0;0;0;0;0;0
17;Värmland;65;Årjäng;1765006;Föreningsgården i Blomskog;0;0;0;0;0;0;0;0;0;0;0;0;0;0;0;0;0;0;0;0
17;Värmland;65;Årjäng;1765004;Holmedals skola;0;0;0;0;0;0;0;0;0;0;0;0;0;0;0;0;0;0;0;0
17;Värmland;65;Årjäng;1765007;Stommens skola, Västra Fågelvik;0;0;0;0;0;0;0;0;0;0;0;0;0;0;0;0;0;0;0;0
17;Värmland;65;Årjäng;1765008;Strömsborg, Lennartsfors;0;0;0;0;0;0;0;0;0;0;0;0;0;0;0;0;0;0;0;0
17;Värmland;65;Årjäng;1765009;Torget, Töcksfors;0;0;0;0;0;0;0;0;0;0;0;0;0;0;0;0;0;0;0;0
17;Värmland;65;Årjäng;1765005;Töcksfors skola, aulan;0;0;0;0;0;0;0;0;0;0;0;0;0;0;0;0;0;0;0;0
17;Värmland;66;Sunne;1766006;Ambulerande röstmottagning;0;0;0;0;0;0;0;0;9;5;2;61;0;0;10;0;0;0;0;87
17;Värmland;66;Sunne;1766002;Biblioteket, Galleri Björken;171;233;202;90;69;216;169;167;275;250;175;101;243;277;248;0;0;0;0;2886
17;Värmland;80;Karlstad;1780013;Ambulerande röstmottagning;16;5;0;0;0;0;6;24;32;8;0;0;12;11;0;0;0;0;0;114
17;Värmland;80;Karlstad;1780010;Bibliotekshuset;602;621;600;498;534;616;576;648;689;500;810;953;739;916;1180;0;0;0;0;10482
17;Värmland;80;Karlstad;1780012;Edsvalla Folkets hus;0;44;26;36;0;0;0;0;81;62;0;0;0;0;0;0;0;0;0;249
17;Värmland;80;Karlstad;1780001;Fröding Arena;147;144;162;0;0;148;128;177;167;139;0;0;257;275;286;0;0;0;0;2030
17;Värmland;80;Karlstad;1780014;Häktet Karlstad;0;0;0;0;0;0;0;0;0;0;0;49;22;0;0;0;0;0;0;71
17;Värmland;80;Karlstad;1780011;Ilandahallen;86;72;59;0;0;110;76;115;109;113;0;0;172;150;178;0;0;0;0;1240
17;Värmland;80;Karlstad;1780006;Molkoms bibliotek;60;76;0;0;0;98;87;76;94;0;69;0;132;151;156;0;0;0;0;999
17;Värmland;80;Karlstad;1780005;Stadsträdgården, Köpmannagatan 2;208;232;202;0;0;210;260;253;215;217;0;0;365;348;359;0;0;0;0;2869
17;Värmland;80;Karlstad;1780007;Vårt hus;60;52;65;0;0;40;114;85;89;78;86;0;126;125;148;0;0;0;0;1068
17;Värmland;80;Karlstad;1780009;Våxnäs bibliotek, entréhall;189;186;194;0;0;224;209;262;215;217;0;0;329;336;339;0;0;0;0;2700
17;Värmland;80;Karlstad;1780002;Älvenäs bygdegård;0;0;0;0;0;111;48;119;0;40;76;0;130;119;108;0;0;0;0;751
17;Värmland;80;Karlstad;1780004;Älvkullegymnasiets huvudentré;133;162;0;0;0;203;171;201;220;0;0;0;344;344;348;0;0;0;0;2126
17;Värmland;81;Kristinehamn;1781018;Ambulerande röstmottagning;0;0;0;0;0;0;7;0;0;3;0;0;4;0;8;0;0;0;0;22
17;Värmland;81;Kristinehamn;1781017;Biblioteket;0;0;0;0;0;0;0;0;0;0;0;0;0;0;0;0;0;0;0;0
17;Värmland;81;Kristinehamn;1781011;Bokbussen;0;9;0;0;10;20;20;68;0;0;28;50;16;0;10;0;0;0;0;231
17;Värmland;81;Kristinehamn;1781006;Hörsalen Nämndhuset (biblioteket);252;235;234;106;128;330;255;243;296;255;137;155;411;421;410;0;0;0;0;3868
17;Värmland;81;Kristinehamn;1781005;Kolgården;0;0;0;0;0;0;0;0;29;0;0;0;0;0;0;0;0;0;0;29
17;Värmland;81;Kristinehamn;1781016;Merkuriushuset;133;182;182;124;0;162;167;188;181;176;197;0;221;262;301;0;0;0;0;2476
17;Värmland;81;Kristinehamn;1781010;Regnbågen;0;0;0;0;0;0;0;0;17;0;0;0;0;0;0;0;0;0;0;17
17;Värmland;81;Kristinehamn;1781003;Rudskoga servicehem;0;7;0;0;0;0;0;0;0;0;0;0;0;0;0;0;0;0;0;7
17;Värmland;81;Kristinehamn;1781019;Rättspsykiatrin Kristinehamn;0;0;0;0;0;0;0;0;0;0;0;0;0;0;0;0;0;0;0;0
17;Värmland;81;Kristinehamn;1781009;Sannagården;0;0;0;0;0;0;0;0;0;0;0;0;0;30;0;0;0;0;0;30
17;Värmland;81;Kristinehamn;1781008;Skogshyddan 1 och 2;0;8;0;0;0;0;0;0;0;0;0;0;0;0;0;0;0;0;0;8
17;Värmland;81;Kristinehamn;1781012;Sörgården;0;0;0;0;0;0;0;8;0;0;0;0;0;0;0;0;0;0;0;8
17;Värmland;81;Kristinehamn;1781007;Tapiren;0;0;0;0;0;0;0;29;0;0;0;0;0;0;0;0;0;0;0;29
17;Värmland;81;Kristinehamn;1781020;Uranus;0;0;0;0;0;0;0;0;0;0;0;0;0;33;0;0;0;0;0;33
17;Värmland;81;Kristinehamn;1781001;Ölmegården;0;0;0;0;0;0;0;0;14;0;0;0;0;0;0;0;0;0;0;14
17;Värmland;81;Kristinehamn;1781002;Öståsgården;0;6;0;0;0;0;0;0;0;0;0;0;0;0;0;0;0;0;0;6
17;Värmland;82;Filipstad;1782002;Ambulerande röstmottagning;0;0;2;0;0;0;0;0;29;8;0;0;21;2;0;0;0;0;0;62
17;Värmland;82;Filipstad;1782001;Filipstads kultur och konferens;0;27;195;0;123;395;156;176;0;171;220;152;0;241;503;0;0;0;0;2359
17;Värmland;82;Filipstad;1782004;Stålvallaskolan;0;0;0;90;0;0;0;0;99;0;0;0;0;0;0;0;0;0;0;189
17;Värmland;82;Filipstad;1782003;Åhrlundsgården;0;0;0;0;120;0;0;0;0;0;0;0;110;0;0;0;0;0;0;230
17;Värmland;83;Hagfors;1783009;Ambulerande röstmottagning;0;0;0;0;0;31;0;0;12;0;0;0;17;0;3;0;0;0;0;63
17;Värmland;83;Hagfors;1783006;Bågskytten, Ekshärad;0;14;0;0;0;0;135;0;109;40;0;0;120;0;283;0;0;0;0;701
17;Värmland;83;Hagfors;1783003;Råda skola;0;0;0;0;0;75;0;0;0;0;0;0;0;102;0;0;0;0;0;177
17;Värmland;83;Hagfors;1783001;Stadshuset i Hagfors;0;0;245;56;52;130;217;190;209;98;118;111;235;222;213;0;0;0;0;2096
17;Värmland;83;Hagfors;1783005;Sunnemo skola;0;0;0;0;0;0;0;121;0;0;0;0;0;0;0;0;0;0;0;121
17;Värmland;84;Arvika;1784005;Ambulerande röstmottagning;0;0;7;0;0;0;1;3;0;0;0;0;57;15;0;0;0;0;0;83
17;Värmland;84;Arvika;1784002;Arvika stadshus;0;0;0;0;0;0;0;0;0;0;0;0;0;0;0;0;0;0;0;0
17;Värmland;84;Arvika;1784003;Biblioteket;379;361;399;265;185;406;431;442;429;508;362;273;620;674;689;0;0;0;0;6423
17;Värmland;84;Arvika;1784001;Biblioteksbussen;0;14;8;0;0;19;3;15;0;0;0;0;16;0;23;0;0;0;0;98
17;Värmland;85;Säffle;1785005;Ambulerande röstmottagning;0;0;0;0;0;0;40;0;40;0;0;0;0;17;0;0;0;0;0;97
17;Värmland;85;Säffle;1785001;Biblioteksbussen;0;0;0;0;0;52;0;0;0;30;0;0;0;12;0;0;0;0;0;94
17;Värmland;85;Säffle;1785002;Medborgarhuset;207;221;229;101;83;286;156;359;311;224;143;144;367;390;380;0;0;0;0;3601
17;Värmland;85;Säffle;1785003;Stadshuset;0;0;0;0;0;0;0;0;0;0;0;0;0;0;0;0;0;0;0;0
18;Örebro;14;Lekeberg;1814002;Ambulerande röstmottagning;0;0;0;0;0;0;0;5;0;0;0;0;0;0;0;0;0;0;0;5
18;Örebro;14;Lekeberg;1814001;Biblioteket, Kommunhuset;0;0;265;49;61;122;84;75;152;97;48;79;193;127;129;0;0;0;0;1481
18;Örebro;60;Laxå;1860004;Ambulerande röstmottagning;0;0;0;0;0;0;0;0;0;5;0;0;2;3;2;0;0;0;0;12
18;Örebro;60;Laxå;1860003;Centralskolans matsal;0;0;0;0;0;0;0;0;0;0;0;0;0;0;0;0;0;0;0;0
18;Örebro;60;Laxå;1860001;Församlingshemmet Tived;0;0;0;0;0;0;0;0;0;0;78;0;0;0;0;0;0;0;0;78
18;Örebro;60;Laxå;1860002;Kulturtorget;80;90;84;51;92;118;105;73;91;105;0;144;147;103;106;0;0;0;0;1389
18;Örebro;61;Hallsberg;1861009;Ambulerande röstmottagning;0;0;0;0;0;0;3;2;0;6;0;0;0;7;2;0;0;0;0;20
18;Örebro;61;Hallsberg;1861001;Dagcentralen Esslatorp,Vretstorp;0;0;0;0;0;0;0;85;0;0;0;91;54;0;45;0;0;0;0;275
18;Örebro;61;Hallsberg;1861008;Dagcentralen Knuten, Hallsberg;0;0;0;0;0;0;113;0;0;0;98;0;0;0;71;0;0;0;0;282
18;Örebro;61;Hallsberg;1861003;Dagcentralen Åsen, Hallsberg;140;110;114;81;102;147;102;121;122;103;98;85;191;215;201;0;0;0;0;1932
18;Örebro;61;Hallsberg;1861004;Folkets Hus Pålsboda;0;0;0;78;0;0;0;184;0;0;92;0;0;0;0;0;0;0;0;354
18;Örebro;61;Hallsberg;1861005;Folkets Hus, Östansjö;0;0;0;0;0;0;31;0;0;0;73;0;0;76;0;0;0;0;0;180
18;Örebro;61;Hallsberg;1861002;Hjortkvarns skola;0;0;0;0;0;0;34;0;0;0;0;49;0;0;0;0;0;0;0;83
18;Örebro;61;Hallsberg;1861007;Svennevads församlingshem;0;0;0;0;0;0;0;0;0;0;0;0;0;0;80;0;0;0;0;80
18;Örebro;61;Hallsberg;1861006;Tingsgården;0;0;0;56;0;0;0;94;0;0;0;0;46;0;98;0;0;0;0;294
18;Örebro;62;Degerfors;1862004;Ambulerande röstmottagning;0;0;15;0;0;1;0;0;33;0;0;0;3;0;3;0;0;0;0;55
18;Örebro;62;Degerfors;1862003;Folkets Hus;92;99;76;76;73;109;90;143;143;108;94;96;177;208;120;0;0;0;0;1704
18;Örebro;62;Degerfors;1862002;Folkets Hus Svartå;0;0;0;0;0;15;17;12;22;11;0;0;17;25;15;0;0;0;0;134
18;Örebro;62;Degerfors;1862001;Åtorps utvecklingsgrupps lokal;0;0;0;0;0;23;12;17;23;13;0;0;13;27;28;0;0;0;0;156
18;Örebro;63;Hällefors;1863009;Ambulerande röstmottagning;0;0;0;0;0;0;0;6;10;0;0;0;1;0;2;0;0;0;0;19
18;Örebro;63;Hällefors;1863002;Björkhaga (entren);0;0;0;0;0;0;0;0;0;0;0;0;14;0;0;0;0;0;0;14
18;Örebro;63;Hällefors;1863003;Hjulsjö gamla skolan;0;0;0;0;0;0;0;0;0;0;66;0;0;0;0;0;0;0;0;66
18;Örebro;63;Hällefors;1863007;Kommunkontoret;61;89;64;0;0;95;95;82;102;111;0;0;111;123;143;0;0;0;0;1076
18;Örebro;63;Hällefors;1863004;Sörgården;0;0;0;0;0;0;0;0;0;0;0;0;0;0;0;0;0;0;0;0
18;Örebro;63;Hällefors;1863001;Tempo;25;23;28;17;24;23;21;26;30;32;45;23;37;28;52;0;0;0;0;434
18;Örebro;64;Ljusnarsberg;1864003;Ambulerande röstmottagning;0;0;0;0;0;0;15;9;33;0;0;0;3;14;2;0;0;0;0;76
18;Örebro;64;Ljusnarsberg;1864001;Kommunhuset;0;0;0;0;0;0;0;0;0;0;0;0;0;0;0;0;0;0;0;0
18;Örebro;64;Ljusnarsberg;1864002;Tingshuset;89;91;84;74;80;65;86;77;94;97;85;76;71;114;132;0;0;0;0;1315
18;Örebro;80;Örebro;1880038;Ambulerande röstmottagning;1;40;18;0;0;16;4;8;21;31;0;0;22;6;29;0;0;0;0;196
18;Örebro;80;Örebro;1880043;BEGRÄNSAT TILLTRÄDE Karlslundsgården;0;0;0;0;0;21;0;0;0;0;0;0;0;0;0;0;0;0;0;21
18;Örebro;80;Örebro;1880015;BEGRÄNSAT TILLTRÄDE: Häktet;0;0;0;0;0;0;0;0;0;0;0;0;0;0;0;0;0;0;0;0
18;Örebro;80;Örebro;1880041;BEGRÄNSAT TILLTRÄDE: Jeremiasgården;0;0;0;0;0;0;0;0;0;0;0;0;0;0;0;0;0;0;0;0
18;Örebro;80;Örebro;1880035;BEGRÄNSAT TILLTRÄDE: Karlahuset;0;0;0;0;0;0;0;0;0;0;0;0;0;0;6;0;0;0;0;6
18;Örebro;80;Örebro;1880036;BEGRÄNSAT TILLTRÄDE: Klosterbacken;0;0;0;0;0;0;0;0;0;0;0;0;40;0;0;0;0;0;0;40
18;Örebro;80;Örebro;1880034;BEGRÄNSAT TILLTRÄDE: Kornellen;0;0;0;0;0;0;0;34;0;0;0;0;0;0;0;0;0;0;0;34
18;Örebro;80;Örebro;1880013;BEGRÄNSAT TILLTRÄDE: Löwenhjelmska;23;0;0;0;0;0;0;0;0;0;0;0;0;0;0;0;0;0;0;23
18;Örebro;80;Örebro;1880040;BEGRÄNSAT TILLTRÄDE: Mikaeligården;0;18;0;0;0;0;0;0;0;0;0;0;0;0;0;0;0;0;0;18
18;Örebro;80;Örebro;1880032;BEGRÄNSAT TILLTRÄDE: Nya Sandbacken;10;0;0;0;0;0;0;0;0;0;0;0;0;0;0;0;0;0;0;10
18;Örebro;80;Örebro;1880017;BEGRÄNSAT TILLTRÄDE: Runnagården;0;0;0;0;0;0;0;21;0;0;0;0;0;0;0;0;0;0;0;21
18;Örebro;80;Örebro;1880016;BEGRÄNSAT TILLTRÄDE: Rynningeviken;0;0;0;0;0;0;0;0;0;0;0;0;0;0;0;0;0;0;0;0
18;Örebro;80;Örebro;1880018;BEGRÄNSAT TILLTRÄDE: Rättspsykiatrin;0;0;0;0;0;0;0;0;0;0;0;0;0;0;25;0;0;0;0;25
18;Örebro;80;Örebro;1880033;BEGRÄNSAT TILLTRÄDE: Sirishof;0;0;20;0;0;0;0;0;0;0;0;0;0;0;0;0;0;0;0;20
18;Örebro;80;Örebro;1880037;BEGRÄNSAT TILLTRÄDE: Stadsmissionen;18;0;0;0;0;0;0;0;15;0;0;0;0;0;0;0;0;0;0;33
18;Örebro;80;Örebro;1880024;BEGRÄNSAT TILLTRÄDE: Trädgårdarna;0;0;0;0;0;0;0;0;0;0;0;0;53;0;0;0;0;0;0;53
18;Örebro;80;Örebro;1880025;BEGRÄNSAT TILLTRÄDE: Tullhuset;0;0;0;0;0;0;0;0;0;0;0;0;0;25;0;0;0;0;0;25
18;Örebro;80;Örebro;1880027;BEGRÄNSAT TILLTRÄDE: Ängen;0;0;0;0;0;0;0;0;0;28;0;0;0;0;0;0;0;0;0;28
18;Örebro;80;Örebro;1880022;Brevens bruk, Brevensgården;0;0;0;0;44;0;0;0;0;0;0;0;0;0;0;0;0;0;0;44
18;Örebro;80;Örebro;1880026;Eurostop, Best Western;274;296;282;253;294;318;388;386;343;366;420;460;463;558;610;0;0;0;0;5711
18;Örebro;80;Örebro;1880020;Föreningen Trädet;0;0;0;147;0;0;0;0;0;0;186;0;0;0;0;0;0;0;0;333
18;Örebro;80;Örebro;1880021;Garphyttans skola;0;0;0;0;95;0;0;0;0;0;90;0;0;0;0;0;0;0;0;185
18;Örebro;80;Örebro;1880002;Glanshammars skola;0;0;0;141;0;0;0;0;0;0;257;0;0;0;0;0;0;0;0;398
18;Örebro;80;Örebro;1880014;Haga centrum;359;352;347;232;206;342;400;390;381;328;262;293;404;529;513;0;0;0;0;5338
18;Örebro;80;Örebro;1880008;Kulturkvarteret;389;364;307;138;127;330;330;336;343;245;196;169;391;523;698;0;0;0;0;4886
18;Örebro;80;Örebro;1880029;Lillåns skola;0;0;0;186;0;0;0;0;0;0;0;0;0;0;0;0;0;0;0;186
18;Örebro;80;Örebro;1880012;Marieberg Galleria;420;478;481;555;501;620;497;589;567;569;669;675;793;854;1052;0;0;0;0;9320
18;Örebro;80;Örebro;1880019;Mellringeskolan;0;0;0;0;0;0;0;0;0;0;44;64;0;0;0;0;0;0;0;108
18;Örebro;80;Örebro;1880011;Navets skola;0;0;0;0;0;0;0;0;0;0;254;329;0;0;0;0;0;0;0;583
18;Örebro;80;Örebro;1880001;Odenskolan;0;0;0;132;163;0;0;0;0;0;243;205;0;0;0;0;0;0;0;743
18;Örebro;80;Örebro;1880009;Tegelbruket, Markbackens centrum;0;0;0;140;111;0;0;0;0;0;139;164;0;0;0;0;0;0;0;554
18;Örebro;80;Örebro;1880010;Universitetet, Långhuset;0;0;0;0;0;300;328;257;266;242;0;0;430;457;491;0;0;0;0;2771
18;Örebro;80;Örebro;1880003;Universitetssjukhuset (USÖ), M-huset;310;302;218;0;0;406;314;331;350;252;0;0;517;403;453;0;0;0;0;3856
18;Örebro;80;Örebro;1880023;Vintrosa skola;0;0;0;64;0;0;0;0;0;0;0;129;0;0;0;0;0;0;0;193
18;Örebro;80;Örebro;1880005;Vinön, Vinöns gamla skola;0;0;0;0;0;0;0;0;0;0;84;0;0;0;0;0;0;0;0;84
18;Örebro;80;Örebro;1880004;Vivallaskolan, fritidsgården;0;0;0;186;117;0;0;0;0;0;173;200;0;0;0;0;0;0;0;676
18;Örebro;80;Örebro;1880028;Vågen Gallerian;480;476;489;420;285;463;468;497;452;403;507;456;547;754;830;0;0;0;0;7527
18;Örebro;80;Örebro;1880039;f.d. Ölmbrogården;0;0;0;0;0;0;0;0;0;0;0;148;0;0;0;0;0;0;0;148
18;Örebro;81;Kumla;1881004;Ambulerande röstmottagning;0;0;1;0;0;0;0;0;28;5;0;0;0;0;7;0;0;0;0;41
18;Örebro;81;Kumla;1881002;Anstalten Kumla;1;92;2;161;0;0;18;19;16;2;127;171;0;0;49;0;0;0;0;658
18;Örebro;81;Kumla;1881005;Kumla Skofabrik;0;0;0;0;0;0;34;25;0;0;0;0;0;35;46;0;0;0;0;140
18;Örebro;81;Kumla;1881001;Kumla bibliotek;346;346;282;133;125;343;353;365;451;331;192;80;523;611;544;0;0;0;0;5025
18;Örebro;82;Askersund;1882005;Ambulerande röstmottagning;2;0;0;0;0;2;3;2;0;3;0;0;0;1;0;0;0;0;0;13
18;Örebro;82;Askersund;1882001;Olshammar;0;0;0;0;0;0;0;0;35;0;0;0;0;0;0;0;0;0;0;35
18;Örebro;82;Askersund;1882003;Sjöängen;84;114;140;88;98;139;150;133;132;124;130;138;138;194;210;0;0;0;0;2012
18;Örebro;82;Askersund;1882006;Smedsgården;0;0;0;0;0;0;0;10;0;0;0;0;0;0;0;0;0;0;0;10
18;Örebro;82;Askersund;1882007;Västergården;0;0;0;0;0;0;0;10;0;0;0;0;0;0;0;0;0;0;0;10
18;Örebro;82;Askersund;1882002;Zinkgruvan;0;0;0;0;0;0;0;0;90;0;0;0;0;0;0;0;0;0;0;90
18;Örebro;82;Askersund;1882004;Åsbro skola;0;0;0;0;0;0;110;0;0;0;0;0;0;70;0;0;0;0;0;180
18;Örebro;83;Karlskoga;1883011;Ambulerande röstmottagning;0;3;5;0;0;0;17;0;16;4;0;0;36;2;39;0;0;0;0;122
18;Örebro;83;Karlskoga;1883004;Anstalten Karlskoga;0;0;0;0;0;0;140;0;0;0;0;0;0;0;0;0;0;0;0;140
18;Örebro;83;Karlskoga;1883012;Brickegårdens vårdcentral;83;77;111;0;0;112;75;128;115;109;0;0;130;124;108;0;0;0;0;1172
18;Örebro;83;Karlskoga;1883014;Bråten skolan;0;0;0;0;0;0;0;0;67;0;0;0;0;0;0;0;0;0;0;67
18;Örebro;83;Karlskoga;1883002;Karlskoga Folkhögskola - mobil;0;0;0;0;0;0;48;0;0;0;0;0;0;0;0;0;0;0;0;48
18;Örebro;83;Karlskoga;1883003;Karlskoga bibliotek;239;235;199;133;95;248;231;243;244;249;204;250;384;465;404;0;0;0;0;3823
18;Örebro;83;Karlskoga;1883013;Karlskoga konsthall;0;0;0;0;0;56;37;33;52;22;0;0;85;114;109;0;0;0;0;508
18;Örebro;83;Karlskoga;1883006;Karlskoga lasarett;185;195;170;0;0;232;231;258;264;248;0;0;354;334;343;0;0;0;0;2814
18;Örebro;83;Karlskoga;1883001;Linnebäcks Bygdegård - mobil;0;0;0;0;0;0;0;0;0;0;40;0;0;0;0;0;0;0;0;40
18;Örebro;83;Karlskoga;1883005;Möckelngymnasiet - mobil;0;0;0;0;0;0;0;25;0;0;0;0;0;0;0;0;0;0;0;25
18;Örebro;83;Karlskoga;1883008;Nickkällan - mobil;0;0;0;0;0;0;0;0;33;0;0;0;0;0;0;0;0;0;0;33
18;Örebro;83;Karlskoga;1883010;Servicecenter;0;0;0;0;0;0;0;0;0;0;0;0;0;0;0;0;0;0;0;0
18;Örebro;83;Karlskoga;1883009;Vuxnas Lärande - mobil;0;0;0;0;0;12;0;0;0;0;0;0;0;0;0;0;0;0;0;12
18;Örebro;84;Nora;1884003;Ambulerande röstmottagning;0;0;0;0;0;0;0;0;0;2;0;0;0;0;0;0;0;0;0;2
18;Örebro;84;Nora;1884002;Konsthallen;112;175;139;48;49;165;225;205;231;226;142;110;269;247;413;0;0;0;0;2756
18;Örebro;84;Nora;1884001;Mobil förtidsröstningslokal;0;0;0;0;0;0;0;0;0;0;0;0;0;0;30;0;0;0;0;30
18;Örebro;85;Lindesberg;1885006;Ambulerande röstmottagning;0;0;0;0;0;0;1;1;0;0;0;0;0;0;0;0;0;0;0;2
18;Örebro;85;Lindesberg;1885005;Anstalten Hinseberg;0;0;0;0;0;0;0;0;0;0;0;0;0;0;0;0;0;0;0;0
18;Örebro;85;Lindesberg;1885001;Ekbackens skola;0;0;0;0;0;64;54;32;31;49;0;0;66;106;37;0;0;0;0;439
18;Örebro;85;Lindesberg;1885007;Ekgården;0;0;0;0;0;0;0;0;18;0;0;0;0;0;0;0;0;0;0;18
18;Örebro;85;Lindesberg;1885004;G:a Apoteket;195;212;238;148;143;209;224;245;223;252;197;222;340;397;334;0;0;0;0;3579
18;Örebro;85;Lindesberg;1885008;Grönboda;0;0;0;0;0;0;60;0;0;0;0;0;0;0;0;0;0;0;0;60
18;Örebro;85;Lindesberg;1885002;Järnvägsstationen;0;0;0;0;0;131;133;93;135;100;0;0;166;170;93;0;0;0;0;1021
18;Örebro;85;Lindesberg;1885009;Källgården;0;0;0;0;0;20;0;0;0;0;0;0;0;0;0;0;0;0;0;20
18;Örebro;85;Lindesberg;1885013;Lindeskolan;0;0;0;0;0;0;0;0;0;72;0;0;0;0;0;0;0;0;0;72
18;Örebro;85;Lindesberg;1885003;Råsshallen;0;0;0;0;0;0;0;0;0;0;0;0;154;111;108;0;0;0;0;373
18;Örebro;85;Lindesberg;1885010;Solliden;0;0;0;0;0;0;0;0;14;0;0;0;0;0;0;0;0;0;0;14
18;Örebro;85;Lindesberg;1885011;Tallåsen;0;0;0;0;0;0;30;0;0;0;0;0;0;0;0;0;0;0;0;30
18;Örebro;85;Lindesberg;1885012;Ågården;0;0;0;0;0;29;0;0;0;0;0;0;0;0;0;0;0;0;0;29
19;Västmanland;04;Skinnskatteberg;1904004;Ambulerande röstmottagning;0;0;0;0;0;0;0;0;0;0;0;0;0;0;0;0;0;0;0;0
19;Västmanland;04;Skinnskatteberg;1904002;Gymnastiksalen, Riddarhyttans skola;0;0;0;0;0;0;0;0;0;0;0;0;0;0;0;0;0;0;0;0
19;Västmanland;04;Skinnskatteberg;1904003;Hedgården i Hed;0;0;0;0;0;0;0;0;0;0;0;0;0;0;0;0;0;0;0;0
19;Västmanland;04;Skinnskatteberg;1904001;Kommunhuset;65;74;77;17;26;87;73;79;84;88;24;43;102;93;116;0;0;0;0;1048
19;Västmanland;07;Surahammar;1907006;Ambulerande röstmottagning;0;0;0;0;0;0;0;0;0;6;0;0;0;26;0;0;0;0;0;32
19;Västmanland;07;Surahammar;1907002;Biblioteket Ramnäs;19;0;0;42;0;2;36;26;0;0;24;0;28;0;66;0;0;0;0;243
19;Västmanland;07;Surahammar;1907001;Biblioteket Virsbo;0;43;0;24;0;0;48;0;62;0;28;0;0;72;0;0;0;0;0;277
19;Västmanland;07;Surahammar;1907003;Folkan Surahammar;111;140;93;30;62;131;128;131;159;101;80;89;175;189;192;0;0;0;0;1811
19;Västmanland;07;Surahammar;1907004;Kommunkontoret, Surahammar;0;0;0;0;0;0;0;0;0;0;0;0;0;0;0;0;0;0;0;0
19;Västmanland;60;Kungsör;1960006;Ambulerande röstmottagning;0;0;0;0;0;0;0;3;0;0;0;0;0;0;0;0;0;0;0;3
19;Västmanland;60;Kungsör;1960002;Biblioteket Kungsör;118;100;103;78;84;138;176;153;93;110;108;123;144;270;154;0;0;0;0;1952
19;Västmanland;60;Kungsör;1960003;Entrén Björskogsskolans matsal;0;0;0;0;0;0;0;0;63;0;0;0;55;0;0;0;0;0;0;118
19;Västmanland;60;Kungsör;1960004;Misteln;0;0;0;0;0;0;0;0;0;0;0;35;0;0;0;0;0;0;0;35
19;Västmanland;60;Kungsör;1960007;Mötesplats Tallåsgården;0;0;16;0;0;0;0;0;0;0;0;0;0;0;0;0;0;0;0;16
19;Västmanland;60;Kungsör;1960005;Södergården;0;0;0;0;0;0;0;0;0;0;0;17;0;0;0;0;0;0;0;17
19;Västmanland;60;Kungsör;1960001;Torpa bygdegård;0;0;0;0;0;29;1;0;0;0;0;0;0;53;0;0;0;0;0;83
19;Västmanland;61;Hallstahammar;1961003;Ambulerande röstmottagning;0;0;0;0;0;3;0;0;5;0;0;0;6;21;0;0;0;0;0;35
19;Västmanland;61;Hallstahammar;1961002;Kulturhuset;230;229;193;135;80;0;339;259;268;200;142;131;0;460;354;0;0;0;0;3020
19;Västmanland;61;Hallstahammar;1961001;Stationshuset (Biblioteket), Kolbäck;72;0;127;0;0;123;0;113;0;117;0;0;160;0;254;0;0;0;0;966
19;Västmanland;62;Norberg;1962005;Ambulerande röstmottagning;0;0;0;0;0;1;0;0;0;0;0;0;0;6;1;0;0;0;0;8
19;Västmanland;62;Norberg;1962004;Björkängen;0;0;0;0;0;0;0;0;0;0;0;23;0;0;0;0;0;0;0;23
19;Västmanland;62;Norberg;1962001;Granbacken;0;0;0;0;0;0;0;0;0;0;0;6;0;0;0;0;0;0;0;6
19;Västmanland;62;Norberg;1962002;Resedan;0;0;0;0;0;0;0;0;0;0;0;21;0;0;0;0;0;0;0;21
19;Västmanland;62;Norberg;1962006;Tingshuset;77;77;54;38;35;114;61;61;73;55;39;61;128;90;108;0;0;0;0;1071
19;Västmanland;80;Västerås;1980017;Ambulerande röstmottagning;3;34;7;0;0;29;63;37;53;64;0;9;76;77;86;0;0;0;0;538
19;Västmanland;80;Västerås;1980014;Anstalten Tillberga;0;0;0;0;0;0;0;0;0;0;0;0;0;0;0;0;0;0;0;0
19;Västmanland;80;Västerås;1980001;Bäckbyhuset;172;158;170;122;140;172;186;186;189;163;150;217;263;271;252;0;0;0;0;2811
19;Västmanland;80;Västerås;1980007;Erikslund Shoppingcenter/Livli;285;308;332;448;408;393;410;464;425;468;587;610;625;675;697;0;0;0;0;7135
19;Västmanland;80;Västerås;1980016;Irstaskolan;0;0;0;183;215;0;0;0;0;0;231;336;0;0;0;0;0;0;0;965
19;Västmanland;80;Västerås;1980004;Mälardalens universitetsbibliotek;82;92;68;0;0;120;0;151;142;78;0;0;160;211;201;0;0;0;0;1305
19;Västmanland;80;Västerås;1980013;Mälarparksskolan;0;0;0;355;407;0;0;0;0;0;423;568;0;0;0;0;0;0;0;1753
19;Västmanland;80;Västerås;1980002;Persboskolan/Drömfabriken;0;0;0;169;178;0;0;0;0;0;170;214;0;0;0;0;0;0;0;731
19;Västmanland;80;Västerås;1980019;Pettersbergsskolan;0;0;0;172;71;0;0;0;0;0;118;162;0;0;0;0;0;0;0;523
19;Västmanland;80;Västerås;1980018;Piltorpsskolan;0;0;0;215;167;0;0;0;0;0;238;307;0;0;0;0;0;0;0;927
19;Västmanland;80;Västerås;1980006;Råby bibliotek;154;185;122;81;0;167;165;167;120;132;90;0;199;197;251;0;0;0;0;2030
19;Västmanland;80;Västerås;1980008;Skiljeboporten;289;339;294;0;0;380;365;394;391;350;0;0;476;558;526;0;0;0;0;4362
19;Västmanland;80;Västerås;1980010;Stadshuset, Munkgatan;269;264;227;0;0;246;262;286;246;245;0;0;260;299;375;0;0;0;0;2979
19;Västmanland;80;Västerås;1980005;Tillbergaskolan;0;0;0;155;138;0;0;0;0;0;235;236;0;0;0;0;0;0;0;764
19;Västmanland;80;Västerås;1980011;Vallby Paletten;0;0;0;132;94;0;0;0;0;0;218;188;0;0;0;0;0;0;0;632
19;Västmanland;80;Västerås;1980015;Västerås Stadsmission;0;0;0;0;0;0;0;0;0;0;0;0;0;0;0;0;0;0;0;0
19;Västmanland;80;Västerås;1980009;Västerås stadsbibliotek, Hörsalen;328;324;264;0;0;373;356;338;355;327;0;0;445;541;551;0;0;0;0;4202
19;Västmanland;80;Västerås;1980003;Västmanlands sjukhus Västerås;227;282;235;0;0;278;310;294;300;312;0;0;382;454;452;0;0;0;0;3526
19;Västmanland;80;Västerås;1980012;Växhuset;154;129;108;198;189;122;123;161;156;136;315;376;255;362;401;0;0;0;0;3185
19;Västmanland;81;Sala;1981009;Ambulerande röstmottagning;0;0;0;0;0;0;0;0;0;0;0;0;0;0;0;0;0;0;0;0
19;Västmanland;81;Sala;1981003;Församlingshemmet, Västerfärnebo;0;0;0;0;0;0;0;0;0;0;0;0;65;89;57;0;0;0;0;211
19;Västmanland;81;Sala;1981001;Kilbo skola;0;0;0;0;0;0;0;0;0;0;0;0;0;0;0;0;0;0;0;0
19;Västmanland;81;Sala;1981007;Kriminalvårdsanstalten Salberga;0;0;0;0;0;0;0;0;0;0;122;0;0;0;0;0;0;0;0;122
19;Västmanland;81;Sala;1981005;Möklinta skola;0;0;0;0;0;0;0;0;0;0;0;0;31;35;39;0;0;0;0;105
19;Västmanland;81;Sala;1981006;Ransta Nästa bygdegård;0;0;0;0;0;0;0;0;0;0;0;0;80;66;72;0;0;0;0;218
19;Västmanland;81;Sala;1981008;Rättspsykiatri Västmanland;0;0;0;0;0;0;0;0;0;0;0;0;0;0;0;0;0;0;0;0
19;Västmanland;81;Sala;1981004;Stadsbiblioteket, Sala;355;345;345;137;130;383;371;414;438;427;246;225;490;552;544;0;0;0;0;5402
19;Västmanland;82;Fagersta;1982004;Ambulerande röstmottagning;0;0;0;0;0;20;0;19;16;9;0;0;4;0;2;0;0;0;0;70
19;Västmanland;82;Fagersta;1982001;Fagersta bibliotek;202;214;172;83;63;206;212;227;221;211;129;115;275;256;297;0;0;0;0;2883
19;Västmanland;82;Fagersta;1982003;Sockenstugan, Västervåla;0;0;0;0;0;0;0;0;0;0;0;0;0;0;0;0;0;0;0;0
19;Västmanland;82;Fagersta;1982002;Sveasalongen;0;0;0;0;0;99;75;72;65;50;0;0;86;86;94;0;0;0;0;627
19;Västmanland;83;Köping;1983011;Ambulerande röstmottagning;0;0;1;0;0;1;1;0;0;0;0;0;0;1;0;0;0;0;0;4
19;Västmanland;83;Köping;1983007;Ekliden;0;0;0;0;0;0;0;0;16;0;0;0;0;0;0;0;0;0;0;16
19;Västmanland;83;Köping;1983010;Forum - Globen;196;356;341;169;153;394;213;306;375;410;303;281;408;583;618;0;0;0;0;5106
19;Västmanland;83;Köping;1983013;Forum - Övre foajén;0;0;0;0;0;0;0;0;0;0;0;0;0;0;0;0;0;0;0;0
19;Västmanland;83;Köping;1983001;Himmeta bygdegård;0;0;0;0;0;0;0;0;0;0;0;0;0;0;0;0;0;0;0;0
19;Västmanland;83;Köping;1983002;Kolsva bibliotek;74;45;57;0;0;103;45;116;100;71;0;0;155;82;179;0;0;0;0;1027
19;Västmanland;83;Köping;1983009;Nygården;0;23;0;0;0;0;0;0;0;0;0;0;0;0;0;0;0;0;0;23
19;Västmanland;83;Köping;1983005;Odensvigården;0;0;0;0;0;0;0;0;0;0;0;0;0;0;0;0;0;0;0;0
19;Västmanland;83;Köping;1983006;Sorbygården;0;0;0;0;0;0;0;13;0;0;0;0;0;0;0;0;0;0;0;13
19;Västmanland;83;Köping;1983012;Ullvigymnasiet;0;0;0;0;0;0;42;0;0;0;0;0;0;0;0;0;0;0;0;42
19;Västmanland;83;Köping;1983004;Västra Skedvi Bygdegård;0;0;0;0;0;0;0;0;0;0;0;0;0;0;0;0;0;0;0;0
19;Västmanland;83;Köping;1983008;Ängslund-Hagaberg;0;0;0;0;0;31;0;0;0;0;0;0;0;0;0;0;0;0;0;31
19;Västmanland;84;Arboga;1984004;Ambulerande röstmottagning;0;0;0;0;0;0;0;0;2;0;0;67;0;4;0;0;0;0;0;73
19;Västmanland;84;Arboga;1984002;Arboga stadsbibliotek;247;288;181;140;93;270;322;343;299;217;161;145;362;465;435;0;0;0;0;3968
20;Dalarna;21;Vansbro;2021004;Ambulerande röstmottagning;0;0;0;0;0;0;0;0;4;0;0;0;1;0;17;0;0;0;0;22
20;Dalarna;21;Vansbro;2021001;Fd. biblioteket;0;0;0;0;0;0;102;101;0;0;0;126;0;0;164;0;0;0;0;493
20;Dalarna;21;Vansbro;2021003;Finnmarksrummet, Medborgarhuset;62;58;56;57;34;74;0;0;110;145;59;0;154;132;0;0;0;0;0;941
20;Dalarna;23;Malung-Sälen;2023007;Ambulerande röstmottagning;0;13;1;0;0;19;0;0;0;0;0;0;14;13;13;0;0;0;0;73
20;Dalarna;23;Malung-Sälen;2023002;Förskolan/skolan Sörsjön;0;0;0;0;0;0;0;0;0;0;0;0;0;0;0;0;0;0;0;0
20;Dalarna;23;Malung-Sälen;2023001;Malungs bibliotek;134;105;113;117;59;149;142;164;161;157;102;89;250;277;271;0;0;0;0;2290
20;Dalarna;23;Malung-Sälen;2023004;Rörbäcksnäs skola;0;0;0;0;0;0;0;0;0;0;0;0;0;0;0;0;0;0;0;0
20;Dalarna;23;Malung-Sälen;2023003;Sälens bibliotek;65;42;71;49;22;54;66;81;59;76;50;45;117;127;114;0;0;0;0;1038
20;Dalarna;23;Malung-Sälen;2023005;Tyngsjö bydgegård;0;0;0;0;0;0;0;0;0;0;0;0;0;0;0;0;0;0;0;0
20;Dalarna;26;Gagnef;2026002;Adelborgssalen, Djurås;116;0;115;104;81;166;0;175;0;178;201;96;226;223;253;0;0;0;0;1934
20;Dalarna;26;Gagnef;2026003;Ambulerande röstmottagning;0;0;0;0;0;0;0;0;4;0;0;0;13;0;0;0;0;0;0;17
20;Dalarna;26;Gagnef;2026001;Församlingshemmet, Dala-Floda;0;106;0;0;0;0;71;0;143;0;0;0;0;95;0;0;0;0;0;415
20;Dalarna;29;Leksand;2029006;Ambulerande röstmottagning;16;12;2;0;0;0;23;4;4;0;0;0;0;9;0;0;0;0;0;70
20;Dalarna;29;Leksand;2029001;Björkbackens särskilda boende;32;8;0;0;0;49;0;66;0;0;0;0;94;0;99;0;0;0;0;348
20;Dalarna;29;Leksand;2029004;Fritidsgården Jippo;0;53;0;0;0;0;78;0;86;0;0;0;0;126;0;0;0;0;0;343
20;Dalarna;29;Leksand;2029002;Kommunhuset;60;57;54;0;62;72;56;64;102;87;0;110;108;143;134;0;0;0;0;1109
20;Dalarna;29;Leksand;2029005;Leksands bibliotek;127;127;138;112;0;181;160;172;181;188;121;0;233;240;260;0;0;0;0;2240
20;Dalarna;29;Leksand;2029003;Sockenstugan, Djura;0;0;0;0;0;0;0;0;0;0;0;0;0;0;0;0;0;0;0;0
20;Dalarna;31;Rättvik;2031005;Ambulerande röstmottagning;0;0;0;0;0;0;2;1;0;0;0;0;5;1;0;0;0;0;0;9
20;Dalarna;31;Rättvik;2031004;Bingsjö bystuga;0;0;0;0;0;0;0;0;0;0;0;0;0;0;0;0;0;0;0;0
20;Dalarna;31;Rättvik;2031002;Kulturhuset;179;222;158;113;81;199;248;230;291;249;147;116;339;352;344;0;0;0;0;3268
20;Dalarna;31;Rättvik;2031003;Ore bibliotek;0;0;0;0;0;0;105;0;0;0;0;0;0;155;0;0;0;0;0;260
20;Dalarna;31;Rättvik;2031001;Stiernhööksgymnasiet;0;0;0;0;0;0;0;0;0;0;0;0;0;0;16;0;0;0;0;16
20;Dalarna;34;Orsa;2034002;Ambulerande röstmottagning;0;0;0;0;0;1;5;0;2;16;0;0;2;0;0;0;0;0;0;26
20;Dalarna;34;Orsa;2034001;Tingshuset - Kommunsalen;0;0;0;0;0;0;0;0;0;0;0;0;0;0;0;0;0;0;0;0
20;Dalarna;34;Orsa;2034006;Tingshuset - Tingssalen;73;134;100;36;51;125;124;120;184;145;76;68;167;165;192;0;0;0;0;1760
20;Dalarna;39;Älvdalen;2039011;Ambulerande röstmottagning;0;0;0;0;0;0;0;6;0;3;0;0;0;21;11;0;0;0;0;41
20;Dalarna;39;Älvdalen;2039007;Drevdagen Restaurang Fjällbjörken;0;0;0;0;0;0;0;0;0;0;0;0;0;0;0;0;0;0;0;0
20;Dalarna;39;Älvdalen;2039008;Folkets Hus Nornäs;0;0;0;0;0;0;0;0;0;0;0;0;0;0;0;0;0;0;0;0
20;Dalarna;39;Älvdalen;2039003;Gördalens bystuga;0;0;0;0;0;0;0;0;0;0;0;0;0;0;0;0;0;0;0;0
20;Dalarna;39;Älvdalen;2039006;Idre kulturhus, stora salen;0;0;0;0;0;0;0;0;0;0;0;0;0;0;0;0;0;0;0;0
20;Dalarna;39;Älvdalen;2039004;Kommunalkontoret i Idre;34;0;0;37;0;59;0;43;0;0;54;0;124;0;74;0;0;0;0;425
20;Dalarna;39;Älvdalen;2039005;Kommunhuset i Älvdalen;98;57;61;56;0;127;49;131;62;104;67;0;164;120;213;0;0;0;0;1309
20;Dalarna;39;Älvdalen;2039009;Kyrkbacksgården;0;0;0;0;0;0;0;0;0;0;0;0;0;0;0;0;0;0;0;0
20;Dalarna;39;Älvdalen;2039002;Storsäterns skola;0;0;0;0;0;0;0;0;0;0;0;0;0;0;0;0;0;0;0;0
20;Dalarna;39;Älvdalen;2039001;Särnakontoret;0;31;0;0;26;0;62;0;21;0;0;23;0;104;0;0;0;0;0;267
20;Dalarna;61;Smedjebacken;2061007;Ambulerande röstmottagning;0;0;0;0;0;2;16;4;3;0;0;0;11;0;0;0;0;0;0;36
20;Dalarna;61;Smedjebacken;2061004;Biblioteket Smedjebacken;0;0;0;0;0;0;0;0;0;0;0;0;0;0;0;0;0;0;0;0
20;Dalarna;61;Smedjebacken;2061001;Gubbo Folkets Hus;0;0;0;0;0;0;0;0;0;0;0;0;0;0;0;0;0;0;0;0
20;Dalarna;61;Smedjebacken;2061006;Kommunhuset Smedjebacken;130;129;128;43;39;156;156;169;166;173;69;59;250;187;239;0;0;0;0;2093
20;Dalarna;61;Smedjebacken;2061002;Malingsbo Bygdegård;0;0;0;0;0;0;0;0;0;0;0;0;0;0;0;0;0;0;0;0
20;Dalarna;61;Smedjebacken;2061005;Snöåns Bystuga;0;0;0;0;0;0;0;0;0;0;0;0;0;0;0;0;0;0;0;0
20;Dalarna;61;Smedjebacken;2061003;Söderbärke Folkets Hus;72;0;0;59;0;82;0;119;0;0;117;0;93;0;153;0;0;0;0;695
20;Dalarna;62;Mora;2062009;Ambulerande röstmottagning;0;3;0;0;0;0;0;5;7;7;0;0;3;5;0;0;0;0;0;30
20;Dalarna;62;Mora;2062003;Andreasgården;0;0;0;0;0;0;0;0;0;0;0;0;0;0;0;0;0;0;0;0
20;Dalarna;62;Mora;2062002;Garsås bygdegård;0;0;0;0;0;0;0;0;0;0;0;0;0;0;0;0;0;0;0;0
20;Dalarna;62;Mora;2062006;Mora bibliotek;178;210;208;193;123;307;325;359;356;360;189;190;451;495;498;0;0;0;0;4442
20;Dalarna;62;Mora;2062004;Oxbergsgården;0;0;0;0;0;0;0;0;0;0;0;0;0;0;0;0;0;0;0;0
20;Dalarna;62;Mora;2062007;Siknäs bygdegård;0;0;0;0;0;0;0;0;0;0;0;0;0;0;0;0;0;0;0;0
20;Dalarna;62;Mora;2062010;Sollerö bibliotek;17;32;28;0;0;39;22;60;48;59;0;0;61;35;38;0;0;0;0;439
20;Dalarna;62;Mora;2062005;Tempo i Venjan;13;13;8;6;0;3;16;12;8;17;11;0;22;17;19;0;0;0;0;165
20;Dalarna;62;Mora;2062008;Våmhus bibliotek;9;35;29;0;0;45;0;40;54;47;0;0;56;41;15;0;0;0;0;371
20;Dalarna;80;Falun;2080014;Ambulerande röstmottagning;0;0;0;0;0;0;0;0;0;0;0;0;31;0;0;0;0;0;0;31
20;Dalarna;80;Falun;2080004;Bjursås Bibliotek;0;73;47;0;0;96;51;0;116;94;0;0;147;100;0;0;0;0;0;724
20;Dalarna;80;Falun;2080005;Envikens Sockenstuga;0;50;0;0;0;81;0;0;88;0;0;0;103;0;0;0;0;0;0;322
20;Dalarna;80;Falun;2080001;Falu lasarett, Stora entrén;82;93;0;0;0;101;92;113;125;0;0;0;161;150;159;0;0;0;0;1076
20;Dalarna;80;Falun;2080003;Grycksbo Bystuga;0;89;0;0;0;79;0;0;118;0;0;0;70;0;0;0;0;0;0;356
20;Dalarna;80;Falun;2080017;Järnet;0;0;33;0;0;0;33;0;27;0;0;0;0;36;0;0;0;0;0;129
20;Dalarna;80;Falun;2080015;K-stugan Bojsenburg;0;1;31;0;0;0;41;0;29;0;0;0;0;79;0;0;0;0;0;181
20;Dalarna;80;Falun;2080002;Klubbstugan Pumpen, Korsnäs IF;64;0;53;0;0;0;136;83;0;114;0;0;0;222;83;0;0;0;0;755
20;Dalarna;80;Falun;2080013;Kristinegården, Falun;113;106;103;59;164;109;108;96;145;127;109;275;171;225;268;0;0;0;0;2178
20;Dalarna;80;Falun;2080009;Stadsbiblioteket, Falun;500;512;504;362;0;543;505;539;616;660;452;0;817;868;886;0;0;0;0;7764
20;Dalarna;80;Falun;2080012;Sundborns PRO-lokal;0;0;32;0;0;61;0;0;0;80;0;0;94;0;0;0;0;0;0;267
20;Dalarna;80;Falun;2080006;Svärdsjö Bibliotek;0;0;92;0;0;124;60;0;0;173;0;0;206;123;0;0;0;0;0;778
20;Dalarna;80;Falun;2080007;Sågmyra IOGT/NTO;0;42;0;0;0;38;0;0;55;0;0;0;43;0;0;0;0;0;0;178
20;Dalarna;80;Falun;2080011;Tofta bystuga;0;0;0;0;0;0;0;0;0;0;0;0;0;0;0;0;0;0;0;0
20;Dalarna;80;Falun;2080016;Triangelgården Nedre Norslund;0;0;22;0;0;0;27;0;53;0;0;0;0;66;0;0;0;0;0;168
20;Dalarna;80;Falun;2080008;Vika församlingshem;27;32;6;0;0;0;50;41;63;0;0;0;0;112;45;0;0;0;0;376
20;Dalarna;80;Falun;2080010;Åsgården;0;0;0;0;0;0;0;0;0;0;0;0;0;0;0;0;0;0;0;0
20;Dalarna;81;Borlänge;2081015;Ambulerande röstmottagning;0;0;0;0;0;0;12;5;7;0;0;0;14;78;4;0;0;0;0;120
20;Dalarna;81;Borlänge;2081007;Borlänge stadsbibliotek;232;264;277;121;96;245;216;205;251;267;161;158;337;342;381;0;0;0;0;3553
20;Dalarna;81;Borlänge;2081013;Gyllegården;0;0;0;0;0;0;0;0;0;0;0;0;0;0;0;0;0;0;0;0
20;Dalarna;81;Borlänge;2081003;Hagalundshuset;0;0;0;0;0;0;0;0;0;0;0;0;0;0;0;0;0;0;0;0
20;Dalarna;81;Borlänge;2081002;Hällsjörummet Borlänge sjukhus;0;0;0;0;0;0;0;0;0;0;0;0;84;78;71;0;0;0;0;233
20;Dalarna;81;Borlänge;2081001;Idkerberget;0;0;0;0;0;0;0;0;0;0;0;0;0;0;67;0;0;0;0;67
20;Dalarna;81;Borlänge;2081010;Kungsljuset;0;0;0;0;0;0;0;0;0;0;0;0;0;0;44;0;0;0;0;44
20;Dalarna;81;Borlänge;2081011;Kupolen köpcentrum;406;379;415;357;366;483;445;495;467;468;483;471;595;634;636;0;0;0;0;7100
20;Dalarna;81;Borlänge;2081008;PROs lokal Kvarnsveden;0;0;0;0;0;135;105;117;132;93;0;0;165;132;135;0;0;0;0;1014
20;Dalarna;81;Borlänge;2081006;Stadshuset Borlänge kommun;194;239;198;0;0;198;160;188;185;201;0;0;195;246;240;0;0;0;0;2244
20;Dalarna;81;Borlänge;2081016;Tunagården;0;0;0;0;0;0;0;0;0;0;0;0;0;0;0;0;0;0;0;0
20;Dalarna;81;Borlänge;2081004;Tunets bad;0;0;0;0;0;0;0;0;0;0;0;0;125;123;153;0;0;0;0;401
20;Dalarna;81;Borlänge;2081005;Åkershem;0;0;0;0;0;0;0;0;0;0;0;0;0;0;0;0;0;0;0;0
20;Dalarna;82;Säter;2082006;Ambulerande röstmottagning;0;0;0;0;0;1;0;2;4;1;0;0;23;0;0;0;0;0;0;31
20;Dalarna;82;Säter;2082003;Enbackagården;0;0;0;0;0;130;59;0;0;0;0;0;164;59;0;0;0;0;0;412
20;Dalarna;82;Säter;2082002;Folkets Hus i Säter;0;0;0;0;0;0;0;0;0;0;0;0;0;0;0;0;0;0;0;0
20;Dalarna;82;Säter;2082005;Skenshyttans Bygdegård;0;0;0;0;0;0;0;0;0;0;0;0;0;0;0;0;0;0;0;0
20;Dalarna;82;Säter;2082001;Stora Skedvi bibliotek;65;30;0;0;0;0;41;81;59;0;0;0;0;65;118;0;0;0;0;459
20;Dalarna;82;Säter;2082004;Säters bibliotek;190;130;200;62;81;141;148;226;123;210;104;81;219;251;294;0;0;0;0;2460
20;Dalarna;83;Hedemora;2083004;Ambulerande röstmottagning;0;0;4;0;0;5;0;14;0;0;0;0;24;0;17;0;0;0;0;64
20;Dalarna;83;Hedemora;2083005;Garpenbergs församlingshem;0;0;0;0;0;0;0;0;0;0;0;0;0;211;82;0;0;0;0;293
20;Dalarna;83;Hedemora;2083003;Långshyttans Folket Hus;0;0;0;0;0;0;0;0;0;0;0;0;0;257;168;0;0;0;0;425
20;Dalarna;83;Hedemora;2083001;Tjädernhuset;224;208;175;101;87;244;291;236;324;239;148;159;286;422;314;0;0;0;0;3458
20;Dalarna;83;Hedemora;2083002;Vikmanshyttans Kyrka;0;0;0;0;0;0;0;0;0;0;0;0;0;128;40;0;0;0;0;168
20;Dalarna;84;Avesta;2084006;Ambulerande röstmottagning;0;0;0;0;0;0;12;0;1;8;0;0;3;15;0;0;0;0;0;39
20;Dalarna;84;Avesta;2084002;Avestaparken;256;323;326;163;128;384;295;348;325;319;196;184;468;457;485;0;0;0;0;4657
20;Dalarna;84;Avesta;2084004;Fors Folkets hus;0;0;0;0;0;47;52;37;52;0;0;0;35;66;41;0;0;0;0;330
20;Dalarna;84;Avesta;2084003;Horndals församlingshem;0;0;0;0;0;71;43;60;41;0;0;0;74;45;85;0;0;0;0;419
20;Dalarna;84;Avesta;2084001;Krylbo församlingsgård;57;74;82;0;0;86;72;92;70;87;0;0;112;107;63;0;0;0;0;902
20;Dalarna;85;Ludvika;2085012;Ambulerande röstmottagning;2;3;2;0;0;0;1;1;4;1;0;0;4;2;0;0;0;0;0;20
20;Dalarna;85;Ludvika;2085006;Biskopsgården;0;0;0;0;0;0;54;0;0;0;0;0;0;0;0;0;0;0;0;54
20;Dalarna;85;Ludvika;2085001;Fredriksbergs bibliotek;23;21;0;0;0;0;38;35;23;0;0;0;0;43;66;0;0;0;0;249
20;Dalarna;85;Ludvika;2085007;Granliden;0;0;0;0;0;0;0;19;0;0;0;0;0;0;0;0;0;0;0;19
20;Dalarna;85;Ludvika;2085005;Grängesbergs bibliotek;91;63;63;0;0;96;56;130;64;73;0;0;145;86;135;0;0;0;0;1002
20;Dalarna;85;Ludvika;2085013;Lingongården;49;46;28;0;0;30;33;57;30;25;0;0;47;53;42;0;0;0;0;440
20;Dalarna;85;Ludvika;2085004;Ludvika Folkets Hus;291;281;251;140;113;258;245;281;302;351;208;193;434;463;502;0;0;0;0;4313
20;Dalarna;85;Ludvika;2085014;Ludvika lasarett;69;68;43;0;0;59;56;45;79;55;0;0;71;75;72;0;0;0;0;692
20;Dalarna;85;Ludvika;2085009;Solgärde;36;34;47;0;0;49;27;36;47;41;0;0;72;78;74;0;0;0;0;541
20;Dalarna;85;Ludvika;2085010;Solsidan;0;0;0;0;0;0;0;0;11;0;0;0;0;0;0;0;0;0;0;11
20;Dalarna;85;Ludvika;2085011;Ängsgården;0;0;0;0;0;31;0;0;0;0;0;0;0;0;0;0;0;0;0;31
21;Gävleborg;01;Ockelbo;2101007;Ambulerande röstmottagning;0;0;0;0;0;1;0;0;0;0;0;0;0;0;0;0;0;0;0;1
21;Gävleborg;01;Ockelbo;2101005;Bysjöstrand Äldreboende;0;0;0;0;0;0;0;0;0;0;0;0;0;0;0;0;0;0;0;0
21;Gävleborg;01;Ockelbo;2101001;Jädraås Folkets Hus;0;0;0;0;0;0;0;0;0;0;0;0;0;0;0;0;0;0;0;0
21;Gävleborg;01;Ockelbo;2101003;Lingbogården;0;0;0;0;0;0;0;0;0;0;0;0;0;112;125;0;0;0;0;237
21;Gävleborg;01;Ockelbo;2101002;Mobygården;0;0;0;0;0;0;0;0;0;0;0;0;0;0;0;0;0;0;0;0
21;Gävleborg;01;Ockelbo;2101004;Södra Åsgatan 32B;125;154;133;55;34;125;129;183;170;161;62;57;159;192;224;0;0;0;0;1963
21;Gävleborg;01;Ockelbo;2101006;Åmots fd skola, gymnastiksalen;0;0;0;0;0;0;0;0;0;0;0;0;92;0;0;0;0;0;0;92
21;Gävleborg;04;Hofors;2104003;Ambulerande röstmottagning;13;0;0;0;0;0;0;17;4;0;0;0;0;5;0;0;0;0;0;39
21;Gävleborg;04;Hofors;2104002;Folkets Hus;141;139;136;59;65;127;132;161;182;186;105;79;217;225;268;0;0;0;0;2222
21;Gävleborg;04;Hofors;2104001;Torsåkers Bygdegård;0;67;0;0;0;0;70;0;92;0;0;84;0;144;0;0;0;0;0;457
21;Gävleborg;21;Ovanåker;2121002;Alfta sporthall;65;53;35;27;39;82;60;70;85;83;55;81;158;151;155;0;0;0;0;1199
21;Gävleborg;21;Ovanåker;2121004;Ambulerande röstmottagning;0;0;0;0;0;0;0;0;0;0;0;0;0;9;0;0;0;0;0;9
21;Gävleborg;21;Ovanåker;2121003;Biblioteket Vox Cultura;91;75;61;66;74;148;105;149;152;123;85;99;213;231;258;0;0;0;0;1930
21;Gävleborg;21;Ovanåker;2121001;Kommunhuset;0;0;0;0;0;0;0;0;0;0;0;0;0;0;0;0;0;0;0;0
21;Gävleborg;32;Nordanstig;2132009;Ambulerande röstmottagning;0;0;0;0;0;0;24;10;0;0;0;0;0;3;1;0;0;0;0;38
21;Gävleborg;32;Nordanstig;2132003;Bergsjögården, lilla salen;51;50;48;24;65;108;78;74;60;65;61;0;179;67;87;0;0;0;0;1017
21;Gävleborg;32;Nordanstig;2132002;Bringstaskolans matsal;0;0;0;0;0;0;125;0;0;0;0;0;0;188;0;0;0;0;0;313
21;Gävleborg;32;Nordanstig;2132008;Folkets Hus, Stocka;0;0;0;0;0;0;0;0;0;0;0;0;0;0;0;0;0;0;0;0
21;Gävleborg;32;Nordanstig;2132005;Gnarpsviljan, lilla salen;0;0;0;0;0;0;0;0;192;0;0;141;0;0;0;0;0;0;0;333
21;Gävleborg;32;Nordanstig;2132001;Hasselagården;0;0;0;0;0;0;0;69;0;0;0;0;0;0;99;0;0;0;0;168
21;Gävleborg;32;Nordanstig;2132007;Ilsbo skola;0;0;0;0;0;0;0;0;0;0;0;0;0;0;0;0;0;0;0;0
21;Gävleborg;32;Nordanstig;2132004;Strömshall;0;0;0;0;0;0;0;0;0;0;0;0;0;0;0;0;0;0;0;0
21;Gävleborg;32;Nordanstig;2132006;Älgeredsgården;0;0;0;0;0;0;0;0;0;0;0;0;0;0;0;0;0;0;0;0
21;Gävleborg;61;Ljusdal;2161007;Ambulerande röstmottagning;0;0;0;0;0;0;0;2;22;2;0;0;44;7;0;0;0;0;0;77
21;Gävleborg;61;Ljusdal;2161002;Färila Bibliotek;38;63;0;0;0;60;136;71;64;0;0;0;82;211;70;0;0;0;0;795
21;Gävleborg;61;Ljusdal;2161001;Ljusdals kommunhus;257;263;213;77;54;290;232;269;253;298;102;118;357;403;401;0;0;0;0;3587
21;Gävleborg;61;Ljusdal;2161003;Los Bibliotek;0;32;0;0;0;0;26;0;78;0;0;0;0;41;0;0;0;0;0;177
21;Gävleborg;61;Ljusdal;2161004;Ramsjö Bibliotek;0;36;0;0;0;0;33;0;30;0;0;0;0;31;0;0;0;0;0;130
21;Gävleborg;61;Ljusdal;2161005;Träteatern Stenegård;40;54;0;0;0;135;57;65;52;0;0;0;176;87;75;0;0;0;0;741
21;Gävleborg;61;Ljusdal;2161006;Valbuss;0;0;0;0;0;0;0;52;0;48;0;0;0;0;0;0;0;0;0;100
21;Gävleborg;80;Gävle;2180005;Agnes kulturhus;700;587;533;331;424;634;577;723;638;673;521;530;829;898;1024;0;0;0;0;9622
21;Gävleborg;80;Gävle;2180031;Ambulerande röstmottagning;35;56;0;0;0;15;63;64;50;19;0;0;0;22;9;0;0;0;0;333
21;Gävleborg;80;Gävle;2180008;Andreassalen i Andersberg;0;0;1;145;151;137;122;0;0;0;231;264;169;271;0;0;0;0;0;1491
21;Gävleborg;80;Gävle;2180001;Bergby centralskola;0;0;0;179;157;0;0;0;0;0;183;204;0;0;0;0;0;0;0;723
21;Gävleborg;80;Gävle;2180004;Bomhus centrum;0;0;0;292;284;270;215;0;0;0;346;301;298;338;0;0;0;0;0;2344
21;Gävleborg;80;Gävle;2180010;Forsbacka bibliotek;0;0;0;122;115;0;0;0;0;0;160;143;0;0;0;0;0;0;0;540
21;Gävleborg;80;Gävle;2180003;Furugården i Valbo;0;0;0;307;247;208;210;0;0;0;367;338;305;320;0;0;0;0;0;2302
21;Gävleborg;80;Gävle;2180006;Förvaltningshuset;226;232;132;55;49;188;205;204;188;198;84;83;183;238;338;0;0;0;0;2603
21;Gävleborg;80;Gävle;2180009;Gävle sjukhus;212;244;217;0;0;280;264;264;267;261;0;0;283;307;345;0;0;0;0;2944
21;Gävleborg;80;Gävle;2180012;Hedesunda skola - Biblioteket;0;0;0;132;130;0;0;0;0;0;123;160;0;0;0;0;0;0;0;545
21;Gävleborg;80;Gävle;2180032;Häktet Gävle;0;0;0;0;0;0;0;0;33;0;0;0;0;0;0;0;0;0;0;33
21;Gävleborg;80;Gävle;2180011;Milboskolan i Hille;0;0;0;248;251;0;0;0;0;0;351;451;0;0;0;0;0;0;0;1301
21;Gävleborg;80;Gävle;2180002;Silvanum;317;301;234;0;0;300;247;372;339;356;0;0;420;504;648;0;0;0;0;4038
21;Gävleborg;80;Gävle;2180007;Stora Sätraskolan;0;0;0;162;165;142;151;0;0;0;281;237;202;187;0;0;0;0;0;1527
21;Gävleborg;81;Sandviken;2181008;Ambulerande röstmottagning;10;54;49;0;0;23;7;14;25;8;0;0;83;8;14;0;0;0;0;295
21;Gävleborg;81;Sandviken;2181007;Björksätraskolan, biblioteket;66;103;0;0;0;0;112;0;135;0;0;0;0;147;0;0;0;0;0;563
21;Gävleborg;81;Sandviken;2181003;Gullhedskolan;0;0;0;160;0;0;0;0;0;0;290;0;0;0;0;0;0;0;0;450
21;Gävleborg;81;Sandviken;2181009;IOGT/NTO-lokal, Nya Bruket;0;0;39;0;0;0;0;0;0;26;0;0;0;0;0;0;0;0;0;65
21;Gävleborg;81;Sandviken;2181001;Ica, Storvik;133;0;105;0;0;0;170;0;0;155;0;0;0;210;0;0;0;0;0;773
21;Gävleborg;81;Sandviken;2181002;Sockenstugan;0;0;0;0;0;0;0;85;0;0;0;0;0;0;99;0;0;0;0;184
21;Gävleborg;81;Sandviken;2181006;Stadshuset;261;488;332;213;199;332;364;358;701;410;339;339;664;648;756;0;0;0;0;6404
21;Gävleborg;81;Sandviken;2181005;Årsunda, Kvarterslokal;0;0;0;0;0;13;0;90;0;0;0;0;0;0;118;0;0;0;0;221
21;Gävleborg;81;Sandviken;2181004;Åshammar IK klubbstuga;0;48;0;0;0;60;0;0;0;0;0;0;71;0;0;0;0;0;0;179
21;Gävleborg;82;Söderhamn;2182007;Ambulerande röstmottagning;0;0;13;0;0;11;4;8;30;13;0;0;14;8;0;0;0;0;0;101
21;Gävleborg;82;Söderhamn;2182004;Idrottsgården Holmsveden;0;0;0;0;0;0;0;0;0;0;0;0;0;68;76;0;0;0;0;144
21;Gävleborg;82;Söderhamn;2182003;Kastanjen;0;0;0;0;0;114;68;99;75;88;62;0;129;99;135;0;0;0;0;869
21;Gävleborg;82;Söderhamn;2182002;Röda Korset aktivitetslokal;336;339;302;120;122;335;371;369;384;374;158;178;405;438;454;0;0;0;0;4685
21;Gävleborg;82;Söderhamn;2182006;Skogs Bygdegård;0;0;0;0;0;0;0;0;0;0;0;0;0;61;78;0;0;0;0;139
21;Gävleborg;82;Söderhamn;2182001;Trönö församlingshem;0;0;0;0;0;0;0;0;0;0;0;0;0;94;109;0;0;0;0;203
21;Gävleborg;82;Söderhamn;2182005;Varianthuset Bergvk;0;0;0;0;0;138;116;136;108;145;101;0;151;125;187;0;0;0;0;1207
21;Gävleborg;83;Bollnäs;2183006;Ambulerande röstmottagning;0;3;5;0;0;0;2;3;0;1;0;0;3;0;13;0;0;0;0;30
21;Gävleborg;83;Bollnäs;2183004;Församlingshuset;0;0;0;0;0;0;0;0;0;0;0;0;47;56;51;0;0;0;0;154
21;Gävleborg;83;Bollnäs;2183002;Karlslund Särskilt boende;0;0;0;0;0;0;0;0;0;0;0;46;0;0;0;0;0;0;0;46
21;Gävleborg;83;Bollnäs;2183005;Kulturhuset Bollnäs;347;334;335;219;172;424;400;373;401;427;248;201;479;517;567;0;0;0;0;5444
21;Gävleborg;83;Bollnäs;2183003;Lövlundsskolan;0;0;0;0;0;84;64;62;74;63;0;0;81;113;108;0;0;0;0;649
21;Gävleborg;83;Bollnäs;2183001;Ängslunda;0;0;0;0;0;81;76;69;79;91;0;0;108;130;101;0;0;0;0;735
21;Gävleborg;84;Hudiksvall;2184010;Ambulerande röstmottagning;0;0;3;0;0;28;0;0;4;11;0;0;3;0;0;0;0;0;0;49
21;Gävleborg;84;Hudiksvall;2184008;Bromangymnasiet;0;0;0;0;0;0;0;50;0;0;0;0;0;0;0;0;0;0;0;50
21;Gävleborg;84;Hudiksvall;2184009;Centrum för utveckling/lärande, Cul;0;0;0;0;0;0;0;37;0;0;0;0;0;0;0;0;0;0;0;37
21;Gävleborg;84;Hudiksvall;2184002;Delsbo - Servicecenter;85;73;78;33;0;79;83;91;100;87;68;0;146;155;178;0;0;0;0;1256
21;Gävleborg;84;Hudiksvall;2184003;Hudiksvall - Kulturhuset;407;380;340;163;192;470;445;486;470;477;195;235;663;813;759;0;0;0;0;6495
21;Gävleborg;84;Hudiksvall;2184001;Iggesund - Folkets Hus;69;72;42;57;0;78;59;54;82;38;68;0;126;163;155;0;0;0;0;1063
21;Gävleborg;84;Hudiksvall;2184004;Mobila biblioteket;0;0;0;0;0;0;0;0;0;0;0;0;49;51;43;0;0;0;0;143
21;Gävleborg;84;Hudiksvall;2184007;Sörforsa bibliotek;0;0;0;0;0;0;0;0;0;0;0;0;133;0;129;0;0;0;0;262
22;Västernorrland;60;Ånge;2260006;Ambulerande röstmottagning;0;0;5;0;0;0;33;50;6;4;0;0;14;3;0;0;0;0;0;115
22;Västernorrland;60;Ånge;2260002;Folkets Hus Överturingen;0;0;0;0;0;0;0;0;0;0;0;0;0;0;0;0;0;0;0;0
22;Västernorrland;60;Ånge;2260001;Munkbysjöns Bygdegård;0;0;0;0;0;0;0;0;0;0;0;0;0;0;0;0;0;0;0;0
22;Västernorrland;60;Ånge;2260004;Samservice Fränsta;73;79;78;0;0;89;62;75;61;76;0;0;148;121;144;0;0;0;0;1006
22;Västernorrland;60;Ånge;2260005;Ånge kommunkontor, foajén;81;66;70;41;41;75;81;86;100;96;44;60;137;185;164;0;0;0;0;1327
22;Västernorrland;62;Timrå;2262008;Aktivitetshuset Pangea;0;0;0;0;0;0;0;0;0;0;0;0;0;16;0;0;0;0;0;16
22;Västernorrland;62;Timrå;2262006;Ambulerande röstmottagning;0;0;5;0;0;29;27;19;18;11;0;0;7;1;7;0;0;0;0;124
22;Västernorrland;62;Timrå;2262007;Bergeforsens Idrottsplats;0;0;0;0;0;0;0;0;0;0;0;0;0;49;75;0;0;0;0;124
22;Västernorrland;62;Timrå;2262004;Biblioteket Timrå;188;237;154;0;0;268;211;200;254;209;105;147;309;295;352;0;0;0;0;2929
22;Västernorrland;62;Timrå;2262002;HSB brf Berge;29;29;20;33;0;40;31;54;28;33;0;0;52;42;60;0;0;0;0;451
22;Västernorrland;62;Timrå;2262003;Kommunhuset;0;0;0;0;0;0;0;0;0;0;0;0;0;0;0;0;0;0;0;0
22;Västernorrland;62;Timrå;2262005;Ljustorps bygdegård;0;0;0;0;0;0;0;0;0;0;0;0;0;30;40;0;0;0;0;70
22;Västernorrland;62;Timrå;2262001;Söråkers Folkets Hus;71;59;40;0;39;53;63;61;97;63;56;30;115;144;163;0;0;0;0;1054
22;Västernorrland;62;Timrå;2262009;Timrå Gymnasium;0;0;0;0;0;0;0;0;0;0;0;0;0;0;0;0;0;0;0;0
22;Västernorrland;80;Härnösand;2280010;Ambulerande röstmottagning;0;23;62;0;0;6;4;7;9;10;0;0;18;16;5;0;0;0;0;160
22;Västernorrland;80;Härnösand;2280009;Anstalt Härnösand;0;0;0;0;0;0;0;0;0;0;0;0;0;73;0;0;0;0;0;73
22;Västernorrland;80;Härnösand;2280008;Brunnegården;0;0;0;0;0;0;0;0;0;33;0;0;0;0;0;0;0;0;0;33
22;Västernorrland;80;Härnösand;2280002;Häggdånger Församlingshem;0;0;0;0;0;16;0;0;0;0;0;24;0;0;0;0;0;0;0;40
22;Västernorrland;80;Härnösand;2280004;Högsjögården;0;0;0;0;0;0;0;61;0;0;0;0;0;62;0;0;0;0;0;123
22;Västernorrland;80;Härnösand;2280007;Kriminalvårdsanstalten Saltvik;0;0;0;0;0;0;0;0;0;0;0;0;0;0;160;0;0;0;0;160
22;Västernorrland;80;Härnösand;2280001;Sambiblioteket plan 4 övre ingång;417;426;381;206;0;496;437;487;468;490;338;0;648;675;750;0;0;0;0;6219
22;Västernorrland;80;Härnösand;2280003;Utansjögården;0;0;0;0;0;0;42;0;0;0;0;0;50;0;0;0;0;0;0;92
22;Västernorrland;80;Härnösand;2280006;Viksjö Folkets Hus;0;0;0;0;0;0;0;0;42;0;0;0;0;0;0;0;0;0;0;42
22;Västernorrland;80;Härnösand;2280005;Älandsbro Folketshus;0;0;0;0;95;0;0;0;0;0;61;0;0;0;0;0;0;0;0;156
22;Västernorrland;81;Sundsvall;2281012;Alnö bibliotek, Vibackeskolan;141;129;71;84;0;192;91;176;118;97;143;0;343;166;431;0;0;0;0;2182
22;Västernorrland;81;Sundsvall;2281019;Ambulerande röstmottagning;4;6;0;0;0;0;8;82;25;113;0;0;31;11;4;0;0;0;0;284
22;Västernorrland;81;Sundsvall;2281004;Anundgårds skola;0;0;0;0;0;0;0;0;0;0;0;0;2;0;0;0;0;0;0;2
22;Västernorrland;81;Sundsvall;2281020;Bredsands fritidsgård;36;66;66;0;0;0;0;0;0;0;0;0;0;0;0;0;0;0;0;168
22;Västernorrland;81;Sundsvall;2281002;EQ-House;152;161;142;0;0;143;150;158;191;198;0;0;205;204;225;0;0;0;0;1929
22;Västernorrland;81;Sundsvall;2281018;Finska Föreningen;0;74;46;0;0;0;0;0;116;72;0;0;0;0;0;0;0;0;0;308
22;Västernorrland;81;Sundsvall;2281013;Indals bibliotek;25;25;0;0;0;71;29;0;55;0;0;0;117;61;0;0;0;0;0;383
22;Västernorrland;81;Sundsvall;2281010;Järkvissle FH Skansborg;0;0;0;0;0;0;0;0;0;0;0;0;0;0;0;0;0;0;0;0
22;Västernorrland;81;Sundsvall;2281006;Kommunhuset;139;129;102;0;0;97;112;106;100;117;0;0;201;206;238;0;0;0;0;1547
22;Västernorrland;81;Sundsvall;2281009;Kvissleby bibliotek;114;140;140;123;0;231;207;139;200;161;195;0;341;293;208;0;0;0;0;2492
22;Västernorrland;81;Sundsvall;2281005;Livli (Birsta City);0;0;0;0;0;0;0;0;0;0;0;0;139;195;266;0;0;0;0;600
22;Västernorrland;81;Sundsvall;2281016;Ljustadalens bibliotek;69;0;0;0;0;76;68;76;0;0;0;0;91;75;88;0;0;0;0;543
22;Västernorrland;81;Sundsvall;2281003;Länssjukhuset i Sundsvall;0;0;0;0;0;103;138;140;137;136;0;0;0;0;0;0;0;0;0;654
22;Västernorrland;81;Sundsvall;2281014;Matfors bibliotek;82;131;77;68;0;137;125;121;174;144;100;0;211;162;141;0;0;0;0;1673
22;Västernorrland;81;Sundsvall;2281007;Mittuniversitetets bibliotek, Hus N;71;55;62;0;0;82;71;65;89;105;0;0;119;123;169;0;0;0;0;1011
22;Västernorrland;81;Sundsvall;2281008;Nacksta bibliotek;80;109;0;0;0;97;110;0;121;0;0;0;173;122;0;0;0;0;0;812
22;Västernorrland;81;Sundsvall;2281017;Selånger Folketshus;78;71;54;0;0;93;105;92;130;59;117;0;160;187;193;0;0;0;0;1339
22;Västernorrland;81;Sundsvall;2281015;Stöde bibliotek;30;44;21;0;0;61;21;83;36;27;0;0;114;41;154;0;0;0;0;632
22;Västernorrland;81;Sundsvall;2281011;Sundsvalls stadsbibliotek;411;398;342;251;279;441;456;468;535;525;409;444;759;793;947;0;0;0;0;7458
22;Västernorrland;81;Sundsvall;2281001;Wärdshuset Liden;0;0;0;0;0;0;0;0;0;0;0;0;0;0;53;0;0;0;0;53
22;Västernorrland;82;Kramfors;2282006;Ambulerande röstmottagning;3;0;2;0;0;0;0;18;27;2;0;0;5;7;0;0;0;0;0;64
22;Västernorrland;82;Kramfors;2282001;Bollstakyrkan;33;0;0;75;0;0;71;79;0;0;72;0;0;74;50;0;0;0;0;454
22;Västernorrland;82;Kramfors;2282005;Generationernas hus;52;60;46;0;0;62;65;60;0;75;0;92;84;88;74;0;0;0;0;758
22;Västernorrland;82;Kramfors;2282003;Gula Huset Docksta;11;9;25;23;0;16;9;27;29;29;11;0;38;44;41;0;0;0;0;312
22;Västernorrland;82;Kramfors;2282002;Kramfors Fritidsgård;198;164;161;84;0;177;186;173;213;215;148;0;284;263;281;0;0;0;0;2547
22;Västernorrland;82;Kramfors;2282004;Nylands Folkets Hus;66;62;62;0;77;0;66;74;109;91;0;95;87;97;75;0;0;0;0;961
22;Västernorrland;83;Sollefteå;2283015;Ambulerande röstmottagning;0;0;0;0;0;0;0;0;0;0;0;0;0;0;0;0;0;0;0;0
22;Västernorrland;83;Sollefteå;2283014;Graningebyn;0;0;0;0;0;0;0;0;0;0;0;0;0;0;0;0;0;0;0;0
22;Västernorrland;83;Sollefteå;2283003;Gunillagården;0;0;0;0;0;0;0;0;0;0;0;0;0;0;0;0;0;0;0;0
22;Västernorrland;83;Sollefteå;2283008;Kommunhuset Sollefteå;161;182;208;91;73;215;261;241;274;241;123;148;351;408;395;0;0;0;0;3372
22;Västernorrland;83;Sollefteå;2283001;Lissgården;0;0;0;0;0;0;0;0;0;0;0;0;0;0;0;0;0;0;0;0
22;Västernorrland;83;Sollefteå;2283006;Långsele bibliotek;33;40;23;0;0;63;43;46;62;53;0;0;48;61;82;0;0;0;0;554
22;Västernorrland;83;Sollefteå;2283010;Markusgården;24;20;15;0;0;27;22;17;25;30;0;0;25;31;22;0;0;0;0;258
22;Västernorrland;83;Sollefteå;2283009;Medborgarkontoret Junsele;28;23;20;0;0;31;20;20;31;36;0;0;22;50;36;0;0;0;0;317
22;Västernorrland;83;Sollefteå;2283007;Medborgarkontoret Ramsele;31;36;44;0;0;37;40;27;47;63;0;0;70;75;76;0;0;0;0;546
22;Västernorrland;83;Sollefteå;2283013;Rådomsgården;0;0;0;0;0;0;0;0;0;0;0;0;0;0;0;0;0;0;0;0
22;Västernorrland;83;Sollefteå;2283005;Skärvstagården;0;0;0;0;0;0;0;0;0;0;0;0;0;0;0;0;0;0;0;0
22;Västernorrland;83;Sollefteå;2283004;Solgården;0;0;0;0;0;0;0;0;0;0;0;0;0;0;0;0;0;0;0;0
22;Västernorrland;83;Sollefteå;2283011;Vallänge;0;0;0;0;0;0;0;0;0;0;0;0;0;0;0;0;0;0;0;0
22;Västernorrland;83;Sollefteå;2283012;Ärebo;0;0;0;0;0;0;0;0;0;0;0;0;0;0;0;0;0;0;0;0
22;Västernorrland;84;Örnsköldsvik;2284019;Ambulerande röstmottagning;5;14;24;0;0;54;15;6;68;63;0;0;6;62;32;0;0;0;0;349
22;Västernorrland;84;Örnsköldsvik;2284002;Anundsjö församlingsgård;0;0;0;0;0;1;132;0;144;0;114;0;0;226;0;0;0;0;0;617
22;Västernorrland;84;Örnsköldsvik;2284015;Arkenbiblioteket;423;343;344;219;0;417;436;450;369;394;393;0;760;746;915;0;0;0;0;6209
22;Västernorrland;84;Örnsköldsvik;2284001;Bjästa entrébyggnad;0;0;0;0;205;0;0;163;0;0;0;205;0;0;257;0;0;0;0;830
22;Västernorrland;84;Örnsköldsvik;2284006;Björnahallen;0;10;0;0;0;0;95;0;0;0;0;0;0;0;126;0;0;0;0;231
22;Västernorrland;84;Örnsköldsvik;2284016;Domsjö bruksgården;0;0;0;0;0;0;145;0;157;141;0;0;0;192;0;0;0;0;0;635
22;Västernorrland;84;Örnsköldsvik;2284018;Gideå församlingshem;0;0;0;0;0;0;0;0;83;0;0;0;0;80;0;0;0;0;0;163
22;Västernorrland;84;Örnsköldsvik;2284014;Gullänget, Folkets hus Gnistan;180;212;0;0;306;0;0;316;316;0;0;452;0;0;608;0;0;0;0;2390
22;Västernorrland;84;Örnsköldsvik;2284017;Husumgården;0;0;0;0;0;142;0;0;131;0;110;0;130;0;0;0;0;0;0;513
22;Västernorrland;84;Örnsköldsvik;2284003;Köpmanholmen, Ringarbönninga;0;0;0;0;0;0;0;0;0;132;0;0;125;0;127;0;0;0;0;384
22;Västernorrland;84;Örnsköldsvik;2284004;Mellansels Bad & Fritid;0;0;0;0;0;0;98;0;51;0;0;0;0;119;0;0;0;0;0;268
22;Västernorrland;84;Örnsköldsvik;2284010;Nolaskolan (valdagen);0;0;0;0;0;0;0;0;0;0;0;0;0;0;0;0;0;0;0;0
22;Västernorrland;84;Örnsköldsvik;2284008;Sidensjö församlingshem;0;0;0;0;0;45;0;0;0;90;0;0;0;0;0;0;0;0;0;135
22;Västernorrland;84;Örnsköldsvik;2284005;Själevads församlingshem;0;0;0;0;0;115;154;0;132;173;0;0;129;267;0;0;0;0;0;970
22;Västernorrland;84;Örnsköldsvik;2284007;Skorpeds församlingshem;0;0;0;0;0;0;0;91;0;0;0;0;0;0;0;0;0;0;0;91
22;Västernorrland;84;Örnsköldsvik;2284011;Solberg, Solstrålen (valdagen);0;0;0;0;0;0;0;0;0;0;0;0;0;0;0;0;0;0;0;0
22;Västernorrland;84;Örnsköldsvik;2284013;Sörlidens församlingsgård;0;0;73;49;0;104;0;0;0;64;85;0;112;0;0;0;0;0;0;487
22;Västernorrland;84;Örnsköldsvik;2284009;Trehörningsjö Medborgarhus;0;0;0;0;0;0;0;0;0;0;0;0;128;0;0;0;0;0;0;128
23;Jämtland;03;Ragunda;2303005;Ambulerande röstmottagning;0;0;0;0;0;0;0;0;0;0;0;0;15;30;12;0;0;0;0;57
23;Jämtland;03;Ragunda;2303006;Blå huset (Moderna);0;0;0;0;0;0;0;0;0;0;0;0;0;0;0;0;0;0;0;0
23;Jämtland;03;Ragunda;2303001;Eriksbergs festplats;0;0;0;0;0;0;0;0;0;0;0;0;0;0;0;0;0;0;0;0
23;Jämtland;03;Ragunda;2303004;Forshallen Bispgården;20;27;15;0;0;19;38;0;37;26;36;0;26;64;0;0;0;0;0;308
23;Jämtland;03;Ragunda;2303003;Gula Huset;48;36;35;26;0;33;67;0;69;61;59;0;54;93;0;0;0;0;0;581
23;Jämtland;03;Ragunda;2303002;Nornan;46;31;29;0;0;53;15;0;49;37;29;0;56;34;0;0;0;0;0;379
23;Jämtland;05;Bräcke;2305009;Ambulerande röstmottagning;0;0;0;0;0;0;0;0;11;20;0;0;0;0;0;0;0;0;0;31
23;Jämtland;05;Bräcke;2305008;Nygåvan;0;0;0;0;0;0;0;0;0;0;0;0;0;0;0;0;0;0;0;0
23;Jämtland;05;Bräcke;2305011;Revsundsvägen 7 (Busstationen);43;24;34;0;0;53;66;25;50;53;0;0;39;84;48;0;0;0;0;519
23;Jämtland;05;Bräcke;2305010;Riksvägen 15;37;41;40;21;33;44;36;49;69;56;51;32;49;46;45;0;0;0;0;649
23;Jämtland;05;Bräcke;2305013;Sidsjö bystuga;0;0;0;0;0;0;0;0;0;0;0;0;0;0;0;0;0;0;0;0
23;Jämtland;05;Bräcke;2305002;Sporthallen i Pilgrimstad;0;0;0;0;0;0;0;0;0;0;0;0;0;0;0;0;0;0;0;0
23;Jämtland;05;Bräcke;2305012;Stationsvägen 8d;20;19;24;0;0;13;27;21;24;31;0;0;18;54;39;0;0;0;0;290
23;Jämtland;05;Bräcke;2305004;Sundsjö sockenstuga;0;0;0;0;0;0;0;0;0;0;0;0;0;0;0;0;0;0;0;0
23;Jämtland;05;Bräcke;2305006;Tossengård;0;0;0;0;0;0;0;0;0;0;0;0;0;0;0;0;0;0;0;0
23;Jämtland;09;Krokom;2309015;Ambulerande röstmottagning;0;1;0;0;0;0;0;1;0;0;0;0;0;18;0;0;0;0;0;20
23;Jämtland;09;Krokom;2309003;Blomstergården, Krokom;0;0;0;0;0;0;0;0;0;0;0;34;0;0;0;0;0;0;0;34
23;Jämtland;09;Krokom;2309007;Bredbyns föreningshus;0;0;0;0;0;0;0;0;0;0;0;46;0;0;0;0;0;0;0;46
23;Jämtland;09;Krokom;2309012;Edevallen;12;23;0;0;0;0;40;21;52;0;0;0;0;50;49;0;0;0;0;247
23;Jämtland;09;Krokom;2309005;Hällebo, Ede;0;0;0;0;0;0;0;0;0;0;0;18;0;0;0;0;0;0;0;18
23;Jämtland;09;Krokom;2309008;Kaxås bygdegård;0;0;0;0;0;0;0;0;0;0;0;34;0;0;0;0;0;0;0;34
23;Jämtland;09;Krokom;2309011;Krokoms kommunhus;96;75;81;64;52;75;73;170;69;143;115;0;108;120;267;0;0;0;0;1508
23;Jämtland;09;Krokom;2309001;Laxsjö bygdegård;0;0;0;0;0;0;0;0;0;0;0;96;0;0;0;0;0;0;0;96
23;Jämtland;09;Krokom;2309006;Näldens bygdegård;32;0;0;0;0;0;0;76;0;0;0;0;0;0;146;0;0;0;0;254
23;Jämtland;09;Krokom;2309002;Rötvikens bygdegård;0;0;0;0;0;0;0;0;0;0;0;86;0;0;0;0;0;0;0;86
23;Jämtland;09;Krokom;2309004;Solbacka, Föllinge;0;0;0;0;0;0;0;0;0;0;0;15;0;0;0;0;0;0;0;15
23;Jämtland;09;Krokom;2309010;Trångsvikens bygdegård;0;35;0;0;0;0;0;0;82;0;0;0;0;0;0;0;0;0;0;117
23;Jämtland;09;Krokom;2309009;Tångeråsens bygdegård;0;0;0;0;0;0;0;0;0;0;0;27;0;0;0;0;0;0;0;27
23;Jämtland;09;Krokom;2309013;Änge servicekontor;0;47;16;0;0;37;25;0;65;31;0;0;33;45;0;0;0;0;0;299
23;Jämtland;09;Krokom;2309014;Ås församlingsgård;0;60;0;0;0;0;91;0;83;0;0;0;0;181;0;0;0;0;0;415
23;Jämtland;13;Strömsund;2313016;Ambulerande röstmottagning;0;0;1;0;0;1;0;0;0;0;0;2;1;0;0;0;0;0;0;5
23;Jämtland;13;Strömsund;2313009;Biblioteket Backe;14;33;0;0;0;26;27;0;39;0;0;0;30;30;21;0;0;0;0;220
23;Jämtland;13;Strömsund;2313012;Biblioteket Gäddede;7;25;18;0;0;30;0;31;0;0;0;0;27;40;13;0;0;0;0;191
23;Jämtland;13;Strömsund;2313007;Brismarksgården;0;0;0;0;0;0;0;0;0;0;0;13;0;0;0;0;0;0;0;13
23;Jämtland;13;Strömsund;2313020;Flottaren - Rossön;0;29;0;0;0;27;0;42;0;40;0;0;0;26;47;0;0;0;0;211
23;Jämtland;13;Strömsund;2313017;Folkets hus - Stora Blåsjön;0;0;0;0;0;0;0;0;0;0;0;0;0;0;0;0;0;0;0;0
23;Jämtland;13;Strömsund;2313019;Folkets hus - Strömsund;99;179;152;73;113;145;143;182;227;152;95;81;229;128;74;0;0;0;0;2072
23;Jämtland;13;Strömsund;2313008;Forsgården/Levinsgården;0;0;0;0;0;0;0;0;0;0;0;26;0;0;0;0;0;0;0;26
23;Jämtland;13;Strömsund;2313006;Föreningshuset Hoting;33;43;0;0;0;50;0;38;48;0;0;0;36;27;43;0;0;0;0;318
23;Jämtland;13;Strömsund;2313021;Församlingshemmet - Kyrktåsjö;0;0;0;0;0;0;0;0;31;0;0;0;0;0;40;0;0;0;0;71
23;Jämtland;13;Strömsund;2313010;Gamla lokalkontoret i Hammerdal;39;54;43;0;0;65;44;75;56;47;0;0;61;43;84;0;0;0;0;611
23;Jämtland;13;Strömsund;2313018;Jormstugan Folkets hus;0;0;0;0;0;0;0;0;0;0;0;0;0;0;0;0;0;0;0;0
23;Jämtland;13;Strömsund;2313022;Mittpunkt Norråker;44;0;0;0;0;0;0;78;0;0;0;0;0;0;0;0;0;0;0;122
23;Jämtland;13;Strömsund;2313015;Rossöcenter;0;0;0;0;0;0;0;0;0;0;0;19;0;0;0;0;0;0;0;19
23;Jämtland;13;Strömsund;2313011;Solbackens sjukhem;0;0;0;0;0;0;0;0;0;0;0;24;0;0;0;0;0;0;0;24
23;Jämtland;13;Strömsund;2313013;Strömbacka/Granbacken;0;0;0;0;0;0;0;0;0;0;0;40;0;0;0;0;0;0;0;40
23;Jämtland;13;Strömsund;2313003;Tåsjögården;0;0;31;0;0;0;29;0;0;0;0;12;0;0;0;0;0;0;0;72
23;Jämtland;13;Strömsund;2313002;Älvgården;0;0;0;0;0;0;0;0;0;0;0;21;0;0;0;0;0;0;0;21
23;Jämtland;13;Strömsund;2313001;Åshamra;0;0;0;0;0;0;0;0;0;0;0;29;0;0;0;0;0;0;0;29
23;Jämtland;21;Åre;2321007;Ambulerande röstmottagning;0;0;0;0;0;0;6;5;0;28;0;0;4;1;0;0;0;0;0;44
23;Jämtland;21;Åre;2321005;Biblioteket Järpen;60;72;54;0;0;145;98;70;107;108;0;0;194;202;143;0;0;0;0;1253
23;Jämtland;21;Åre;2321006;Enaforsholm;0;0;0;0;0;0;0;0;0;0;0;0;0;0;0;0;0;0;0;0
23;Jämtland;21;Åre;2321002;Hallens bibliotek;60;0;0;0;0;0;0;97;0;0;0;0;0;0;136;0;0;0;0;293
23;Jämtland;21;Åre;2321004;Kalls bibliotek;23;0;0;0;0;0;0;40;0;0;0;0;0;0;34;0;0;0;0;97
23;Jämtland;21;Åre;2321003;Mörsils bibliotek;0;0;0;0;0;93;0;0;0;0;0;0;81;0;0;0;0;0;0;174
23;Jämtland;21;Åre;2321001;Åre bibliotek;80;94;46;79;47;85;54;118;117;73;96;85;124;120;321;0;0;0;0;1539
23;Jämtland;26;Berg;2326011;Ambulerande röstmottagning;5;0;0;0;0;0;0;0;0;0;0;0;6;2;0;0;0;0;0;13
23;Jämtland;26;Berg;2326009;Biblioteket i Hackås;0;25;0;0;0;22;0;0;56;2;0;0;43;0;0;0;0;0;0;148
23;Jämtland;26;Berg;2326003;Biblioteket i Myrviken;23;0;34;0;0;52;0;64;0;70;0;0;67;0;109;0;0;0;0;419
23;Jämtland;26;Berg;2326007;Biblioteket i Rätan;0;26;0;0;0;45;0;0;40;0;0;0;43;0;0;0;0;0;0;154
23;Jämtland;26;Berg;2326002;Biblioteket i Svenstavik;49;63;0;0;0;95;59;89;67;80;0;0;97;124;105;0;0;0;0;828
23;Jämtland;26;Berg;2326018;Dalsätra;0;0;0;0;0;0;0;0;0;0;0;0;0;19;0;0;0;0;0;19
23;Jämtland;26;Berg;2326012;Föreninga i Klövsjö;0;0;0;93;0;0;0;0;0;0;0;61;0;0;0;0;0;0;0;154
23;Jämtland;26;Berg;2326008;Gillhovs bygdegård;0;0;0;0;0;0;0;0;0;0;0;0;0;0;0;0;0;0;0;0
23;Jämtland;26;Berg;2326001;Kommunkontoret;0;0;29;0;0;0;0;0;0;0;0;0;0;0;0;0;0;0;0;29
23;Jämtland;26;Berg;2326005;Ljungdalens skola;0;0;0;0;75;0;0;0;0;0;0;0;0;0;0;0;0;0;0;75
23;Jämtland;26;Berg;2326004;Storsjö Bygdegård;0;0;0;0;0;0;0;0;0;0;64;0;0;0;0;0;0;0;0;64
23;Jämtland;26;Berg;2326017;Tallgläntan;0;0;0;0;0;0;0;0;0;0;0;0;0;10;0;0;0;0;0;10
23;Jämtland;26;Berg;2326015;Treklövern;0;6;0;0;0;0;0;0;0;0;0;0;0;0;0;0;0;0;0;6
23;Jämtland;26;Berg;2326016;Vallmogården;0;0;0;0;0;0;9;0;0;0;0;0;0;0;0;0;0;0;0;9
23;Jämtland;26;Berg;2326013;Åsarna skicenter;0;0;0;0;0;0;0;0;0;0;0;0;0;0;102;0;0;0;0;102
23;Jämtland;26;Berg;2326014;Östgärde;0;8;0;0;0;0;0;0;0;0;0;0;0;0;0;0;0;0;0;8
23;Jämtland;61;Härjedalen;2361026;Ambulerande röstmottagning;0;0;0;0;0;0;0;0;0;0;0;0;0;0;0;0;0;0;0;0
23;Jämtland;61;Härjedalen;2361017;Biblioteket Hede;0;89;0;0;0;0;0;89;109;0;0;0;0;0;77;0;0;0;0;364
23;Jämtland;61;Härjedalen;2361019;Biblioteket Lillhärdal;0;0;0;0;0;0;0;41;84;0;0;0;0;0;47;0;0;0;0;172
23;Jämtland;61;Härjedalen;2361020;Biblioteket Sveg;78;168;106;45;46;114;127;60;183;143;55;82;136;173;57;0;0;0;0;1573
23;Jämtland;61;Härjedalen;2361009;Biblioteket Ytterhogdal;0;0;0;0;0;0;0;94;123;0;0;0;0;0;83;0;0;0;0;300
23;Jämtland;61;Härjedalen;2361022;Bygdegården, Linsell;0;0;0;0;0;0;0;18;0;0;0;0;0;0;0;0;0;0;0;18
23;Jämtland;61;Härjedalen;2361006;Bygdegården, Lofsdalen;0;0;0;0;0;0;27;49;0;0;0;0;0;22;46;0;0;0;0;144
23;Jämtland;61;Härjedalen;2361010;Centralskolan Funäsdalen;0;0;0;0;0;0;0;0;0;0;0;0;0;0;0;0;0;0;0;0
23;Jämtland;61;Härjedalen;2361003;Fjällsol, Funäsdalen;0;0;0;0;0;0;0;0;0;0;0;0;0;0;0;0;0;0;0;0
23;Jämtland;61;Härjedalen;2361013;Folkan Sveg;0;0;0;0;0;0;0;0;0;0;0;0;0;0;0;0;0;0;0;0
23;Jämtland;61;Härjedalen;2361023;Folkets hus, Ängersjö;0;0;0;0;0;0;0;16;0;0;0;0;0;0;0;0;0;0;0;16
23;Jämtland;61;Härjedalen;2361002;Hedegården, Hede;0;0;0;0;0;0;0;0;0;0;0;0;0;0;0;0;0;0;0;0
23;Jämtland;61;Härjedalen;2361005;Lövåsgården, Vemdalen;0;0;0;0;0;0;88;154;0;0;0;0;0;84;182;0;0;0;0;508
23;Jämtland;61;Härjedalen;2361024;Per-Albinfjöset, Hede;0;0;0;0;0;0;0;0;0;0;0;0;0;0;0;0;0;0;0;0
23;Jämtland;61;Härjedalen;2361021;Samegården, Mittådalen;0;0;0;0;0;0;0;21;0;0;0;0;0;0;0;0;0;0;0;21
23;Jämtland;61;Härjedalen;2361011;Svedjegården, Ytterhogdal;0;0;0;0;0;0;0;10;0;0;0;0;0;0;0;0;0;0;0;10
23;Jämtland;61;Härjedalen;2361007;Svegsmon, Sveg;0;0;0;0;0;0;0;16;0;0;0;0;0;0;0;0;0;0;0;16
23;Jämtland;61;Härjedalen;2361016;Åkervägen 1, Funäsdalen;0;100;0;0;0;0;116;0;200;0;0;0;0;219;0;0;0;0;0;635
23;Jämtland;80;Östersund;2380028;Ambulerande röstmottagning;0;0;0;0;0;5;6;3;74;4;0;0;6;5;5;0;0;0;0;108
23;Jämtland;80;Östersund;2380034;Bangårdsgatan;0;0;0;0;0;0;0;0;36;0;0;0;0;0;0;0;0;0;0;36
23;Jämtland;80;Östersund;2380031;Barkvägen;0;7;0;0;0;0;0;0;0;0;0;0;0;0;0;0;0;0;0;7
23;Jämtland;80;Östersund;2380006;Bonden;0;0;0;0;0;0;0;0;0;0;0;0;0;0;0;0;0;0;0;0
23;Jämtland;80;Östersund;2380011;Brunkullan;0;0;0;0;0;0;0;0;0;6;0;0;0;0;0;0;0;0;0;6
23;Jämtland;80;Östersund;2380033;Brännagården;0;0;0;0;0;15;0;0;0;0;0;0;0;0;0;0;0;0;0;15
23;Jämtland;80;Östersund;2380015;Bykontoret i Lit;0;0;0;0;0;41;58;76;121;93;0;0;55;74;71;0;0;0;0;589
23;Jämtland;80;Östersund;2380007;Frösö Strand;0;18;0;0;0;0;0;0;0;0;0;0;0;0;0;0;0;0;0;18
23;Jämtland;80;Östersund;2380025;Fältvägen;0;0;0;0;0;0;0;12;0;0;0;0;0;0;0;0;0;0;0;12
23;Jämtland;80;Östersund;2380004;Hemgården;0;0;0;0;0;0;15;0;0;0;0;0;0;0;0;0;0;0;0;15
23;Jämtland;80;Östersund;2380014;Hornsbergskyrkan, Frösön;96;111;88;0;0;160;165;161;146;135;0;0;220;276;282;0;0;0;0;1840
23;Jämtland;80;Östersund;2380027;Häktet;0;0;13;0;0;0;0;0;0;0;0;0;0;0;0;0;0;0;0;13
23;Jämtland;80;Östersund;2380020;Häradsgården;0;0;0;0;0;0;0;0;0;39;0;0;0;0;0;0;0;0;0;39
23;Jämtland;80;Östersund;2380035;Lugnvikskyrkan;0;0;0;0;0;65;49;44;47;32;0;0;83;85;75;0;0;0;0;480
23;Jämtland;80;Östersund;2380024;Löjtnantsgården;0;0;0;0;0;0;7;0;0;0;0;0;0;0;0;0;0;0;0;7
23;Jämtland;80;Östersund;2380023;Myran;0;0;0;0;0;0;0;0;0;0;0;0;6;0;0;0;0;0;0;6
23;Jämtland;80;Östersund;2380013;Mötesplats Brunflo;83;106;78;0;0;111;104;117;126;106;0;0;138;167;217;0;0;0;0;1353
23;Jämtland;80;Östersund;2380009;Rådmansgatan;0;0;0;0;0;0;0;0;0;0;0;0;0;0;0;0;0;0;0;0
23;Jämtland;80;Östersund;2380002;Skogsbruksvägen 131 och 133;0;0;0;0;0;0;0;27;0;0;0;0;0;0;0;0;0;0;0;27
23;Jämtland;80;Östersund;2380030;Slutna psykiatrin;0;0;0;0;0;0;0;0;0;0;0;0;0;12;0;0;0;0;0;12
23;Jämtland;80;Östersund;2380017;Sollidenvägen 64 C;0;0;0;0;0;0;0;0;0;0;0;0;0;0;0;0;0;0;0;0
23;Jämtland;80;Östersund;2380012;Sollidenvägen 64 C;0;0;0;0;0;0;0;0;0;0;0;0;0;0;23;0;0;0;0;23
23;Jämtland;80;Östersund;2380022;Solsången;0;0;5;0;0;0;0;0;0;0;0;0;0;0;0;0;0;0;0;5
23;Jämtland;80;Östersund;2380016;Stora Coop, Lillänge;326;433;349;253;257;424;440;510;544;483;294;339;597;661;680;0;0;0;0;6590
23;Jämtland;80;Östersund;2380029;Storsjöteatern;189;187;197;113;50;155;246;248;209;215;178;161;249;313;319;0;0;0;0;3029
23;Jämtland;80;Östersund;2380010;Torvalla Mötesplats;0;0;0;0;0;94;81;119;77;107;0;0;160;156;171;0;0;0;0;965
23;Jämtland;80;Östersund;2380032;Tossgränd;0;0;0;0;0;0;0;0;0;0;0;0;0;0;0;0;0;0;0;0
23;Jämtland;80;Östersund;2380021;Trossgränd äldreboende;0;0;8;0;0;0;0;0;0;0;0;0;0;0;0;0;0;0;0;8
23;Jämtland;80;Östersund;2380008;Västervik;17;0;0;0;0;0;0;0;0;0;0;0;0;0;0;0;0;0;0;17
23;Jämtland;80;Östersund;2380019;Ängegården;0;0;0;0;0;0;0;0;0;0;0;0;0;0;29;0;0;0;0;29
23;Jämtland;80;Östersund;2380026;Östersund rehab centra - Remonthagen;0;0;0;0;0;0;0;0;0;0;0;0;19;0;0;0;0;0;0;19
23;Jämtland;80;Östersund;2380001;Östersunds arena;114;53;71;77;81;149;152;156;122;163;134;170;171;264;299;0;0;0;0;2176
23;Jämtland;80;Östersund;2380003;Östersunds kommunhus;151;122;107;43;62;102;134;141;141;144;102;129;203;224;243;0;0;0;0;2048
23;Jämtland;80;Östersund;2380018;Östersunds sjukhus;27;0;0;0;0;31;0;0;65;0;0;0;0;47;0;0;0;0;0;170
24;Västerbotten;01;Nordmaling;2401002;Ambulerande röstmottagning;0;0;0;0;0;0;0;0;0;0;0;0;0;0;0;0;0;0;0;0
24;Västerbotten;01;Nordmaling;2401003;Folkets Hus, Rundvik;0;0;0;0;0;0;48;0;0;0;0;0;0;0;116;0;0;0;0;164
24;Västerbotten;01;Nordmaling;2401001;Norrskenshallen;57;121;70;46;69;62;80;78;211;114;91;86;94;114;117;0;0;0;0;1410
24;Västerbotten;03;Bjurholm;2403004;Ambulerande röstmottagning;0;0;0;0;0;0;0;4;0;0;0;0;0;0;0;0;0;0;0;4
24;Västerbotten;03;Bjurholm;2403001;Kommunkontoret;36;23;28;27;22;42;31;55;46;51;43;49;90;88;100;0;0;0;0;731
24;Västerbotten;03;Bjurholm;2403002;Kommunkontoret;0;0;0;0;0;0;0;0;0;0;0;0;0;0;0;0;0;0;0;0
24;Västerbotten;04;Vindeln;2404004;Ambulerande röstmottagning;0;0;25;0;0;0;11;6;16;0;0;0;3;0;0;0;0;0;0;61
24;Västerbotten;04;Vindeln;2404001;Forum, Renforsskolan;56;96;46;42;46;61;144;111;98;69;61;56;76;235;192;0;0;0;0;1389
24;Västerbotten;04;Vindeln;2404002;Granö småbarnsskola;0;0;0;0;0;0;0;0;0;0;0;0;0;0;0;0;0;0;0;0
24;Västerbotten;04;Vindeln;2404003;Åmsele Folkets Hus;0;0;0;0;0;0;0;0;0;0;0;0;0;0;0;0;0;0;0;0
24;Västerbotten;09;Robertsfors;2409006;Ambulerande röstmottagning;0;0;0;0;0;0;0;1;2;14;0;0;0;19;0;0;0;0;0;36
24;Västerbotten;09;Robertsfors;2409008;Bygdeå, Biblioteket;0;0;0;0;0;0;0;0;0;0;0;0;77;0;0;0;0;0;0;77
24;Västerbotten;09;Robertsfors;2409005;Centrumhuset, Diamanten Förtidsröstn;85;91;67;22;38;110;114;77;77;101;43;46;81;189;132;0;0;0;0;1273
24;Västerbotten;09;Robertsfors;2409007;Ånäset, Biblioteket;0;0;0;0;0;0;0;0;69;0;0;0;0;0;0;0;0;0;0;69
24;Västerbotten;09;Robertsfors;2409002;Överklinten Folkets hus;0;0;0;0;0;0;0;24;0;0;0;0;0;0;0;0;0;0;0;24
24;Västerbotten;17;Norsjö;2417004;Ambulerande röstmottagning;0;0;0;0;0;0;0;0;2;0;0;0;1;0;0;0;0;0;0;3
24;Västerbotten;17;Norsjö;2417012;Bjurträsk;0;0;0;0;0;0;0;0;0;0;0;0;0;0;36;0;0;0;0;36
24;Västerbotten;17;Norsjö;2417003;Folkets Hus, Bastuträsk;0;0;0;0;0;0;0;0;0;0;0;0;0;66;0;0;0;0;0;66
24;Västerbotten;17;Norsjö;2417011;Fromheden;0;0;0;0;0;0;0;0;0;0;0;0;0;0;4;0;0;0;0;4
24;Västerbotten;17;Norsjö;2417010;Gumboda;0;0;0;0;0;0;0;0;9;0;0;0;0;0;0;0;0;0;0;9
24;Västerbotten;17;Norsjö;2417009;Kusfors;0;0;0;0;0;0;0;0;33;0;0;0;0;0;0;0;0;0;0;33
24;Västerbotten;17;Norsjö;2417006;Kvarnåsen;0;7;0;0;0;0;0;0;0;0;0;0;0;0;0;0;0;0;0;7
24;Västerbotten;17;Norsjö;2417002;Norsjö Folkets Hus;60;53;48;21;48;57;80;93;78;69;53;48;77;97;134;0;0;0;0;1016
24;Västerbotten;17;Norsjö;2417008;Norsjövallen;0;0;0;0;0;0;4;0;0;0;0;0;0;0;0;0;0;0;0;4
24;Västerbotten;17;Norsjö;2417005;Risliden;0;0;0;0;0;0;15;0;0;0;0;0;0;0;0;0;0;0;0;15
24;Västerbotten;17;Norsjö;2417001;Solbacka;0;0;0;0;0;0;6;0;0;0;0;0;0;0;0;0;0;0;0;6
24;Västerbotten;17;Norsjö;2417007;Åmliden;0;20;0;0;0;0;0;0;0;0;0;0;0;0;0;0;0;0;0;20
24;Västerbotten;18;Malå;2418005;Ambulerande röstmottagning;0;0;0;0;0;1;0;0;9;0;0;0;0;0;2;0;0;0;0;12
24;Västerbotten;18;Malå;2418004;Malå kommun;46;30;53;37;24;43;47;47;50;60;40;38;55;89;87;0;0;0;0;746
24;Västerbotten;18;Malå;2418003;Nilaköket;0;0;0;0;0;0;0;0;0;0;0;0;0;0;0;0;0;0;0;0
24;Västerbotten;21;Storuman;2421011;Ambulerande röstmottagning;0;0;0;0;0;0;0;0;0;0;0;0;0;0;0;0;0;0;0;0
24;Västerbotten;21;Storuman;2421006;Folkan Tärnaby;44;30;29;0;0;32;24;76;42;40;0;29;56;44;92;0;0;0;0;538
24;Västerbotten;21;Storuman;2421004;Folkets hus Storuman;97;109;80;28;44;98;97;128;103;119;34;33;64;105;153;0;0;0;0;1292
24;Västerbotten;21;Storuman;2421013;Gunnarns skola/Byalokalen;0;0;0;0;0;0;0;0;0;0;0;0;0;0;0;0;0;0;0;0
24;Västerbotten;21;Storuman;2421003;Hemavans förskola/idrottshallen;0;0;0;0;0;0;0;0;0;0;0;0;0;0;0;0;0;0;0;0
24;Västerbotten;21;Storuman;2421007;Kommunhuset Storuman;0;0;0;0;0;0;0;0;0;0;0;0;0;0;0;0;0;0;0;0
24;Västerbotten;21;Storuman;2421002;Sionkapellet Långsjöby;0;0;0;0;0;0;0;0;0;0;0;0;0;0;0;0;0;0;0;0
24;Västerbotten;21;Storuman;2421001;Skarvsjöby bygdegård;0;0;0;0;0;0;0;0;0;0;0;0;0;0;0;0;0;0;0;0
24;Västerbotten;21;Storuman;2421012;Slussfors skola;0;0;0;0;0;0;0;0;0;0;0;0;0;0;0;0;0;0;0;0
24;Västerbotten;21;Storuman;2421009;Äldreboendet Sibyllagården;0;0;0;0;0;0;0;0;0;0;0;0;0;0;0;0;0;0;0;0
24;Västerbotten;21;Storuman;2421008;Äldreboendet Tranan;0;0;0;0;0;0;0;0;0;0;0;0;25;0;0;0;0;0;0;25
24;Västerbotten;21;Storuman;2421010;Äldreboendet Vikbacka;0;0;0;0;0;0;0;0;0;0;0;0;0;11;0;0;0;0;0;11
24;Västerbotten;22;Sorsele;2422005;Ambulerande röstmottagning;0;0;0;0;0;0;0;0;0;0;0;0;0;0;0;0;0;0;0;0
24;Västerbotten;22;Sorsele;2422002;Ammarnäs församlingshem;0;0;0;0;0;0;0;0;62;0;0;0;0;43;0;0;0;0;0;105
24;Västerbotten;22;Sorsele;2422001;Biblioteket Sorsele;32;38;27;23;19;28;25;36;0;53;20;22;90;0;101;0;0;0;0;514
24;Västerbotten;22;Sorsele;2422003;Blattnicksele Ica Nära;0;0;0;0;0;0;0;0;73;0;0;0;0;30;0;0;0;0;0;103
24;Västerbotten;22;Sorsele;2422004;Gargnäs Ica Nära;0;0;0;0;0;0;0;0;70;0;0;0;0;36;0;0;0;0;0;106
24;Västerbotten;22;Sorsele;2422006;Särskilt boende;0;0;0;0;0;0;0;0;0;0;0;0;0;0;0;0;0;0;0;0
24;Västerbotten;25;Dorotea;2425011;Ambulerande röstmottagning;0;0;0;0;0;0;0;0;0;0;0;0;10;0;0;0;0;0;0;10
24;Västerbotten;25;Dorotea;2425010;Bergvattengården;0;0;0;0;0;0;0;0;0;0;0;0;0;28;0;0;0;0;0;28
24;Västerbotten;25;Dorotea;2425004;Biblioteket Dorotea;52;38;49;26;35;31;42;97;31;56;32;33;37;56;113;0;0;0;0;728
24;Västerbotten;25;Dorotea;2425005;F.d. hemtjänstlokal Risbäck;0;0;0;0;0;0;0;0;0;0;0;0;0;0;0;0;0;0;0;0
24;Västerbotten;25;Dorotea;2425003;Fd posten Högland;0;0;0;0;0;0;0;0;0;0;0;0;0;0;0;0;0;0;0;0
24;Västerbotten;25;Dorotea;2425001;Föreningshuset Lajksjö;0;0;0;0;0;0;0;0;0;0;0;0;0;0;0;0;0;0;0;0
24;Västerbotten;25;Dorotea;2425008;Medborgarhuset;0;0;0;0;0;0;0;0;0;0;0;0;0;0;0;0;0;0;0;0
24;Västerbotten;25;Dorotea;2425007;Ped. omsorg Borgafjäll;0;0;0;0;0;0;0;0;0;0;0;0;0;0;0;0;0;0;0;0
24;Västerbotten;25;Dorotea;2425006;Samlingslokal ICA Ormsjö;0;0;0;0;0;0;0;0;0;0;0;0;0;0;0;0;0;0;0;0
24;Västerbotten;25;Dorotea;2425002;Skolan Avaträsk;0;0;0;0;0;0;0;0;0;0;0;0;0;0;0;0;0;0;0;0
24;Västerbotten;25;Dorotea;2425009;Sporthallen Svanabyn;0;0;0;0;0;0;0;0;0;0;0;0;0;0;0;0;0;0;0;0
24;Västerbotten;60;Vännäs;2460005;Ambulerande röstmottagning;0;0;0;0;0;0;0;0;0;0;0;0;0;0;0;0;0;0;0;0
24;Västerbotten;60;Vännäs;2460001;Festplatsen Vännäsby;0;0;0;0;0;0;0;246;0;0;0;0;0;0;287;0;0;0;0;533
24;Västerbotten;60;Vännäs;2460002;Kommunhuset;0;0;0;0;0;0;0;0;0;0;0;0;0;0;0;0;0;0;0;0
24;Västerbotten;60;Vännäs;2460003;Lilla salongen, Vegaskolan;0;0;240;55;71;104;121;0;152;133;123;127;160;408;0;0;0;0;0;1694
24;Västerbotten;62;Vilhelmina;2462007;Ambulerande röstmottagning;0;0;0;0;0;0;0;3;0;0;0;0;5;2;0;0;0;0;0;10
24;Västerbotten;62;Vilhelmina;2462006;Kommunhuset;0;0;0;0;0;0;0;0;0;0;0;0;0;0;0;0;0;0;0;0
24;Västerbotten;62;Vilhelmina;2462001;Sagagården;0;0;0;0;0;0;0;0;0;0;0;0;0;0;0;0;0;0;0;0
24;Västerbotten;62;Vilhelmina;2462005;Saxnäsgården;0;0;0;0;0;0;0;0;0;0;0;0;0;109;0;0;0;0;0;109
24;Västerbotten;62;Vilhelmina;2462002;Vilhelmina Folkets Hus;119;138;140;63;36;130;140;144;120;176;79;68;154;157;160;0;0;0;0;1824
24;Västerbotten;63;Åsele;2463003;Ambulerande röstmottagning;0;0;0;0;0;0;3;0;3;0;0;0;6;0;0;0;0;0;0;12
24;Västerbotten;63;Åsele;2463002;Duvan Fredrika;0;0;0;0;0;0;0;0;0;0;0;0;0;0;115;0;0;0;0;115
24;Västerbotten;63;Åsele;2463001;Åsele kulturhus;45;44;32;34;26;58;36;69;82;63;28;51;88;127;0;0;0;0;0;783
24;Västerbotten;80;Umeå;2480002;Aktrisen vård och omsorgsboende;0;23;0;0;0;0;0;0;0;0;0;0;0;0;0;0;0;0;0;23
24;Västerbotten;80;Umeå;2480044;Ambulerande röstmottagning;5;15;10;0;0;6;20;12;8;1;10;0;14;7;12;0;0;0;0;120
24;Västerbotten;80;Umeå;2480003;Aros daglig verksamhet;0;0;0;0;0;0;0;22;0;0;0;0;0;0;0;0;0;0;0;22
24;Västerbotten;80;Umeå;2480025;Axlagården;0;0;0;0;0;0;0;0;15;0;0;0;0;0;0;0;0;0;0;15
24;Västerbotten;80;Umeå;2480020;Botsmarks skola;0;0;0;25;60;0;0;0;0;0;0;0;0;0;0;0;0;0;0;85
24;Västerbotten;80;Umeå;2480004;Bruksbackens vård- och omsorgsboende;0;0;0;0;0;0;21;0;0;0;0;0;0;0;0;0;0;0;0;21
24;Västerbotten;80;Umeå;2480033;Bullmark skola;0;0;0;27;39;0;0;0;0;0;0;0;0;0;0;0;0;0;0;66
24;Västerbotten;80;Umeå;2480024;Bäckbacka vård- och omsorgsboende;0;0;0;0;0;25;0;0;0;0;0;0;0;0;0;0;0;0;0;25
24;Västerbotten;80;Umeå;2480005;Café Vaniljdrömmen;0;0;0;0;0;0;0;37;0;0;0;0;0;0;0;0;0;0;0;37
24;Västerbotten;80;Umeå;2480052;Carlslundsskolan;0;0;0;109;128;0;0;0;0;0;142;176;0;0;0;0;0;0;0;555
24;Västerbotten;80;Umeå;2480006;Dragonens vård- och omsorgsboende;0;0;0;0;0;0;0;33;0;0;0;0;0;0;0;0;0;0;0;33
24;Västerbotten;80;Umeå;2480040;Eriksdals vård- och omsorgsboende;0;0;0;0;0;0;0;0;16;0;0;0;0;0;0;0;0;0;0;16
24;Västerbotten;80;Umeå;2480008;Ersboda vård- och omsorgsboende;0;0;0;0;0;0;25;0;0;0;0;0;0;0;0;0;0;0;0;25
24;Västerbotten;80;Umeå;2480022;Ersboda, Sporthushallen;167;149;142;76;79;214;171;195;192;162;144;206;394;425;477;0;0;0;0;3193
24;Västerbotten;80;Umeå;2480046;Ersmark skola;0;0;0;37;40;0;0;0;0;0;0;0;0;0;0;0;0;0;0;77
24;Västerbotten;80;Umeå;2480036;Hissjö skola;0;0;0;40;29;0;0;0;0;0;0;0;0;0;0;0;0;0;0;69
24;Västerbotten;80;Umeå;2480011;Holmsund daglig verksamhet;0;0;0;0;0;0;0;8;0;0;0;0;0;0;0;0;0;0;0;8
24;Västerbotten;80;Umeå;2480010;Holmsunds vård- och omsorgsboende;0;0;0;0;0;0;0;0;33;0;0;0;0;0;0;0;0;0;0;33
24;Västerbotten;80;Umeå;2480019;Holmön, Prästgården;0;0;0;0;39;0;0;0;0;0;0;0;0;0;0;0;0;0;0;39
24;Västerbotten;80;Umeå;2480018;Hotell Scandic Syd;299;272;252;143;167;443;390;408;394;391;249;277;589;666;678;0;0;0;0;5618
24;Västerbotten;80;Umeå;2480028;Häktet;0;0;0;0;24;0;0;0;0;0;0;0;0;0;0;0;0;0;0;24
24;Västerbotten;80;Umeå;2480014;Hörnefors Centrumhus;60;64;50;61;56;70;91;94;69;61;70;73;142;143;159;0;0;0;0;1263
24;Västerbotten;80;Umeå;2480047;Kasamark skola;0;0;0;0;0;0;0;0;0;0;64;51;0;0;0;0;0;0;0;115
24;Västerbotten;80;Umeå;2480029;Kriminalvårdsanstalten Sörbyn;0;0;75;1;0;0;0;0;0;0;0;0;0;0;0;0;0;0;0;76
24;Västerbotten;80;Umeå;2480030;Kriminalvårdsanstalten Umeå;0;0;0;0;0;0;0;0;0;0;0;116;0;0;0;0;0;0;0;116
24;Västerbotten;80;Umeå;2480048;Linneaskolan;0;0;0;0;0;0;0;0;0;0;59;69;0;0;0;0;0;0;0;128
24;Västerbotten;80;Umeå;2480041;Lundagård vård- och omsorgsboende;21;0;0;0;0;0;0;0;0;0;0;0;0;0;0;0;0;0;0;21
24;Västerbotten;80;Umeå;2480045;Musköten;138;97;117;63;112;128;146;163;154;150;118;162;268;364;404;0;0;0;0;2584
24;Västerbotten;80;Umeå;2480001;Nolia;415;407;345;165;189;413;452;494;459;426;236;358;741;939;1066;0;0;0;0;7105
24;Västerbotten;80;Umeå;2480038;Nordstjärnan vård- och omsorgsboende;0;24;0;0;0;0;0;0;0;0;0;0;0;0;0;0;0;0;0;24
24;Västerbotten;80;Umeå;2480013;Norrlands Universitetssjukhus;304;285;385;177;192;431;455;425;456;424;214;290;576;568;536;0;0;0;0;5718
24;Västerbotten;80;Umeå;2480035;Obbola skola;0;0;0;0;0;0;0;0;0;0;78;92;0;0;0;0;0;0;0;170
24;Västerbotten;80;Umeå;2480039;Prästsjögården;0;0;0;0;0;0;24;0;0;0;0;0;0;0;0;0;0;0;0;24
24;Västerbotten;80;Umeå;2480023;Sjuans mötesplats;229;273;201;94;113;264;242;268;248;247;142;176;334;366;369;0;0;0;0;3566
24;Västerbotten;80;Umeå;2480012;Sjöbacka vård- och omsorgsboende;0;0;0;0;0;15;0;0;0;0;0;0;0;0;0;0;0;0;0;15
24;Västerbotten;80;Umeå;2480042;Sjöjungfrun vård- och omsorgsboende;12;0;0;0;0;0;0;0;0;0;0;0;0;0;0;0;0;0;0;12
24;Västerbotten;80;Umeå;2480027;Skräddaren vård- och omsorgsboende;0;22;0;0;0;0;0;0;0;0;0;0;0;0;0;0;0;0;0;22
24;Västerbotten;80;Umeå;2480007;Solbacken vård- och omsorgsboende;0;0;0;0;0;26;0;0;0;0;0;0;0;0;0;0;0;0;0;26
24;Västerbotten;80;Umeå;2480021;Solgården vård- och omsorgsboende;0;0;0;0;0;0;0;0;16;0;0;0;0;0;0;0;0;0;0;16
24;Västerbotten;80;Umeå;2480016;Storsjöskolan;96;97;50;68;73;164;146;125;129;105;110;118;224;264;285;0;0;0;0;2054
24;Västerbotten;80;Umeå;2480049;Stöcke skola;0;0;0;0;0;0;0;0;0;0;38;55;0;0;0;0;0;0;0;93
24;Västerbotten;80;Umeå;2480017;Sävar skola;63;54;32;43;68;73;78;75;79;65;60;107;135;167;177;0;0;0;0;1276
24;Västerbotten;80;Umeå;2480015;Sörfors skola;0;0;0;44;46;0;0;0;0;0;0;0;0;0;0;0;0;0;0;90
24;Västerbotten;80;Umeå;2480053;Sörmjöle skola;0;0;0;0;0;0;0;0;0;0;73;50;0;0;0;0;0;0;0;123
24;Västerbotten;80;Umeå;2480034;Tavelsjö skola;0;0;0;67;95;0;0;0;0;0;0;0;0;0;0;0;0;0;0;162
24;Västerbotten;80;Umeå;2480032;Teg vård- och omsorgsboende;0;0;0;0;0;32;0;0;0;0;0;0;0;0;0;0;0;0;0;32
24;Västerbotten;80;Umeå;2480037;Täfteå byakyrka;0;0;0;0;0;0;97;0;0;0;0;0;0;187;0;0;0;0;0;284
24;Västerbotten;80;Umeå;2480043;Umeå norra korttidscenter;28;0;0;0;0;0;0;0;0;0;0;0;0;0;0;0;0;0;0;28
24;Västerbotten;80;Umeå;2480051;Väst-Teg vård- och omsorgsboende;1;44;0;0;0;0;0;0;0;0;0;0;0;0;0;0;0;0;0;45
24;Västerbotten;80;Umeå;2480050;Älvkungen;31;0;0;0;0;0;0;0;0;0;0;0;0;0;0;0;0;0;0;31
24;Västerbotten;81;Lycksele;2481004;Ambulerande röstmottagning;0;0;0;0;0;0;0;0;0;0;0;0;0;2;0;0;0;0;0;2
24;Västerbotten;81;Lycksele;2481003;Lycksele stadshus, entréplan;21;20;475;133;88;317;253;253;324;291;148;93;371;401;484;0;0;0;0;3672
24;Västerbotten;81;Lycksele;2481002;Rusksele skola;0;0;0;0;0;0;0;0;0;0;0;0;0;0;0;0;0;0;0;0
24;Västerbotten;81;Lycksele;2481001;Örträsk  skola;0;0;0;0;0;0;0;0;0;0;0;0;0;0;0;0;0;0;0;0
24;Västerbotten;82;Skellefteå;2482042;Ambulerande röstmottagning;113;36;0;0;0;63;35;73;64;124;0;0;80;3;0;0;0;0;0;591
24;Västerbotten;82;Skellefteå;2482068;Anderstorpsgymnasiet;0;0;0;0;0;0;0;0;0;0;0;0;0;0;0;0;0;0;0;0
24;Västerbotten;82;Skellefteå;2482043;Annagården;0;0;0;0;0;0;0;0;0;0;0;0;0;0;0;0;0;0;0;0
24;Västerbotten;82;Skellefteå;2482069;Baldergymnasiet;0;0;0;0;0;0;0;0;0;0;0;0;0;0;0;0;0;0;0;0
24;Västerbotten;82;Skellefteå;2482044;Björkhammargården;0;0;0;0;0;0;0;0;0;0;0;0;0;0;0;0;0;0;0;0
24;Västerbotten;82;Skellefteå;2482001;Boliden, bibliotek;69;0;0;41;0;30;0;101;0;0;56;0;38;0;171;0;0;0;0;506
24;Västerbotten;82;Skellefteå;2482030;Boviken, Hembygdsgården;0;0;0;0;0;0;0;0;71;0;0;0;0;0;0;0;0;0;0;71
24;Västerbotten;82;Skellefteå;2482066;Brogården;0;0;0;0;0;0;0;0;0;0;0;0;0;0;0;0;0;0;0;0
24;Västerbotten;82;Skellefteå;2482045;Buregården;0;0;0;0;0;0;0;0;0;0;0;0;0;0;0;0;0;0;0;0
24;Västerbotten;82;Skellefteå;2482002;Bureå bibliotek;0;97;0;70;0;0;162;0;80;0;67;0;0;270;0;0;0;0;0;746
24;Västerbotten;82;Skellefteå;2482046;Burträskgårdarna;0;0;0;0;0;0;0;0;0;0;0;0;0;0;0;0;0;0;0;0
24;Västerbotten;82;Skellefteå;2482014;Burvik, Spoven;0;0;0;0;0;0;41;0;0;0;0;0;0;0;0;0;0;0;0;41
24;Västerbotten;82;Skellefteå;2482011;Bygdeträsk, Allégården;0;0;0;0;0;0;0;0;0;0;0;0;0;0;55;0;0;0;0;55
24;Västerbotten;82;Skellefteå;2482006;Bygdsiljum, Siljegården;0;0;0;0;0;0;0;0;0;0;0;0;0;0;0;0;0;0;0;0
24;Västerbotten;82;Skellefteå;2482033;Byske bibliotek;96;0;0;59;0;71;0;131;0;0;55;0;73;0;282;0;0;0;0;767
24;Västerbotten;82;Skellefteå;2482005;Campus, bibliotek;47;47;47;0;0;73;178;66;51;75;0;0;83;267;97;0;0;0;0;1031
24;Västerbotten;82;Skellefteå;2482067;Dammen;0;0;0;0;0;0;0;0;0;0;0;0;0;0;0;0;0;0;0;0
24;Västerbotten;82;Skellefteå;2482007;Drängsmark, Drängsmarkskolan;0;0;0;0;0;0;0;0;0;0;0;0;0;0;0;0;0;0;0;0
24;Västerbotten;82;Skellefteå;2482032;Edelvik folkhögskola;0;156;0;42;0;0;85;0;149;0;70;0;0;94;0;0;0;0;0;596
24;Västerbotten;82;Skellefteå;2482010;Ersmark, Ersmarksskolan;0;0;0;0;0;0;0;0;0;0;0;0;0;0;0;0;0;0;0;0
24;Västerbotten;82;Skellefteå;2482004;Falmark, Skellefteå Airport;0;0;0;0;0;0;0;0;0;0;0;0;0;0;0;0;0;0;0;0
24;Västerbotten;82;Skellefteå;2482008;Frostkåge, Solviks folkhögskola;0;0;0;0;0;0;0;0;0;0;0;0;0;0;0;0;0;0;0;0
24;Västerbotten;82;Skellefteå;2482034;Fällfors, Aktivitetshuset Älvan;0;0;0;0;0;0;0;0;0;0;0;0;0;0;0;0;0;0;0;0
24;Västerbotten;82;Skellefteå;2482070;Guldstadsgymnasiet;0;0;0;0;0;0;0;0;0;0;0;0;0;0;0;0;0;0;0;0
24;Västerbotten;82;Skellefteå;2482009;Gummarksskolan;0;0;0;0;0;0;0;0;0;0;0;0;0;0;0;0;0;0;0;0
24;Västerbotten;82;Skellefteå;2482047;Hedvigsgården;0;0;0;0;0;0;0;0;0;0;0;0;0;0;0;0;0;0;0;0
24;Västerbotten;82;Skellefteå;2482048;Hemgården;0;0;0;0;0;0;0;0;0;0;0;0;0;0;0;0;0;0;0;0
24;Västerbotten;82;Skellefteå;2482049;Höjden;0;0;0;0;0;0;0;0;0;0;0;0;0;0;0;0;0;0;0;0
24;Västerbotten;82;Skellefteå;2482022;Hökmark, Samlingslokalen;0;0;0;0;0;0;0;40;0;0;0;0;0;0;0;0;0;0;0;40
24;Västerbotten;82;Skellefteå;2482016;Jörn, JESS-lokalen;0;0;28;21;0;0;53;0;0;30;12;0;0;96;0;0;0;0;0;240
24;Västerbotten;82;Skellefteå;2482018;Kalvträsk, Glesbygdscenter;0;0;0;0;0;0;0;0;0;0;0;0;0;29;0;0;0;0;0;29
24;Västerbotten;82;Skellefteå;2482071;Kanalskolan;0;0;0;0;0;0;0;0;0;0;0;0;0;0;0;0;0;0;0;0
24;Västerbotten;82;Skellefteå;2482060;Klockarhöjden;0;0;0;0;0;0;0;0;0;0;0;0;0;0;0;0;0;0;0;0
24;Västerbotten;82;Skellefteå;2482013;Klutmark byagård;0;0;0;0;0;0;44;0;0;0;0;0;0;0;0;0;0;0;0;44
24;Västerbotten;82;Skellefteå;2482015;Kåge bibliotek;126;0;0;53;0;64;0;153;0;0;138;0;70;0;304;0;0;0;0;908
24;Västerbotten;82;Skellefteå;2482063;Linagården;0;0;0;0;0;0;0;0;0;0;0;0;0;0;0;0;0;0;0;0
24;Västerbotten;82;Skellefteå;2482035;Ljusvattnet, Kapellet;0;0;0;0;0;0;0;0;68;0;0;0;0;0;0;0;0;0;0;68
24;Västerbotten;82;Skellefteå;2482057;Löftesgränd 85;0;0;0;0;0;0;0;0;0;0;0;0;0;0;0;0;0;0;0;0
24;Västerbotten;82;Skellefteå;2482025;Lövångers bibliotek;2;28;0;19;0;48;0;0;56;0;40;0;73;0;0;0;0;0;0;266
24;Västerbotten;82;Skellefteå;2482036;Missenträsk, Bygdegården;0;0;0;0;0;0;0;13;0;0;0;0;0;0;0;0;0;0;0;13
24;Västerbotten;82;Skellefteå;2482019;Mjövattnet, Föreningslokalen;0;0;0;0;0;40;0;0;0;0;0;0;0;0;0;0;0;0;0;40
24;Västerbotten;82;Skellefteå;2482038;Morö backe, Fritidsgården Loftet;0;175;0;76;0;0;111;0;201;0;83;0;0;93;0;0;0;0;0;739
24;Västerbotten;82;Skellefteå;2482029;Myrheden, Byagården;0;25;0;0;0;0;0;0;0;0;0;0;0;0;0;0;0;0;0;25
24;Västerbotten;82;Skellefteå;2482072;Naturbruksgymnasiet;0;0;0;0;0;0;0;0;0;0;0;0;0;0;0;0;0;0;0;0
24;Västerbotten;82;Skellefteå;2482050;Norrgårda;0;0;0;0;0;0;0;0;0;0;0;0;0;0;0;0;0;0;0;0
24;Västerbotten;82;Skellefteå;2482027;Norrlångträsk, Byagården;0;0;0;0;0;0;0;0;0;0;0;0;59;0;0;0;0;0;0;59
24;Västerbotten;82;Skellefteå;2482073;Praktiska gymnasiet;0;0;0;0;0;0;0;0;0;0;0;0;0;0;0;0;0;0;0;0
24;Västerbotten;82;Skellefteå;2482051;Regnbågen;0;0;0;0;0;0;0;0;0;0;0;0;0;0;0;0;0;0;0;0
24;Västerbotten;82;Skellefteå;2482028;Renström, Träffpunkten;0;0;0;0;0;20;0;0;0;0;0;0;0;0;0;0;0;0;0;20
24;Västerbotten;82;Skellefteå;2482017;Röjnoret, f d skolan;0;0;0;0;0;0;0;0;0;0;0;0;0;0;0;0;0;0;0;0
24;Västerbotten;82;Skellefteå;2482012;Sandfors, Bönhuset;0;0;0;0;0;0;0;0;0;0;0;0;0;0;0;0;0;0;0;0
24;Västerbotten;82;Skellefteå;2482037;Sara Kulturhus;636;706;553;355;320;590;599;734;851;675;717;415;803;1096;1141;0;0;0;0;10191
24;Västerbotten;82;Skellefteå;2482058;Seniortorg Nordanå;0;0;0;0;0;0;0;0;0;0;0;0;0;0;0;0;0;0;0;0
24;Västerbotten;82;Skellefteå;2482059;Seniortorget Loftet;0;0;0;0;0;0;0;0;0;0;0;0;0;0;0;0;0;0;0;0
24;Västerbotten;82;Skellefteå;2482040;Skelleftehamn, Folkets Hus, Rotan;31;108;1;38;0;0;0;65;119;0;59;0;0;0;108;0;0;0;0;529
24;Västerbotten;82;Skellefteå;2482031;Skellefteå sjukhus;99;33;37;0;0;47;59;118;76;49;0;0;75;90;189;0;0;0;0;872
24;Västerbotten;82;Skellefteå;2482052;Skogsbacken;0;0;0;0;0;0;0;0;0;0;0;0;0;0;0;0;0;0;0;0
24;Västerbotten;82;Skellefteå;2482053;Skärgårdshemmet;0;0;0;0;0;0;0;0;0;0;0;0;0;0;0;0;0;0;0;0
24;Västerbotten;82;Skellefteå;2482041;Solbacken;0;0;0;0;0;0;0;0;0;173;172;175;0;0;0;0;0;0;0;520
24;Västerbotten;82;Skellefteå;2482065;Solkraft Rondellen;0;0;0;0;0;0;0;0;0;0;0;0;0;0;0;0;0;0;0;0
24;Västerbotten;82;Skellefteå;2482064;Solkraft Rosengård;0;0;0;0;0;0;0;0;0;0;0;0;0;0;0;0;0;0;0;0
24;Västerbotten;82;Skellefteå;2482074;Solvik folkhögskola;0;0;0;0;0;0;0;0;0;0;0;0;0;0;0;0;0;0;0;0
24;Västerbotten;82;Skellefteå;2482054;Sunnanäng;0;0;0;0;0;0;0;0;0;0;0;0;0;0;0;0;0;0;0;0
24;Västerbotten;82;Skellefteå;2482075;Sörgårda;0;0;0;0;0;0;0;0;0;0;0;0;0;0;0;0;0;0;0;0
24;Västerbotten;82;Skellefteå;2482055;Tor;0;0;0;0;0;0;0;0;0;0;0;0;0;0;0;0;0;0;0;0
24;Västerbotten;82;Skellefteå;2482062;Trivseln;0;0;0;0;0;0;0;0;0;0;0;0;0;0;0;0;0;0;0;0
24;Västerbotten;82;Skellefteå;2482061;Urkraft;0;0;0;0;0;0;0;0;0;0;0;0;0;0;0;0;0;0;0;0
24;Västerbotten;82;Skellefteå;2482039;Ursvikens bibliotek;60;108;0;51;0;1;0;82;141;0;79;0;0;0;94;0;0;0;0;616
24;Västerbotten;82;Skellefteå;2482020;Uttersjöns byastuga;0;0;0;0;0;0;0;0;0;0;0;0;0;0;70;0;0;0;0;70
24;Västerbotten;82;Skellefteå;2482023;Vallen, Kapellet;0;0;0;0;0;0;0;0;0;0;0;0;0;0;0;0;0;0;0;0
24;Västerbotten;82;Skellefteå;2482021;Vebomark, Lundbergska gården;0;0;0;0;0;0;0;0;0;0;0;0;54;0;0;0;0;0;0;54
24;Västerbotten;82;Skellefteå;2482024;Åbyn (Byske), Brännfors byggnadsför.;0;0;0;0;0;0;0;0;0;0;0;0;0;0;0;0;0;0;0;0
24;Västerbotten;82;Skellefteå;2482026;Ålund, Bygdegården;0;0;0;0;0;0;0;0;0;0;0;0;0;96;0;0;0;0;0;96
24;Västerbotten;82;Skellefteå;2482056;Ömheten;0;0;0;0;0;0;0;0;0;0;0;0;0;0;0;0;0;0;0;0
24;Västerbotten;82;Skellefteå;2482003;Örviken, Folkets hus;0;0;0;0;0;0;0;0;0;0;0;0;0;0;0;0;0;0;0;0
25;Norrbotten;05;Arvidsjaur;2505002;Affär'n Abborrträsk;0;29;0;0;0;0;26;0;0;0;27;0;0;32;0;0;0;0;0;114
25;Norrbotten;05;Arvidsjaur;2505006;Ambulerande röstmottagning;2;0;3;0;0;0;0;1;0;0;0;0;0;0;45;0;0;0;0;51
25;Norrbotten;05;Arvidsjaur;2505001;Café Navet i Moskosel;49;0;0;0;0;0;0;42;0;0;0;0;0;0;49;0;0;0;0;140
25;Norrbotten;05;Arvidsjaur;2505003;Finnbergs Diversehandel;0;0;28;0;0;0;46;0;0;0;0;0;0;44;25;0;0;0;0;143
25;Norrbotten;05;Arvidsjaur;2505005;Medborgarhuset;86;84;110;77;99;103;104;125;123;136;90;108;142;250;143;0;0;0;0;1780
25;Norrbotten;06;Arjeplog;2506007;Ambulerande röstmottagning;0;0;0;0;0;4;0;12;0;0;0;0;0;0;4;0;0;0;0;20
25;Norrbotten;06;Arjeplog;2506004;Folkets Hus i Mellanström;0;0;0;0;0;17;0;0;0;0;0;0;0;0;0;0;0;0;0;17
25;Norrbotten;06;Arjeplog;2506005;Folkets Hus i Slagnäs;0;0;0;0;0;0;38;0;0;0;0;0;0;0;0;0;0;0;0;38
25;Norrbotten;06;Arjeplog;2506002;Jäckviksgården;0;0;0;0;0;0;0;0;16;0;0;0;0;0;0;0;0;0;0;16
25;Norrbotten;06;Arjeplog;2506003;Klubbstugan, Laisvall;0;0;0;0;0;0;0;17;0;0;0;0;0;0;0;0;0;0;0;17
25;Norrbotten;06;Arjeplog;2506006;Kommunbiblioteket;39;56;34;32;34;43;43;22;92;63;34;38;47;66;65;0;0;0;0;708
25;Norrbotten;06;Arjeplog;2506001;Medborgarhuset;0;0;0;0;0;0;0;0;0;0;0;0;0;0;0;0;0;0;0;0
25;Norrbotten;10;Jokkmokk;2510014;Ambulerande röstmottagning;0;0;0;0;0;0;0;0;0;0;0;0;0;0;7;0;0;0;0;7
25;Norrbotten;10;Jokkmokk;2510010;Biblioteket Vuollerim;0;0;0;0;0;71;0;37;43;0;0;0;39;0;45;0;0;0;0;235
25;Norrbotten;10;Jokkmokk;2510013;Folkets Hus Jokkmokk;80;69;62;24;36;74;93;90;102;98;31;0;117;139;97;0;0;0;0;1112
25;Norrbotten;10;Jokkmokk;2510012;Folkets hus Vuollerim;0;0;0;0;0;0;0;0;0;0;0;0;0;0;0;0;0;0;0;0
25;Norrbotten;10;Jokkmokk;2510007;Hembygdsgården, Murjek;0;0;0;0;0;0;0;21;0;0;0;0;0;0;0;0;0;0;0;21
25;Norrbotten;10;Jokkmokk;2510004;Hemvärnsgården Puottaure;0;0;0;0;0;0;0;0;0;0;0;22;0;0;0;0;0;0;0;22
25;Norrbotten;10;Jokkmokk;2510008;Kåbdalis Brandstation;0;0;0;0;0;0;0;0;0;0;0;19;0;0;0;0;0;0;0;19
25;Norrbotten;10;Jokkmokk;2510001;Laponiaporten Porjus;0;0;0;0;0;0;43;0;0;0;0;0;0;32;0;0;0;0;0;75
25;Norrbotten;10;Jokkmokk;2510003;Medborgarhuset, Randijaur;0;0;0;0;0;0;0;0;0;0;0;13;0;0;0;0;0;0;0;13
25;Norrbotten;10;Jokkmokk;2510009;Älvgården, Tårrajaur;0;0;0;0;0;0;0;0;0;0;0;19;0;0;0;0;0;0;0;19
25;Norrbotten;10;Jokkmokk;2510002;Årrenjarka Fjällby;0;0;0;0;0;0;0;0;0;0;0;19;0;0;0;0;0;0;0;19
25;Norrbotten;13;Överkalix;2513001;Allsåns byastuga;0;0;0;0;0;0;0;0;0;0;25;0;0;0;0;0;0;0;0;25
25;Norrbotten;13;Överkalix;2513009;Ambulerande röstmottagning;1;0;0;0;0;0;0;3;0;0;0;0;0;1;1;0;0;0;0;6
25;Norrbotten;13;Överkalix;2513002;Brännagården;0;0;0;1;0;0;0;0;0;0;0;0;0;0;0;0;0;0;0;1
25;Norrbotten;13;Överkalix;2513008;Gyljens byastuga Bruksgården Gyljen;0;0;0;0;0;0;0;0;0;0;69;0;0;0;0;0;0;0;0;69
25;Norrbotten;13;Överkalix;2513006;Jockfalls Byastuga;0;0;0;0;0;0;0;0;0;0;21;0;0;0;0;0;0;0;0;21
25;Norrbotten;13;Överkalix;2513003;Lansjärvs Folkets hus;0;0;0;0;0;0;0;0;0;0;0;62;0;0;0;0;0;0;0;62
25;Norrbotten;13;Överkalix;2513007;Svartbyns byastuga;0;0;0;0;0;0;0;0;0;0;0;74;0;0;0;0;0;0;0;74
25;Norrbotten;13;Överkalix;2513005;Tallviksgården;0;0;0;11;0;0;0;0;0;0;0;0;0;0;0;0;0;0;0;11
25;Norrbotten;13;Överkalix;2513004;Överkalix kommunförvaltning;58;46;75;37;36;59;41;51;67;75;30;12;97;110;96;0;0;0;0;890
25;Norrbotten;14;Kalix;2514013;Ambulerande röstmottagning;0;0;0;0;0;0;7;14;30;3;0;0;0;35;0;0;0;0;0;89
25;Norrbotten;14;Kalix;2514003;Björkfors Klubbstuga;0;0;0;0;45;0;0;0;0;0;0;0;0;0;0;0;0;0;0;45
25;Norrbotten;14;Kalix;2514001;Byakontoret Morjärv;0;0;0;78;0;0;0;0;0;0;0;0;0;0;0;0;0;0;0;78
25;Norrbotten;14;Kalix;2514007;Båtskärsnäs Folkets Hus;0;0;0;0;0;0;0;0;0;0;0;59;0;0;0;0;0;0;0;59
25;Norrbotten;14;Kalix;2514012;Gallerian Kalix;204;244;238;149;99;258;273;279;278;325;198;141;244;331;322;0;0;0;0;3583
25;Norrbotten;14;Kalix;2514008;Kalix kommuns förvaltningsbyggnad;0;0;0;0;0;0;0;0;0;0;0;0;0;0;0;0;0;0;0;0
25;Norrbotten;14;Kalix;2514010;Karlsborg Eriköstugan;0;0;0;0;0;0;0;0;0;0;59;0;0;0;0;0;0;0;0;59
25;Norrbotten;14;Kalix;2514009;Pålänge Skola;0;0;0;0;0;0;0;0;0;0;39;0;0;0;0;0;0;0;0;39
25;Norrbotten;14;Kalix;2514006;Ryssbälts Byastuga;0;0;0;0;0;0;0;0;0;0;0;29;0;0;0;0;0;0;0;29
25;Norrbotten;14;Kalix;2514002;Töre Folkets Hus;25;29;23;0;0;30;22;19;32;34;21;26;27;40;19;0;0;0;0;347
25;Norrbotten;14;Kalix;2514004;Vitvattnets Skola;0;0;0;0;37;0;0;0;0;0;0;0;0;0;0;0;0;0;0;37
25;Norrbotten;18;Övertorneå;2518008;Ambulerande röstmottagning;0;0;0;0;0;0;0;0;0;0;0;0;0;0;0;0;0;0;0;0
25;Norrbotten;18;Övertorneå;2518003;Brostugan i Luppio (f d daghem);0;0;0;0;0;0;0;0;0;0;0;0;0;0;0;0;0;0;0;0
25;Norrbotten;18;Övertorneå;2518006;Byapaviljongen i Aapua;0;0;0;0;0;0;0;0;0;0;0;0;0;0;0;0;0;0;0;0
25;Norrbotten;18;Övertorneå;2518007;F d skolan i Rantajärvi;0;0;0;0;0;0;0;0;0;0;0;0;0;0;0;0;0;0;0;0
25;Norrbotten;18;Övertorneå;2518001;Folkets Hus;0;0;0;0;0;0;0;0;0;0;0;0;0;0;0;0;0;0;0;0
25;Norrbotten;18;Övertorneå;2518004;Förvaltningsbyggnaden, Solsidan;48;65;58;28;31;41;66;56;71;62;37;64;68;126;72;0;0;0;0;893
25;Norrbotten;18;Övertorneå;2518002;Juoksengi församlingshem;0;0;0;0;0;0;0;0;0;0;0;0;0;0;0;0;0;0;0;0
25;Norrbotten;18;Övertorneå;2518005;Pello församlingshem;0;0;0;0;0;0;0;0;0;0;0;0;0;0;0;0;0;0;0;0
25;Norrbotten;21;Pajala;2521013;Ambulerande röstmottagning;0;0;0;0;0;0;0;0;0;2;0;0;3;0;2;0;0;0;0;7
25;Norrbotten;21;Pajala;2521002;Erkheikki Folkets Hus;0;0;0;0;0;0;0;0;0;0;0;0;0;0;44;0;0;0;0;44
25;Norrbotten;21;Pajala;2521004;Junosuando, fd centralskolan;0;0;0;0;62;0;0;0;0;0;0;73;0;51;0;0;0;0;0;186
25;Norrbotten;21;Pajala;2521010;Kainulasjärvi Fd Skolan;0;0;0;0;0;0;0;0;0;0;0;0;0;0;0;0;0;0;0;0
25;Norrbotten;21;Pajala;2521001;Kangos Allhus;0;0;0;0;0;0;0;0;0;0;0;0;0;0;0;0;0;0;0;0
25;Norrbotten;21;Pajala;2521006;Kardis Bygdegård;0;0;0;0;0;0;0;0;0;0;0;0;43;0;0;0;0;0;0;43
25;Norrbotten;21;Pajala;2521012;Kaunisvaara Folkets hus;0;0;0;0;0;0;0;0;0;0;0;0;0;50;0;0;0;0;0;50
25;Norrbotten;21;Pajala;2521014;Kihlangi Byalokal;0;0;0;0;0;0;0;0;0;0;0;0;0;0;0;0;0;0;0;0
25;Norrbotten;21;Pajala;2521005;Kitkiöjärvi Skolan;0;0;0;0;0;0;0;0;0;0;0;0;28;0;0;0;0;0;0;28
25;Norrbotten;21;Pajala;2521003;Korpilombolo, Gårdsbyskolan matsal;0;0;0;71;0;0;0;0;0;0;0;65;0;0;68;0;0;0;0;204
25;Norrbotten;21;Pajala;2521015;Muodoslompolo, Våra byars hus;0;0;0;0;0;0;0;0;0;0;0;0;38;0;0;0;0;0;0;38
25;Norrbotten;21;Pajala;2521009;Narken  Skolan;0;0;0;0;0;0;0;0;0;0;0;0;0;45;0;0;0;0;0;45
25;Norrbotten;21;Pajala;2521011;Pajala G:a Sporthallen;81;70;88;0;0;71;72;62;125;98;73;58;105;104;96;0;0;0;0;1103
25;Norrbotten;21;Pajala;2521017;Pajala Kommunhuset;0;0;0;0;0;0;0;0;0;0;0;0;0;0;0;0;0;0;0;0
25;Norrbotten;21;Pajala;2521016;Saittarova, Tre Tallar;0;0;0;0;0;0;0;0;0;0;0;0;0;0;0;0;0;0;0;0
25;Norrbotten;21;Pajala;2521008;Sattajärvi skola;0;0;0;0;0;0;0;0;0;0;164;0;0;0;0;0;0;0;0;164
25;Norrbotten;21;Pajala;2521007;Tärendö Sporthall;0;0;0;140;0;0;0;56;0;0;0;0;0;0;69;0;0;0;0;265
25;Norrbotten;23;Gällivare;2523015;Ambulerande röstmottagning;0;0;0;0;0;0;0;0;5;0;0;0;0;14;0;0;0;0;0;19
25;Norrbotten;23;Gällivare;2523011;Dokkas skola;0;0;57;0;0;0;0;0;72;0;0;0;0;0;0;0;0;0;0;129
25;Norrbotten;23;Gällivare;2523008;Enen - matsal;294;339;182;129;117;272;255;268;261;267;185;129;390;506;385;0;0;0;0;3979
25;Norrbotten;23;Gällivare;2523002;Forsgläntan - Konferensrum;0;11;0;0;0;0;0;0;0;0;0;26;0;0;0;0;0;0;0;37
25;Norrbotten;23;Gällivare;2523017;Glada Kocken;0;0;0;0;0;75;0;0;0;0;0;0;0;0;0;0;0;0;0;75
25;Norrbotten;23;Gällivare;2523001;Hakkas skola Aula;0;44;0;0;0;0;45;0;0;0;51;0;66;0;0;0;0;0;0;206
25;Norrbotten;23;Gällivare;2523007;Myranskolan;0;0;0;54;0;0;0;0;0;0;64;0;0;0;65;0;0;0;0;183
25;Norrbotten;23;Gällivare;2523006;Niilivaara Träffpunkt;0;0;0;48;0;0;0;0;0;32;0;0;0;0;0;0;0;0;0;80
25;Norrbotten;23;Gällivare;2523005;PRO Träffpunkt Nattavaara;0;0;2;0;0;19;0;35;0;0;0;0;0;32;0;0;0;0;0;88
25;Norrbotten;23;Gällivare;2523016;Puoltikasvaara skola gymnastiksal;38;0;0;0;0;0;0;0;0;0;0;0;0;0;43;0;0;0;0;81
25;Norrbotten;23;Gällivare;2523009;Sjukhuset;0;0;0;0;0;0;64;75;75;0;0;0;0;0;0;0;0;0;0;214
25;Norrbotten;23;Gällivare;2523013;Sjöparksskolan gymnastiksal;0;0;0;0;0;0;0;0;0;0;0;0;0;0;0;0;0;0;0;0
25;Norrbotten;23;Gällivare;2523004;Ullatti byastugan;0;0;0;0;0;52;0;0;0;0;0;0;0;0;0;0;0;0;0;52
25;Norrbotten;23;Gällivare;2523010;Älvgården;0;8;0;0;0;0;0;0;0;0;0;5;0;0;0;0;0;0;0;13
25;Norrbotten;60;Älvsbyn;2560005;Ambulerande röstmottagning;7;4;2;0;0;19;27;0;6;8;0;0;5;19;0;0;0;0;0;97
25;Norrbotten;60;Älvsbyn;2560002;Fluxen, servicehus;0;0;0;0;0;0;0;0;0;0;0;105;0;0;0;0;0;0;0;105
25;Norrbotten;60;Älvsbyn;2560001;Kommunförvaltningen;107;119;141;0;0;146;151;136;152;166;0;0;326;362;333;0;0;0;0;2139
25;Norrbotten;60;Älvsbyn;2560004;Vidsels aktivitetshus;0;0;0;46;48;0;0;0;0;0;0;0;0;0;0;0;0;0;0;94
25;Norrbotten;60;Älvsbyn;2560003;Vistträskskolan;0;0;0;0;0;0;0;0;0;0;87;0;0;0;0;0;0;0;0;87
25;Norrbotten;80;Luleå;2580004;Aktivitetshuset Kubben;113;93;71;0;0;147;140;125;74;96;0;0;178;180;125;0;0;0;0;1342
25;Norrbotten;80;Luleå;2580017;Ambulerande röstmottagning;16;8;8;0;0;10;0;12;0;65;0;0;13;15;0;0;0;0;0;147
25;Norrbotten;80;Luleå;2580010;Brändöns byahus;0;0;0;0;0;0;0;0;0;0;0;0;0;0;0;0;0;0;0;0
25;Norrbotten;80;Luleå;2580011;Gymnasiebiblioteket;104;128;87;0;0;96;68;88;66;118;0;0;141;89;158;0;0;0;0;1143
25;Norrbotten;80;Luleå;2580013;Hyresgästlokal Lulebo;84;94;58;0;0;128;116;59;68;97;0;0;159;172;125;0;0;0;0;1160
25;Norrbotten;80;Luleå;2580014;Häktet/fängelset;0;0;0;0;0;0;0;0;0;0;0;0;0;0;0;0;0;0;0;0
25;Norrbotten;80;Luleå;2580008;Jämtögården;0;0;0;0;0;0;0;0;0;0;0;0;0;0;0;0;0;0;0;0
25;Norrbotten;80;Luleå;2580009;Klöverträsk bygdegård;0;0;0;0;0;0;0;0;0;0;0;0;0;0;0;0;0;0;0;0
25;Norrbotten;80;Luleå;2580018;Konferenslokal Pärlan;82;104;70;40;55;91;104;75;71;96;55;57;123;125;123;0;0;0;0;1271
25;Norrbotten;80;Luleå;2580016;Luleå Energi Arena;749;747;518;456;455;710;769;842;712;671;763;895;1060;1294;1486;0;0;0;0;12127
25;Norrbotten;80;Luleå;2580012;Samlingslokal i Porsö sporthall;125;135;107;0;0;112;133;107;120;167;0;0;226;226;239;0;0;0;0;1697
25;Norrbotten;80;Luleå;2580003;Stadshuset;0;0;0;0;0;0;0;0;0;0;0;0;0;0;0;0;0;0;0;0
25;Norrbotten;80;Luleå;2580001;Sunderby sjukhus;0;0;0;0;0;0;0;0;0;0;0;0;109;159;180;0;0;0;0;448
25;Norrbotten;80;Luleå;2580007;Sörbygården;0;0;0;0;0;0;0;0;0;0;97;93;118;114;82;0;0;0;0;504
25;Norrbotten;81;Piteå;2581016;Ambulerande röstmottagning;0;4;0;0;0;37;6;11;0;0;0;0;0;0;0;0;0;0;0;58
25;Norrbotten;81;Piteå;2581007;Böle skola;0;0;0;0;0;0;0;0;0;0;0;139;0;0;0;0;0;0;0;139
25;Norrbotten;81;Piteå;2581012;Christina Kultur;0;0;0;0;0;244;194;182;219;201;181;227;228;246;321;0;0;0;0;2243
25;Norrbotten;81;Piteå;2581004;Hifton;0;0;0;0;0;0;0;0;0;0;0;123;0;0;0;0;0;0;0;123
25;Norrbotten;81;Piteå;2581009;Holmträsk fd skola;0;0;0;0;0;0;0;0;0;0;0;114;0;0;0;0;0;0;0;114
25;Norrbotten;81;Piteå;2581006;Infjärdens kyrka;0;0;0;0;0;0;0;0;0;0;0;0;0;162;98;0;0;0;0;260
25;Norrbotten;81;Piteå;2581013;Kustkyrkan;0;0;0;0;0;0;0;0;0;0;0;0;0;46;46;0;0;0;0;92
25;Norrbotten;81;Piteå;2581005;Lillpite förskola;0;0;0;0;0;0;0;0;0;0;0;164;0;0;0;0;0;0;0;164
25;Norrbotten;81;Piteå;2581019;Linnéparkens kvartersgård;0;0;0;0;0;0;0;0;0;0;0;0;185;180;112;0;0;0;0;477
25;Norrbotten;81;Piteå;2581011;Långträsk loge;0;0;0;0;0;0;0;0;0;0;0;90;0;0;0;0;0;0;0;90
25;Norrbotten;81;Piteå;2581001;Malmgården;0;0;0;0;0;0;0;0;0;0;0;0;0;184;142;0;0;0;0;326
25;Norrbotten;81;Piteå;2581018;Munksunds Folkets Hus;0;0;0;0;0;0;0;0;0;0;0;0;0;228;158;0;0;0;0;386
25;Norrbotten;81;Piteå;2581002;Norrfjärdens Folkets Hus;0;0;0;0;0;0;0;0;0;0;0;0;0;294;187;0;0;0;0;481
25;Norrbotten;81;Piteå;2581003;Rosviks Folkets Hus;0;0;0;0;0;0;0;0;0;0;0;0;0;176;153;0;0;0;0;329
25;Norrbotten;81;Piteå;2581008;Sikfors folkets hus;0;0;0;0;0;0;0;0;0;0;0;214;0;0;0;0;0;0;0;214
25;Norrbotten;81;Piteå;2581014;Småstaden;574;585;519;313;300;458;481;451;423;457;369;286;421;483;528;0;0;0;0;6648
25;Norrbotten;81;Piteå;2581010;Stadshuset;0;0;0;0;0;0;0;0;0;0;0;0;0;0;0;0;0;0;0;0
25;Norrbotten;81;Piteå;2581017;Storfors Folkets Hus;0;0;0;0;0;0;0;0;0;0;0;0;0;170;126;0;0;0;0;296
25;Norrbotten;81;Piteå;2581015;Strömbackaskolan;0;0;0;0;0;0;0;0;0;0;0;0;0;61;40;0;0;0;0;101
25;Norrbotten;82;Boden;2582010;Ambulerande röstmottagning;0;0;0;0;0;0;6;0;0;6;0;0;2;0;0;0;0;0;0;14
25;Norrbotten;82;Boden;2582004;Björknäsgården;0;39;20;0;0;0;0;0;0;0;0;0;0;0;0;0;0;0;0;59
25;Norrbotten;82;Boden;2582011;Brönjaskolan Sävast;0;0;0;0;0;0;0;0;0;0;0;0;0;0;0;0;0;0;0;0
25;Norrbotten;82;Boden;2582006;Byagården Bredåker;0;0;0;0;0;0;0;0;0;0;0;0;151;0;0;0;0;0;0;151
25;Norrbotten;82;Boden;2582012;Olympia Heden;0;0;0;0;0;0;0;0;0;0;0;0;0;70;0;0;0;0;0;70
25;Norrbotten;82;Boden;2582002;Servicepunkten Gunnarsbyn;0;0;0;0;0;0;75;0;0;0;0;0;0;0;0;0;0;0;0;75
25;Norrbotten;82;Boden;2582003;Servicepunkten Harads;0;0;0;0;0;0;0;120;0;0;0;0;0;0;0;0;0;0;0;120
25;Norrbotten;82;Boden;2582008;Servicepunkten Unbyn;0;0;0;0;0;212;0;0;0;0;0;0;0;0;0;0;0;0;0;212
25;Norrbotten;82;Boden;2582007;Skogså friförskola;0;0;0;0;0;0;0;0;28;0;0;0;0;0;0;0;0;0;0;28
25;Norrbotten;82;Boden;2582001;Stadshuset;541;502;412;152;226;573;475;556;466;538;229;267;665;706;864;0;0;0;0;7172
25;Norrbotten;82;Boden;2582005;Åcenter;0;0;7;0;0;0;0;0;0;0;0;0;0;0;0;0;0;0;0;7
25;Norrbotten;83;Haparanda;2583003;Ambulerande röstmottagning;0;0;8;0;0;0;0;7;0;3;0;0;6;2;0;0;0;0;0;26
25;Norrbotten;83;Haparanda;2583001;Klippanhuset, vid stadsbiblioteket;127;118;118;48;38;108;70;113;132;162;83;99;141;148;217;0;0;0;0;1722
25;Norrbotten;83;Haparanda;2583002;Säivis Byagård;0;0;0;0;0;0;0;0;0;0;0;0;0;0;0;0;0;0;0;0
25;Norrbotten;84;Kiruna;2584013;Abisko skola;0;0;0;0;0;0;0;0;0;0;0;0;0;157;0;0;0;0;0;157
25;Norrbotten;84;Kiruna;2584019;Ambulerande röstmottagning;0;0;0;0;0;7;3;0;7;0;0;0;3;0;19;0;0;0;0;39
25;Norrbotten;84;Kiruna;2584007;Bokbuss Abisko;21;1;0;0;0;0;0;0;0;0;0;0;0;0;0;0;0;0;0;22
25;Norrbotten;84;Kiruna;2584020;Bokbuss Jukkasjärvi;0;20;0;0;0;0;0;0;0;0;0;0;0;0;0;0;0;0;0;20
25;Norrbotten;84;Kiruna;2584017;Bokbuss Kaalasluspa;0;0;0;0;0;0;0;0;0;0;0;0;24;0;0;0;0;0;0;24
25;Norrbotten;84;Kiruna;2584012;Bokbuss Lannavaara;0;0;0;0;0;0;0;0;0;0;0;0;0;0;43;0;0;0;0;43
25;Norrbotten;84;Kiruna;2584016;Bokbuss Parakka;0;0;0;0;0;0;0;0;34;0;0;0;0;0;0;0;0;0;0;34
25;Norrbotten;84;Kiruna;2584004;Bokbuss Övre Soppero;0;0;0;0;0;0;0;0;0;0;0;0;0;0;0;0;0;0;0;0
25;Norrbotten;84;Kiruna;2584018;Daglig verksamhet Rymdhuset;0;0;0;0;0;0;0;0;0;16;0;0;0;0;0;0;0;0;0;16
25;Norrbotten;84;Kiruna;2584002;Hjalmar Lundbohmsskolan;0;0;0;0;0;0;0;46;0;0;0;0;0;0;0;0;0;0;0;46
25;Norrbotten;84;Kiruna;2584008;Karesuando Eurosuandohuset;55;0;0;0;0;0;0;29;58;0;0;0;26;49;0;0;0;0;0;217
25;Norrbotten;84;Kiruna;2584003;Kuttainen sporthall;0;0;0;0;0;0;47;0;0;0;0;0;0;0;0;0;0;0;0;47
25;Norrbotten;84;Kiruna;2584001;Malmfältens Folkhögskola;0;0;0;0;0;0;73;0;0;0;0;0;104;0;0;0;0;0;0;177
25;Norrbotten;84;Kiruna;2584014;Stadshuset Kristallen;352;369;280;170;158;373;301;545;394;359;286;208;428;512;766;0;0;0;0;5501
25;Norrbotten;84;Kiruna;2584010;Svappavaara Fritidsgård;0;0;0;0;0;74;0;0;0;0;0;0;0;0;0;0;0;0;0;74
25;Norrbotten;84;Kiruna;2584011;Vittangi Folkets Hus;62;0;0;0;0;0;0;0;76;41;0;0;0;0;76;0;0;0;0;255
25;Norrbotten;84;Kiruna;2584009;Övre Soppero skola;0;0;0;0;0;55;0;0;0;0;0;0;0;0;0;0;0;0;0;55
;;;;;SUMMA;154287;161161;142660;92244;85043;183957;181242;192710;192865;176323;139703;133943;257916;284438;301428;0;0;0;0;2679920
