lan;län;kom;kommun;lokalid;lokal;2018-08-22;2018-08-23;2018-08-24;2018-08-25;2018-08-26;2018-08-27;2018-08-28;2018-08-29;2018-08-30;2018-08-31;2018-09-01;2018-09-02;2018-09-03;2018-09-04;2018-09-05;2018-09-06;2018-09-07;2018-09-08;2018-09-09;Totalt
01;Stockholms län;14;Upplands Väsby;12659;Upplands Väsby station;0;0;0;0;0;166;178;209;193;163;182;242;245;357;410;456;518;703;0;4022
01;Stockholms län;14;Upplands Väsby;12660;Löwenströmska sjukhuset;0;0;0;0;0;0;0;0;0;0;0;0;0;0;0;98;94;0;0;192
01;Stockholms län;14;Upplands Väsby;13464;Väsby Centrum;378;452;353;307;352;399;370;452;423;380;369;428;493;645;770;915;902;814;560;9762
01;Stockholms län;14;Upplands Väsby;14614;Grimstagården;0;0;0;0;0;0;0;0;113;101;0;0;0;0;0;0;0;0;0;214
01;Stockholms län;15;Vallentuna;14381;Kårsta bibliotek;0;0;0;0;0;0;50;0;0;0;0;0;56;0;0;0;0;0;0;106
01;Stockholms län;15;Vallentuna;15370;Gustav Vasaskolan;0;0;0;0;0;0;0;106;0;0;0;0;0;0;0;220;0;0;0;326
01;Stockholms län;15;Vallentuna;7945;Kulturhuset;192;203;208;158;161;185;184;250;249;261;265;313;455;518;522;486;565;500;273;5948
01;Stockholms län;15;Vallentuna;7946;Karby bibliotek;0;0;0;0;0;126;0;0;0;0;0;0;0;264;0;0;0;0;0;390
01;Stockholms län;17;Österåker;10383;Enebackens äldreboende;0;0;0;0;0;0;29;0;0;0;0;0;0;0;0;0;0;0;0;29
01;Stockholms län;17;Österåker;10635;Åkersberga bibliotek;300;304;276;169;170;366;389;335;357;407;355;355;618;649;788;851;996;681;0;8366
01;Stockholms län;17;Österåker;10636;Kommunhuset/Alceahuset;129;170;125;0;0;180;140;188;164;179;0;0;305;321;309;358;442;0;369;3379
01;Stockholms län;17;Österåker;10637;Solskiftets äldreboende;0;0;0;0;0;0;0;0;0;0;0;0;0;28;0;0;0;0;0;28
01;Stockholms län;17;Österåker;13842;Skärgårdsgymnasiet;0;0;0;0;0;0;0;4;0;0;0;0;0;0;0;0;0;0;0;4
01;Stockholms län;17;Österåker;13843;Österåkers gymnasium;0;0;0;0;0;0;0;8;0;0;0;0;0;0;0;0;0;0;0;8
01;Stockholms län;17;Österåker;14880;Vårdbo;0;0;0;0;0;0;0;0;0;0;0;0;19;0;0;0;0;0;0;19
01;Stockholms län;17;Österåker;15452;Attendo Kantarellvägen;0;0;17;0;0;0;0;0;0;0;0;0;0;0;0;0;0;0;0;17
01;Stockholms län;17;Österåker;15453;Förenade Care;0;0;0;0;0;18;0;0;0;0;0;0;0;0;0;0;0;0;0;18
01;Stockholms län;17;Österåker;15456;Humana Norrgårdshöjden;0;0;0;0;0;0;0;0;0;32;0;0;0;0;0;0;0;0;0;32
01;Stockholms län;17;Österåker;5876;Ljungbacken;0;12;0;0;0;0;0;0;0;0;0;0;0;0;0;0;0;0;0;12
01;Stockholms län;17;Österåker;5877;Träffpunkt Solhälla;0;0;0;0;0;0;0;0;0;18;0;0;0;0;0;0;0;0;0;18
01;Stockholms län;17;Österåker;5879;Anstalten Österåker;0;0;0;0;0;0;0;0;0;0;0;0;0;68;0;0;0;0;0;68
01;Stockholms län;17;Österåker;8122;Information Ljusterö;21;30;30;22;13;0;43;38;40;0;0;32;0;72;58;86;89;101;0;675
01;Stockholms län;17;Österåker;9793;Bygdegården Lurkan;0;0;0;49;0;0;0;0;0;0;64;0;0;0;0;0;0;0;0;113
01;Stockholms län;20;Värmdö;13552;Huvudbiblioteket, Runda Huset;164;190;157;136;136;251;260;302;264;213;270;300;477;585;590;736;658;589;0;6278
01;Stockholms län;20;Värmdö;14594;Alsviks Bygdegård;0;0;0;0;0;0;0;0;0;0;0;0;52;0;0;0;0;0;45;97
01;Stockholms län;20;Värmdö;5883;Gustavsgården;0;0;0;0;38;0;0;0;0;0;0;0;0;0;0;0;0;0;0;38
01;Stockholms län;20;Värmdö;9123;Kommunhuset, Skogsbo;158;123;99;0;0;106;121;110;132;133;0;0;166;197;218;363;309;482;389;3106
01;Stockholms län;20;Värmdö;9124;Ingarö bibliotek, Brunns skola;36;49;21;0;0;66;52;75;82;17;0;0;107;132;115;177;261;0;0;1190
01;Stockholms län;20;Värmdö;9126;Hemmesta bibliotek;60;46;16;0;0;59;36;141;59;36;0;0;93;109;260;112;297;0;0;1324
01;Stockholms län;20;Värmdö;9127;Djurö bibliotek;21;45;22;0;0;92;62;50;59;36;0;0;137;99;92;128;196;0;0;1039
01;Stockholms län;20;Värmdö;9128;Möjahallen;0;0;0;0;0;0;0;0;0;0;0;0;0;0;55;0;0;0;94;149
01;Stockholms län;20;Värmdö;9129;Hembygdsgården Nämdö;0;0;0;0;0;0;0;0;0;0;0;0;0;0;0;0;0;0;40;40
01;Stockholms län;20;Värmdö;9130;Runmarö Hembygdsgård;0;0;0;0;0;0;0;0;0;0;0;0;53;0;0;0;0;0;85;138
01;Stockholms län;20;Värmdö;9131;Sandhamns seglarhotell;0;0;0;0;0;0;0;0;0;0;0;0;0;0;65;0;0;0;49;114
01;Stockholms län;23;Järfälla;13108;Järfälla gymnasiums galleri;0;0;0;0;0;0;0;0;0;0;0;0;10;11;14;9;24;0;0;68
01;Stockholms län;23;Järfälla;13854;Kommunhuset, bakre entrén;48;73;71;25;111;81;45;90;79;76;49;117;137;154;162;179;219;312;762;2790
01;Stockholms län;23;Järfälla;14940;Jakobsbergs bibliotek;202;327;227;174;0;354;332;398;377;327;299;247;539;605;599;767;960;752;0;7486
01;Stockholms län;23;Järfälla;15735;Herresta bibliotek;15;40;0;52;0;19;23;19;50;0;78;0;100;27;37;167;0;280;0;907
01;Stockholms län;23;Järfälla;15831;Mötes- och gemensamhetslokal "54:an";0;0;0;0;0;0;0;0;0;0;0;0;29;34;57;82;91;85;0;378
01;Stockholms län;23;Järfälla;9032;Kallhälls bibliotek;91;91;147;107;0;210;122;221;114;126;195;0;375;184;446;251;277;401;0;3358
01;Stockholms län;23;Järfälla;9033;Barkarby bibliotek;52;63;0;62;0;123;51;125;77;0;108;0;193;103;266;139;0;292;0;1654
01;Stockholms län;23;Järfälla;9034;Viksjö bibliotek;128;114;104;120;0;142;116;205;149;137;171;0;338;253;388;265;227;424;0;3281
01;Stockholms län;25;Ekerö;12363;Biblioteket Ekerö C;187;165;160;103;0;178;204;229;209;167;200;0;361;451;482;554;595;461;0;4706
01;Stockholms län;25;Ekerö;12365;Barnens biblioteket i Stenhamra;33;46;31;0;63;50;61;51;108;40;0;100;139;76;92;238;139;0;0;1267
01;Stockholms län;25;Ekerö;14395;Mobil röstningsstation;0;9;5;34;37;1;9;63;22;9;52;86;16;22;153;77;105;132;136;968
01;Stockholms län;25;Ekerö;14584;Söderströmsgården;0;0;0;0;0;0;0;0;0;0;0;11;0;0;0;0;0;0;0;11
01;Stockholms län;25;Ekerö;5886;Kuröns behandlingshem;0;0;0;0;0;0;0;0;0;0;26;0;0;0;0;0;0;0;0;26
01;Stockholms län;25;Ekerö;5887;Ekgårdens särskilda boende;0;0;0;0;0;0;0;0;0;0;0;31;0;0;0;0;0;0;0;31
01;Stockholms län;25;Ekerö;5889;Kullens särskilda boende;0;0;0;0;0;0;0;0;0;0;0;20;0;0;0;0;0;0;0;20
01;Stockholms län;25;Ekerö;9648;Svartsjöanstalten;0;0;0;0;0;0;0;0;0;0;0;25;0;0;0;0;0;0;0;25
01;Stockholms län;25;Ekerö;9649;Färingsöanstalten;0;0;0;0;0;0;0;0;0;0;0;28;0;0;0;0;0;0;0;28
01;Stockholms län;26;Huddinge;13036;Stortorps äldreboende;0;0;0;0;0;0;0;0;0;0;0;0;0;0;73;0;0;0;0;73
01;Stockholms län;26;Huddinge;13227;Beateberg;0;0;0;0;0;0;0;0;0;0;0;0;0;0;18;0;0;0;0;18
01;Stockholms län;26;Huddinge;13544;Huddinge centrum, Folkes;179;198;174;127;121;254;215;239;232;232;247;316;390;446;548;717;838;782;563;6818
01;Stockholms län;26;Huddinge;13545;Stuvsta stationshus;87;99;64;82;103;94;100;95;123;77;142;215;187;280;320;369;330;0;0;2767
01;Stockholms län;26;Huddinge;14736;Trångsund, Eklunden seniorcenter;65;72;33;43;0;48;73;52;79;44;67;0;114;131;146;172;194;208;0;1541
01;Stockholms län;26;Huddinge;14737;Karolinska sjukhuset, Huddinge;36;31;33;15;46;53;68;78;67;61;33;73;141;169;209;294;245;436;529;2617
01;Stockholms län;26;Huddinge;15002;Björnkulla äldreboende;0;0;0;0;0;0;0;17;0;0;0;0;0;0;0;0;0;0;0;17
01;Stockholms län;26;Huddinge;15003;Västergårdens äldreboende;0;0;0;0;0;0;0;0;0;0;0;0;0;32;0;0;0;0;0;32
01;Stockholms län;26;Huddinge;15715;Masmo, Expose föreningslokal;9;13;7;5;0;9;10;15;21;7;12;0;31;28;29;54;52;72;0;374
01;Stockholms län;26;Huddinge;15758;Skutan äldreboende;0;0;0;0;0;0;0;0;0;0;0;0;0;10;0;0;0;0;0;10
01;Stockholms län;26;Huddinge;5890;Sjödalens äldreboende;0;0;0;0;0;0;0;0;0;0;0;0;26;0;0;0;0;0;0;26
01;Stockholms län;26;Huddinge;5891;Tallgårdens äldreboende;0;0;0;0;0;0;0;0;33;0;0;0;0;0;0;0;0;0;0;33
01;Stockholms län;26;Huddinge;5893;Rosendalsgårdens äldreboende;0;0;0;0;0;0;0;0;0;0;0;0;39;0;0;0;0;0;0;39
01;Stockholms län;26;Huddinge;8694;Huddinge, Huvudbiblioteket;143;131;128;79;82;201;200;182;133;142;133;158;338;381;520;372;456;378;0;4157
01;Stockholms län;26;Huddinge;8936;Flemingsbergs bibliotek;56;41;22;23;0;52;50;66;39;41;57;0;97;112;193;163;242;283;0;1537
01;Stockholms län;26;Huddinge;8937;Segeltorps fritidsgård;33;0;75;69;0;93;95;93;0;70;123;0;143;155;204;0;189;339;0;1681
01;Stockholms län;26;Huddinge;8938;Skogås bibliotek;163;119;92;66;0;191;171;126;122;160;123;0;293;332;350;270;351;305;0;3234
01;Stockholms län;26;Huddinge;8940;Vårby bibliotek;36;26;22;17;0;46;51;50;46;26;43;0;78;76;56;140;122;217;0;1052
01;Stockholms län;27;Botkyrka;10735;Silverkronan äldreboende;0;0;0;0;0;0;0;0;0;0;0;19;0;0;0;0;0;0;0;19
01;Stockholms län;27;Botkyrka;13035;Mobila enheter;91;165;161;110;147;190;190;156;197;290;196;167;288;403;461;794;717;478;0;5201
01;Stockholms län;27;Botkyrka;15064;Strandängsgården;0;0;0;0;0;0;0;0;0;0;0;22;0;0;0;0;0;0;0;22
01;Stockholms län;27;Botkyrka;15065;Tornet;0;0;0;0;0;0;0;0;0;0;0;16;0;0;0;0;0;0;0;16
01;Stockholms län;27;Botkyrka;5899;Tumba äldreboende;0;0;0;0;0;0;0;0;0;0;0;17;0;0;0;0;0;0;0;17
01;Stockholms län;27;Botkyrka;5902;Alby Äng;0;0;0;0;0;0;0;0;0;0;0;12;0;0;0;0;0;0;0;12
01;Stockholms län;27;Botkyrka;5903;Kriminalvårdsanstalten , Asptuna;0;0;0;0;0;0;0;0;0;0;0;37;0;0;0;0;0;0;0;37
01;Stockholms län;27;Botkyrka;5904;Kärsdala äldreboende;0;0;0;0;0;0;0;0;0;0;0;26;0;0;0;0;0;0;0;26
01;Stockholms län;27;Botkyrka;8734;Alby medborgarkontor;122;80;90;41;25;96;89;113;100;76;73;68;151;151;183;206;296;267;0;2227
01;Stockholms län;27;Botkyrka;8735;Fittja medborgarkontor;22;31;34;14;22;96;57;51;45;57;31;44;122;86;152;127;197;205;0;1393
01;Stockholms län;27;Botkyrka;8736;Hallunda medborgarkontor;129;137;135;48;32;182;187;141;156;109;86;83;255;219;257;323;401;294;719;3893
01;Stockholms län;27;Botkyrka;8737;Tullinge medborgarkontor;107;151;140;77;70;173;145;152;161;120;127;154;252;350;451;509;580;410;0;4129
01;Stockholms län;27;Botkyrka;8738;Tumba medborgarkontor;126;210;181;66;43;237;222;189;199;191;122;151;378;347;476;522;538;318;524;5040
01;Stockholms län;27;Botkyrka;8739;Mötesplats Grödinge;35;27;39;18;35;63;53;57;39;52;38;48;81;96;149;126;190;149;0;1295
01;Stockholms län;28;Salem;8850;Murgrönans foajé (Salems bibliotek);138;95;141;72;59;181;169;158;194;118;149;191;269;344;356;436;399;409;215;4093
01;Stockholms län;36;Haninge;12970;Port 73;144;168;160;209;214;187;271;226;219;223;312;368;292;425;436;517;614;996;469;6450
01;Stockholms län;36;Haninge;12972;ICA Maxi Haninge;209;174;173;164;227;212;285;268;220;272;290;416;333;473;553;651;746;998;516;7180
01;Stockholms län;36;Haninge;14635;Västerhaninge bibliotek;170;175;149;93;92;200;157;163;172;173;175;145;274;324;417;398;499;634;0;4410
01;Stockholms län;36;Haninge;14636;Jordbro bibliotek;34;28;17;35;19;45;34;38;47;22;48;39;71;127;91;140;166;248;0;1249
01;Stockholms län;36;Haninge;14654;Haninge kulturhus;150;139;140;76;65;190;156;158;137;133;148;139;244;268;293;379;462;505;539;4321
01;Stockholms län;36;Haninge;14655;Lillgårdsvägen;0;0;0;0;0;0;24;0;0;0;0;0;0;0;0;0;0;0;0;24
01;Stockholms län;36;Haninge;14656;Baldesro Plaza;0;0;0;0;0;0;23;0;0;0;0;0;0;0;0;0;0;0;0;23
01;Stockholms län;36;Haninge;15799;Hanveden;0;0;0;0;0;0;0;19;0;0;0;0;0;0;0;0;0;0;0;19
01;Stockholms län;36;Haninge;15800;Handens sjukhus;0;0;0;0;0;0;0;0;0;0;0;0;0;32;0;0;0;0;0;32
01;Stockholms län;36;Haninge;5906;Hagagården;0;0;0;0;0;0;0;23;0;0;0;0;0;0;0;0;0;0;0;23
01;Stockholms län;36;Haninge;5908;Malmgården;0;0;0;0;0;0;0;0;21;0;0;0;0;0;0;0;0;0;0;21
01;Stockholms län;36;Haninge;8602;Brandbergens bibliotek;73;70;89;46;39;77;80;96;92;81;76;90;102;154;182;207;207;351;0;2112
01;Stockholms län;36;Haninge;8622;Träffpunkten Djurgårdsplan;41;20;24;12;49;27;22;14;18;21;21;30;35;51;84;96;129;150;0;844
01;Stockholms län;36;Haninge;8625;Folk & Trädgårdsmuseet;36;36;36;41;49;37;42;46;67;48;40;67;78;89;136;149;204;186;0;1387
01;Stockholms län;36;Haninge;8626;Träffpunkten Dalarö;33;48;26;19;19;35;32;29;46;34;53;23;49;75;72;58;72;107;0;830
01;Stockholms län;36;Haninge;8627;Ornö bygdegård;0;0;0;0;0;0;0;0;0;0;0;0;0;0;0;0;0;0;114;114
01;Stockholms län;36;Haninge;8628;Utö Hembygdsgård;0;0;0;0;0;0;0;0;0;0;0;0;0;0;0;0;0;0;131;131
01;Stockholms län;36;Haninge;8683;Johanneslund;0;0;0;0;0;0;0;0;33;0;0;0;0;0;0;0;0;0;0;33
01;Stockholms län;38;Tyresö;12805;Servicecenter Tyresö kommun;74;79;79;43;87;103;69;60;88;80;52;202;111;151;169;277;175;239;362;2500
01;Stockholms län;38;Tyresö;14544;Villa Basilika och Krusmyntan;0;0;0;0;0;0;0;0;0;0;0;35;0;0;0;0;0;0;0;35
01;Stockholms län;38;Tyresö;5911;Björkbackens äldrecentrum;0;0;0;0;0;0;0;0;0;0;0;45;0;0;0;0;0;0;0;45
01;Stockholms län;38;Tyresö;5912;Trollängens äldreboende;0;0;0;0;0;0;0;0;0;0;0;24;0;0;0;0;0;0;0;24
01;Stockholms län;38;Tyresö;8834;Huvudbiblioteket Tyresö Centrum;264;260;260;153;0;298;348;305;257;323;306;0;486;600;623;614;785;520;0;6402
01;Stockholms län;38;Tyresö;8835;Biblioteket Trollbäcken;104;112;56;55;0;98;68;103;109;100;117;0;219;170;185;354;224;305;0;2379
01;Stockholms län;38;Tyresö;8837;Biblioteket Tyresö Strand;64;49;32;52;0;61;55;82;46;42;69;0;127;123;202;141;191;245;0;1581
01;Stockholms län;39;Upplands-Bro;15036;Upplands-Brogymnasiet;0;0;0;0;0;0;0;0;0;0;0;0;0;0;30;0;0;0;0;30
01;Stockholms län;39;Upplands-Bro;15778;Brohuset;38;81;61;0;110;94;92;126;94;63;104;0;160;213;208;270;293;445;0;2452
01;Stockholms län;39;Upplands-Bro;15779;Kommunhuset;126;179;125;81;0;164;164;204;161;167;0;201;316;348;414;498;533;0;303;3984
01;Stockholms län;40;Nykvarn;9712;Nykvarns bibliotek;105;119;105;51;0;163;106;110;175;112;125;0;220;202;253;410;379;324;115;3074
01;Stockholms län;60;Täby;15787;Täby kommunhus;319;367;326;144;168;406;404;408;463;177;291;471;719;751;943;948;939;663;420;9327
01;Stockholms län;60;Täby;15788;Brf Vingens lokal Hägernäs;39;38;39;24;0;44;24;35;48;51;34;0;71;60;79;108;84;96;0;874
01;Stockholms län;60;Täby;15789;Skolhagensskolan;44;47;50;47;0;51;51;60;76;74;66;0;141;171;145;178;177;192;0;1570
01;Stockholms län;60;Täby;15790;Skarpängsskolan;51;44;31;45;0;65;50;58;52;74;98;0;140;140;188;204;188;225;0;1653
01;Stockholms län;60;Täby;15791;Ytterbyskolan;7;9;7;23;0;17;14;13;20;11;33;0;33;46;48;53;65;102;0;501
01;Stockholms län;60;Täby;15793;Täby Racketcenter;63;60;41;41;81;72;60;75;74;77;70;169;131;181;165;203;226;231;37;2057
01;Stockholms län;60;Täby;15905;Arninge centrum;15;47;33;48;48;56;76;80;77;88;107;158;144;176;225;301;285;322;127;2413
01;Stockholms län;60;Täby;8957;Ångarens vårdboende;11;83;64;39;0;0;109;122;92;73;88;0;0;205;226;175;153;162;0;1602
01;Stockholms län;62;Danderyd;12799;Danderyds sjukhus;0;0;0;0;0;0;0;0;0;0;0;33;0;0;0;0;0;0;0;33
01;Stockholms län;62;Danderyd;12801;Svalnäs äldreboende;0;0;0;0;0;0;0;0;0;0;0;105;0;0;0;0;0;0;0;105
01;Stockholms län;62;Danderyd;12819;Birgittasystrarna;0;0;0;0;0;0;0;0;0;0;0;27;0;0;0;0;0;0;0;27
01;Stockholms län;62;Danderyd;12825;Djursholms bibliotek;60;61;50;50;0;76;55;67;105;99;108;0;166;120;138;212;193;176;0;1736
01;Stockholms län;62;Danderyd;12827;Information Danderyd;231;202;216;123;85;287;214;240;264;272;212;235;446;381;440;489;630;414;257;5638
01;Stockholms län;62;Danderyd;12828;Enebybergs bibliotek;22;28;28;31;0;48;59;50;80;38;66;0;123;150;135;140;129;146;0;1273
01;Stockholms län;62;Danderyd;14786;Annebergsgården;0;0;0;0;0;0;0;0;0;0;0;28;0;0;0;0;0;0;0;28
01;Stockholms län;62;Danderyd;14787;Stocksundsgårdens äldreboende;0;0;0;0;0;0;0;0;0;0;0;27;0;0;0;0;0;0;0;27
01;Stockholms län;62;Danderyd;14788;Tallgårdens Äldreboende;0;0;0;0;0;0;0;0;0;0;0;22;0;0;0;0;0;0;0;22
01;Stockholms län;62;Danderyd;9663;Stocksunds bibliotek;36;10;23;0;0;22;34;50;38;41;0;0;45;60;132;84;127;0;0;702
01;Stockholms län;63;Sollentuna;12623;Rådans äldreboende;0;0;0;0;0;0;0;10;0;0;0;0;0;0;0;0;0;0;0;10
01;Stockholms län;63;Sollentuna;13967;Minerva;0;0;0;0;0;0;0;9;0;0;0;0;0;0;0;0;0;0;0;9
01;Stockholms län;63;Sollentuna;14891;Ulrikas gård;0;0;0;0;0;0;36;0;0;0;0;0;0;0;0;0;0;0;0;36
01;Stockholms län;63;Sollentuna;14950;Häktet Sollentuna;0;0;0;0;0;42;0;0;0;0;0;0;26;0;0;0;0;0;0;68
01;Stockholms län;63;Sollentuna;15020;Helenelunds centrum;0;0;0;0;0;94;106;100;100;92;0;0;159;211;167;240;297;0;0;1566
01;Stockholms län;63;Sollentuna;15100;Arena Rotebro;0;0;0;0;0;128;90;119;0;132;0;0;197;201;232;0;307;0;0;1406
01;Stockholms län;63;Sollentuna;15685;Kärrdalsskolan;0;0;0;0;0;0;0;0;154;0;0;0;0;0;0;240;0;0;0;394
01;Stockholms län;63;Sollentuna;15692;Satelliten;259;289;264;184;199;309;274;289;330;280;356;441;621;690;890;1082;1052;1237;736;9782
01;Stockholms län;63;Sollentuna;15805;Bergkälla Äldreboende;0;0;0;0;0;0;0;0;0;0;0;0;0;0;0;21;0;0;0;21
01;Stockholms län;63;Sollentuna;5921;Norrgården;0;0;0;0;0;0;12;0;0;0;0;0;0;0;0;0;0;0;0;12
01;Stockholms län;63;Sollentuna;5925;Rotsunda Strand;0;0;0;0;0;0;0;0;0;0;0;0;0;0;0;16;0;0;0;16
01;Stockholms län;63;Sollentuna;8907;Stinsen köpcentrum;0;0;252;254;295;0;0;0;0;308;377;505;0;0;0;0;500;548;0;3039
01;Stockholms län;63;Sollentuna;8911;Edsbergs bibliotek;0;0;0;0;0;219;176;126;0;181;0;0;223;292;273;0;357;0;0;1847
01;Stockholms län;80;Stockholm;10193;Stora Sköndal Johannesgården;0;0;0;0;0;0;0;0;0;0;0;0;0;0;0;41;0;0;0;41
01;Stockholms län;80;Stockholm;10979;Europahuset;54;62;52;0;0;70;98;92;76;88;0;0;160;261;301;350;556;0;0;2220
01;Stockholms län;80;Stockholm;10980;KTH Biblioteket;85;79;100;0;0;169;113;155;149;168;0;0;292;403;541;664;824;595;0;4337
01;Stockholms län;80;Stockholm;10991;Kungliga biblioteket;212;222;190;120;0;288;264;248;233;213;227;0;488;601;711;836;956;509;0;6318
01;Stockholms län;80;Stockholm;11323;Josephinahemmet;0;0;0;0;0;0;0;0;0;0;0;0;0;0;0;0;32;0;0;32
01;Stockholms län;80;Stockholm;11325;Fredhällshusen SVPH;0;0;0;0;0;0;0;0;0;64;0;0;0;0;0;0;0;0;0;64
01;Stockholms län;80;Stockholm;11327;Rio vård- och omsorg/trygghetsboende;0;0;0;0;0;0;0;0;0;0;0;0;0;0;0;86;0;0;0;86
01;Stockholms län;80;Stockholm;11328;Kattrumpstullens vård- och omsorgsbo;0;0;0;0;0;0;0;0;0;0;0;0;0;0;0;45;0;0;0;45
01;Stockholms län;80;Stockholm;11329;Löjtnantsgården;0;0;0;0;0;0;0;0;0;0;0;0;0;0;41;0;0;0;0;41
01;Stockholms län;80;Stockholm;11624;Attendo Postiljonen;0;0;0;18;0;0;0;0;0;0;0;0;0;0;0;0;0;0;0;18
01;Stockholms län;80;Stockholm;11625;Edö servicehus/vård-och omsorgsb.;0;0;0;0;0;0;0;0;39;0;0;0;0;0;0;0;0;0;0;39
01;Stockholms län;80;Stockholm;12647;Husby medborgarkontor;18;17;12;0;0;27;34;42;33;17;0;0;63;67;122;115;37;0;0;604
01;Stockholms län;80;Stockholm;13027;Sture bibliotek;63;91;68;57;60;118;117;154;160;148;135;163;289;320;440;518;432;501;0;3834
01;Stockholms län;80;Stockholm;13048;Rinkeby bibliotek;48;75;77;29;36;94;111;99;123;100;48;88;195;231;236;382;586;629;0;3187
01;Stockholms län;80;Stockholm;13596;Rågsveds medborgarkontor;40;38;44;0;0;50;51;59;30;34;0;0;89;61;146;99;174;207;0;1122
01;Stockholms län;80;Stockholm;13598;Lindhagen;181;180;226;244;288;220;283;267;281;341;372;558;463;631;716;909;1136;1287;0;8583
01;Stockholms län;80;Stockholm;13601;Globen Shopping;202;213;218;179;201;293;308;269;325;309;369;346;539;624;723;880;975;1048;0;8021
01;Stockholms län;80;Stockholm;13898;Brahem;0;0;0;0;0;0;0;0;0;0;0;0;0;54;0;0;0;0;0;54
01;Stockholms län;80;Stockholm;13899;Sabbatsbergbyn och Dalahöjden;0;0;0;0;0;0;0;0;0;71;0;0;0;0;0;0;0;0;0;71
01;Stockholms län;80;Stockholm;13905;Blomsterfonden Körsbärsvägen;0;0;0;0;0;0;0;0;0;0;0;0;0;34;0;0;0;0;0;34
01;Stockholms län;80;Stockholm;13906;Hornstulls servicehus;0;68;0;0;0;0;0;0;0;0;0;0;0;0;0;0;0;0;0;68
01;Stockholms län;80;Stockholm;13936;Nymilens äldreboende;0;0;0;0;0;0;0;0;0;18;0;0;0;0;0;0;0;0;0;18
01;Stockholms län;80;Stockholm;13944;Sjöstadsgårdens vård- och omsorgsbo.;12;0;0;0;0;0;0;0;0;0;0;0;0;0;0;0;0;0;0;12
01;Stockholms län;80;Stockholm;13950;Sätra/Björksätra vård- och omsorgsb.;0;0;0;0;0;0;0;0;0;0;0;0;0;0;0;0;81;0;0;81
01;Stockholms län;80;Stockholm;14690;Bromma Blocks Galleria;158;159;174;233;281;220;238;265;274;293;517;598;442;613;738;808;920;1241;0;8172
01;Stockholms län;80;Stockholm;14691;Brommaplans bibliotek;225;172;148;101;0;244;164;265;227;194;254;0;455;342;581;448;528;520;0;4868
01;Stockholms län;80;Stockholm;14692;Cityterminalen;181;207;232;110;185;234;266;233;303;301;249;344;504;654;931;945;1455;1613;1854;10801
01;Stockholms län;80;Stockholm;14693;Fjärde Bassängvägen, Värtahamnen;45;42;48;0;0;54;65;60;49;50;0;0;86;109;128;158;176;0;0;1070
01;Stockholms län;80;Stockholm;14702;Spånga-Tensta Medborgarkontor;18;47;23;0;0;43;53;67;63;22;131;0;104;140;96;141;83;0;0;1031
01;Stockholms län;80;Stockholm;14703;Liljeholmstorget Galleria;254;335;333;399;422;402;425;493;461;500;642;730;760;1022;1121;1188;1469;1255;0;12211
01;Stockholms län;80;Stockholm;14705;Generatorn, Telefonplan;40;33;50;0;0;50;67;56;52;87;0;0;104;174;117;136;369;0;0;1335
01;Stockholms län;80;Stockholm;14707;Eriksdalsbadet;156;148;109;128;184;177;166;177;182;183;268;472;325;434;470;586;616;780;716;6277
01;Stockholms län;80;Stockholm;14710;Garnisonen, Karlavägen 108;169;202;159;0;0;170;234;214;161;220;0;0;365;420;498;609;719;0;0;4140
01;Stockholms län;80;Stockholm;14713;Stureby vård- och omsorgsboende;34;30;52;0;0;42;82;63;45;63;0;0;83;91;129;92;137;0;0;943
01;Stockholms län;80;Stockholm;14715;Hässelby gårds Bibbleria;129;139;93;74;0;115;161;161;166;96;145;0;162;376;263;328;301;383;0;3092
01;Stockholms län;80;Stockholm;14843;Villa Tärnö;0;0;0;0;0;0;0;0;0;0;0;0;0;0;0;0;45;0;0;45
01;Stockholms län;80;Stockholm;14852;Stora Sköndal Solgården;0;0;0;0;0;0;0;0;0;0;0;0;0;0;0;0;25;0;0;25
01;Stockholms län;80;Stockholm;14860;Bromma Lindegård;0;0;0;0;0;0;0;0;0;0;0;0;0;0;0;0;11;0;0;11
01;Stockholms län;80;Stockholm;14861;Attendo Solbacken;0;0;0;0;0;0;0;0;0;0;0;0;0;25;0;0;0;0;0;25
01;Stockholms län;80;Stockholm;14863;Koppargården/Attendo Bättringsv.;0;0;0;0;0;0;0;0;0;0;0;0;92;0;0;0;0;0;0;92
01;Stockholms län;80;Stockholm;15525;Rålambsvägen 17;150;148;136;0;0;145;166;159;151;163;0;0;600;343;391;448;0;0;0;3000
01;Stockholms län;80;Stockholm;15526;Eastmaninstitutet;212;253;173;0;0;220;271;178;309;199;0;0;415;492;523;537;665;0;0;4447
01;Stockholms län;80;Stockholm;15527;Entré Nord, Gävlegatan 22;103;87;109;69;59;113;130;137;137;137;132;164;257;319;352;439;629;518;0;3891
01;Stockholms län;80;Stockholm;15528;Pumpan, Färgargårdstorget;143;125;82;56;88;103;113;122;122;90;132;232;176;234;213;293;290;452;0;3066
01;Stockholms län;80;Stockholm;15529;Sveriges kommuner och landsting, SKL;125;120;105;0;0;144;155;179;144;158;0;0;249;334;384;369;548;0;0;3014
01;Stockholms län;80;Stockholm;15533;Södersjukhuset;181;209;195;85;96;254;261;264;253;250;98;193;350;430;438;561;689;423;0;5230
01;Stockholms län;80;Stockholm;15538;Attendo Flygarhöjden;0;0;0;0;0;0;0;0;13;0;0;0;0;0;0;0;0;0;0;13
01;Stockholms län;80;Stockholm;15541;Attendo Årstabergshemmet;0;0;0;0;0;0;0;0;0;0;0;10;0;0;0;0;0;0;0;10
01;Stockholms län;80;Stockholm;15547;Birger Jarl vård- och omsorgsb;0;33;0;0;0;0;0;0;0;0;0;0;0;0;0;0;0;0;0;33
01;Stockholms län;80;Stockholm;15552;Enskede Nya Servicehus;0;0;0;0;0;0;41;0;0;0;0;0;0;0;0;0;0;0;0;41
01;Stockholms län;80;Stockholm;15553;Ersta Hannahemmet - Hannakoti;0;0;0;0;0;0;0;14;0;0;0;0;0;0;0;0;0;0;0;14
01;Stockholms län;80;Stockholm;15554;Fristad servicehus;0;0;0;0;0;0;0;0;0;0;0;0;59;0;0;0;0;0;0;59
01;Stockholms län;80;Stockholm;15557;Kulltorps vård- och omsorgsboende;0;0;28;0;0;0;0;0;0;0;0;0;0;0;0;0;0;0;0;28
01;Stockholms län;80;Stockholm;15561;Medborgarkontoret för hemlösa;0;10;0;0;0;0;0;0;0;0;0;0;0;0;0;0;0;0;0;10
01;Stockholms län;80;Stockholm;15563;Skolörtens servicehus;0;0;0;0;0;0;0;29;0;0;0;0;0;0;0;0;0;0;0;29
01;Stockholms län;80;Stockholm;15566;Sofiagårdens vård- och omsorgsboende;18;0;0;0;0;0;0;0;0;0;0;0;0;0;0;0;0;0;0;18
01;Stockholms län;80;Stockholm;15568;Stora Sköndal Kyrkbyn;0;0;0;0;0;0;0;0;0;0;0;0;0;0;0;24;0;0;0;24
01;Stockholms län;80;Stockholm;15569;Villa Sköndal/Villa Drevviken;0;0;0;0;0;0;0;0;0;0;0;0;0;0;0;41;0;0;0;41
01;Stockholms län;80;Stockholm;15603;Skarpnäcksgården Herrgården;0;0;0;0;0;0;0;0;3;0;0;0;0;0;0;0;0;0;0;3
01;Stockholms län;80;Stockholm;5928;Serafen och Pilträdet;0;0;0;0;0;0;100;0;0;0;0;0;0;0;0;0;0;0;0;100
01;Stockholms län;80;Stockholm;5929;Axelsbergs vård- och omsorgsboende;0;0;0;0;0;0;0;81;0;0;0;0;0;0;0;0;0;0;0;81
01;Stockholms län;80;Stockholm;5930;Fruängsgården och Axgården;0;0;0;0;0;0;0;82;0;0;0;0;0;0;0;0;0;0;0;82
01;Stockholms län;80;Stockholm;5939;Blomsterfonden Röda Bergen;36;0;0;0;0;0;0;0;0;0;0;0;0;0;0;0;0;0;0;36
01;Stockholms län;80;Stockholm;5942;Väderkvarnens vob/servicehus;0;0;34;0;0;0;0;0;0;0;0;0;0;0;0;0;0;0;0;34
01;Stockholms län;80;Stockholm;5944;Vilobacken/Bejtona vård- och omsorgs;0;0;0;0;0;0;0;0;0;0;0;0;17;0;0;0;0;0;0;17
01;Stockholms län;80;Stockholm;5945;Mariahemmet;0;0;0;0;0;0;29;0;0;0;0;0;0;0;0;0;0;0;0;29
01;Stockholms län;80;Stockholm;5947;Katarinagårdens vård- och omsorgsbo.;0;0;24;0;0;0;0;0;0;0;0;0;0;0;0;0;0;0;0;24
01;Stockholms län;80;Stockholm;5950;Blomsterfonden Ringvägen;0;0;0;0;0;0;150;0;0;0;0;0;0;0;0;0;0;0;0;150
01;Stockholms län;80;Stockholm;5951;Borgerskapets enkehus och gubbhus;0;0;0;0;0;0;0;0;0;50;0;0;0;0;0;0;0;0;0;50
01;Stockholms län;80;Stockholm;5964;Skarpnäcksgården, Hus E;0;0;0;0;0;0;0;0;10;0;0;0;0;0;0;0;0;0;0;10
01;Stockholms län;80;Stockholm;5965;Skarpnäcksgården, Hus F;0;0;0;0;0;0;0;0;7;0;0;0;0;0;0;0;0;0;0;7
01;Stockholms län;80;Stockholm;5966;Skarpnäcksgården, Hus G;0;0;0;0;0;0;0;0;21;0;0;0;0;0;0;0;0;0;0;21
01;Stockholms län;80;Stockholm;5967;Skarpnäcksgården, Hus H;0;0;0;0;0;0;0;0;4;0;0;0;0;0;0;0;0;0;0;4
01;Stockholms län;80;Stockholm;5969;Bergsunds vård- och omsorgsboende;34;0;0;0;0;0;0;0;0;0;0;0;0;0;0;0;0;0;0;34
01;Stockholms län;80;Stockholm;5975;Borgargården;0;0;0;0;0;0;0;0;0;0;0;0;53;0;0;0;0;0;0;53
01;Stockholms län;80;Stockholm;5977;Föreningen Judiska hemmet;0;0;0;0;0;38;0;0;0;0;0;0;0;0;0;0;0;0;0;38
01;Stockholms län;80;Stockholm;5978;Hemmet för gamla;0;0;0;0;0;38;0;0;0;0;0;0;0;0;0;0;0;0;0;38
01;Stockholms län;80;Stockholm;5979;Årsta/Skedvikens vård- och omsorgsb.;0;0;0;0;0;0;0;0;46;0;0;0;0;0;0;0;0;0;0;46
01;Stockholms län;80;Stockholm;5988;Linnégårdens vård- och omsorgsboende;0;0;0;0;0;20;0;0;0;0;0;0;0;0;0;0;0;0;0;20
01;Stockholms län;80;Stockholm;5994;Stiftelsen Stockholms sjukhem;0;0;0;0;0;0;62;0;0;0;0;0;0;0;0;0;0;0;0;62
01;Stockholms län;80;Stockholm;5995;Fridhemmet och Alströmerhemmet;0;0;107;0;0;0;0;0;0;0;0;0;0;0;0;0;0;0;0;107
01;Stockholms län;80;Stockholm;6004;Nockebyhöjdens vård- och omsorgsb.;0;0;0;30;0;0;0;0;0;0;0;0;0;0;0;0;0;0;0;30
01;Stockholms län;80;Stockholm;6009;Nockebyhem SVPH;0;0;0;0;0;0;0;0;0;110;0;0;0;0;0;0;0;0;0;110
01;Stockholms län;80;Stockholm;6010;Nockebyhus SVPH;0;0;0;0;0;0;0;0;0;0;0;0;0;171;0;0;0;0;0;171
01;Stockholms län;80;Stockholm;6013;Mälarbackens vård- och omsorgsboende;0;0;0;0;0;0;0;0;0;0;113;0;0;0;0;0;0;0;0;113
01;Stockholms län;80;Stockholm;6014;Brommagårdens vård- och omsorgsbo.;0;0;0;0;0;0;0;0;0;0;0;0;0;0;0;0;33;0;0;33
01;Stockholms län;80;Stockholm;6016;Högdalens vård- och omsorgsboende;0;0;0;25;0;0;0;0;0;0;0;0;0;0;0;0;0;0;0;25
01;Stockholms län;80;Stockholm;6018;Trekantens servicehus;0;0;0;0;0;0;0;0;38;0;0;0;0;0;0;0;0;0;0;38
01;Stockholms län;80;Stockholm;6019;Blomsterfonden Liseberg;0;0;0;0;0;173;0;0;0;0;0;0;0;0;0;0;0;0;0;173
01;Stockholms län;80;Stockholm;6020;Älvsjö servicehus/Kristallgården;0;0;0;0;0;0;0;57;0;0;0;0;0;0;0;0;0;0;0;57
01;Stockholms län;80;Stockholm;7908;Kista bibliotek;188;223;170;122;148;254;230;274;265;242;263;332;457;607;751;898;1178;1134;1110;8846
01;Stockholms län;80;Stockholm;8032;Husby bibliotek;17;32;33;24;0;27;0;37;23;41;29;0;55;67;0;89;176;224;0;874
01;Stockholms län;80;Stockholm;8035;Rinkeby Medborgarkontor;2;4;23;0;0;18;7;15;14;2;0;0;26;28;19;42;24;0;0;224
01;Stockholms län;80;Stockholm;8036;Spånga bibliotek;148;0;193;123;0;206;0;282;0;263;217;0;337;0;590;0;658;493;0;3510
01;Stockholms län;80;Stockholm;8043;Tensta bibliotek;57;39;30;53;0;76;51;81;42;60;77;0;129;102;171;168;314;505;0;1955
01;Stockholms län;80;Stockholm;8046;Hässelby Villastads bibliotek;146;159;145;126;0;177;172;305;296;221;262;0;368;371;539;704;547;562;0;5100
01;Stockholms län;80;Stockholm;8052;Vällingby bibliotek;292;312;287;199;207;355;362;483;410;328;336;453;695;732;915;998;948;585;473;9370
01;Stockholms län;80;Stockholm;8054;Alviks bibliotek;165;183;162;122;0;213;160;246;227;218;264;0;448;289;591;532;669;566;0;5055
01;Stockholms län;80;Stockholm;8055;Blackebergs bibliotek;143;125;119;0;97;148;103;177;128;131;0;196;248;195;362;281;370;0;0;2823
01;Stockholms län;80;Stockholm;8058;Kungsholmens bibliotek;423;383;279;188;248;479;443;492;455;392;431;585;841;916;1136;1156;1196;949;0;10992
01;Stockholms län;80;Stockholm;8060;Stora Essingens bibliotek;0;44;0;0;59;40;28;0;55;0;0;95;99;40;0;115;0;0;0;575
01;Stockholms län;80;Stockholm;8061;Tekniska Nämndhuset;70;88;75;0;0;128;126;128;127;135;0;0;191;283;306;311;442;0;0;2410
01;Stockholms län;80;Stockholm;8062;Stadshuset;127;130;130;0;0;169;159;137;135;165;0;0;282;335;392;414;498;517;734;4324
01;Stockholms län;80;Stockholm;8069;Stadsbiblioteket;544;487;369;363;401;610;594;610;581;529;740;933;1131;1433;1595;1915;1829;1944;0;16608
01;Stockholms län;80;Stockholm;8070;Kulturhuset;174;216;217;136;143;210;284;294;299;320;245;308;533;767;937;1092;1407;1015;0;8597
01;Stockholms län;80;Stockholm;8074;Östermalms bibliotek;469;456;385;287;282;497;457;540;539;435;492;596;891;899;1217;1236;1390;1059;606;12733
01;Stockholms län;80;Stockholm;8076;Hornstulls bibliotek;280;277;236;187;167;337;288;317;334;335;282;420;629;688;847;938;920;690;0;8172
01;Stockholms län;80;Stockholm;8077;Söderhallarna;455;471;408;366;0;592;546;538;552;571;623;0;1096;1311;1364;1513;1486;1254;0;13146
01;Stockholms län;80;Stockholm;8085;Luma bibliotek;150;110;132;0;241;170;115;149;121;158;0;462;211;312;460;385;536;0;0;3712
01;Stockholms län;80;Stockholm;8088;Enskede bibliotek;123;101;88;69;0;135;91;161;125;83;152;0;282;269;360;224;271;401;0;2935
01;Stockholms län;80;Stockholm;8090;Årsta Centrumhuset och bibliotek;146;172;102;150;0;212;107;173;176;131;238;0;418;279;334;406;404;475;0;3923
01;Stockholms län;80;Stockholm;8095;Bagarmossens Bibliotek;107;99;86;68;0;121;127;135;129;113;147;0;236;279;319;354;473;568;0;3361
01;Stockholms län;80;Stockholm;8096;Björkh bibl/Skarpnäcks sdf;114;117;74;0;109;142;119;117;135;82;0;234;235;261;322;356;251;0;0;2668
01;Stockholms län;80;Stockholm;8097;Skarpnäcks bibliotek;92;65;0;0;84;99;98;116;89;0;0;160;195;154;292;258;0;0;0;1702
01;Stockholms län;80;Stockholm;8100;Gubbängens bibliotek;108;139;67;0;101;188;0;229;166;61;0;213;266;0;400;368;253;0;0;2559
01;Stockholms län;80;Stockholm;8102;Farsta bibliotek;381;342;329;173;230;345;361;460;421;376;317;342;679;750;895;944;1060;735;574;9714
01;Stockholms län;80;Stockholm;8104;Sköndals bibliotek;99;69;0;87;0;135;0;112;104;0;135;0;259;0;213;229;0;345;0;1787
01;Stockholms län;80;Stockholm;8105;Hagsätra bibliotek;93;97;88;67;0;0;0;219;172;110;111;0;0;0;412;308;339;366;0;2382
01;Stockholms län;80;Stockholm;8106;Högdalens bibliotek;153;247;231;115;118;268;244;291;290;227;258;242;520;492;608;723;828;670;0;6525
01;Stockholms län;80;Stockholm;8108;Örby bibliotek;49;58;0;0;87;72;0;72;58;0;0;150;181;0;166;170;0;0;0;1063
01;Stockholms län;80;Stockholm;8110;Älvsjö Medborgarkontor och bibliotek;120;126;179;95;0;230;155;215;167;172;178;0;430;327;464;419;702;623;0;4602
01;Stockholms län;80;Stockholm;8111;Aspuddens bibliotek;138;121;117;0;177;172;105;203;136;139;0;277;355;254;451;383;404;0;0;3432
01;Stockholms län;80;Stockholm;8112;Gröndals bibliotek;58;76;79;55;0;120;94;116;87;86;111;0;185;134;253;200;312;405;0;2371
01;Stockholms län;80;Stockholm;8114;Telefonplans bibliotek;94;67;0;99;0;118;0;124;95;0;160;0;293;0;271;281;0;509;0;2111
01;Stockholms län;80;Stockholm;8115;Fruängens bibliotek;249;233;0;220;0;333;202;307;282;0;362;0;617;439;732;565;0;634;0;5175
01;Stockholms län;80;Stockholm;8117;Hägerstensåsens Medborgarhus;105;85;79;0;0;113;96;130;114;119;0;0;230;230;224;253;443;0;0;2221
01;Stockholms län;80;Stockholm;8120;Bredängs bibliotek;95;138;0;109;0;214;85;146;171;0;157;0;299;212;274;464;0;599;0;2963
01;Stockholms län;80;Stockholm;8121;Skärholmens bibliotek;155;145;129;76;93;178;128;141;180;206;147;274;308;296;454;489;777;641;615;5432
01;Stockholms län;80;Stockholm;8124;Skärholmens Medborgarkontor;68;43;38;0;0;64;77;69;55;38;0;0;103;118;102;127;200;0;0;1102
01;Stockholms län;80;Stockholm;8891;Stockholms Universitet;61;64;62;0;0;56;95;70;78;77;0;0;293;350;389;496;587;0;0;2678
01;Stockholms län;80;Stockholm;8944;Kista servicehus/vård och omsorgsb.;0;0;0;0;0;0;0;0;0;0;0;0;56;0;0;0;0;0;0;56
01;Stockholms län;80;Stockholm;8977;Kampementets vård- och omsorgsboende;0;0;0;0;0;0;0;0;0;0;0;0;0;0;36;0;0;0;0;36
01;Stockholms län;81;Södertälje;10004;Mötesplats Enhörna;0;0;85;0;0;0;0;116;0;101;0;0;0;0;205;0;0;0;0;507
01;Stockholms län;81;Södertälje;10005;Biblioteket Mölnbo;0;29;0;0;0;0;51;0;0;0;0;0;0;87;0;0;94;0;0;261
01;Stockholms län;81;Södertälje;10006;Hölöskolan;26;0;0;0;0;45;0;0;82;0;0;0;110;0;0;129;0;0;0;392
01;Stockholms län;81;Södertälje;10007;Hovsjö Hub;25;28;18;0;0;35;25;31;26;27;0;0;67;84;84;70;136;0;0;656
01;Stockholms län;81;Södertälje;10010;Bergviks Seniorboende;91;104;84;0;0;136;96;124;115;91;0;0;189;148;190;232;261;0;0;1861
01;Stockholms län;81;Södertälje;10011;Stora Coop;131;229;225;214;180;150;340;235;315;266;447;399;208;533;570;649;899;1377;0;7367
01;Stockholms län;81;Södertälje;12914;fd Bårstaskolan;9;7;3;0;0;12;11;15;8;9;0;0;61;38;45;56;68;0;0;342
01;Stockholms län;81;Södertälje;12916;Stadshuset;104;108;110;0;0;110;129;140;128;111;0;0;234;270;311;306;444;0;854;3359
01;Stockholms län;81;Södertälje;12918;Futurum Järna;81;93;118;0;0;127;108;159;140;167;0;0;233;246;284;316;474;0;0;2546
01;Stockholms län;81;Södertälje;12920;Fornhöjden samlingslokal;24;35;16;0;0;32;18;14;24;17;0;0;70;48;65;75;108;0;0;546
01;Stockholms län;81;Södertälje;15794;Södertäljebyrån;0;0;40;96;0;0;0;0;0;0;0;0;0;0;0;0;0;0;0;136
01;Stockholms län;81;Södertälje;15795;Quality Hotel Park;74;76;69;79;0;129;112;120;110;93;153;0;202;237;255;261;343;366;0;2679
01;Stockholms län;82;Nacka;10142;Nacka stadshus;0;0;0;0;0;0;0;0;0;0;0;0;0;0;0;0;0;0;370;370
01;Stockholms län;82;Nacka;10143;Orminge bibliotek;194;218;239;122;119;275;287;270;265;292;268;231;443;584;0;640;802;791;0;6040
01;Stockholms län;82;Nacka;10146;Nacka Forum bibliotek;319;345;308;265;227;408;421;447;450;489;511;438;649;902;997;1104;999;1139;0;10418
01;Stockholms län;82;Nacka;10147;Dieselverkstadens bibliotek;143;164;139;158;137;169;158;183;173;181;246;271;346;451;454;566;638;754;0;5331
01;Stockholms län;82;Nacka;10149;Älta bibliotek;102;81;91;61;0;116;120;120;112;102;147;0;189;247;275;339;326;358;0;2786
01;Stockholms län;82;Nacka;10150;Fisksätra bibliotek;44;23;59;29;26;81;52;72;68;42;37;44;102;92;131;134;198;222;0;1456
01;Stockholms län;82;Nacka;10151;Saltsjöbaden bibliotek;136;139;139;84;0;163;148;158;177;191;202;0;260;287;367;353;466;410;0;3680
01;Stockholms län;82;Nacka;15024;Båthöjden Plaza;0;17;0;0;0;0;0;0;0;0;0;0;0;0;0;0;0;0;0;17
01;Stockholms län;82;Nacka;15025;Sarvträsk äldreboende;0;0;0;0;0;0;0;0;0;19;0;0;0;0;0;0;0;0;0;19
01;Stockholms län;82;Nacka;15026;Nacka Seniorcenter Ektorp;0;0;0;0;0;70;0;0;0;0;0;0;0;0;0;0;0;0;0;70
01;Stockholms län;82;Nacka;15027;Nacka Seniorcenter Älta;0;0;0;0;0;0;0;0;5;0;0;0;0;0;0;0;0;0;0;5
01;Stockholms län;82;Nacka;15028;Danvikshem;0;0;77;0;0;0;0;0;0;0;0;0;0;0;0;0;0;0;0;77
01;Stockholms län;82;Nacka;15029;Nacka Seniorcenter Talliden;0;0;0;0;0;0;0;13;0;0;0;0;0;0;0;0;0;0;0;13
01;Stockholms län;82;Nacka;15030;Saltsjöbadens sjukhus;0;0;0;0;0;0;0;36;0;0;0;0;0;0;0;0;0;0;0;36
01;Stockholms län;82;Nacka;15031;Lillängen;0;0;0;0;0;16;0;0;0;0;0;0;0;0;0;0;0;0;0;16
01;Stockholms län;82;Nacka;15032;Attendo Kungshamn;0;4;0;0;0;0;0;0;0;0;0;0;0;0;0;0;0;0;0;4
01;Stockholms län;82;Nacka;15033;Gammeluddshemmet;0;0;15;0;0;0;0;0;0;0;0;0;0;0;0;0;0;0;0;15
01;Stockholms län;82;Nacka;15034;Nacka Seniorcenter Sjötäppan;0;0;0;0;0;0;19;0;0;0;0;0;0;0;0;0;0;0;0;19
01;Stockholms län;82;Nacka;15035;Nacka Seniorcenter Sofiero;0;0;0;0;0;0;16;0;0;0;0;0;0;0;0;0;0;0;0;16
01;Stockholms län;82;Nacka;15922;Villa Tollare;0;0;0;0;0;0;0;0;0;27;0;0;0;0;0;0;0;0;0;27
01;Stockholms län;82;Nacka;15923;Sarahemmet;0;0;0;0;0;0;0;0;12;0;0;0;0;0;0;0;0;0;0;12
01;Stockholms län;83;Sundbyberg;6038;Ekbacken;0;0;0;0;0;0;0;0;0;0;0;0;0;0;0;67;0;0;0;67
01;Stockholms län;83;Sundbyberg;6039;Hallonhöjden;0;0;0;0;0;0;0;0;15;0;0;0;0;0;0;0;0;0;0;15
01;Stockholms län;83;Sundbyberg;8813;Jobbcenter Valla Park;19;0;32;0;0;32;41;41;0;30;59;0;75;100;112;0;160;296;0;997
01;Stockholms län;83;Sundbyberg;8814;Sundbybergs stadshus;70;0;82;0;0;68;86;84;102;89;136;0;143;192;230;283;247;467;0;2279
01;Stockholms län;83;Sundbyberg;8815;Biblioteket Signalfabriken;325;294;263;230;257;289;337;455;415;366;423;507;541;690;1160;816;1089;1064;760;10281
01;Stockholms län;84;Solna;12221;Skoga äldrecentrum;0;0;0;0;0;89;54;69;61;55;0;0;97;115;95;120;133;0;0;888
01;Stockholms län;84;Solna;13686;Ankaret i Hagalund;0;0;0;0;0;0;0;80;40;36;0;0;0;0;156;140;99;0;0;551
01;Stockholms län;84;Solna;13688;Gunnarbo i Bagartorp;0;0;0;0;0;0;38;18;48;23;0;0;0;96;38;115;49;0;0;425
01;Stockholms län;84;Solna;13727;Sockerbiten i Ritorp;0;0;0;0;0;0;40;60;22;35;0;120;0;56;118;41;108;0;0;600
01;Stockholms län;84;Solna;15486;Raoul Wallenbergskola Järvastaden;0;0;0;0;0;0;0;0;0;0;156;0;0;0;0;0;0;298;0;454
01;Stockholms län;84;Solna;9334;Solna stadshus;175;189;147;0;202;178;169;183;169;126;0;0;252;290;410;347;469;808;785;4899
01;Stockholms län;84;Solna;9335;Biblioteket i Solna centrum;353;338;341;357;0;451;477;533;443;428;502;632;737;888;952;1040;1052;858;0;10382
01;Stockholms län;84;Solna;9337;Biblioteket i Bergshamra;113;82;59;72;0;93;88;126;113;99;116;0;133;151;317;319;300;325;0;2506
01;Stockholms län;84;Solna;9340;Hallen äldreboende;0;0;0;0;0;67;62;61;53;52;0;0;78;74;129;88;134;0;0;798
01;Stockholms län;86;Lidingö;10976;Hemköp Brevik;0;0;0;0;0;77;65;98;71;65;0;0;134;176;172;177;230;0;0;1265
01;Stockholms län;86;Lidingö;14983;Villa Agadir;0;0;0;0;0;0;0;0;0;0;0;31;0;0;0;0;0;0;0;31
01;Stockholms län;86;Lidingö;14984;Silverhöjden;0;0;0;0;0;0;0;0;0;0;0;21;0;0;0;0;0;0;0;21
01;Stockholms län;86;Lidingö;15048;Ektorpsgården;0;0;0;0;0;0;0;0;0;0;0;11;0;0;0;0;0;0;0;11
01;Stockholms län;86;Lidingö;6048;Baggeby Gård;0;0;0;0;0;0;0;0;0;0;0;30;0;0;0;0;0;0;0;30
01;Stockholms län;86;Lidingö;6049;Högsätra servicehus;0;0;0;0;0;0;0;0;0;0;0;81;0;0;0;0;0;0;0;81
01;Stockholms län;86;Lidingö;6050;Siggebogården;0;0;0;0;0;0;0;0;0;0;0;39;0;0;0;0;0;0;0;39
01;Stockholms län;86;Lidingö;9091;Tor seniorboende;0;0;0;0;0;0;0;0;0;0;0;26;0;0;0;0;0;0;0;26
01;Stockholms län;86;Lidingö;9093;Föreningsgården Larsberg;0;0;0;0;0;127;83;102;88;79;0;0;172;184;189;209;224;0;0;1457
01;Stockholms län;86;Lidingö;9488;Stadshuset;319;314;284;279;0;418;400;362;390;447;474;0;826;850;1003;1113;1047;1117;393;10036
01;Stockholms län;87;Vaxholm;14439;Rådhuset;89;102;128;98;77;119;139;188;114;136;154;217;166;250;251;327;280;340;96;3271
01;Stockholms län;88;Norrtälje;12724;Norrtälje stadsbibliotek;363;341;296;159;96;477;442;489;457;430;303;254;740;869;933;996;989;699;0;9333
01;Stockholms län;88;Norrtälje;14723;Biblioteksbussen;0;8;0;0;0;4;17;15;0;0;0;0;8;26;23;14;0;0;0;115
01;Stockholms län;88;Norrtälje;15668;Väddö Bibliotek;55;72;0;0;0;122;0;125;145;0;0;0;232;0;246;205;0;0;0;1202
01;Stockholms län;88;Norrtälje;15669;Bergshamra bibliotek;0;0;0;0;0;58;0;0;0;0;0;0;160;0;0;0;0;0;0;218
01;Stockholms län;88;Norrtälje;15670;Edsbro Bibliotek;0;0;0;0;0;50;0;0;0;0;0;0;78;0;0;0;0;0;0;128
01;Stockholms län;88;Norrtälje;15671;Rånäs Bibliotek;0;0;0;0;0;11;0;0;0;0;0;0;33;0;0;0;0;0;0;44
01;Stockholms län;88;Norrtälje;15672;Herrängs bibliotek;0;0;0;0;0;0;37;0;0;0;0;0;0;59;0;0;0;0;0;96
01;Stockholms län;88;Norrtälje;15674;Gräddö by samfällighetslokal;19;0;34;0;0;0;0;71;0;60;0;0;0;0;98;0;67;0;0;349
01;Stockholms län;88;Norrtälje;6054;Kriminalvårdsanstalten Norrtälje;0;0;0;0;0;0;0;0;0;0;0;62;0;0;0;0;0;0;0;62
01;Stockholms län;88;Norrtälje;9513;Kommunhuset Ankaret;109;111;131;0;0;122;138;131;174;170;0;0;212;284;249;311;415;30;390;2977
01;Stockholms län;88;Norrtälje;9523;Hallstaviks Bibliotek;86;94;85;52;0;138;115;104;141;144;63;0;214;232;211;232;227;207;0;2345
01;Stockholms län;88;Norrtälje;9524;Rimbo Bibliotek;0;150;138;80;0;135;198;0;185;153;133;0;175;378;0;452;292;354;0;2823
01;Stockholms län;91;Sigtuna;13076;Kommunhuset;0;0;0;0;0;47;48;47;38;48;0;0;41;65;63;65;96;79;511;1148
01;Stockholms län;91;Sigtuna;13604;Märsta Station;33;59;33;0;0;50;51;42;47;30;93;0;93;89;116;158;197;0;0;1091
01;Stockholms län;91;Sigtuna;13609;Coop Extra;0;0;0;76;91;112;106;109;113;132;123;211;137;205;235;293;354;428;0;2725
01;Stockholms län;91;Sigtuna;13617;Ymer;0;0;0;0;0;13;0;0;0;0;0;0;23;0;0;0;0;0;0;36
01;Stockholms län;91;Sigtuna;14091;Kunskapens hus;0;0;0;0;0;0;0;0;0;0;0;0;0;0;27;42;0;0;0;69
01;Stockholms län;91;Sigtuna;14988;Valsta Torg;66;72;63;47;35;59;48;90;70;51;62;81;102;128;161;207;209;274;0;1825
01;Stockholms län;91;Sigtuna;6064;Arhem;0;0;0;0;0;0;0;0;0;53;0;0;0;0;0;0;0;0;0;53
01;Stockholms län;91;Sigtuna;6065;Storboda Kriminalvårdsanstalt;0;0;0;0;0;0;0;0;36;0;0;0;0;0;0;0;0;0;0;36
01;Stockholms län;91;Sigtuna;6067;Hemskogens sjukhem;0;0;0;0;0;0;0;32;0;0;0;0;0;0;0;0;0;0;0;32
01;Stockholms län;91;Sigtuna;6068;Ärlinghem;0;0;0;0;0;0;41;0;0;0;0;0;0;22;0;0;0;0;0;63
01;Stockholms län;91;Sigtuna;8047;Märsta bibliotek;162;172;167;91;56;127;97;166;137;115;145;62;182;223;233;313;335;282;0;3065
01;Stockholms län;91;Sigtuna;8049;Sigtuna bibliotek;117;123;60;66;70;130;106;136;136;134;137;163;169;195;261;275;300;220;0;2798
01;Stockholms län;91;Sigtuna;9141;Rosersbergs bibliotek;32;28;33;0;0;0;0;47;28;29;0;0;0;59;119;40;61;0;0;476
01;Stockholms län;92;Nynäshamn;12953;Folkets Hus Nynäshamn;169;181;170;109;119;144;148;153;122;102;108;146;215;227;230;294;303;279;190;3409
01;Stockholms län;92;Nynäshamn;12954;Centrumhuset Ösmo;31;35;48;0;0;36;36;59;32;52;0;0;63;78;95;71;120;0;0;756
01;Stockholms län;92;Nynäshamn;14100;Nynäshamns gymnasium;0;0;0;0;0;0;0;0;0;0;0;0;17;0;0;0;0;0;0;17
01;Stockholms län;92;Nynäshamn;14765;Sjötelegrafen Nynäshamn;110;133;177;116;0;170;215;174;180;211;195;0;230;344;348;407;498;381;0;3889
01;Stockholms län;92;Nynäshamn;15736;Hyresgästföreningens lokal;0;0;0;32;9;0;0;0;0;0;0;0;0;0;0;15;22;30;0;108
01;Stockholms län;92;Nynäshamn;7900;Sorunda församlingshem;0;0;0;0;0;0;0;0;0;0;0;0;95;89;85;91;88;0;0;448
03;Uppsala län;05;Håbo;10260;Kommunhuset;155;158;139;81;85;159;242;218;249;207;163;210;394;430;497;569;645;489;217;5307
03;Uppsala län;05;Håbo;10263;Slottsskolan;0;0;0;0;0;0;0;48;37;0;0;0;0;0;0;0;0;0;0;85
03;Uppsala län;05;Håbo;6074;Äldreboendet Pomona;0;0;0;0;0;0;0;0;0;0;0;71;0;0;0;0;0;0;0;71
03;Uppsala län;19;Älvkarleby;14450;Folkets hus Marma;0;0;0;0;0;0;0;36;0;0;0;0;0;0;90;0;0;0;0;126
03;Uppsala län;19;Älvkarleby;15892;Klockstapeln, Älvkarleö;0;0;0;0;0;0;0;63;0;0;0;0;0;0;15;0;0;0;0;78
03;Uppsala län;19;Älvkarleby;9924;Biblioteket Skutskär;111;128;139;64;34;192;173;149;104;134;89;62;253;282;318;224;274;201;86;3017
03;Uppsala län;30;Knivsta;15741;Biblioteket i Alsike skola;0;0;0;0;0;0;0;0;34;18;0;0;82;67;94;127;110;145;108;785
03;Uppsala län;30;Knivsta;9826;Knivsta kommunhus;186;149;140;58;111;150;137;202;198;192;157;197;266;268;373;469;508;338;142;4241
03;Uppsala län;31;Heby;14728;Kyrkans allrum, Morgongåva;0;0;31;0;0;0;0;45;0;34;0;0;0;0;73;0;54;0;0;237
03;Uppsala län;31;Heby;14730;Biblioteket, Tärnsjö;25;0;46;0;0;41;0;44;0;41;0;0;59;0;108;0;90;0;0;454
03;Uppsala län;31;Heby;14731;Biblioteket, Vittinge;0;4;0;0;0;12;0;0;33;0;0;0;21;0;0;50;0;0;0;120
03;Uppsala län;31;Heby;14732;Birgittagården, Harbo;0;0;0;0;0;0;21;0;0;0;0;0;0;131;0;0;0;0;0;152
03;Uppsala län;31;Heby;14733;Enåkers Bygdegård;0;15;0;0;0;0;0;0;30;0;0;0;0;0;0;0;0;0;107;152
03;Uppsala län;31;Heby;14734;Församlingshemmet, Huddunge;0;0;0;0;0;0;53;0;0;0;0;0;0;34;0;0;0;0;0;87
03;Uppsala län;31;Heby;14735;Medborgarkontoret, Östervåla;53;60;0;0;0;90;0;79;147;0;0;0;174;0;126;270;0;181;0;1180
03;Uppsala län;31;Heby;15403;Ösbylunds förskola;0;0;0;0;0;0;0;0;0;0;0;0;0;0;0;0;0;0;77;77
03;Uppsala län;31;Heby;15404;Huddunge skola;0;0;0;0;0;0;0;0;0;0;0;0;0;0;0;0;0;0;78;78
03;Uppsala län;31;Heby;9798;Kommunkontoret, Heby;39;41;58;16;16;55;57;44;87;68;47;46;80;209;107;221;144;133;41;1509
03;Uppsala län;60;Tierp;12547;Mehede skola;0;0;0;0;0;0;0;0;0;0;0;0;0;0;0;0;0;0;192;192
03;Uppsala län;60;Tierp;8723;Kommunhuset, Tierps köping;99;119;105;38;37;161;156;195;202;182;80;95;257;299;346;401;459;245;177;3653
03;Uppsala län;60;Tierp;8724;Biblioteket, Karlholm;15;21;13;0;0;43;23;26;42;16;0;0;49;48;44;60;88;0;0;488
03;Uppsala län;60;Tierp;8725;Biblioteket, Skärplinge;24;24;25;0;0;20;45;45;71;53;0;0;57;81;103;131;107;0;0;786
03;Uppsala län;60;Tierp;8726;Biblioteket, Söderfors;12;12;15;0;0;31;16;33;27;24;0;0;54;54;57;37;57;0;0;429
03;Uppsala län;60;Tierp;8727;Biblioteket, Örbyhus;38;31;34;0;0;40;50;52;66;48;0;0;80;114;117;109;122;0;0;901
03;Uppsala län;80;Uppsala;10259;Vängebiblioteket;12;15;0;0;0;18;18;25;35;0;0;0;42;58;35;106;0;0;0;364
03;Uppsala län;80;Uppsala;10285;Akademiska sjukhusets bibliotek;43;74;55;0;0;51;86;78;85;102;0;0;152;216;0;314;463;0;0;1719
03;Uppsala län;80;Uppsala;12662;Björkgården;0;20;0;0;0;0;0;0;69;0;0;0;0;0;0;120;0;0;0;209
03;Uppsala län;80;Uppsala;12663;Gränbystaden (fd Gränby centrum);279;303;344;262;412;336;366;486;465;497;538;779;710;827;1088;1184;1644;1658;679;12857
03;Uppsala län;80;Uppsala;12742;Ekonomikum;134;104;97;106;0;136;130;128;149;178;169;0;281;348;402;574;820;880;0;4636
03;Uppsala län;80;Uppsala;12743;Stenhagenbiblioteket;75;0;30;0;0;89;76;107;70;65;122;0;179;167;280;170;236;311;0;1977
03;Uppsala län;80;Uppsala;12748;Balders vårdboende;0;0;0;0;0;0;0;0;0;0;0;15;0;0;0;0;0;0;0;15
03;Uppsala län;80;Uppsala;12749;Stiftelsen Andreas Ands Minne;0;0;0;0;0;0;0;0;0;0;0;17;0;0;0;0;0;0;0;17
03;Uppsala län;80;Uppsala;13771;Fyrishov;152;130;101;91;234;166;148;181;159;189;191;456;326;422;483;507;647;931;707;6221
03;Uppsala län;80;Uppsala;13772;SLU Sveriges Lantbruksuniversitet;27;28;37;0;0;39;49;64;66;76;0;0;88;126;170;218;351;0;0;1339
03;Uppsala län;80;Uppsala;13908;Kungsängsgården;0;0;0;0;0;0;0;0;0;0;0;17;0;0;0;0;0;0;0;17
03;Uppsala län;80;Uppsala;13909;Bernadotte vårdboende;0;0;0;0;0;0;0;0;0;0;0;32;0;0;0;0;0;0;0;32
03;Uppsala län;80;Uppsala;13910;Björklingegården;0;0;0;0;0;0;0;0;0;0;0;0;0;0;0;0;0;0;0;0
03;Uppsala län;80;Uppsala;13911;Eriksdalsgården;0;0;0;0;0;0;0;0;0;0;0;25;0;0;0;0;0;0;0;25
03;Uppsala län;80;Uppsala;13912;Ferlins vårdboende;0;0;0;0;0;0;0;0;0;0;0;27;0;0;0;0;0;0;0;27
03;Uppsala län;80;Uppsala;13917;Granbommen;0;0;0;0;0;0;0;0;0;0;0;16;0;0;0;0;0;0;0;16
03;Uppsala län;80;Uppsala;13918;Hasselparken;0;0;0;0;0;0;0;0;0;0;0;19;0;0;0;0;0;0;0;19
03;Uppsala län;80;Uppsala;13919;Höganäs vårdboende;0;0;0;0;0;0;0;0;0;0;0;13;0;0;0;0;0;0;0;13
03;Uppsala län;80;Uppsala;13920;Västergårdens vårdboende;0;0;0;0;0;0;0;0;0;0;0;14;0;0;0;0;0;0;0;14
03;Uppsala län;80;Uppsala;13921;Linné vårdboende;0;0;0;0;0;0;0;0;0;0;0;34;0;0;0;0;0;0;0;34
03;Uppsala län;80;Uppsala;13923;Skogsgården;0;0;0;0;0;0;0;0;0;0;0;8;0;0;0;0;0;0;0;8
03;Uppsala län;80;Uppsala;13924;Stenhagens vårdboende;0;0;0;0;0;0;0;0;0;0;0;9;0;0;0;0;0;0;0;9
03;Uppsala län;80;Uppsala;13925;Sävjahus;0;0;0;0;0;0;0;0;0;0;0;3;0;0;0;0;0;0;0;3
03;Uppsala län;80;Uppsala;13926;Tavastehus vårdboende;0;0;0;0;0;0;0;0;0;0;0;3;0;0;0;0;0;0;0;3
03;Uppsala län;80;Uppsala;13927;Tunåsen;0;0;0;0;0;0;0;0;0;0;0;30;0;0;0;0;0;0;0;30
03;Uppsala län;80;Uppsala;13928;Vigmund;0;0;0;0;0;0;0;0;0;0;0;12;0;0;0;0;0;0;0;12
03;Uppsala län;80;Uppsala;14480;Attendo Fortuna-Onnela;0;0;0;0;0;0;0;0;0;0;0;11;0;0;0;0;0;0;0;11
03;Uppsala län;80;Uppsala;14483;Ekebylund-Östfora behandlingshem;0;0;0;0;0;0;0;0;0;0;0;13;0;0;0;0;0;0;0;13
03;Uppsala län;80;Uppsala;14484;Karl Johansgården;0;0;0;0;0;0;0;0;0;0;0;42;0;0;0;0;0;0;0;42
03;Uppsala län;80;Uppsala;14486;Förenade Care Liljefors torg 4;0;0;0;0;0;0;0;0;0;0;0;30;0;0;0;0;0;0;0;30
03;Uppsala län;80;Uppsala;14488;Lillsjögården;0;0;0;0;0;0;0;0;0;0;0;13;0;0;0;0;0;0;0;13
03;Uppsala län;80;Uppsala;14489;Länna Klubbstuga;0;0;0;0;0;0;0;0;0;0;0;0;0;87;0;0;0;0;0;87
03;Uppsala län;80;Uppsala;14490;Polishuset Blanka;0;0;0;0;0;0;0;0;0;0;0;0;0;0;0;25;0;0;0;25
03;Uppsala län;80;Uppsala;14491;Sandelska huset;0;0;0;0;0;0;0;0;0;0;0;22;0;0;0;0;0;0;0;22
03;Uppsala län;80;Uppsala;14496;Topelius;0;0;0;0;0;0;0;0;0;0;0;29;0;0;0;0;0;0;0;29
03;Uppsala län;80;Uppsala;14509;Årstagården;0;0;0;0;0;0;0;0;0;0;0;10;0;0;0;0;0;0;0;10
03;Uppsala län;80;Uppsala;15806;Kafé Mumrik;21;16;39;34;0;66;57;28;43;69;83;0;190;216;317;292;364;0;0;1835
03;Uppsala län;80;Uppsala;15807;Von Bahr;0;0;0;0;0;0;0;0;0;0;0;6;0;0;0;0;0;0;0;6
03;Uppsala län;80;Uppsala;15808;Villa Hovstallet;0;0;0;0;0;0;0;0;0;0;0;13;0;0;0;0;0;0;0;13
03;Uppsala län;80;Uppsala;15809;Gutasund;0;0;0;0;0;0;0;0;0;0;0;24;0;0;0;0;0;0;0;24
03;Uppsala län;80;Uppsala;15810;Salabacke Plaza;0;0;0;0;0;0;0;0;0;0;0;21;0;0;0;0;0;0;0;21
03;Uppsala län;80;Uppsala;15906;Kommuninformation;86;96;90;0;0;104;91;105;104;104;0;0;155;216;240;285;354;0;0;2030
03;Uppsala län;80;Uppsala;15907;Lundgården;0;0;0;0;0;0;0;0;0;0;0;1;0;0;0;0;0;0;0;1
03;Uppsala län;80;Uppsala;15908;Råbyvägen;0;0;0;0;0;0;0;0;0;0;0;9;0;0;0;0;0;0;0;9
03;Uppsala län;80;Uppsala;15930;Ebbagården;0;0;0;0;0;0;0;0;0;0;0;8;0;0;0;0;0;0;0;8
03;Uppsala län;80;Uppsala;6076;Hagundagården;0;0;0;0;0;0;0;0;0;0;0;19;0;0;0;0;0;0;0;19
03;Uppsala län;80;Uppsala;6077;Myrbergska gården;0;0;0;0;0;0;0;0;0;0;0;14;0;0;0;0;0;0;0;14
03;Uppsala län;80;Uppsala;6079;Dalbyhemmet;0;0;0;0;0;0;0;0;0;0;0;15;0;0;0;0;0;0;0;15
03;Uppsala län;80;Uppsala;6090;Glimmervägens vårdboende;0;0;0;0;0;0;0;0;0;0;0;10;0;0;0;0;0;0;0;10
03;Uppsala län;80;Uppsala;8681;Stadsbiblioteket;412;495;0;198;0;571;516;573;524;446;477;422;1002;1033;1255;1461;1452;1689;494;13020
03;Uppsala län;80;Uppsala;9293;Almungebiblioteket;0;0;0;0;0;77;0;0;0;0;0;0;160;0;0;0;0;0;0;237
03;Uppsala län;80;Uppsala;9294;Björklingebiblioteket;44;63;0;0;0;82;0;77;144;0;0;0;123;0;163;353;0;0;0;1049
03;Uppsala län;80;Uppsala;9295;Brantingsbiblioteket;125;126;83;0;0;191;131;146;168;117;72;0;320;212;261;461;274;245;0;2932
03;Uppsala län;80;Uppsala;9296;Bälingebiblioteket;41;0;0;0;0;0;83;55;0;0;65;0;50;186;94;0;0;0;0;574
03;Uppsala län;80;Uppsala;9297;Eriksbergsbiblioteket;91;73;98;0;0;86;95;137;94;117;0;0;147;131;345;233;304;0;0;1951
03;Uppsala län;80;Uppsala;9299;Gottsundabiblioteket;187;166;125;110;0;231;256;248;238;249;258;213;391;430;479;583;563;526;239;5492
03;Uppsala län;80;Uppsala;9301;Gränbybiblioteket;32;29;0;0;0;34;27;42;47;0;0;0;62;55;108;85;0;0;0;521
03;Uppsala län;80;Uppsala;9303;Nyby Servicehus;23;0;0;0;0;29;0;68;0;44;0;0;55;0;70;0;90;0;0;379
03;Uppsala län;80;Uppsala;9304;Gåvsta Bygdegårdsföreningen Hall2000;0;19;0;0;0;0;36;0;39;0;0;0;0;74;0;100;0;0;0;268
03;Uppsala län;80;Uppsala;9305;Storvretabiblioteket;50;59;0;0;0;89;51;51;95;0;94;0;102;238;90;269;0;224;0;1412
03;Uppsala län;80;Uppsala;9306;Sävjabiblioteket;53;53;44;0;0;83;94;54;95;80;91;0;133;210;124;193;215;203;0;1725
03;Uppsala län;80;Uppsala;9760;Godtemplargården Gunsta;17;0;0;0;0;0;0;62;0;0;0;0;0;0;80;0;0;0;0;159
03;Uppsala län;80;Uppsala;9761;Järlåsa bibliotek;17;0;0;0;0;0;0;48;0;0;0;0;0;0;94;0;0;0;0;159
03;Uppsala län;80;Uppsala;9763;Vattholmabiblioteket;15;32;0;0;0;43;0;23;48;0;0;0;60;0;31;100;0;0;0;352
03;Uppsala län;81;Enköping;14408;Lasarettet;0;0;0;0;0;0;0;0;0;0;0;0;0;9;18;0;0;0;0;27
03;Uppsala län;81;Enköping;15679;FUB-lokalen;102;101;80;43;37;119;126;117;168;152;94;106;235;279;274;399;441;326;0;3199
03;Uppsala län;81;Enköping;9478;Filialbibliotek i Fjärdhundra;0;31;16;0;0;14;31;0;44;27;0;0;30;59;0;77;39;0;0;368
03;Uppsala län;81;Enköping;9479;Tallgårdens omvårdnadsboende;0;0;12;19;0;0;50;0;0;38;25;0;0;110;0;0;66;55;0;375
03;Uppsala län;81;Enköping;9481;Filialbibliotek i Örsundsbro;0;43;0;37;0;36;58;0;102;0;63;0;75;121;0;217;0;141;0;893
03;Uppsala län;81;Enköping;9741;Kommunhuset;264;232;195;127;129;290;268;304;340;347;242;290;498;500;663;676;833;652;168;7018
03;Uppsala län;82;Östhammar;13728;Granhälla Bygdegård;0;0;0;0;0;0;0;0;0;0;119;0;0;0;0;0;0;0;0;119
03;Uppsala län;82;Östhammar;14269;Biografen Öregrund;0;0;0;0;0;0;97;94;41;0;0;0;108;110;157;0;122;0;0;729
03;Uppsala län;82;Östhammar;14270;Bruksgymnasiet Gimo;0;0;0;0;0;0;36;0;32;0;0;0;44;0;58;0;61;0;0;231
03;Uppsala län;82;Östhammar;14271;Ekeby skolan;0;0;0;0;0;0;0;0;0;0;89;0;0;0;0;0;0;0;0;89
03;Uppsala län;82;Östhammar;14272;Lärkbacken;0;0;0;0;0;108;0;101;0;0;0;0;134;0;131;132;0;0;0;606
03;Uppsala län;82;Östhammar;15145;Fritidsgården, Österbybruk;0;0;0;0;0;0;145;105;0;108;0;0;86;252;103;0;130;0;0;929
03;Uppsala län;82;Östhammar;7918;Kommunkontoret, Östhammar;78;50;105;63;63;87;107;154;0;0;150;131;160;212;238;309;259;261;99;2526
03;Uppsala län;82;Östhammar;9772;Biblioteket, Alunda;0;0;0;0;0;79;0;174;0;77;0;0;65;70;275;0;134;0;0;874
04;Södermanlands län;28;Vingåker;6092;Humlegården;0;0;0;0;0;0;0;0;0;0;0;31;0;0;0;0;0;0;0;31
04;Södermanlands län;28;Vingåker;8588;Vingåkers Bibliotek;103;127;100;50;21;134;157;140;149;138;72;28;209;228;245;277;276;198;0;2652
04;Södermanlands län;28;Vingåker;8589;Kommunhuset Vingåker;0;2;0;0;0;22;0;0;0;0;0;0;4;0;19;0;2;0;29;78
04;Södermanlands län;61;Gnesta;9486;Medborgarkontoret;129;180;123;69;24;136;140;169;214;168;86;71;221;238;290;443;391;285;150;3527
04;Södermanlands län;80;Nyköping;14255;Pål Jungshage Affärscentrum;266;327;289;173;172;349;371;329;337;374;319;312;493;596;619;778;932;590;0;7626
04;Södermanlands län;80;Nyköping;14256;Centrumlokalen Jönåker;0;0;0;0;0;32;46;34;25;35;0;0;45;53;63;68;66;0;0;467
04;Södermanlands län;80;Nyköping;8141;S:ta Katarina församlingshem Arnö;0;0;0;0;0;44;51;39;38;33;0;0;56;79;106;100;124;0;0;670
04;Södermanlands län;80;Nyköping;8142;IOGT-NTO-lokalen Stigtomta;0;0;0;0;0;34;37;29;26;22;0;0;50;66;65;95;79;0;0;503
04;Södermanlands län;80;Nyköping;8155;Brukslokalen, Nävekvarn;0;0;0;0;0;26;43;35;19;21;0;0;52;42;53;63;65;0;0;419
04;Södermanlands län;80;Nyköping;8163;Vrena Folkets Hus;0;0;0;0;0;35;16;21;24;12;0;0;34;36;22;43;60;0;0;303
04;Södermanlands län;80;Nyköping;8164;S:t Botvidsgården Tystberga;0;0;0;0;0;41;28;40;33;30;0;0;64;44;83;48;76;0;0;487
04;Södermanlands län;80;Nyköping;8165;Stadshuset;282;262;293;137;76;355;347;346;295;288;221;206;453;612;594;686;841;546;430;7270
04;Södermanlands län;81;Oxelösund;14102;Oxelösunds bibliotek;201;205;167;57;48;204;245;196;146;184;102;95;246;382;345;384;439;202;153;4001
04;Södermanlands län;81;Oxelösund;6111;Björntorps äldreboende;0;0;0;0;0;0;0;0;0;0;0;0;0;0;22;0;0;0;0;22
04;Södermanlands län;81;Oxelösund;6112;Sjötångens äldreboende;0;0;0;0;0;0;0;0;0;0;0;0;0;0;29;0;0;0;0;29
04;Södermanlands län;82;Flen;9568;Flen Biblioteket;121;168;171;44;29;225;220;201;207;178;87;44;251;225;295;355;327;205;0;3353
04;Södermanlands län;82;Flen;9576;Bruksområdet, Hälleforsnäs;14;15;18;0;0;33;15;40;11;39;0;0;22;62;17;69;20;32;0;407
04;Södermanlands län;82;Flen;9586;Vårdcentralen Malmköping;64;30;55;0;0;56;85;63;96;47;40;0;151;62;156;56;145;0;0;1106
04;Södermanlands län;82;Flen;9597;Flen  Stadshuset;0;0;0;0;0;0;0;0;0;0;0;0;0;0;0;0;0;0;98;98
04;Södermanlands län;83;Katrineholm;11077;Strångsjö skola;0;0;0;0;0;0;0;0;0;0;0;0;0;0;35;58;57;0;0;150
04;Södermanlands län;83;Katrineholm;11078;Glindrans skola;0;0;0;0;0;0;0;0;0;0;0;0;0;0;28;50;26;0;0;104
04;Södermanlands län;83;Katrineholm;11079;Floda, sockenstuga;0;0;0;0;0;0;0;0;0;0;0;0;0;0;79;53;69;0;0;201
04;Södermanlands län;83;Katrineholm;11683;Duveholmsgymnasiet;0;0;0;0;0;0;0;0;0;0;0;0;0;0;30;36;44;0;0;110
04;Södermanlands län;83;Katrineholm;15092;Ungkulturhuset Perronongen;21;26;0;0;0;0;28;13;22;0;0;0;0;47;38;48;0;0;0;243
04;Södermanlands län;83;Katrineholm;6116;Karsuddens sjukhus;0;0;0;0;0;0;0;0;0;0;0;0;0;0;61;0;0;0;0;61
04;Södermanlands län;83;Katrineholm;6117;Igelkottens servicehus;0;0;0;0;0;0;0;0;0;0;0;0;0;0;39;17;0;0;0;56
04;Södermanlands län;83;Katrineholm;6119;Furulidens vårdboende;0;0;0;0;0;0;0;0;0;0;0;0;0;0;25;16;0;0;0;41
04;Södermanlands län;83;Katrineholm;6121;Lövåsgården;0;0;0;0;0;0;0;0;0;0;0;0;0;0;25;23;0;0;0;48
04;Södermanlands län;83;Katrineholm;9284;Bibliotek/kulturhuset Ängeln;315;397;339;160;113;386;430;412;341;348;274;183;516;601;540;712;707;430;386;7590
04;Södermanlands län;83;Katrineholm;9298;Nyhemsskolan;0;0;0;0;0;58;36;33;22;13;0;0;33;30;55;48;97;0;0;425
04;Södermanlands län;83;Katrineholm;9300;Valla skola;0;0;0;0;0;0;0;0;0;0;0;0;75;81;81;85;71;0;0;393
04;Södermanlands län;83;Katrineholm;9308;Julita skola;0;0;0;0;0;0;0;0;0;0;0;0;38;30;58;41;42;0;0;209
04;Södermanlands län;83;Katrineholm;9310;Björkviks skola;0;0;0;0;0;0;0;0;0;0;0;0;100;31;35;27;48;0;0;241
04;Södermanlands län;83;Katrineholm;9318;Strandgården;0;0;0;0;0;0;0;0;0;0;0;0;0;0;24;25;0;0;0;49
04;Södermanlands län;84;Eskilstuna;10815;Mälarsjukhuset;40;54;63;53;60;54;55;76;84;74;98;135;105;147;178;212;245;0;0;1733
04;Södermanlands län;84;Eskilstuna;11671;Hällbybrunns IF, klubbhuset;44;18;26;0;0;65;38;119;37;33;0;0;63;67;258;90;64;0;0;922
04;Södermanlands län;84;Eskilstuna;11881;Rekarnegymnasiet;0;0;0;0;0;0;0;0;0;0;0;0;18;0;0;0;0;0;0;18
04;Södermanlands län;84;Eskilstuna;11882;Rinmangymnasiet;0;0;0;0;0;0;0;0;0;0;0;0;0;28;0;0;0;0;0;28
04;Södermanlands län;84;Eskilstuna;11883;S:t Eskils gymnasium;0;0;0;0;0;0;0;0;0;0;0;0;0;0;22;0;0;0;0;22
04;Södermanlands län;84;Eskilstuna;13626;Lagersbergs bibliotek;21;31;0;0;0;25;24;26;51;0;0;0;38;25;35;98;0;0;0;374
04;Södermanlands län;84;Eskilstuna;13629;Skogstorps GoIF, klubbhuset;34;60;0;0;0;73;28;58;120;0;0;0;87;81;88;285;0;0;0;914
04;Södermanlands län;84;Eskilstuna;13634;Måsta Äng;23;38;31;0;0;40;46;39;42;58;0;0;70;50;61;51;89;0;0;638
04;Södermanlands län;84;Eskilstuna;13704;Torshälla finska förening;0;0;0;0;0;15;11;12;3;11;0;0;15;16;11;26;31;0;0;151
04;Södermanlands län;84;Eskilstuna;14353;Mötesplats Fröslunda Fröet;33;63;0;0;0;60;48;46;56;0;0;0;92;71;64;115;0;0;0;648
04;Södermanlands län;84;Eskilstuna;14354;Mötesplats Söder Skogsängen;28;24;22;0;0;44;42;28;24;28;0;0;47;45;55;58;60;0;0;505
04;Södermanlands län;84;Eskilstuna;15772;Kaplansgården;0;0;0;0;0;15;8;0;6;0;33;0;27;0;26;26;36;0;0;177
04;Södermanlands län;84;Eskilstuna;15814;Torshälla bibliotek Kvarnen;39;79;34;53;0;111;70;52;77;73;111;0;210;126;118;196;141;153;0;1643
04;Södermanlands län;84;Eskilstuna;6126;Hällbyanstalten;0;3;0;0;0;0;20;0;26;0;0;0;0;2;4;0;0;0;0;55
04;Södermanlands län;84;Eskilstuna;8273;Värjan;169;147;120;77;69;146;138;171;113;150;92;169;221;273;327;386;705;657;655;4785
04;Södermanlands län;84;Eskilstuna;8275;Stadsbiblioteket;259;317;326;216;0;368;359;345;335;344;342;0;567;640;799;805;862;644;0;7528
04;Södermanlands län;84;Eskilstuna;8276;Mötesplats Nyfors;35;44;0;40;0;53;38;52;27;0;0;0;62;76;62;66;0;0;0;555
04;Södermanlands län;84;Eskilstuna;8277;Mälardalens Högskola;0;0;0;0;0;8;7;22;17;10;0;0;35;26;56;78;0;0;0;259
04;Södermanlands län;84;Eskilstuna;8281;Torshälla Direkt;78;54;81;0;0;57;52;62;53;55;0;0;85;84;123;133;220;156;0;1293
04;Södermanlands län;84;Eskilstuna;8283;Årby bibliotek;46;35;0;0;0;53;24;20;33;0;0;0;44;45;29;85;0;0;0;414
04;Södermanlands län;84;Eskilstuna;8284;Mötesplats Kjula Tallgläntan;12;21;16;0;0;37;0;23;45;21;0;0;32;0;27;56;54;0;0;344
04;Södermanlands län;84;Eskilstuna;8712;Oxen;13;41;35;0;0;29;33;24;24;23;0;0;17;23;54;47;61;0;0;424
04;Södermanlands län;84;Eskilstuna;8713;Mötesplats Skiftinge Palatzet;29;18;0;0;0;42;49;25;37;0;47;0;58;57;101;90;0;0;0;553
04;Södermanlands län;84;Eskilstuna;8715;Tegelviken skola;0;17;0;0;0;15;9;13;8;0;0;0;59;43;32;46;0;0;0;242
04;Södermanlands län;84;Eskilstuna;8716;Stora Sundby GoIF, Hammargärdet;0;10;0;0;0;53;36;0;25;0;0;0;80;12;0;38;0;0;0;254
04;Södermanlands län;84;Eskilstuna;8717;Ärla IF, Åsborgen;24;17;6;0;0;8;57;42;28;5;0;0;22;75;82;84;0;0;0;450
04;Södermanlands län;86;Strängnäs;13621;Campus Thomasgymnasiet;0;0;0;0;0;0;0;0;0;3;0;0;0;0;0;8;4;0;0;15
04;Södermanlands län;86;Strängnäs;13694;Europaskolan;0;0;0;0;0;0;0;0;2;2;0;0;0;0;0;1;2;0;0;7
04;Södermanlands län;86;Strängnäs;6132;Kristinagården;0;0;0;0;0;0;0;0;0;0;0;21;0;0;0;0;0;0;0;21
04;Södermanlands län;86;Strängnäs;6133;Isabellagården, sjukhem;0;0;0;0;0;0;0;0;0;0;0;27;0;0;0;0;0;0;0;27
04;Södermanlands län;86;Strängnäs;6134;Mariagården;0;0;0;0;0;0;0;0;0;0;0;11;0;0;0;0;0;0;0;11
04;Södermanlands län;86;Strängnäs;6135;Thomasgården;0;0;0;0;0;0;0;0;0;0;0;10;0;0;0;0;0;0;0;10
04;Södermanlands län;86;Strängnäs;6136;Sictoniagården;0;0;0;0;0;0;0;0;0;0;0;14;0;0;0;0;0;0;0;14
04;Södermanlands län;86;Strängnäs;6137;Riagården;0;0;0;0;0;0;0;0;0;0;0;15;0;0;0;0;0;0;0;15
04;Södermanlands län;86;Strängnäs;6138;Mariefredsanstalten;0;0;0;0;0;0;0;0;0;0;0;36;0;0;0;0;0;0;0;36
04;Södermanlands län;86;Strängnäs;6140;Hammargården/Nypongården;0;0;0;0;0;0;0;0;0;0;0;31;0;0;0;0;0;0;0;31
04;Södermanlands län;86;Strängnäs;8695;Medborgarkontoret Stallarholmen;20;30;37;41;0;45;54;46;68;61;26;0;86;95;96;127;110;88;0;1030
04;Södermanlands län;86;Strängnäs;8696;Medborgarkontoret Mariefred;45;65;55;27;0;69;95;96;89;76;76;0;140;170;214;203;187;141;0;1748
04;Södermanlands län;86;Strängnäs;8697;Medborgarkontoret Åker;22;23;14;13;0;66;33;23;50;27;27;0;82;48;111;111;70;55;0;775
04;Södermanlands län;86;Strängnäs;8698;Kommunhuset;226;289;218;95;103;289;273;287;328;259;152;224;432;483;570;666;673;402;151;6120
04;Södermanlands län;88;Trosa;13999;Ängsgården;0;0;0;0;0;5;0;0;0;0;0;0;0;0;0;0;0;0;0;5
04;Södermanlands län;88;Trosa;14235;Kommunhuset;0;0;0;0;0;0;0;0;0;0;0;0;0;0;0;0;0;0;102;102
04;Södermanlands län;88;Trosa;15724;Västerljungs bibliotek, Bibblan Birk;0;4;0;0;0;0;0;0;21;0;0;0;0;0;0;29;0;0;0;54
04;Södermanlands län;88;Trosa;6141;Trosagården;0;0;0;0;0;0;37;0;0;0;0;0;0;0;0;0;0;0;0;37
04;Södermanlands län;88;Trosa;6143;Häradsgården;0;0;0;0;0;0;0;0;25;0;0;0;0;0;0;0;0;0;0;25
04;Södermanlands län;88;Trosa;9688;Trosa stadsbibliotek;128;159;162;106;0;153;148;153;138;150;117;76;191;259;221;323;403;273;0;3160
04;Södermanlands län;88;Trosa;9689;Vagnhärads bibliotek;109;57;50;0;38;42;68;92;60;64;54;0;97;104;209;87;164;178;0;1473
05;Östergötlands län;09;Ödeshög;14352;Ödeshögs bibliotek;37;37;53;29;0;77;84;70;107;86;50;0;146;155;134;163;115;115;44;1502
05;Östergötlands län;12;Ydre;6146;Solängen Österbymo;0;0;0;0;0;0;0;0;0;0;0;52;0;0;0;0;0;0;0;52
05;Östergötlands län;12;Ydre;9427;Kommunkontoret i Österbymo;14;27;37;11;3;29;37;28;60;52;17;0;48;75;61;91;120;30;28;768
05;Östergötlands län;13;Kinda;12609;Biblioteket, Horn;0;0;0;27;0;0;86;0;0;0;0;0;0;151;0;0;0;47;0;311
05;Östergötlands län;13;Kinda;8633;Biblioteket, Rimforsa;53;0;0;42;0;96;0;103;0;0;0;0;185;0;235;0;0;135;0;849
05;Östergötlands län;13;Kinda;8634;Medborgarkontoret;34;67;62;13;6;58;61;134;77;127;37;32;132;110;161;268;233;104;38;1754
05;Östergötlands län;60;Boxholm;6152;Trivselhuset Bjursdalen;0;0;0;0;0;0;0;0;0;0;0;42;0;0;0;0;0;0;0;42
05;Östergötlands län;60;Boxholm;9417;Biblioteket;31;65;57;19;9;95;95;62;108;88;42;22;153;179;92;227;139;94;66;1643
05;Östergötlands län;61;Åtvidaberg;15095;Åtvidabergs bibliotek;61;118;122;51;60;147;136;197;153;210;88;129;256;331;353;353;399;232;30;3426
05;Östergötlands län;61;Åtvidaberg;6153;Östergården, Rosengården, Björkbacke;0;0;0;0;0;0;0;0;0;0;0;33;0;0;0;0;0;0;0;33
05;Östergötlands län;61;Åtvidaberg;6155;Koppargården;0;0;0;0;0;0;0;0;0;0;0;32;0;0;0;0;0;0;0;32
05;Östergötlands län;62;Finspång;10098;Hällestadgården;0;0;0;0;0;0;0;0;0;0;0;0;147;32;77;28;27;39;0;350
05;Östergötlands län;62;Finspång;14036;Medley Arena Grosvad;82;130;97;72;97;174;188;158;246;193;82;141;271;362;376;358;442;222;0;3691
05;Östergötlands län;62;Finspång;9752;Berggården;0;0;0;0;0;0;0;0;0;0;0;0;76;43;67;43;44;0;0;273
05;Östergötlands län;62;Finspång;9753;Kommunhuset;60;59;80;0;0;111;108;107;102;87;0;0;124;129;130;116;176;0;99;1488
05;Östergötlands län;63;Valdemarsvik;10289;Långrådna Bygdegård;0;0;0;0;0;0;0;0;0;0;0;0;0;0;0;0;0;0;76;76
05;Östergötlands län;63;Valdemarsvik;10715;Kommunhuset Strömsvik;35;63;65;0;46;88;99;111;169;66;39;0;103;247;138;232;138;100;81;1820
05;Östergötlands län;63;Valdemarsvik;15475;Gusums Folket Hus;17;18;6;13;0;28;48;29;28;27;0;24;38;20;56;32;34;0;0;418
05;Östergötlands län;63;Valdemarsvik;15478;Ringarums skola biblioteket;0;0;16;0;0;10;28;6;10;0;0;0;14;47;12;26;25;0;0;194
05;Östergötlands län;80;Linköping;14085;Linköpings Universitet;0;0;0;0;0;0;0;0;0;0;0;0;177;271;346;395;458;0;0;1647
05;Östergötlands län;80;Linköping;14086;Bokbussen;5;11;3;0;0;4;1;22;15;3;0;0;19;13;14;28;9;0;0;147
05;Östergötlands län;80;Linköping;14193;Åleryds vårdboende;0;0;25;0;0;0;0;0;0;0;0;0;0;0;0;0;0;0;0;25
05;Östergötlands län;80;Linköping;14808;Aspens servicehus;0;0;0;0;0;0;0;14;0;0;0;0;0;0;0;0;0;0;0;14
05;Östergötlands län;80;Linköping;14810;Kärna vårdby;0;0;0;0;0;0;0;7;0;0;0;0;0;0;0;0;0;0;0;7
05;Östergötlands län;80;Linköping;15747;Konsert & Kongress;77;88;86;0;0;108;139;123;112;92;0;0;187;233;253;279;380;0;0;2157
05;Östergötlands län;80;Linköping;15748;Sagateatern;145;136;121;67;41;133;140;138;131;113;120;155;272;296;335;459;572;547;85;4006
05;Östergötlands län;80;Linköping;15749;Ung Puls Ryd;52;42;28;26;41;34;51;55;47;46;45;61;108;142;146;255;310;325;0;1814
05;Östergötlands län;80;Linköping;15750;Medborgarkontoret Skäggetorp;65;95;77;37;50;104;112;112;123;115;89;127;202;190;222;280;362;347;0;2709
05;Östergötlands län;80;Linköping;15752;Mariagården Johannelund;56;70;0;0;0;95;117;74;91;0;0;0;208;200;240;291;269;0;0;1711
05;Östergötlands län;80;Linköping;15899;Universitetssjukhuset (inst.röstn);0;0;3;0;0;0;0;15;0;59;0;0;0;0;39;16;28;9;3;172
05;Östergötlands län;80;Linköping;15900;Linghems grannskapshus;0;0;0;0;0;0;0;9;0;0;0;0;0;0;0;0;0;0;0;9
05;Östergötlands län;80;Linköping;6169;Hagalunds Vårdboende;0;20;0;0;0;0;0;0;0;0;0;0;0;0;0;0;0;0;0;20
05;Östergötlands län;80;Linköping;6172;Universitetssjukhuset;0;0;0;0;0;59;79;117;113;166;0;0;0;0;0;0;0;0;0;534
05;Östergötlands län;80;Linköping;8640;Huvudbiblioteket;308;355;273;312;237;405;298;388;440;611;319;655;887;1076;1226;1331;1512;1002;667;12302
05;Östergötlands län;80;Linköping;8641;Kyrkans hus Vikingstad;0;40;26;0;0;35;36;27;67;36;0;0;99;106;122;140;105;0;0;839
05;Östergötlands län;80;Linköping;8643;Lambohovs bibliotek;92;0;108;0;0;114;125;113;0;149;0;0;247;213;286;0;467;313;0;2227
05;Östergötlands län;80;Linköping;8646;Linghems bibliotek;48;0;36;0;0;52;74;100;0;66;0;0;149;201;224;0;164;0;0;1114
05;Östergötlands län;80;Linköping;8648;Ljungsbro bibliotek;84;0;54;0;0;124;123;141;0;102;0;0;225;231;292;0;224;0;0;1600
05;Östergötlands län;80;Linköping;8649;Malmslätts bibliotek;64;0;89;0;0;112;92;112;0;150;0;0;174;214;247;0;250;0;0;1504
05;Östergötlands län;80;Linköping;8653;Sturefors bibliotek;22;0;15;0;0;33;0;25;0;35;0;0;44;0;80;0;89;0;0;343
05;Östergötlands län;80;Linköping;8655;Berga församlingsgård;103;89;85;76;0;129;124;154;144;123;137;0;280;298;284;362;384;416;0;3188
05;Östergötlands län;80;Linköping;8658;Ekholmens bibliotek;182;180;165;0;0;279;291;232;249;212;0;0;400;392;369;473;459;476;0;4359
05;Östergötlands län;81;Norrköping;13540;Linden Köpcentrum;123;142;137;120;114;173;199;182;198;210;227;202;284;396;411;466;634;606;0;4824
05;Östergötlands län;81;Norrköping;14335;Hageby bibliotek;201;195;203;131;139;197;253;232;221;227;189;223;294;358;458;438;579;474;0;5012
05;Östergötlands län;81;Norrköping;6178;Häktet Norrköping;0;0;0;0;0;29;0;0;0;0;0;0;0;0;0;0;0;0;0;29
05;Östergötlands län;81;Norrköping;6187;Kriminalvårdsanstalten Skenäs;0;0;0;0;0;0;0;13;0;0;0;0;0;0;0;0;0;0;0;13
05;Östergötlands län;81;Norrköping;9076;Förvaltningshuset Rosen;67;73;51;0;0;112;75;78;124;148;0;0;143;150;241;201;272;10;170;1915
05;Östergötlands län;81;Norrköping;9080;Arbetets Museum, Strykjärnet;74;74;56;60;79;54;85;61;71;46;129;151;134;151;197;346;301;325;0;2394
05;Östergötlands län;81;Norrköping;9081;Stadsbiblioteket;299;322;242;159;0;343;313;341;279;268;203;197;588;645;660;756;730;442;568;7355
05;Östergötlands län;81;Norrköping;9082;Eneby bibliotek;100;180;103;0;0;127;281;115;164;152;0;0;192;410;338;419;433;0;0;3014
05;Östergötlands län;81;Norrköping;9083;Mirum Galleria övre plan;220;250;218;137;172;185;208;218;257;222;220;256;301;327;371;442;619;789;14;5426
05;Östergötlands län;81;Norrköping;9084;City Gross;120;181;229;181;167;201;235;234;243;235;355;376;295;396;510;626;787;828;0;6199
05;Östergötlands län;81;Norrköping;9087;Åbyknuten;61;106;139;0;0;115;110;109;123;120;0;0;160;189;227;253;331;0;0;2043
05;Östergötlands län;81;Norrköping;9088;Träffpunkt Valhalla;63;56;79;0;0;60;60;51;77;51;0;0;97;148;112;177;190;0;0;1221
05;Östergötlands län;81;Norrköping;9089;Östra Husby bibliotek;12;24;21;0;0;27;95;43;33;48;0;0;50;138;93;137;147;0;0;868
05;Östergötlands län;81;Norrköping;9090;Skärblacka bibliotek;79;111;41;0;0;110;119;105;119;89;0;0;169;180;191;305;295;0;0;1913
05;Östergötlands län;81;Norrköping;9769;Anstalten Kolmården;0;0;0;0;0;0;0;40;0;0;0;0;0;0;0;0;0;0;0;40
05;Östergötlands län;82;Söderköping;11905;Infokontoret Stinsen;154;162;146;57;59;193;182;227;226;179;107;68;330;391;395;454;487;369;0;4186
05;Östergötlands län;82;Söderköping;12522;Kommunhuset;0;0;0;0;0;0;0;0;0;0;0;0;0;0;0;0;0;0;40;40
05;Östergötlands län;82;Söderköping;14023;Mogata bibliotek;0;0;0;0;0;0;0;21;0;0;0;0;0;0;39;0;0;0;0;60
05;Östergötlands län;82;Söderköping;14029;Östra Ryd bibliotek;0;0;0;0;0;0;35;0;0;0;0;0;0;51;0;0;0;0;0;86
05;Östergötlands län;82;Söderköping;6197;Aspgården;0;0;0;0;0;0;0;0;0;0;0;8;0;0;0;0;0;0;0;8
05;Östergötlands län;82;Söderköping;6198;Birkagården;0;0;0;0;0;0;0;0;0;0;11;0;0;0;0;0;0;0;0;11
05;Östergötlands län;82;Söderköping;6199;Blå Porten;0;0;0;0;0;0;0;0;0;0;23;0;0;0;0;0;0;0;0;23
05;Östergötlands län;82;Söderköping;6200;Tallgården och Gläntan;0;0;0;0;0;0;0;0;0;0;13;0;0;0;0;0;0;0;0;13
05;Östergötlands län;82;Söderköping;6201;Dalgården;0;0;0;0;0;0;0;0;0;0;14;0;0;0;0;0;0;0;0;14
05;Östergötlands län;83;Motala;10555;Maxi-huset Bråstorp;0;0;0;0;0;271;216;182;221;217;0;0;387;415;378;445;546;0;0;3278
05;Östergötlands län;83;Motala;15158;ICA Nära Fornåsa;11;29;28;0;0;16;24;21;20;23;0;0;40;28;50;54;52;0;0;396
05;Östergötlands län;83;Motala;15160;Väster;0;0;0;0;0;0;0;0;0;0;0;0;56;36;0;0;0;0;0;92
05;Östergötlands län;83;Motala;15161;Charlottenborg;0;0;0;0;0;0;0;0;0;0;0;0;77;44;0;0;0;0;0;121
05;Östergötlands län;83;Motala;15201;Husbygården;0;0;0;0;0;0;0;0;0;0;0;14;0;0;0;0;0;0;0;14
05;Östergötlands län;83;Motala;15442;Vileborg;0;0;0;0;0;0;0;0;0;0;0;18;0;0;0;0;0;0;0;18
05;Östergötlands län;83;Motala;15443;Björkbladet;0;0;0;0;0;0;0;0;0;0;0;19;0;0;0;0;0;0;0;19
05;Östergötlands län;83;Motala;15444;Skogsgården;0;0;0;0;0;0;0;0;0;0;0;11;0;0;0;0;0;0;0;11
05;Östergötlands län;83;Motala;15445;Strömsborg;0;0;0;0;0;0;0;0;0;0;0;51;0;0;0;0;0;0;0;51
05;Östergötlands län;83;Motala;15446;Strandvägens Äldreboende;0;0;0;0;0;0;0;0;0;0;0;42;0;0;0;0;0;0;0;42
05;Östergötlands län;83;Motala;15447;Björktrasten;0;0;0;0;0;0;0;0;0;0;0;15;0;0;0;0;0;0;0;15
05;Östergötlands län;83;Motala;15455;Samuelsbergshemmet;0;0;0;0;0;0;0;0;0;0;0;11;0;0;0;0;0;0;0;11
05;Östergötlands län;83;Motala;15457;Trygghetsboendet Väster;0;0;0;0;0;0;0;0;0;0;0;18;0;0;0;0;0;0;0;18
05;Östergötlands län;83;Motala;15458;Dagcentralen G:a Stan;0;0;0;0;0;0;0;0;0;0;0;126;0;0;0;0;0;0;0;126
05;Östergötlands län;83;Motala;15459;Solbacken;0;0;0;0;0;0;0;0;0;0;0;42;0;0;0;0;0;0;0;42
05;Östergötlands län;83;Motala;15460;Trygghetsboende Ekön;0;0;0;0;0;0;0;0;0;0;0;18;0;0;0;0;0;0;0;18
05;Östergötlands län;83;Motala;15461;Åkervallen;0;0;0;0;0;0;0;0;0;0;0;10;0;0;0;0;0;0;0;10
05;Östergötlands län;83;Motala;15506;Trygghetsboendet Munken;0;0;0;0;0;0;0;0;0;0;0;17;0;0;0;0;0;0;0;17
05;Östergötlands län;83;Motala;8016;Motala Bibliotek;0;0;0;261;0;333;244;274;205;248;236;0;352;353;411;500;624;541;0;4582
05;Östergötlands län;83;Motala;8017;Borensbergs Bibliotek;0;0;0;0;0;170;81;0;154;70;0;0;164;107;0;241;149;0;0;1136
05;Östergötlands län;83;Motala;8018;Kommunhuset;49;97;94;0;99;85;72;67;55;78;0;157;83;110;83;148;136;0;0;1413
05;Östergötlands län;83;Motala;8020;Tjällmo Handel;4;15;11;0;0;22;12;21;25;28;0;0;21;25;24;29;39;0;0;276
05;Östergötlands län;84;Vadstena;13037;Kommunhuset;37;56;41;0;0;69;72;51;74;65;0;0;103;140;132;104;151;0;22;1117
05;Östergötlands län;84;Vadstena;13839;Våga Gård;0;0;0;0;0;0;0;11;0;0;0;0;0;0;60;0;0;0;0;71
05;Östergötlands län;84;Vadstena;15368;Vätterngården;0;0;0;0;0;0;0;0;23;0;0;0;0;0;0;0;0;0;0;23
05;Östergötlands län;84;Vadstena;6211;Rättspsykiatriska enheten;0;0;0;0;0;0;0;0;0;20;0;0;0;0;0;0;0;0;0;20
05;Östergötlands län;84;Vadstena;6213;Wasagården;0;0;0;0;0;0;0;0;0;0;0;0;40;0;0;0;0;0;0;40
05;Östergötlands län;84;Vadstena;8582;Biblioteket i Vadstena;0;0;0;93;64;0;0;0;193;0;116;142;0;0;0;316;0;220;0;1144
05;Östergötlands län;86;Mjölby;10373;Kolonigatans vårdboende;0;0;0;0;0;0;0;0;0;0;0;0;0;4;0;0;24;0;0;28
05;Östergötlands län;86;Mjölby;15366;Folkungasalen;0;31;0;0;0;42;0;0;12;0;0;0;56;35;16;28;0;0;0;220
05;Östergötlands län;86;Mjölby;6214;Dackes korttidsboende;0;0;0;0;0;0;0;0;0;0;0;0;2;0;0;0;0;0;0;2
05;Östergötlands län;86;Mjölby;6215;Slomarps demensboende;0;0;0;0;0;0;0;0;0;0;0;0;31;0;0;0;0;0;0;31
05;Östergötlands län;86;Mjölby;6217;Bokens äldreboende;0;0;0;0;0;0;0;0;0;0;0;0;0;0;0;32;0;0;0;32
05;Östergötlands län;86;Mjölby;6218;Vifolkagårdens vårdboende;0;0;0;0;0;0;0;0;0;0;0;0;0;0;0;16;0;0;0;16
05;Östergötlands län;86;Mjölby;6219;Änggårdens vårdboende;0;0;0;0;0;0;0;0;0;0;0;0;0;11;0;17;15;0;0;43
05;Östergötlands län;86;Mjölby;6220;Kriminalvårdsanstalten;0;0;0;0;0;0;0;0;0;0;0;0;0;0;140;0;0;0;0;140
05;Östergötlands län;86;Mjölby;6221;Folkungagårdens äldreboende;0;0;0;0;0;0;0;0;0;0;0;0;7;0;0;0;0;0;0;7
05;Östergötlands län;86;Mjölby;9581;Skänninge Bibliotek;22;72;43;0;0;79;65;31;121;41;0;0;109;90;66;189;81;0;0;1009
05;Östergötlands län;86;Mjölby;9587;Stadshuset i Mjölby;56;166;172;0;0;214;193;184;150;209;0;0;394;344;410;449;474;240;137;3792
05;Östergötlands län;86;Mjölby;9598;Gulf Mantorp;42;44;34;29;45;63;72;65;85;64;75;126;98;130;155;228;249;0;0;1604
06;Jönköpings län;04;Aneby;15489;Torghuset, fd Apotekslokalen;45;71;67;33;27;94;78;104;104;88;52;64;182;152;219;231;306;181;144;2242
06;Jönköpings län;17;Gnosjö;13422;Nissafors skola;0;0;0;0;0;0;0;0;0;0;0;0;0;0;0;0;0;0;130;130
06;Jönköpings län;17;Gnosjö;6222;Rosendals servicehus;0;0;0;0;0;0;0;0;0;0;0;27;0;0;0;0;0;0;0;27
06;Jönköpings län;17;Gnosjö;6223;Bäckgårdens vårdbostäder;0;0;0;0;0;0;0;0;0;0;0;0;0;0;0;0;0;0;0;0
06;Jönköpings län;17;Gnosjö;6224;Hamngårdens Vårdbostäder;0;0;0;0;0;0;0;0;0;0;0;6;0;0;0;0;0;0;0;6
06;Jönköpings län;17;Gnosjö;7913;Eivinds Allbutik;24;21;16;18;9;16;44;23;24;55;15;18;58;76;72;89;130;87;84;879
06;Jönköpings län;17;Gnosjö;8899;Gnosjö Bibliotek;47;63;51;17;0;85;84;56;80;80;66;0;146;153;179;196;265;158;0;1726
06;Jönköpings län;42;Mullsjö;10283;Kommunhuset, Ingång Röd;31;52;32;19;35;60;53;71;87;80;18;52;151;159;194;200;203;163;0;1660
06;Jönköpings län;42;Mullsjö;14089;Björkgården;0;0;0;0;0;0;9;0;0;0;0;0;0;0;0;0;0;0;0;9
06;Jönköpings län;42;Mullsjö;14155;Gunnarsbohallen;0;0;0;0;0;0;0;0;0;0;0;0;0;0;0;0;0;0;32;32
06;Jönköpings län;42;Mullsjö;6225;Servicehuset Margaretas Park;0;0;0;0;0;0;73;0;0;0;0;0;0;90;0;0;0;0;0;163
06;Jönköpings län;42;Mullsjö;9118;Träffpunkten;13;0;0;0;0;0;0;49;0;0;0;0;0;0;79;0;0;0;0;141
06;Jönköpings län;43;Habo;13669;Brandstorps församlingshem;0;0;0;0;0;0;0;0;0;0;0;0;0;0;0;0;0;0;69;69
06;Jönköpings län;43;Habo;13670;Furusjö Allianskyrka;0;0;0;0;0;0;0;0;0;0;0;0;0;0;0;0;0;0;109;109
06;Jönköpings län;43;Habo;9630;Habo bibliotek;91;134;72;53;67;132;116;125;158;114;113;105;191;185;223;431;242;292;81;2925
06;Jönköpings län;62;Gislaved;12682;Gislaveds gymnasium;0;0;0;0;0;3;0;0;16;0;0;0;0;0;0;0;0;0;0;19
06;Jönköpings län;62;Gislaved;13397;Gislows dagcentral;0;0;0;0;0;0;0;27;0;0;0;0;0;0;0;0;0;0;0;27
06;Jönköpings län;62;Gislaved;13426;Anderstorps Bibliotek;22;47;22;13;0;53;68;60;57;87;24;0;149;136;160;185;242;62;0;1387
06;Jönköpings län;62;Gislaved;15179;Kommunhuset;45;81;68;36;23;109;120;124;118;140;65;59;173;183;254;278;398;191;115;2580
06;Jönköpings län;62;Gislaved;6228;Hestragården;0;0;0;0;0;12;0;0;0;0;0;0;0;0;0;0;0;0;0;12
06;Jönköpings län;62;Gislaved;6231;Vitsippan;0;0;0;0;0;30;0;0;0;0;0;0;0;0;0;0;0;0;0;30
06;Jönköpings län;62;Gislaved;6233;Klockaregården;0;0;0;0;0;0;22;0;0;0;0;0;0;0;0;0;0;0;0;22
06;Jönköpings län;62;Gislaved;6234;Solbacka;0;0;0;0;0;0;0;22;0;0;0;0;0;0;0;0;0;0;0;22
06;Jönköpings län;62;Gislaved;6235;Lugnet;0;0;0;0;0;0;0;0;8;0;0;0;0;0;0;0;0;0;0;8
06;Jönköpings län;62;Gislaved;6236;Ekbacken;0;0;0;0;0;0;0;0;24;0;0;0;0;0;0;0;0;0;0;24
06;Jönköpings län;62;Gislaved;6238;Mariagården;0;0;0;0;0;0;0;0;0;17;0;0;0;0;0;0;0;0;0;17
06;Jönköpings län;62;Gislaved;9426;AB Hestra Radio & Sport (Preem);20;11;12;5;0;13;34;27;29;30;6;0;44;55;43;82;98;35;0;544
06;Jönköpings län;62;Gislaved;9430;Torghuset Smålandsstenar;57;57;52;11;0;79;67;82;81;83;28;0;139;174;187;231;284;103;0;1715
06;Jönköpings län;62;Gislaved;9431;Burseryds Lantmän;13;17;14;16;0;21;11;22;21;25;16;0;51;56;67;53;84;30;0;517
06;Jönköpings län;62;Gislaved;9432;Reftele Lantmän;17;10;27;13;0;25;33;49;49;32;22;0;62;80;71;83;104;42;0;719
06;Jönköpings län;65;Vaggeryd;8563;Vaggeryds bibliotek, Fenix;49;59;43;0;36;80;82;69;75;73;0;68;137;177;181;213;189;45;0;1576
06;Jönköpings län;65;Vaggeryd;8564;Biblioteket, Skillingehus;61;64;61;19;0;62;95;84;72;80;38;0;106;144;146;172;299;115;0;1618
06;Jönköpings län;65;Vaggeryd;9433;Särskild röstmottagning i Bondstorp;0;0;0;0;0;0;0;0;0;0;0;0;0;0;0;0;0;0;240;240
06;Jönköpings län;65;Vaggeryd;9434;Särskild röstmottagning i Tofteryd;0;0;0;0;0;0;0;0;0;0;0;0;0;0;0;0;0;0;187;187
06;Jönköpings län;65;Vaggeryd;9435;Särskild röstmottagning i Åker;0;0;0;0;0;0;0;0;0;0;0;0;0;0;0;0;0;0;132;132
06;Jönköpings län;65;Vaggeryd;9438;Särskild röstmottagning i Hagshult;0;0;0;0;0;0;0;0;0;0;0;0;0;0;0;0;0;0;122;122
06;Jönköpings län;80;Jönköping;10343;Solstickegatans äldreboende;0;0;0;0;0;0;0;0;0;0;0;37;0;0;0;0;0;0;0;37
06;Jönköpings län;80;Jönköping;12722;Länssjukhuset Ryhov;18;28;23;0;0;32;44;46;49;51;0;0;79;97;114;137;196;0;0;914
06;Jönköpings län;80;Jönköping;13187;Tornets äldreboende;0;0;0;0;0;0;0;0;0;0;0;15;0;0;0;0;0;0;0;15
06;Jönköpings län;80;Jönköping;13188;Solgårdens äldreboende;0;0;0;0;0;0;0;0;0;0;0;18;0;0;0;0;0;0;0;18
06;Jönköpings län;80;Jönköping;13746;A6 köpcenter;86;100;151;148;147;201;215;234;192;234;287;347;435;434;534;669;1018;795;0;6227
06;Jönköpings län;80;Jönköping;13761;Idas Skola;74;78;0;0;0;91;110;150;88;0;0;0;254;272;349;370;0;0;0;1836
06;Jönköpings län;80;Jönköping;14476;Högskolan;0;0;0;0;0;0;0;0;0;0;0;0;60;107;222;228;349;0;0;966
06;Jönköpings län;80;Jönköping;14773;Bruksgatans äldreboende;0;0;0;0;0;0;0;0;0;0;0;22;0;0;0;0;0;0;0;22
06;Jönköpings län;80;Jönköping;14989;Rådhuset;0;0;0;0;0;0;0;18;0;0;0;0;0;13;0;0;44;0;362;437
06;Jönköpings län;80;Jönköping;15740;Union seniorboende;0;0;0;0;0;0;0;0;0;0;0;47;0;0;0;0;0;0;0;47
06;Jönköpings län;80;Jönköping;6242;Annero äldreboende;8;0;0;0;0;0;0;0;0;0;0;0;0;0;0;0;0;0;0;8
06;Jönköpings län;80;Jönköping;6244;Vilhelmsro äldreboende;0;0;0;0;0;0;0;0;0;0;0;17;0;0;0;0;0;0;0;17
06;Jönköpings län;80;Jönköping;6245;Stattutgatans äldreboende;0;0;0;0;0;0;0;0;0;0;0;31;0;0;0;0;0;0;0;31
06;Jönköpings län;80;Jönköping;6246;Dundrets äldreboende;0;0;0;0;0;0;0;0;0;0;0;29;0;0;0;0;0;0;0;29
06;Jönköpings län;80;Jönköping;6247;Ekåsens seniorboende;0;0;0;0;0;0;0;0;0;0;0;19;0;0;0;0;0;0;0;19
06;Jönköpings län;80;Jönköping;6248;Fridhälls äldreboende;0;0;0;0;0;0;0;0;0;0;0;18;0;0;0;0;0;0;0;18
06;Jönköpings län;80;Jönköping;6249;Gjutarens äldreboende;0;0;0;0;0;0;0;0;0;0;0;29;0;0;0;0;0;0;0;29
06;Jönköpings län;80;Jönköping;6250;Gränna äldreboende;0;0;0;0;0;0;0;0;0;0;0;23;0;0;0;0;0;0;0;23
06;Jönköpings län;80;Jönköping;6251;Hammargårdens äldreboende;0;0;0;0;0;0;0;0;0;0;0;8;0;0;0;0;0;0;0;8
06;Jönköpings län;80;Jönköping;6252;Havsörnens äldreboende;0;0;0;0;0;0;0;0;0;0;0;16;0;0;0;0;0;0;0;16
06;Jönköpings län;80;Jönköping;6254;Junegårdens äldreboende;0;0;0;0;0;0;0;0;0;0;0;30;0;0;0;0;0;0;0;30
06;Jönköpings län;80;Jönköping;6255;Kavlagårdens äldreboende;0;0;0;0;0;0;0;0;0;0;0;16;0;0;0;0;0;0;0;16
06;Jönköpings län;80;Jönköping;6256;Kristinedals äldreboende;0;0;0;0;0;0;0;0;0;0;0;24;0;0;0;0;0;0;0;24
06;Jönköpings län;80;Jönköping;6257;Kärrhökens äldreboende;0;0;0;0;0;0;0;0;0;0;0;31;0;0;0;0;0;0;0;31
06;Jönköpings län;80;Jönköping;6258;Kålgårdens servicehus;0;0;0;0;0;0;0;0;0;0;0;26;0;0;0;0;0;0;0;26
06;Jönköpings län;80;Jönköping;6259;Lindgården;0;0;0;0;0;0;0;0;0;0;0;0;68;0;0;0;0;0;0;68
06;Jönköpings län;80;Jönköping;6260;Lärlingens äldreboende;0;0;0;0;0;0;0;0;0;0;0;24;0;0;0;0;0;0;0;24
06;Jönköpings län;80;Jönköping;6261;Mogården;0;0;0;0;0;0;0;0;0;0;0;19;0;0;0;0;0;0;0;19
06;Jönköpings län;80;Jönköping;6262;Rosendala äldreboende;0;0;0;0;0;0;0;0;0;0;0;41;0;0;0;0;0;0;0;41
06;Jönköpings län;80;Jönköping;6263;Rosengårdens äldreboende;0;0;0;0;0;0;0;0;0;0;0;32;0;0;0;0;0;0;0;32
06;Jönköpings län;80;Jönköping;6264;Skärstadals äldreboende;0;0;0;0;0;0;0;0;0;0;0;27;0;0;0;0;0;0;0;27
06;Jönköpings län;80;Jönköping;6265;Smedjegården;0;0;0;0;0;0;0;0;0;0;0;27;0;0;0;0;0;0;0;27
06;Jönköpings län;80;Jönköping;6266;Torpa seniorboende;0;0;0;0;0;0;0;0;0;0;0;49;0;0;0;0;0;0;0;49
06;Jönköpings län;80;Jönköping;6267;Trädgårdens äldreboende;0;0;0;0;0;0;0;0;0;0;0;25;0;0;0;0;0;0;0;25
06;Jönköpings län;80;Jönköping;6269;Västerhälls äldreboende;0;0;0;0;0;0;0;0;0;0;0;10;0;0;0;0;0;0;0;10
06;Jönköpings län;80;Jönköping;6271;Österängens äldreboende;0;0;0;0;0;0;0;0;0;0;0;8;0;0;0;0;0;0;0;8
06;Jönköpings län;80;Jönköping;6272;Öxnebacka äldreboende;0;0;0;0;0;0;0;0;0;0;0;24;0;0;0;0;0;0;0;24
06;Jönköpings län;80;Jönköping;9142;Stadsbiblioteket;216;254;221;151;143;248;256;265;257;285;287;329;527;550;613;690;2863;694;177;9026
06;Jönköpings län;80;Jönköping;9143;Juneporten;141;150;126;0;0;174;167;130;149;0;0;266;325;0;343;418;499;0;0;2888
06;Jönköpings län;80;Jönköping;9145;Biblioteket Huskvarna;155;199;223;0;0;306;216;309;287;269;214;0;528;363;646;553;708;445;0;5421
06;Jönköpings län;80;Jönköping;9147;Biblioteket Bankeryd;34;70;64;0;0;110;75;83;90;102;60;0;192;214;0;219;207;155;0;1675
06;Jönköpings län;80;Jönköping;9149;Bottnaryds skola;0;14;0;0;0;0;36;0;30;0;0;0;0;66;0;56;0;0;0;202
06;Jönköpings län;80;Jönköping;9151;Biblioteket Gränna;40;42;39;0;0;76;61;73;65;73;28;0;125;149;149;187;142;116;0;1365
06;Jönköpings län;80;Jönköping;9152;Landsjöskolans huvudentré;8;0;0;0;0;9;0;8;0;0;0;36;0;0;62;0;0;0;0;123
06;Jönköpings län;80;Jönköping;9156;Lekerydsskolan;6;0;0;0;0;26;0;15;0;0;0;0;44;0;64;0;55;0;0;210
06;Jönköpings län;80;Jönköping;9163;Biblioteket Norrahammar;0;65;33;0;0;0;79;0;95;41;0;0;0;190;0;187;53;0;0;743
06;Jönköpings län;80;Jönköping;9164;Biblioteket Råslätt;59;82;58;0;0;102;81;100;127;50;61;0;137;197;188;223;142;0;0;1607
06;Jönköpings län;80;Jönköping;9165;Biblioteket Taberg;57;0;25;0;0;71;0;168;0;54;0;0;108;0;258;0;103;0;0;844
06;Jönköpings län;80;Jönköping;9166;Biblioteket Tenhult;25;0;32;0;0;0;63;90;0;36;0;0;0;136;244;0;111;0;0;737
06;Jönköpings län;80;Jönköping;9167;Biblioteket Visingsö;0;7;0;0;0;38;0;0;25;0;0;0;61;0;0;41;0;0;0;172
06;Jönköpings län;80;Jönköping;9168;Biblioteket Ödestugu;1;0;0;0;0;14;0;11;0;0;0;0;16;0;16;0;0;0;0;58
06;Jönköpings län;80;Jönköping;9169;Österängens konsthall;0;43;38;20;29;0;0;0;92;92;71;71;0;0;0;275;248;302;0;1281
06;Jönköpings län;80;Jönköping;9381;Gränna S;0;0;0;0;0;0;0;0;0;0;0;0;0;0;0;0;0;0;184;184
06;Jönköpings län;80;Jönköping;9382;Lekeryd-Järsnäs;0;0;0;0;0;0;0;0;0;0;0;0;0;0;0;0;0;0;94;94
06;Jönköpings län;80;Jönköping;9384;Skärstad-Svarttorp;0;0;0;0;0;0;0;0;0;0;0;0;0;0;0;0;0;0;225;225
06;Jönköpings län;80;Jönköping;9391;Tenhult V-Ödestugu;0;0;0;0;0;0;0;0;0;0;0;0;0;0;0;0;0;0;141;141
06;Jönköpings län;80;Jönköping;9394;Tenhult Ö-Öggestorp;0;0;0;0;0;0;0;0;0;0;0;0;0;0;0;0;0;0;93;93
06;Jönköpings län;80;Jönköping;9395;Backamo-Järstorp;0;0;0;0;0;0;0;0;0;0;0;0;0;0;0;0;0;0;74;74
06;Jönköpings län;80;Jönköping;9396;Angerdshestra-Mulseryd-N Unnaryd;0;0;0;0;0;0;0;0;0;0;0;0;0;0;0;0;0;0;144;144
06;Jönköpings län;80;Jönköping;9407;Biblioteket Öxnehaga;20;28;25;0;0;41;41;32;26;35;0;0;85;75;89;91;113;0;0;701
06;Jönköpings län;82;Nässjö;10819;Stadshuset, Nässjö;0;0;0;0;0;0;0;0;0;0;0;0;96;129;151;179;256;0;144;955
06;Jönköpings län;82;Nässjö;8705;Medborgarkontoret Nässjö;168;206;240;65;35;338;305;339;331;322;127;83;509;440;550;473;712;338;9;5590
06;Jönköpings län;82;Nässjö;8706;Medborgarkontoret Anneberg;0;44;9;0;0;39;10;0;33;22;0;0;39;53;0;82;50;26;0;407
06;Jönköpings län;82;Nässjö;8707;Medborgarkontoret Bodafors;11;26;25;0;0;52;43;35;64;65;0;0;96;77;61;133;96;62;0;846
06;Jönköpings län;82;Nässjö;8708;Medborgarkontoret Forserum;21;30;26;0;0;70;22;49;59;17;0;0;91;45;99;99;77;45;0;750
06;Jönköpings län;82;Nässjö;8709;Medborgarkontoret Malmbäck;12;0;13;0;0;26;9;14;0;10;0;0;38;20;54;0;47;28;0;271
06;Jönköpings län;83;Värnamo;13311;Rörstorpsgården;0;0;0;0;0;0;0;0;0;0;0;29;0;0;0;0;0;0;0;29
06;Jönköpings län;83;Värnamo;14122;Värnamo kommuns Bokbuss;0;0;0;0;0;9;10;11;7;0;0;0;8;30;15;20;0;0;0;110
06;Jönköpings län;83;Värnamo;15108;Gamla tingshuset i Värnamo;162;232;166;78;68;240;287;272;271;293;197;170;517;597;688;725;830;381;173;6347
06;Jönköpings län;83;Värnamo;15111;Bredaryds Bygdegård;0;0;0;0;0;34;24;101;0;0;0;0;62;160;56;0;0;0;0;437
06;Jönköpings län;83;Värnamo;6297;Linneberg;0;0;0;0;0;0;0;0;0;0;0;29;0;0;0;0;0;0;0;29
06;Jönköpings län;83;Värnamo;9808;Biblioteket i Rydaholm;0;0;0;0;0;73;0;61;0;0;0;0;122;0;176;0;0;0;0;432
06;Jönköpings län;84;Sävsjö;12824;Kulturhuset;0;0;0;0;0;0;0;0;0;0;0;0;0;0;0;0;0;0;36;36
06;Jönköpings län;84;Sävsjö;13546;Rörviks skola;4;2;3;0;0;4;10;7;6;15;0;0;20;19;30;21;21;0;0;162
06;Jönköpings län;84;Sävsjö;14366;Sävsjö stadsbibliotek;34;63;55;22;30;58;63;82;66;64;66;46;157;179;194;249;221;110;0;1759
06;Jönköpings län;84;Sävsjö;8264;Göransgården;3;14;4;0;0;12;8;21;17;18;0;0;39;29;52;60;63;0;0;340
06;Jönköpings län;84;Sävsjö;8265;Södergården;4;11;4;0;0;1;17;9;15;14;0;0;29;31;30;20;49;0;0;234
06;Jönköpings län;85;Vetlanda;13071;Nävelsjö röstmottagningsställe;0;0;0;0;0;0;0;0;0;0;0;0;0;0;0;0;0;0;139;139
06;Jönköpings län;85;Vetlanda;13073;Fröderyds röstmottagningsställe;0;0;0;0;0;0;0;0;0;0;0;0;0;0;0;0;0;0;78;78
06;Jönköpings län;85;Vetlanda;13074;Karlstorps röstmottagningsställe;0;0;0;0;0;0;0;0;0;0;0;0;0;0;0;0;0;0;70;70
06;Jönköpings län;85;Vetlanda;13622;Ramkvilla röstmottagningsställe;0;0;0;0;0;0;0;0;0;0;0;0;0;0;0;0;0;0;193;193
06;Jönköpings län;85;Vetlanda;13747;Näshult röstmottagningsställe;0;0;0;0;0;0;0;0;0;0;0;0;0;0;0;0;0;0;126;126
06;Jönköpings län;85;Vetlanda;14342;Myresjö röstmottagningsställe;0;0;0;0;0;0;0;0;0;0;0;0;0;0;0;0;0;0;286;286
06;Jönköpings län;85;Vetlanda;14343;Skede röstmottagningsställe;0;0;0;0;0;0;0;0;0;0;0;0;0;0;0;0;0;0;143;143
06;Jönköpings län;85;Vetlanda;14887;Bokbussen;0;0;0;0;0;0;0;16;4;0;0;0;22;0;0;0;0;0;0;42
06;Jönköpings län;85;Vetlanda;15834;Vetlanda InfoCenter;155;192;193;69;46;249;269;305;286;337;178;141;510;569;693;728;788;339;245;6292
06;Jönköpings län;85;Vetlanda;8381;Bäckaby röstmottagningsställe;0;0;0;0;0;0;0;0;0;0;0;0;0;0;0;0;0;0;67;67
06;Jönköpings län;86;Eksjö;14069;Marieberg;0;0;0;0;0;0;0;0;0;0;0;32;0;0;0;0;0;0;0;32
06;Jönköpings län;86;Eksjö;14070;Mogården;0;0;0;0;0;0;0;0;0;0;0;13;0;0;0;0;0;0;0;13
06;Jönköpings län;86;Eksjö;14979;Hjältevad Brandstation;0;0;9;0;0;6;0;0;0;23;0;0;20;0;21;0;20;0;0;99
06;Jönköpings län;86;Eksjö;6319;Almgården;0;0;0;0;0;0;0;0;0;0;0;14;0;0;0;0;0;0;0;14
06;Jönköpings län;86;Eksjö;6324;Höglandssjukhuset;0;0;0;0;0;0;0;0;0;0;0;2;0;0;0;0;0;0;0;2
06;Jönköpings län;86;Eksjö;9642;Eksjö Stadshus;113;131;101;26;39;160;111;175;151;176;82;117;251;362;344;378;457;243;76;3493
06;Jönköpings län;86;Eksjö;9643;Emilkraften;0;0;46;0;0;32;0;33;0;26;0;0;0;152;0;138;65;44;0;536
06;Jönköpings län;86;Eksjö;9644;Ingatorp, Solgården;0;0;11;0;0;21;0;0;0;18;0;0;16;0;26;0;20;0;0;112
06;Jönköpings län;86;Eksjö;9646;Bruzaholms Folkets Hus;0;0;17;0;0;18;0;0;0;15;0;0;12;0;21;0;33;0;0;116
06;Jönköpings län;87;Tranås;12978;Stadshuset;69;84;63;48;0;76;116;102;141;107;65;72;154;158;145;165;233;205;95;2098
06;Jönköpings län;87;Tranås;14714;Tranås Direkt;110;123;131;59;0;153;185;154;145;160;112;45;266;328;307;321;472;256;59;3386
07;Kronobergs län;60;Uppvidinge;10167;Kommunhuset, Åseda;20;26;40;0;0;43;39;32;40;49;0;0;55;75;70;70;138;0;27;724
07;Kronobergs län;60;Uppvidinge;10168;Biblioteket, Norrhult;0;64;0;0;0;0;0;0;65;0;0;0;0;0;0;0;0;0;0;129
07;Kronobergs län;60;Uppvidinge;10174;Fröseke Folkets Hus och park;0;0;0;0;0;0;0;0;0;0;0;0;0;0;0;0;0;0;36;36
07;Kronobergs län;60;Uppvidinge;10300;Biblioteket, Lenhovda;88;0;0;0;0;0;0;0;0;0;0;0;0;0;0;196;0;0;0;284
07;Kronobergs län;60;Uppvidinge;10301;Biblioteket, Alstermo;0;0;0;0;0;0;0;75;0;0;0;0;65;0;0;0;0;0;0;140
07;Kronobergs län;60;Uppvidinge;12968;Degeln, Älghult;0;0;0;0;0;0;0;0;0;0;0;0;0;0;0;0;0;0;181;181
07;Kronobergs län;60;Uppvidinge;12971;Biblioteket, Åseda;0;0;0;0;0;37;0;0;0;0;0;0;0;0;29;92;0;0;0;158
07;Kronobergs län;60;Uppvidinge;14059;Biblioteket Älghult;0;0;0;0;0;0;60;0;0;0;0;0;0;112;0;0;0;0;0;172
07;Kronobergs län;60;Uppvidinge;14487;Smedsgård;0;0;0;0;0;0;0;0;0;0;0;13;0;0;0;0;0;0;0;13
07;Kronobergs län;60;Uppvidinge;14965;Gymnasiebiblioteket;0;0;0;0;0;0;0;0;0;0;0;0;1;5;3;0;0;0;0;9
07;Kronobergs län;60;Uppvidinge;6328;Lingården;0;0;0;0;0;0;0;0;0;0;0;15;0;0;0;0;0;0;0;15
07;Kronobergs län;60;Uppvidinge;6330;Olofsgården;0;0;0;0;0;0;0;0;0;0;0;14;0;0;0;0;0;0;0;14
07;Kronobergs län;60;Uppvidinge;6331;Solgården;0;0;0;0;0;0;0;0;0;0;0;14;0;0;0;0;0;0;0;14
07;Kronobergs län;60;Uppvidinge;6332;Storgården;0;0;0;0;0;0;0;0;0;0;0;15;0;0;0;0;0;0;0;15
07;Kronobergs län;61;Lessebo;12325;Lessebo Bibliotek;23;40;52;16;0;72;72;64;37;75;42;0;95;123;72;109;115;149;0;1156
07;Kronobergs län;61;Lessebo;6333;Berghälla Servicehus;0;0;0;0;0;0;0;0;0;0;0;34;0;0;0;0;0;0;0;34
07;Kronobergs län;61;Lessebo;6334;Sjöglimten;0;0;0;0;0;0;0;0;0;0;0;15;0;0;0;0;0;0;0;15
07;Kronobergs län;61;Lessebo;6335;Kosta Servichus;0;0;0;0;22;0;0;0;0;0;0;0;0;0;0;0;0;0;0;22
07;Kronobergs län;61;Lessebo;6336;Furugårdens Servicehus;0;0;0;0;13;0;0;0;0;0;0;0;0;0;0;0;0;0;0;13
07;Kronobergs län;61;Lessebo;8677;Kommunhuset Lessebo;0;0;0;0;0;0;0;0;0;0;0;0;0;0;0;0;0;0;33;33
07;Kronobergs län;61;Lessebo;9429;Hovmantorps Bibliotek;0;0;0;0;0;86;55;32;56;50;0;0;112;139;53;96;102;0;0;781
07;Kronobergs län;61;Lessebo;9436;Kosta Bibliotek;0;0;0;0;0;0;73;0;0;0;0;0;0;69;0;0;0;0;0;142
07;Kronobergs län;61;Lessebo;9437;Skruvs Bibliotek;0;0;0;0;0;41;0;0;0;0;0;0;47;0;0;0;0;0;0;88
07;Kronobergs län;63;Tingsryd;10099;Kommunhuset;12;41;52;14;35;58;47;70;62;62;47;59;91;144;169;172;201;158;62;1556
07;Kronobergs län;63;Tingsryd;13149;Linnerydskolan;12;0;0;0;0;35;0;46;0;0;0;0;59;0;80;0;0;0;227;459
07;Kronobergs län;63;Tingsryd;15382;Biblioteket i Ryd;20;0;61;18;0;0;0;103;0;74;27;0;0;0;170;0;128;74;0;675
07;Kronobergs län;63;Tingsryd;15383;Älmeboda bibliotek;0;21;0;0;0;0;30;0;37;0;0;0;0;46;0;66;0;0;0;200
07;Kronobergs län;63;Tingsryd;15384;Konga Allhus;5;0;0;0;0;7;0;29;0;0;0;0;51;0;58;0;0;0;0;150
07;Kronobergs län;63;Tingsryd;15385;Väckelsångsskolan;0;21;0;0;0;21;34;0;36;0;0;0;39;54;0;74;0;0;0;279
07;Kronobergs län;63;Tingsryd;6340;Äppelgården;5;0;34;0;0;35;0;51;0;40;0;0;32;0;55;0;64;0;0;316
07;Kronobergs län;64;Alvesta;8151;Moheda bibliotek;0;52;15;0;0;82;29;0;109;51;0;0;152;43;0;221;88;0;0;842
07;Kronobergs län;64;Alvesta;8152;Vislanda bibliotek;20;34;18;0;0;65;30;44;58;26;0;0;127;77;74;103;69;0;0;745
07;Kronobergs län;64;Alvesta;8153;Alvesta bibliotek;54;91;38;61;2;138;108;145;130;75;110;18;254;293;328;290;169;224;45;2573
07;Kronobergs län;65;Älmhult;6351;Almgården;0;0;0;0;0;0;0;0;0;0;0;0;34;0;0;0;0;0;0;34
07;Kronobergs län;65;Älmhult;6352;Solgården;0;0;0;0;0;0;0;0;0;0;0;0;31;0;0;0;0;0;0;31
07;Kronobergs län;65;Älmhult;6353;Ekebo;0;0;0;0;0;0;0;0;0;0;0;0;11;0;0;0;0;0;0;11
07;Kronobergs län;65;Älmhult;6354;Nicklagården;0;0;0;0;0;0;0;0;0;0;0;0;18;0;0;0;0;0;0;18
07;Kronobergs län;65;Älmhult;9509;Kommunhuset;79;116;128;0;54;96;97;107;106;110;0;63;144;139;174;180;285;0;74;1952
07;Kronobergs län;65;Älmhult;9512;Älmhults bibliotek;0;0;0;56;0;110;95;78;120;81;89;0;192;126;209;257;257;256;0;1926
07;Kronobergs län;65;Älmhult;9514;Diö filialbibliotek;0;0;0;0;0;0;38;0;0;0;0;0;0;0;0;0;0;0;0;38
07;Kronobergs län;65;Älmhult;9517;Eneryda filialbibliotek;0;0;0;0;0;0;0;0;104;0;0;0;0;0;0;0;0;0;0;104
07;Kronobergs län;65;Älmhult;9682;Hallaryds filialbibliotek;0;0;0;0;0;0;0;0;0;0;0;0;0;106;0;0;0;0;0;106
07;Kronobergs län;65;Älmhult;9683;Häradsbäcks bibliotek;0;0;0;0;0;0;80;0;0;0;0;0;0;0;0;0;0;0;0;80
07;Kronobergs län;65;Älmhult;9684;Pjätteryds filialbibliotek;0;0;0;0;0;0;0;0;0;0;0;0;0;0;0;89;0;0;0;89
07;Kronobergs län;65;Älmhult;9685;Liatorps filialbibliotek;0;0;0;0;0;0;0;0;0;0;0;0;0;72;0;0;0;0;0;72
07;Kronobergs län;65;Älmhult;9687;Virestads filialbibliotek;0;0;0;0;0;0;0;0;0;0;0;0;71;0;0;0;0;0;0;71
07;Kronobergs län;67;Markaryd;13963;Fyrklövern;0;0;0;0;0;0;7;0;0;0;0;0;0;0;0;0;0;0;0;7
07;Kronobergs län;67;Markaryd;14684;Kunskapscentrum Markaryd;0;0;0;0;0;0;0;0;0;0;0;0;0;0;0;3;0;0;0;3
07;Kronobergs län;67;Markaryd;15270;Markaryds bibliotek;50;74;75;21;0;80;92;89;105;105;37;0;145;149;142;211;220;98;47;1740
07;Kronobergs län;67;Markaryd;15271;Strömsnäsbruks bibliotek;29;42;0;0;0;0;68;54;43;0;0;0;0;97;49;93;0;0;0;475
07;Kronobergs län;67;Markaryd;15272;Traryds bibliotek;0;0;0;0;0;46;0;0;0;0;0;0;59;0;0;0;0;0;0;105
07;Kronobergs län;67;Markaryd;15273;Hinneryds bibliotek;0;0;9;0;0;0;0;0;0;17;0;0;0;0;0;0;29;0;0;55
07;Kronobergs län;67;Markaryd;15938;Kommunhuset Markaryd;14;16;10;0;3;10;10;11;11;11;0;7;6;16;16;20;24;0;3;188
07;Kronobergs län;67;Markaryd;6357;Ekliden;0;7;0;0;0;0;0;0;0;0;0;0;0;0;0;0;0;0;0;7
07;Kronobergs län;67;Markaryd;6358;Sjögården;0;0;0;0;0;7;0;0;0;0;0;0;0;0;0;0;0;0;0;7
07;Kronobergs län;67;Markaryd;6359;Utsikten;0;0;0;0;0;0;0;0;0;0;0;0;16;0;0;0;0;0;0;16
07;Kronobergs län;80;Växjö;11644;Evelid;0;0;0;0;0;0;0;0;27;0;0;0;0;0;0;0;0;0;0;27
07;Kronobergs län;80;Växjö;11744;Stadsbiblioteket, Växjö;368;411;412;270;181;472;557;663;516;546;429;478;890;920;1129;1156;1245;698;744;12085
07;Kronobergs län;80;Växjö;13557;Attendo Åbovägen;0;0;0;0;0;0;0;0;0;0;0;0;0;0;14;0;0;0;0;14
07;Kronobergs län;80;Växjö;13558;Centrallasarettet;0;0;0;0;0;0;0;0;0;0;0;0;0;0;0;0;0;0;35;35
07;Kronobergs län;80;Växjö;14963;Lammengatans boende;0;0;0;0;0;0;0;0;13;0;0;0;0;0;0;0;0;0;0;13
07;Kronobergs län;80;Växjö;14964;Toftagården, Sandsbro;0;0;0;0;0;0;0;0;0;0;0;0;0;14;0;0;0;0;0;14
07;Kronobergs län;80;Växjö;15394;Attendo Vikaholm;0;0;0;0;0;0;24;0;0;0;0;0;0;0;0;0;0;0;0;24
07;Kronobergs län;80;Växjö;15395;Humana Södra Järnvägsgatan;0;0;0;0;0;0;0;0;0;0;0;0;39;0;0;0;0;0;0;39
07;Kronobergs län;80;Växjö;15396;Attendo Vintervägen;0;0;0;0;0;1;0;0;0;0;0;0;0;0;0;0;0;0;0;1
07;Kronobergs län;80;Växjö;6363;Rättspsykiatriska regionkliniken;0;0;0;0;0;0;0;0;0;0;0;0;40;0;0;0;0;0;0;40
07;Kronobergs län;80;Växjö;6364;Vuxenpsykiatriska kliniken;0;0;0;0;0;0;0;8;0;0;0;0;0;0;0;0;0;0;0;8
07;Kronobergs län;80;Växjö;6366;Mekans dagcentral/Söder hemvård;0;0;0;0;0;0;0;0;0;0;0;0;14;0;0;0;0;0;0;14
07;Kronobergs län;80;Växjö;6369;Östregården;0;0;0;0;0;0;0;0;0;15;0;0;0;0;0;0;0;0;0;15
07;Kronobergs län;80;Växjö;6370;Bågen;0;0;0;0;0;0;0;0;0;0;0;0;0;0;25;0;0;0;0;25
07;Kronobergs län;80;Växjö;6371;Hov Västregård;0;0;0;0;0;0;0;21;0;0;0;0;0;0;0;0;0;0;0;21
07;Kronobergs län;80;Växjö;6373;Dalbo servicehus/Sommarvägen hemvård;0;0;0;0;0;0;0;0;0;0;0;0;0;30;0;0;0;0;0;30
07;Kronobergs län;80;Växjö;6377;Solgården;0;0;0;0;0;10;0;0;0;0;0;0;0;0;0;0;0;0;0;10
07;Kronobergs län;80;Växjö;6378;Kvarngården;0;0;0;0;0;0;0;0;0;25;0;0;0;0;0;0;0;0;0;25
07;Kronobergs län;80;Växjö;6379;Kinnevaldsgården;0;0;0;0;0;0;6;0;0;0;0;0;0;0;0;0;0;0;0;6
07;Kronobergs län;80;Växjö;9191;Smålands museum;58;66;65;36;0;78;81;97;80;77;79;0;183;184;214;256;362;340;0;2256
07;Kronobergs län;80;Växjö;9192;Biblioteket, Teleborg centrum;46;60;37;0;0;110;69;103;63;48;0;0;300;233;331;379;377;0;0;2156
07;Kronobergs län;80;Växjö;9193;Hovshaga bibliotek;47;66;23;0;0;55;73;58;48;63;0;0;190;186;193;249;237;0;0;1488
07;Kronobergs län;80;Växjö;9194;Birkagården, Öster;24;32;22;0;0;32;35;30;33;35;0;0;137;144;143;139;157;0;0;963
07;Kronobergs län;80;Växjö;9195;Biblioteket, Lammhult;13;15;11;0;0;50;28;29;16;22;0;0;78;62;87;82;72;0;0;565
07;Kronobergs län;80;Växjö;9196;Sjöliden, Braås;12;17;12;0;0;23;28;32;19;29;0;0;42;55;76;81;121;0;0;547
07;Kronobergs län;80;Växjö;9197;Ingelstad, biblioteket;17;26;17;0;0;40;24;31;42;26;0;0;121;70;83;124;121;0;0;742
07;Kronobergs län;80;Växjö;9198;Sörgården, Rottne;14;18;22;0;0;42;45;27;22;32;0;0;110;98;138;132;121;0;0;821
07;Kronobergs län;80;Växjö;9199;Tofsmesen/Öjaby hemvård;6;20;11;0;0;11;24;35;33;31;0;0;55;75;75;63;90;0;0;529
07;Kronobergs län;80;Växjö;9200;Tallgården, Araby;16;14;2;0;0;15;22;22;12;18;0;0;52;55;77;107;129;0;0;541
07;Kronobergs län;80;Växjö;9212;Tolgs föreningslokal;0;0;0;0;0;0;0;0;0;0;0;0;0;0;0;0;0;0;140;140
07;Kronobergs län;80;Växjö;9218;Möllekulls församlingshem;0;0;0;0;0;0;0;0;0;0;0;0;0;0;0;0;0;0;58;58
07;Kronobergs län;80;Växjö;9221;Asa Vandrarhem;0;0;0;0;0;0;0;0;0;0;0;0;0;0;0;0;0;0;84;84
07;Kronobergs län;80;Växjö;9227;Jäts Folkets Hus;0;0;0;0;0;0;0;0;0;0;0;0;0;0;0;0;0;0;92;92
07;Kronobergs län;80;Växjö;9228;Kalvsviks bygdegård;0;0;0;0;0;0;0;0;0;0;0;0;0;0;0;0;0;0;184;184
07;Kronobergs län;80;Växjö;9229;Örtagården;0;0;0;0;0;0;0;0;0;0;0;0;0;0;0;0;0;0;160;160
07;Kronobergs län;81;Ljungby;13120;Annerstad;0;0;0;0;0;0;0;0;0;0;0;0;0;0;0;0;0;0;95;95
07;Kronobergs län;81;Ljungby;13121;Bolmsö;0;0;0;0;0;0;0;0;0;0;0;0;0;0;0;0;0;0;261;261
07;Kronobergs län;81;Ljungby;13122;Vittaryd;0;0;0;0;0;0;0;0;0;0;0;0;0;0;0;0;0;0;177;177
07;Kronobergs län;81;Ljungby;13123;Hamneda skola;0;0;0;0;0;0;0;0;0;0;0;0;0;0;0;0;0;0;141;141
07;Kronobergs län;81;Ljungby;13124;Södra Ljunga Bygdegård;0;0;0;0;0;0;0;0;0;0;0;0;0;0;0;0;0;0;141;141
07;Kronobergs län;81;Ljungby;13125;Torpa Bystuga;0;0;0;0;0;0;0;0;0;0;0;0;0;0;0;0;0;0;135;135
07;Kronobergs län;81;Ljungby;13126;Vrå;0;0;0;0;0;0;0;0;0;0;0;0;0;0;0;0;0;0;97;97
07;Kronobergs län;81;Ljungby;13127;Agunnaryd;0;0;0;0;0;0;0;0;0;0;0;0;0;0;0;0;0;0;249;249
07;Kronobergs län;81;Ljungby;14370;Grand;175;146;124;138;98;284;219;284;246;264;235;163;427;465;597;346;789;604;155;5759
07;Kronobergs län;81;Ljungby;15845;Biblioteket i Lidhult;0;0;0;0;0;0;48;0;42;24;0;0;0;76;0;50;38;0;0;278
07;Kronobergs län;81;Ljungby;15849;Biblioteket i Lagan;0;0;0;0;0;49;0;0;80;0;0;0;95;0;0;159;0;0;0;383
07;Kronobergs län;81;Ljungby;15856;Västanå;0;0;0;0;0;0;0;65;0;0;0;0;0;83;0;0;0;0;0;148
08;Kalmar län;21;Högsby;11790;Misteln - bibliotek/turistbyrå;32;57;93;17;17;79;93;107;58;126;45;46;121;141;138;166;232;64;63;1695
08;Kalmar län;34;Torsås;6394;Mariahemmet;0;0;0;0;0;0;0;0;0;0;0;11;0;0;0;0;0;0;0;11
08;Kalmar län;34;Torsås;6395;Solgläntan;0;0;0;0;0;0;0;0;0;0;0;7;0;0;0;0;0;0;0;7
08;Kalmar län;34;Torsås;9794;Torsås Bibliotek;35;87;81;27;20;89;98;93;120;84;37;29;152;130;203;225;243;104;52;1909
08;Kalmar län;40;Mörbylånga;10092;Biblioteket, Färjestaden;134;147;121;94;0;210;209;200;139;168;136;0;361;328;335;251;367;267;0;3467
08;Kalmar län;40;Mörbylånga;10096;Biblioteket, Mörbylånga;32;31;42;26;0;60;41;51;47;42;30;0;101;118;107;61;108;84;0;981
08;Kalmar län;40;Mörbylånga;10103;Biblioteket, Degerhamn;0;32;0;0;0;53;0;0;49;0;0;0;86;0;0;72;0;0;0;292
08;Kalmar län;40;Mörbylånga;14854;Kommunkontoret, Mörbylånga;0;0;0;0;6;0;0;0;0;18;0;14;22;12;1;0;2;0;31;106
08;Kalmar län;60;Hultsfred;10282;LTV-Sparbanken i Silverdalen;12;12;0;0;0;0;0;26;42;0;0;0;0;0;33;42;0;0;0;167
08;Kalmar län;60;Hultsfred;10577;Violen, Järnforsen;3;2;0;0;0;0;0;24;23;0;0;0;0;0;31;18;0;0;0;101
08;Kalmar län;60;Hultsfred;15496;Rosenfors;19;14;0;0;0;0;0;11;21;0;0;0;0;0;21;21;0;0;0;107
08;Kalmar län;60;Hultsfred;15497;ICA Sundbergs;17;12;0;0;0;0;0;41;34;0;0;0;0;0;78;39;0;0;0;221
08;Kalmar län;60;Hultsfred;8918;Skeppet Målilla;9;18;0;0;0;0;43;49;33;0;0;0;0;91;45;72;32;0;0;392
08;Kalmar län;60;Hultsfred;8919;Virserums Bibliotek;22;0;25;0;0;72;44;16;0;33;0;0;137;115;62;0;78;0;0;604
08;Kalmar län;60;Hultsfred;8921;Kommunhuset Hultsfred;74;66;100;18;39;117;115;91;124;94;78;57;173;208;216;242;314;93;79;2298
08;Kalmar län;61;Mönsterås;10187;Biblioteket Ålem;0;29;0;0;0;20;26;0;61;0;0;0;74;33;0;83;0;0;0;326
08;Kalmar län;61;Mönsterås;10188;Biblioteket;75;129;106;27;46;146;134;161;171;139;102;25;224;286;296;224;401;166;53;2911
08;Kalmar län;61;Mönsterås;10190;Biblioteket Fliseryd;21;0;0;0;0;44;0;61;0;0;0;0;35;0;68;0;0;0;0;229
08;Kalmar län;61;Mönsterås;10191;Biblioteket Timmernabben;0;37;0;0;0;31;23;0;64;0;0;0;64;33;0;113;0;0;0;365
08;Kalmar län;61;Mönsterås;14355;Blomstermåla Bibliotek;0;14;0;0;0;32;22;0;51;0;0;0;75;36;0;113;0;0;0;343
08;Kalmar län;62;Emmaboda;8189;Eriksmåla skola;0;0;0;0;0;0;0;0;0;0;0;0;0;0;0;0;0;0;45;45
08;Kalmar län;62;Emmaboda;8190;Boda Bildningscentrum;0;0;0;0;0;0;0;0;0;0;0;0;0;0;0;0;0;0;62;62
08;Kalmar län;62;Emmaboda;8191;Kommunförvaltningen/Kommunhuset;41;73;95;39;40;49;64;95;112;67;80;64;143;234;246;291;236;125;57;2151
08;Kalmar län;80;Kalmar;12964;Huvudbiblioteket Kalmar;189;281;278;154;0;384;393;369;397;362;348;349;731;758;820;988;1023;630;152;8606
08;Kalmar län;80;Kalmar;14186;Möregården;0;0;0;0;0;0;0;0;0;21;0;0;0;0;0;0;0;0;0;21
08;Kalmar län;80;Kalmar;14187;Ljungbyhemmet;0;0;0;0;0;0;0;0;0;20;0;0;0;0;0;0;0;0;0;20
08;Kalmar län;80;Kalmar;14189;Enliden;0;0;0;0;0;0;0;0;0;0;0;0;14;0;0;0;0;0;0;14
08;Kalmar län;80;Kalmar;14190;Björkhaga;0;0;0;0;0;0;0;0;0;0;0;0;0;10;0;0;0;0;0;10
08;Kalmar län;80;Kalmar;14191;KOSMO Vasallparken;0;0;0;0;0;0;0;0;0;0;0;0;0;0;18;0;0;0;0;18
08;Kalmar län;80;Kalmar;14192;Vänskapens väg;0;0;0;0;0;0;0;0;0;0;0;0;0;0;28;0;0;0;0;28
08;Kalmar län;80;Kalmar;15012;Berga Backe;0;0;0;0;0;0;0;0;0;0;0;0;0;21;0;0;0;0;0;21
08;Kalmar län;80;Kalmar;15695;Biblioteket Bergavik;37;62;26;0;0;72;93;57;67;37;0;0;100;145;88;154;94;0;0;1032
08;Kalmar län;80;Kalmar;15696;Hyresgästföreningen Myran;0;3;0;0;0;0;0;0;14;0;0;0;0;0;0;19;0;0;0;36
08;Kalmar län;80;Kalmar;15697;Biblioteket Påryd;0;13;0;0;0;0;0;0;51;0;0;0;51;0;0;80;0;0;0;195
08;Kalmar län;80;Kalmar;15698;Biblioteket Rockneby;33;0;0;0;0;63;0;89;0;0;0;0;126;0;133;0;0;0;0;444
08;Kalmar län;80;Kalmar;15699;Biblioteket Trekanten;0;23;0;0;0;38;0;0;55;0;0;0;78;0;0;98;0;0;0;292
08;Kalmar län;80;Kalmar;15700;Biblioteket Ljungbyholm;24;0;22;0;0;25;0;94;0;0;0;0;137;0;142;0;76;0;0;520
08;Kalmar län;80;Kalmar;15701;Biblioteket Hagby;0;23;0;0;0;0;49;0;0;0;0;0;0;113;0;108;0;0;0;293
08;Kalmar län;80;Kalmar;15706;Biblioteket Rinkabyholm;0;33;0;0;0;0;48;0;64;0;0;0;0;88;0;107;0;0;0;340
08;Kalmar län;80;Kalmar;15707;Sportcenter;13;13;21;0;0;15;33;18;39;21;0;0;52;55;90;126;135;179;0;810
08;Kalmar län;80;Kalmar;15708;Träffpunkt Ingelstorpsvägen 1;10;0;24;0;0;0;0;90;0;30;0;0;39;0;124;70;99;59;0;545
08;Kalmar län;80;Kalmar;15709;Träffpunkt Frikadellen;22;32;25;0;0;66;60;66;84;55;0;0;97;84;132;95;86;74;0;978
08;Kalmar län;80;Kalmar;15710;Träffpunkt Skogsrået;30;28;41;0;0;42;68;57;45;27;0;0;68;89;81;111;89;115;0;891
08;Kalmar län;80;Kalmar;15711;Träffpunkt Stensberg;23;36;16;0;0;36;60;46;49;34;0;0;67;78;97;96;123;103;0;864
08;Kalmar län;80;Kalmar;15712;Träffpunkt Äringen;9;0;0;0;0;0;0;34;0;0;0;0;24;0;31;0;0;0;0;98
08;Kalmar län;80;Kalmar;15726;Varvet;0;0;0;0;0;0;0;0;0;0;0;0;26;0;0;0;0;0;0;26
08;Kalmar län;80;Kalmar;6412;Häktet Kalmar;0;0;0;0;0;0;0;0;0;0;0;0;0;0;13;0;0;0;0;13
08;Kalmar län;80;Kalmar;6413;Länssjukhuset Kalmar;0;0;0;0;0;0;0;0;0;0;0;0;0;0;0;0;0;107;0;107
08;Kalmar län;80;Kalmar;6415;Kriminalvårdsanstalten;0;0;0;0;0;0;0;0;0;0;0;0;0;9;0;0;0;0;0;9
08;Kalmar län;80;Kalmar;9774;Stadshuset;39;54;43;0;0;52;72;52;67;60;0;0;86;90;79;131;170;156;182;1333
08;Kalmar län;81;Nybro;13045;Strandvägens äldreboende;0;0;0;0;0;0;0;0;0;0;0;32;0;0;0;0;0;0;0;32
08;Kalmar län;81;Nybro;13046;Stallgården;0;0;0;0;0;0;0;0;0;0;0;13;0;0;0;0;0;0;0;13
08;Kalmar län;81;Nybro;15365;Kommunhuset Balder;0;0;0;0;0;0;0;0;0;0;0;0;48;35;36;39;74;0;30;262
08;Kalmar län;81;Nybro;6424;Fröjdekulla;0;0;0;0;0;0;0;0;0;0;0;20;0;0;0;0;0;0;0;20
08;Kalmar län;81;Nybro;6426;Madesjögläntan;0;0;0;0;0;0;0;0;0;0;0;22;0;0;0;0;0;0;0;22
08;Kalmar län;81;Nybro;8783;Almen, äldreboende;0;0;0;0;0;0;0;0;0;0;0;9;0;0;0;0;0;0;0;9
08;Kalmar län;81;Nybro;8802;Biblioteket i Nybro;148;251;205;107;48;255;323;255;334;212;141;93;475;471;503;568;562;380;0;5331
08;Kalmar län;82;Oskarshamn;13795;Oscarsgymnasiet;0;0;0;0;0;0;21;0;38;0;0;0;0;0;0;0;0;0;0;59
08;Kalmar län;82;Oskarshamn;14972;Stadshuset, Oskarshamn;98;172;171;90;103;164;180;214;203;212;147;178;375;440;482;535;667;417;151;4999
08;Kalmar län;82;Oskarshamn;14973;Figeholms bibliotek;0;36;0;0;0;0;53;0;107;0;0;0;0;85;0;140;0;0;0;421
08;Kalmar län;82;Oskarshamn;14974;Kristdala bibliotek;0;33;0;0;0;0;37;0;68;0;0;0;61;42;0;108;0;0;0;349
08;Kalmar län;82;Oskarshamn;14975;Påskallaviks bibliotek;0;32;0;0;0;0;25;0;71;0;0;0;82;41;0;94;0;0;0;345
08;Kalmar län;82;Oskarshamn;14976;Kristinebergs bibliotek;0;0;0;0;0;0;0;0;0;0;0;0;90;177;0;105;0;0;0;372
08;Kalmar län;82;Oskarshamn;14977;Bockaraskolan;0;0;0;0;0;0;0;0;0;0;0;0;0;0;0;0;0;172;0;172
08;Kalmar län;82;Oskarshamn;14978;Misterhults skola;0;0;0;0;0;0;0;0;0;0;0;0;0;0;0;0;0;101;0;101
08;Kalmar län;83;Västervik;15046;Västerviks Gymnasium;0;0;0;0;0;0;0;0;0;0;0;0;0;2;0;0;0;0;0;2
08;Kalmar län;83;Västervik;15098;Biblioteket, Ankarsrum;0;0;24;0;0;77;0;60;0;44;0;0;85;0;98;0;53;0;0;441
08;Kalmar län;83;Västervik;7924;Stadsbiblioteket, Västervik;217;332;325;147;0;428;447;433;456;343;231;0;699;728;777;880;938;481;0;7862
08;Kalmar län;83;Västervik;7925;Biblioteket, Gamleby;28;45;87;0;0;174;152;132;124;100;0;0;272;218;186;221;162;0;0;1901
08;Kalmar län;83;Västervik;7926;Kommunhuset, Valnämnden;0;0;0;0;56;0;0;0;20;12;0;46;0;36;34;20;19;0;121;364
08;Kalmar län;83;Västervik;8316;Anstalten, Västervik Norra;0;0;0;0;0;0;0;0;0;0;0;145;0;0;0;0;0;0;0;145
08;Kalmar län;84;Vimmerby;15434;Plenisalen, Stadshuset;102;180;172;110;93;244;317;200;240;233;160;166;383;483;351;403;599;272;97;4805
08;Kalmar län;85;Borgholm;8877;Huvudbiblioteket i Borgholm;108;130;144;70;0;182;148;185;178;148;149;0;297;350;293;296;291;199;91;3259
08;Kalmar län;85;Borgholm;8878;Biblioteket, Åkerboskolan;9;36;20;0;0;0;100;29;77;34;0;0;0;142;36;106;57;0;0;646
08;Kalmar län;85;Borgholm;8879;ICA Byxelkrokshallen;16;3;9;8;5;27;26;13;17;14;9;9;27;30;24;19;44;41;0;341
09;Gotlands län;80;Gotland;10032;Coop Konsum Klintehamn;32;20;28;17;28;40;52;37;57;66;51;31;79;86;79;130;111;80;0;1024
09;Gotlands län;80;Gotland;10034;ICA Supermarket, Fårösund;13;13;29;14;11;21;43;21;30;57;30;36;48;71;64;70;53;0;0;624
09;Gotlands län;80;Gotland;10036;Coop Konsum, Lärbro;10;0;19;0;0;19;0;22;0;22;0;0;13;0;47;0;45;0;0;197
09;Gotlands län;80;Gotland;10038;Coop Konsum, Slite;31;32;30;16;0;47;66;53;60;80;50;0;109;134;117;122;137;110;0;1194
09;Gotlands län;80;Gotland;14057;ICA Nära Wisborg;102;83;86;45;0;109;141;123;142;104;86;0;210;261;268;363;365;244;0;2732
09;Gotlands län;80;Gotland;14058;Region Gotland, Visborg;24;24;37;0;0;32;51;43;32;46;0;0;35;43;42;100;118;49;339;1015
09;Gotlands län;80;Gotland;14172;Kilåkern senior & säbo;0;0;0;0;0;0;0;0;0;0;0;16;0;0;0;0;0;0;0;16
09;Gotlands län;80;Gotland;14857;Korttidsenheten, Visby;0;0;0;0;0;0;0;0;0;0;0;13;0;0;0;0;0;0;0;13
09;Gotlands län;80;Gotland;14858;Gråbo seniorboende;0;0;0;0;0;0;0;0;0;0;0;45;0;0;0;0;0;0;0;45
09;Gotlands län;80;Gotland;14867;ICA Maxi Stormarknad;153;127;126;114;161;190;246;217;241;212;300;362;285;471;466;611;684;394;0;5360
09;Gotlands län;80;Gotland;15044;Tingsbrogården;0;0;0;0;0;0;0;0;0;0;0;10;0;0;0;0;0;0;0;10
09;Gotlands län;80;Gotland;15386;Wisbygymnasiet;0;0;0;0;0;0;0;0;0;0;0;0;0;0;0;32;29;0;0;61
09;Gotlands län;80;Gotland;15387;Almedalsbiblioteket;64;81;70;0;0;95;103;75;107;101;0;0;152;177;232;260;222;0;0;1739
09;Gotlands län;80;Gotland;15388;Gårdsservice Roma;35;50;40;20;0;55;73;47;75;64;52;0;116;113;121;147;101;0;0;1109
09;Gotlands län;80;Gotland;15730;Stuxgården;0;0;0;0;0;0;0;0;0;0;0;19;0;0;0;0;0;0;0;19
09;Gotlands län;80;Gotland;15933;Attendo Terra Nova;0;0;0;0;0;0;0;0;0;0;0;19;0;0;0;0;0;0;0;19
09;Gotlands län;80;Gotland;15934;Katthammarsviks äldreboende;0;0;0;0;0;0;0;0;0;0;0;8;0;0;0;0;0;0;0;8
09;Gotlands län;80;Gotland;6456;Fältgatan 75,77 och 79;0;0;0;0;0;0;0;0;0;0;0;20;0;0;0;0;0;0;0;20
09;Gotlands län;80;Gotland;6457;Stiftelsen Gotlands Sjukhem;0;0;0;0;0;0;0;0;0;0;0;33;0;0;0;0;0;0;0;33
09;Gotlands län;80;Gotland;6463;Kriminalvården VO Gotland;0;0;0;0;0;0;0;0;0;0;0;8;0;0;0;0;0;0;0;8
09;Gotlands län;80;Gotland;6466;Kråkans seniorboende;0;0;0;0;0;0;0;0;0;0;0;15;0;0;0;0;0;0;0;15
09;Gotlands län;80;Gotland;6467;Åvallegården;0;0;0;0;0;0;0;0;0;0;0;8;0;0;0;0;0;0;0;8
09;Gotlands län;80;Gotland;6468;Hemse äldreboende;0;0;0;0;0;0;0;0;0;0;0;23;0;0;0;0;0;0;0;23
09;Gotlands län;80;Gotland;6469;Attendo Sudergården;0;0;0;0;0;0;0;0;0;0;0;7;0;0;0;0;0;0;0;7
09;Gotlands län;80;Gotland;9670;Coop Konsum, Hemse;61;36;73;19;27;68;84;87;118;101;81;65;148;127;184;220;247;136;0;1882
09;Gotlands län;80;Gotland;9728;Pjäsen;0;0;0;0;0;0;0;0;0;0;0;46;0;0;0;0;0;0;0;46
09;Gotlands län;80;Gotland;9730;Roma äldreboende;0;0;0;0;0;0;0;0;0;0;0;25;0;0;0;0;0;0;0;25
10;Blekinge län;60;Olofström;11203;Hemsjö Samlingslokal;0;0;0;0;0;0;0;0;0;0;0;0;0;0;0;0;0;0;67;67
10;Blekinge län;60;Olofström;11205;Vilshults skola;0;0;0;0;0;0;0;0;0;0;0;0;0;0;0;0;0;0;172;172
10;Blekinge län;60;Olofström;11206;Gränums skola;0;0;0;0;0;0;0;0;0;0;0;0;0;0;0;0;0;0;197;197
10;Blekinge län;60;Olofström;14482;Folkets hus;0;0;0;0;0;0;0;0;0;0;0;0;0;0;0;0;0;0;72;72
10;Blekinge län;60;Olofström;6472;Brännaregårdens dagcentral;0;0;0;0;0;17;0;0;0;0;0;0;0;0;0;0;0;0;0;17
10;Blekinge län;60;Olofström;6473;Kyrkhults dagcentral;0;0;0;0;0;0;0;0;0;0;0;0;10;0;0;0;0;0;0;10
10;Blekinge län;60;Olofström;6474;Västralid;0;0;0;0;0;0;0;0;0;0;0;0;0;0;0;12;0;0;0;12
10;Blekinge län;60;Olofström;8272;Olofströms Bibliotek;129;164;127;91;56;197;243;162;174;163;107;86;239;327;270;275;311;236;0;3357
10;Blekinge län;60;Olofström;8274;Kyrkhults Bibliotek;0;0;0;0;0;0;0;0;110;0;0;0;0;0;0;105;0;0;0;215
10;Blekinge län;60;Olofström;8288;Jämshögs Bibliotek;0;0;0;0;0;96;0;0;0;0;0;0;127;0;0;0;0;0;0;223
10;Blekinge län;80;Karlskrona;10016;Hasslö PRO lokal;12;0;0;0;0;43;0;32;0;0;0;0;48;0;47;0;0;0;0;182
10;Blekinge län;80;Karlskrona;10017;Fridlevstads skola;10;0;0;0;0;8;0;30;0;0;0;0;25;0;51;0;0;0;0;124
10;Blekinge län;80;Karlskrona;10019;Jämjö bibliotek;0;37;0;0;0;90;98;0;76;0;0;0;142;152;0;117;0;0;0;712
10;Blekinge län;80;Karlskrona;10021;Nättraby skola;27;42;0;0;0;0;0;43;0;0;0;0;70;0;47;30;0;0;0;259
10;Blekinge län;80;Karlskrona;10022;Rödeby centrumhus;40;0;0;0;0;85;61;61;0;0;0;0;115;109;114;0;0;0;0;585
10;Blekinge län;80;Karlskrona;10023;Sturköskolan;27;0;0;0;0;0;0;95;0;0;0;0;0;72;0;92;0;0;0;286
10;Blekinge län;80;Karlskrona;10284;Fågelmara skola;0;19;0;0;0;0;18;0;47;0;0;0;0;35;0;54;0;0;0;173
10;Blekinge län;80;Karlskrona;10366;Konserthuset;162;234;200;132;73;200;190;229;222;216;212;140;306;365;385;507;602;668;0;5043
10;Blekinge län;80;Karlskrona;12767;Amiralens köpcentrum;206;296;292;184;164;326;340;345;353;414;383;332;501;538;622;708;792;0;0;6796
10;Blekinge län;80;Karlskrona;12960;Tvings skola;4;0;0;0;0;18;0;19;0;0;0;0;24;0;30;0;0;0;0;95
10;Blekinge län;80;Karlskrona;12962;Lyckeby Medborgarhus;48;41;75;36;29;55;73;67;67;70;57;43;82;85;108;141;279;0;0;1356
10;Blekinge län;80;Karlskrona;13079;Flymen;0;0;0;0;0;0;0;0;0;0;0;0;0;0;0;0;0;0;62;62
10;Blekinge län;80;Karlskrona;13080;Nävragöl;0;0;0;0;0;0;0;0;0;0;0;0;0;0;0;0;0;0;32;32
10;Blekinge län;80;Karlskrona;13081;Blåningsmåla;0;0;0;0;0;0;0;0;0;0;0;0;0;0;0;0;0;0;36;36
10;Blekinge län;80;Karlskrona;13293;Blekinge Tekniska Högskola;0;0;0;0;0;0;0;0;0;0;0;0;73;74;93;122;179;0;0;541
10;Blekinge län;80;Karlskrona;13946;City Gross;103;132;150;97;100;177;197;171;166;205;159;198;229;292;354;411;548;0;0;3689
10;Blekinge län;80;Karlskrona;15753;Holmsjö bibliotek;0;20;0;0;0;0;0;0;53;0;0;0;54;0;0;54;0;0;0;181
10;Blekinge län;80;Karlskrona;15756;Panncentralen;8;5;6;0;0;10;8;6;13;11;0;0;14;12;7;11;26;0;0;137
10;Blekinge län;80;Karlskrona;9843;Kommunhus Ruthensparre;17;32;35;0;0;14;28;18;34;31;0;0;34;50;67;88;85;0;135;668
10;Blekinge län;80;Karlskrona;9846;Torhamnsgården;0;27;0;0;0;0;26;0;32;0;0;0;0;48;0;38;0;0;0;171
10;Blekinge län;81;Ronneby;13098;Eringsboda skola;0;0;0;0;0;0;0;0;0;0;0;0;0;0;0;0;0;0;236;236
10;Blekinge län;81;Ronneby;13099;Bräknegården;0;0;0;0;0;0;0;0;0;0;0;0;0;0;0;0;0;0;86;86
10;Blekinge län;81;Ronneby;13101;Leråkra bygdegård;0;0;0;0;0;0;0;0;0;0;0;0;0;0;0;0;0;0;19;19
10;Blekinge län;81;Ronneby;15408;Soft Center;3;0;8;0;0;9;0;12;0;14;0;0;12;0;19;0;29;0;0;106
10;Blekinge län;81;Ronneby;15409;Kallinge bibliotek;38;0;32;0;0;88;0;58;0;58;0;0;172;0;122;0;74;0;0;642
10;Blekinge län;81;Ronneby;15410;Hallabro bibliotek;0;28;0;0;0;0;49;0;41;0;0;0;0;66;0;52;0;0;0;236
10;Blekinge län;81;Ronneby;15411;Bräkne-Hoby bibliotek;17;29;0;17;0;71;32;36;59;0;41;0;140;41;102;85;0;72;0;742
10;Blekinge län;81;Ronneby;15412;Listerby bibliotek;15;0;23;10;0;0;52;28;0;20;32;0;0;96;56;0;31;63;0;426
10;Blekinge län;81;Ronneby;15413;Björklidens Trygghetsboende;0;23;0;0;0;0;0;0;23;0;0;0;0;0;0;23;0;0;0;69
10;Blekinge län;81;Ronneby;15414;Hjorthöjdens bibliotek;6;0;0;0;0;0;6;11;0;0;0;0;0;5;17;0;0;0;0;45
10;Blekinge län;81;Ronneby;9139;Stadshuset;133;217;230;120;113;247;334;291;284;281;204;210;412;503;491;524;683;448;249;5974
10;Blekinge län;81;Ronneby;9358;Hallagården;0;0;0;0;0;0;0;0;0;0;0;0;0;0;0;0;0;0;62;62
10;Blekinge län;82;Karlshamn;12790;Coop Konsum Mörrum;20;36;63;21;0;75;70;83;83;69;32;0;106;101;115;140;162;120;0;1296
10;Blekinge län;82;Karlshamn;12791;Coop Konsum, Svängsta;23;29;46;11;0;30;25;40;38;32;26;0;59;48;71;86;90;46;0;700
10;Blekinge län;82;Karlshamn;14405;Rådhuset, Servicecenter;109;138;130;42;65;146;197;156;164;178;110;125;225;270;312;332;382;246;220;3547
10;Blekinge län;82;Karlshamn;15047;Väggaskolan;0;0;0;0;0;0;0;0;0;0;0;0;0;0;16;21;24;0;0;61
10;Blekinge län;82;Karlshamn;15939;Ambulerande röstmottagare;0;0;0;0;0;5;0;0;54;0;0;0;0;5;1;2;13;0;6;86
10;Blekinge län;82;Karlshamn;9559;Coop Konsum, Asarum;42;57;73;29;0;77;90;76;50;69;43;0;128;132;128;175;210;162;0;1541
10;Blekinge län;82;Karlshamn;9564;Stora Coop Karlshamn;83;153;137;85;0;175;201;177;178;170;121;0;254;372;310;333;424;299;0;3472
10;Blekinge län;82;Karlshamn;9580;Matöppet i Hällaryd;12;8;9;0;0;19;16;14;28;18;0;0;29;26;28;28;42;0;0;277
10;Blekinge län;83;Sölvesborg;9657;Medborgarkontoret i Stadshuset;170;176;177;55;44;208;196;216;248;191;187;103;302;277;307;391;472;268;96;4084
10;Blekinge län;83;Sölvesborg;9658;Biblioteket i Mjällby;0;0;0;0;0;106;0;132;0;0;0;0;148;0;154;0;0;0;0;540
10;Blekinge län;83;Sölvesborg;9659;Norje Hembygdsgård (f d Tingshuset);0;0;0;0;0;0;68;0;40;0;0;0;0;73;0;96;0;0;0;277
12;Skåne län;14;Svalöv;11924;Stenestads bibliotek;0;0;0;0;0;0;0;0;0;0;0;0;0;0;0;0;0;0;54;54
12;Skåne län;14;Svalöv;12321;Billeberga Församlingshem;0;12;11;0;0;37;0;0;33;21;0;0;62;0;0;54;15;0;5;250
12;Skåne län;14;Svalöv;13695;Fridhems Folkhögskola;0;0;0;0;0;0;0;0;0;0;0;0;0;78;0;0;38;0;0;116
12;Skåne län;14;Svalöv;14559;Heleneborgsskolan;0;0;0;0;0;0;0;0;0;0;0;0;0;0;0;0;0;0;17;17
12;Skåne län;14;Svalöv;15057;Kommunhuset Svalöv;89;71;38;40;26;7;151;98;81;84;45;55;121;167;166;201;152;158;1;1751
12;Skåne län;14;Svalöv;15058;Teckomatorps Församlingshem;28;16;0;0;0;39;31;46;11;0;0;0;65;38;100;41;0;0;12;427
12;Skåne län;14;Svalöv;15864;Röstånga Turistinformation;0;14;0;28;0;0;20;0;26;0;27;0;0;41;0;33;0;78;0;267
12;Skåne län;14;Svalöv;8386;Kågeröds bibliotek;0;63;0;0;0;50;0;0;67;0;0;0;102;0;0;173;0;0;8;463
12;Skåne län;14;Svalöv;8387;Röstånga bibliotek;0;0;0;0;0;0;0;0;0;0;0;0;0;0;0;0;0;0;4;4
12;Skåne län;14;Svalöv;8389;Tågarps Församlingshem;17;0;0;0;0;15;0;41;0;0;0;0;9;0;48;0;0;0;100;230
12;Skåne län;30;Staffanstorp;6527;Magnoliagården;0;0;0;0;0;0;0;0;0;0;0;12;0;0;0;0;0;0;0;12
12;Skåne län;30;Staffanstorp;6528;Pilegården;0;0;0;0;0;0;0;0;0;0;0;8;0;0;0;0;0;0;0;8
12;Skåne län;30;Staffanstorp;6529;Klöverlyckan Centrumgården i Hjärup;0;0;0;0;0;0;0;0;0;0;0;1;0;0;0;0;0;0;0;1
12;Skåne län;30;Staffanstorp;9626;Rådhuset;143;181;162;67;71;183;212;252;223;234;95;131;343;437;433;487;529;328;108;4619
12;Skåne län;30;Staffanstorp;9627;Hjärups bibliotek;35;14;18;24;0;38;68;56;44;27;78;0;132;98;151;170;83;118;0;1154
12;Skåne län;31;Burlöv;13547;Arlövs bibliotek;93;88;97;67;0;100;109;113;71;109;102;0;290;197;264;256;200;300;0;2456
12;Skåne län;31;Burlöv;13548;Möllegården Kultur;50;44;42;0;101;0;60;68;54;75;0;203;0;117;121;93;120;0;0;1148
12;Skåne län;31;Burlöv;9988;Medborgarhuset;0;0;0;0;0;0;0;0;0;0;0;0;0;0;0;0;0;0;105;105
12;Skåne län;33;Vellinge;14250;Höllvikens bibliotek;229;177;124;0;0;287;250;263;244;186;0;0;430;445;465;593;313;0;0;4006
12;Skåne län;33;Vellinge;14251;Skanörs bibliotek;139;134;85;0;0;166;168;151;127;112;0;0;305;214;200;255;166;0;0;2222
12;Skåne län;33;Vellinge;14252;Västra Ingelstads bibliotek;12;24;10;0;0;20;21;26;13;18;0;0;49;69;63;27;42;0;0;394
12;Skåne län;33;Vellinge;9544;Vellinge kommunhuset;91;65;75;118;110;110;107;113;86;94;227;224;194;235;257;70;114;444;183;2917
12;Skåne län;56;Östra Göinge;10855;Sibbhults Bibliotek;0;0;0;0;0;0;0;0;0;0;0;0;0;90;0;101;0;0;0;191
12;Skåne län;56;Östra Göinge;15858;Kommunhuset, kundtjänst;0;0;0;0;0;0;0;0;0;0;0;0;0;0;0;0;0;0;41;41
12;Skåne län;56;Östra Göinge;8760;Broby Bibliotek;70;83;63;24;35;77;84;75;99;79;70;43;122;132;157;170;218;126;0;1727
12;Skåne län;56;Östra Göinge;8761;Glimåkra Bibliotek;0;0;0;0;0;0;0;0;0;0;0;0;163;0;98;0;0;0;0;261
12;Skåne län;56;Östra Göinge;8762;Hanaskogs Bibliotek;0;0;0;0;0;0;0;0;0;0;0;0;0;152;0;65;0;0;0;217
12;Skåne län;56;Östra Göinge;8763;Knislinge Bibliotek;0;0;0;0;0;0;0;0;0;0;0;0;0;147;0;293;0;0;0;440
12;Skåne län;57;Örkelljunga;10155;Huvudbiblioteket;118;104;134;44;24;140;115;160;95;160;73;25;158;230;239;253;367;145;0;2584
12;Skåne län;57;Örkelljunga;13044;Solberga/Solhaga;0;0;0;0;0;0;0;0;0;0;0;0;0;2;0;0;0;0;0;2
12;Skåne län;57;Örkelljunga;14752;Skolrestaurangen Gyllet;0;0;0;0;0;0;0;0;0;0;0;0;0;0;0;0;0;0;26;26
12;Skåne län;57;Örkelljunga;15398;Ambulerande röstmottagare;0;0;0;0;0;0;0;0;1;0;0;0;1;0;1;1;0;0;0;4
12;Skåne län;57;Örkelljunga;15848;Ljungaskogs Behandlingshem;0;0;0;0;0;0;0;0;0;0;0;0;0;5;0;0;0;0;0;5
12;Skåne län;57;Örkelljunga;6538;Servicehuset Södergården;0;0;0;0;0;0;0;0;0;0;0;0;0;18;0;0;0;0;0;18
12;Skåne län;57;Örkelljunga;6539;Servicehuset Tallgården;0;0;0;0;0;0;0;0;0;0;0;0;0;8;0;0;0;0;0;8
12;Skåne län;60;Bjuv;8859;2 - Biblioteket, Bjuv;50;37;0;0;0;89;69;77;43;68;36;0;116;74;132;87;116;133;0;1127
12;Skåne län;60;Bjuv;8860;3 - Biblioteket, Billesholm;16;17;0;0;0;59;70;49;47;0;0;0;55;102;32;80;0;0;0;527
12;Skåne län;60;Bjuv;8861;4 - Biblioteket, Ekeby;12;36;12;0;0;41;26;21;46;10;0;0;73;39;30;132;37;0;0;515
12;Skåne län;60;Bjuv;8862;1 - Kontaktcenter kommunalhuset;45;44;32;7;6;62;64;33;41;51;0;17;38;45;72;111;131;95;95;989
12;Skåne län;61;Kävlinge;13822;Dösjebroskolan, Dösjebro;0;0;0;0;0;0;65;0;0;0;0;0;0;92;0;0;0;0;0;157
12;Skåne län;61;Kävlinge;13827;Ligustern, Furulund;0;0;0;0;0;0;0;70;0;0;0;0;0;0;108;0;0;0;0;178
12;Skåne län;61;Kävlinge;13828;Skönadalsskolan, Hofterup;0;0;0;0;0;0;0;0;64;0;0;0;0;0;0;152;0;0;0;216
12;Skåne län;61;Kävlinge;8828;Löddeköpinge bibliotek;119;106;127;59;0;225;232;159;163;166;116;0;416;379;296;315;407;284;73;3642
12;Skåne län;61;Kävlinge;8831;Kommunhuset, Kävlinge;152;164;84;0;91;157;177;216;201;120;0;198;261;243;459;458;274;0;71;3326
12;Skåne län;62;Lomma;10053;Kommunhuset;117;129;119;76;51;127;223;131;127;124;142;167;210;380;187;240;265;290;81;3186
12;Skåne län;62;Lomma;10057;Biblioteket;55;79;88;41;43;135;123;161;106;139;100;97;250;208;237;246;291;248;84;2731
12;Skåne län;63;Svedala;10476;Klågerups bibliotek;10;0;0;0;0;0;0;0;0;0;0;0;33;86;16;51;0;0;0;196
12;Skåne län;63;Svedala;15833;Småskolan (Folkskolan);125;147;127;101;82;179;229;198;193;117;72;117;357;362;436;430;420;376;120;4188
12;Skåne län;63;Svedala;8587;Bara bibliotek;21;23;38;0;0;52;44;38;52;43;26;0;97;54;41;139;65;66;0;799
12;Skåne län;64;Skurup;12768;Skurups bibliotek;107;144;172;51;49;227;195;212;198;200;96;93;388;230;387;481;348;252;99;3929
12;Skåne län;65;Sjöbo;15631;Vollsjö skola, Vollsjö;14;0;0;0;0;29;15;35;0;0;0;0;24;31;96;0;0;0;0;244
12;Skåne län;65;Sjöbo;15632;Lövestad skola, Lövestad;0;21;0;0;0;44;0;0;37;0;0;0;56;0;0;53;0;0;0;211
12;Skåne län;65;Sjöbo;15634;Storkskolan, Blentarp;0;34;0;0;0;0;75;0;61;0;0;0;0;105;0;78;0;0;0;353
12;Skåne län;65;Sjöbo;9921;Biblioteket, Sjöbo;68;144;179;51;57;198;198;124;158;186;102;123;279;287;265;343;374;304;91;3531
12;Skåne län;66;Hörby;14744;Kommunhuset;101;106;125;58;38;166;191;168;158;196;88;76;249;339;347;369;475;280;128;3658
12;Skåne län;66;Hörby;14992;Husaren;0;0;0;0;0;0;90;0;0;0;0;0;0;0;0;0;0;0;0;90
12;Skåne län;67;Höör;14694;Hallaröds församlingshem;0;0;0;0;36;0;0;0;0;0;0;0;0;0;0;0;0;0;0;36
12;Skåne län;67;Höör;8614;Kommunhuset Höör;156;155;160;0;0;215;219;210;199;200;0;0;314;329;402;432;465;450;170;4076
12;Skåne län;67;Höör;8615;Tjörnarps biblioteksfilial;0;0;0;36;0;0;0;0;0;0;0;58;0;0;0;0;0;0;0;94
12;Skåne län;67;Höör;8617;Gudmundstorps skola;0;0;0;0;0;0;0;0;0;0;57;0;0;0;0;0;0;0;0;57
12;Skåne län;70;Tomelilla;13512;Odenslundsskolan, matsalen;0;0;0;0;0;0;50;0;0;0;0;0;0;48;0;0;0;0;0;98
12;Skåne län;70;Tomelilla;13513;Brösarps skola;0;0;0;0;0;59;0;0;77;0;0;0;89;0;0;129;0;0;0;354
12;Skåne län;70;Tomelilla;14055;Medborgarhuset, Smedstorp;0;0;0;0;0;0;0;27;0;0;0;0;0;0;59;0;0;0;0;86
12;Skåne län;70;Tomelilla;9809;Kommunhuset Tomelilla;71;47;81;63;60;94;113;117;114;123;109;92;206;395;234;498;314;236;82;3049
12;Skåne län;72;Bromölla;15126;Näsums bibliotek;0;20;0;18;0;22;0;0;36;0;30;0;26;0;0;101;0;33;0;286
12;Skåne län;72;Bromölla;9824;Kulturpunkten;170;190;195;122;65;223;238;246;233;249;123;94;313;370;395;434;464;277;125;4526
12;Skåne län;73;Osby;15857;Näringslivscenter;87;66;63;37;38;86;106;116;108;108;79;94;118;175;241;246;270;130;28;2196
12;Skåne län;73;Osby;6570;Bergfast Äldreboende;0;0;0;0;0;0;0;0;0;0;29;0;0;0;0;0;0;0;0;29
12;Skåne län;73;Osby;6571;Rönnebackens äldreboende;0;0;0;0;23;0;0;0;0;0;0;0;0;0;0;0;0;0;0;23
12;Skåne län;73;Osby;6572;Lindhems äldreboende;0;0;0;0;0;0;0;0;0;0;0;14;0;0;0;0;0;0;0;14
12;Skåne län;73;Osby;6573;Soldalens äldreboende;0;0;0;0;0;0;0;0;0;0;7;0;0;0;0;0;0;0;0;7
12;Skåne län;73;Osby;9806;Hemgården Killeberg;0;0;0;0;0;0;35;0;34;0;0;0;0;56;73;0;0;0;0;198
12;Skåne län;73;Osby;9807;Medborgarhuset Lönsboda;0;0;0;0;0;57;59;67;66;37;0;62;79;123;77;89;67;0;0;783
12;Skåne län;75;Perstorp;7956;Biblioteket i Perstorp;89;93;62;38;24;107;100;125;103;101;74;36;154;152;207;225;309;140;0;2139
12;Skåne län;75;Perstorp;9150;Centralskolan;0;0;0;0;0;0;0;0;0;0;0;0;0;0;0;0;0;0;28;28
12;Skåne län;76;Klippan;10000;Biblioteket i Östra Ljungby;6;27;0;0;0;35;0;24;37;0;0;0;64;0;48;77;0;0;0;318
12;Skåne län;76;Klippan;15464;Kommunhuset i Klippan;50;56;40;0;0;77;77;66;62;43;0;0;76;85;71;127;98;3;109;1040
12;Skåne län;76;Klippan;9839;Biblioteket Klippan;39;87;37;55;62;73;101;81;83;82;94;100;137;193;110;253;131;240;0;1958
12;Skåne län;76;Klippan;9979;Biblioteket i Ljungbyhed;0;55;26;0;0;80;28;0;72;48;0;0;107;49;0;177;68;0;0;710
12;Skåne län;77;Åstorp;13573;Medborgarkontoret;68;105;97;35;31;122;116;99;149;108;64;67;161;153;162;237;215;307;152;2448
12;Skåne län;77;Åstorp;13636;Nyvångs bibliotek;0;3;0;0;0;14;0;0;14;0;0;0;2;0;0;47;0;0;0;80
12;Skåne län;77;Åstorp;13637;Astern;0;0;0;0;0;0;0;0;0;8;0;0;0;0;0;0;0;0;0;8
12;Skåne län;77;Åstorp;15836;Vuxenutbildningscentrum - KomVux;0;0;0;0;0;0;2;9;0;0;0;0;0;5;25;0;0;0;0;41
12;Skåne län;77;Åstorp;6576;Backsippan;0;0;0;0;0;0;0;0;0;13;0;0;0;0;0;0;0;0;0;13
12;Skåne län;77;Åstorp;6578;Rönnåsen;0;0;0;0;0;0;0;0;0;0;0;0;0;0;0;0;19;0;0;19
12;Skåne län;77;Åstorp;6579;Vidåsen;0;0;0;0;0;0;0;0;0;0;0;0;0;0;0;0;14;0;0;14
12;Skåne län;77;Åstorp;9805;Kvidinge bibliotek;0;26;0;0;0;0;46;0;53;0;0;0;0;170;0;41;0;0;0;336
12;Skåne län;77;Åstorp;9810;Hyllinge bibliotek;8;0;0;0;0;36;0;34;0;0;0;0;93;0;29;0;0;0;0;200
12;Skåne län;78;Båstad;14716;ICA GREVIE;0;0;19;82;0;0;0;0;0;66;70;0;0;0;0;0;125;0;0;362
12;Skåne län;78;Båstad;15570;Båstads järnvägsstation;0;0;0;0;0;38;0;54;0;0;0;0;58;0;71;0;80;0;0;301
12;Skåne län;78;Båstad;15786;Almgården;0;0;0;0;0;0;0;0;0;0;0;8;0;0;0;0;0;0;0;8
12;Skåne län;78;Båstad;6580;Åsliden;0;0;0;0;0;0;0;0;0;0;0;8;0;0;0;0;0;0;0;8
12;Skåne län;78;Båstad;6581;Vårliden;0;0;0;0;0;0;0;0;0;0;0;10;0;0;0;0;0;0;0;10
12;Skåne län;78;Båstad;6582;Skogsliden;0;0;0;0;0;0;0;0;0;0;0;20;0;0;0;0;0;0;0;20
12;Skåne län;78;Båstad;6583;Bjärehemmet;0;0;0;0;0;0;0;0;0;0;0;13;0;0;0;0;0;0;0;13
12;Skåne län;78;Båstad;6585;Ängahällan;0;0;0;0;0;0;0;0;0;0;0;11;0;0;0;0;0;0;0;11
12;Skåne län;78;Båstad;8746;Kommunkontoret;149;136;127;46;74;123;153;134;124;178;80;95;202;252;219;278;316;237;0;2923
12;Skåne län;78;Båstad;8747;Förslövs bygdegård;0;50;0;71;0;55;0;64;0;57;49;0;89;0;129;0;101;86;0;751
12;Skåne län;78;Båstad;8748;Torekovs bibliotek;0;0;0;0;0;76;0;51;0;84;0;0;89;0;39;0;65;0;0;404
12;Skåne län;80;Malmö;10355;Marietorp;0;14;0;0;0;0;0;0;0;0;0;0;0;0;0;0;0;0;0;14
12;Skåne län;80;Malmö;10356;Jylland;0;0;26;0;0;0;0;0;0;0;0;0;0;0;0;0;0;0;0;26
12;Skåne län;80;Malmö;10362;Storskarven;0;0;0;0;0;0;0;0;0;25;0;0;0;0;0;0;0;0;0;25
12;Skåne län;80;Malmö;10363;Vittlingen;0;0;15;0;0;0;0;0;0;0;0;0;0;0;0;0;0;0;0;15
12;Skåne län;80;Malmö;10364;Rönnbäret;0;0;0;0;0;0;0;0;0;0;0;0;0;33;0;0;0;0;0;33
12;Skåne län;80;Malmö;10365;Hyllie Park;0;0;0;0;0;0;0;0;0;0;0;0;0;0;0;0;0;0;0;0
12;Skåne län;80;Malmö;11035;Biblioteket i Garaget;47;53;40;0;9;29;54;69;39;40;0;47;55;136;82;106;148;0;0;954
12;Skåne län;80;Malmö;11056;Stadsbiblioteket;163;173;122;118;138;153;203;198;234;179;198;248;329;264;466;454;384;553;0;4577
12;Skåne län;80;Malmö;11057;Bellevuegårdsbiblioteket;199;153;111;0;50;186;186;225;136;112;0;88;268;207;283;231;218;0;0;2653
12;Skåne län;80;Malmö;11666;Lekattens vårdboende;0;0;0;0;0;0;0;0;0;0;0;0;0;0;0;13;0;0;0;13
12;Skåne län;80;Malmö;11667;Sjöstjärnan;0;0;0;0;0;0;0;14;0;0;0;0;0;0;0;0;0;0;0;14
12;Skåne län;80;Malmö;11669;Nattsländan;0;0;0;0;0;0;0;10;0;0;0;0;0;0;0;0;0;0;0;10
12;Skåne län;80;Malmö;12327;Vårdboendet Heleneholm;0;12;0;0;0;0;0;0;0;0;0;0;0;0;0;0;0;0;0;12
12;Skåne län;80;Malmö;12328;Fosietorp;0;0;8;0;0;0;0;0;0;0;0;0;0;0;0;0;0;0;0;8
12;Skåne län;80;Malmö;12331;Danska vägen 16a och 16c;0;0;0;0;0;0;0;0;0;25;0;0;0;0;0;0;0;0;0;25
12;Skåne län;80;Malmö;12335;SUS;0;0;0;0;0;0;0;0;0;0;0;0;0;0;0;32;0;0;0;32
12;Skåne län;80;Malmö;12336;Lindängelund;0;0;0;0;0;0;0;0;0;0;0;0;0;0;0;0;0;0;0;0
12;Skåne län;80;Malmö;12339;Vårdboendet Rosenholm;0;0;0;0;0;0;14;0;0;0;0;0;0;0;0;0;0;0;0;14
12;Skåne län;80;Malmö;12340;Lindängenbiblioteket;101;104;121;33;104;247;136;88;59;85;43;0;166;195;118;173;207;122;0;2102
12;Skåne län;80;Malmö;12823;Segevångsgården;0;0;0;0;0;0;0;0;0;0;0;0;0;0;30;0;0;0;0;30
12;Skåne län;80;Malmö;13737;Havsuttern;0;0;0;0;0;0;0;0;0;0;0;0;0;0;0;17;0;0;0;17
12;Skåne län;80;Malmö;14392;Kockum Fritid;83;71;79;89;96;62;86;83;74;112;123;223;139;157;203;211;301;471;0;2663
12;Skåne län;80;Malmö;14393;Kv. Caroli;133;150;137;125;145;158;203;177;159;208;206;262;300;364;487;598;648;761;0;5221
12;Skåne län;80;Malmö;14394;Malmö universitet;21;17;19;0;0;22;30;22;37;32;0;0;98;107;123;211;269;0;0;1008
12;Skåne län;80;Malmö;14465;Vårdboendet Husiegård;0;0;0;0;0;0;0;0;0;0;0;0;0;19;0;0;0;0;0;19
12;Skåne län;80;Malmö;14466;Vårdboendet Päronskogen;0;0;0;0;0;0;29;0;0;0;0;0;0;0;0;0;0;0;0;29
12;Skåne län;80;Malmö;14492;Vårdboendet Pildammsvägen 1 och 2;0;0;0;0;0;0;0;0;0;0;0;0;0;0;9;0;0;0;0;9
12;Skåne län;80;Malmö;14493;Vårdboendet Basen;13;0;0;0;0;0;0;0;0;0;0;0;0;0;0;0;0;0;0;13
12;Skåne län;80;Malmö;14494;Vårdboendet Dekoren 1 och 2;0;0;0;0;0;12;0;0;0;0;0;0;0;0;0;0;0;0;0;12
12;Skåne län;80;Malmö;14497;Vårdboendet Lindeborgs gård;0;0;15;0;0;0;0;0;0;0;0;0;0;0;0;0;0;0;0;15
12;Skåne län;80;Malmö;14498;Vårdboendet Bellisgården;0;0;0;0;0;0;0;0;0;11;0;0;0;0;0;0;0;0;0;11
12;Skåne län;80;Malmö;14499;Vårdboendet Hylliehemmet;0;0;0;0;0;0;0;0;0;0;0;0;13;0;0;0;0;0;0;13
12;Skåne län;80;Malmö;14500;Vårdboendet Annetorpsgården;0;0;0;0;0;0;0;0;0;0;0;0;0;11;0;0;0;0;0;11
12;Skåne län;80;Malmö;14501;Vårdboendet Stensjögatan 1 och 2;0;0;0;0;0;0;0;0;17;0;0;0;0;0;0;0;0;0;0;17
12;Skåne län;80;Malmö;14503;Vårdboendet Lotsgården;0;0;0;0;0;0;0;0;0;0;0;0;0;22;0;0;0;0;0;22
12;Skåne län;80;Malmö;14504;Victoria vårdboende;0;0;0;0;0;0;0;0;0;0;0;0;0;0;0;0;0;0;0;0
12;Skåne län;80;Malmö;14505;Vårdboendet Fosieborg;0;0;0;0;0;0;0;0;0;0;0;0;0;0;0;0;0;0;0;0
12;Skåne län;80;Malmö;14506;Malmö Centralstation;198;108;99;67;64;129;141;180;142;130;165;147;263;296;377;449;599;698;914;5166
12;Skåne län;80;Malmö;14508;Oxiebiblioteket;90;37;62;40;0;107;82;121;42;61;56;0;152;134;173;81;111;118;0;1467
12;Skåne län;80;Malmö;14510;Triangeln Köpcenter;263;244;226;364;285;265;339;395;359;417;489;577;578;727;927;1003;1233;1674;0;10365
12;Skåne län;80;Malmö;14925;Entré;181;199;185;165;165;208;247;217;211;201;249;297;307;420;477;616;760;1254;0;6359
12;Skåne län;80;Malmö;14926;Rosengårdsbiblioteket;204;139;206;82;0;206;248;248;146;185;95;0;323;288;387;289;456;270;0;3772
12;Skåne län;80;Malmö;14927;Emporia;236;202;277;305;321;247;271;306;328;332;532;662;463;522;686;747;1036;1249;0;8722
12;Skåne län;80;Malmö;14929;Drömmarnas hus;3;7;9;0;0;3;16;4;20;12;0;0;7;10;7;10;44;0;0;152
12;Skåne län;80;Malmö;14931;Limhamnsbiblioteket;300;320;312;139;0;288;383;320;285;310;244;0;518;613;400;561;672;399;0;6064
12;Skåne län;80;Malmö;15530;Mobilia 2;205;271;293;289;276;380;425;400;389;416;460;512;519;603;678;761;853;1124;0;8854
12;Skåne län;80;Malmö;15531;Mitt Möllan;119;107;136;147;103;98;159;166;123;147;233;167;235;273;401;437;549;824;0;4424
12;Skåne län;80;Malmö;15532;ICA MAXI Toftanäs;134;204;232;198;225;236;261;245;258;254;259;410;319;271;471;600;708;644;0;5929
12;Skåne län;80;Malmö;15534;Masten 2;31;19;20;0;0;9;39;16;22;32;0;0;33;77;54;50;78;0;0;480
12;Skåne län;80;Malmö;15535;Bunkeflostrands bibliotek;37;36;63;0;0;96;0;82;55;73;0;0;154;0;94;98;126;0;0;914
12;Skåne län;80;Malmö;15910;Kronprinsen;0;0;0;5;0;0;0;0;0;0;0;0;0;0;0;0;0;0;0;5
12;Skåne län;80;Malmö;15911;Kasper;0;0;0;0;0;0;0;0;0;0;0;0;0;0;0;0;0;0;0;0
12;Skåne län;80;Malmö;15912;Rönnblomsgatan 4b;0;0;0;0;0;0;0;0;0;0;0;0;0;0;18;0;0;0;0;18
12;Skåne län;80;Malmö;15913;Nobelgården;0;0;0;0;0;0;0;0;0;0;0;0;0;0;0;8;0;0;0;8
12;Skåne län;80;Malmö;15914;Café David;0;17;0;0;0;0;0;0;0;0;0;0;0;0;0;0;0;0;0;17
12;Skåne län;80;Malmö;15915;Funktionsstöd Västra Skrävlinge;0;0;0;0;0;0;0;0;0;0;0;0;0;0;0;0;0;0;0;0
12;Skåne län;80;Malmö;15916;Apelrosen;0;0;0;0;0;0;0;0;0;17;0;0;0;0;0;0;0;0;0;17
12;Skåne län;80;Malmö;15917;Blombuketten;0;0;0;0;0;0;0;0;0;0;0;0;17;0;0;0;0;0;0;17
12;Skåne län;80;Malmö;15918;Soltofta;0;0;0;0;0;0;0;0;0;0;0;0;0;20;0;0;0;0;0;20
12;Skåne län;80;Malmö;15919;Trevnaden;0;0;0;0;0;13;0;0;0;0;0;0;0;0;0;0;0;0;0;13
12;Skåne län;80;Malmö;15920;Styrkan;0;0;0;0;0;0;0;0;0;0;0;0;11;0;0;0;0;0;0;11
12;Skåne län;80;Malmö;15921;Stödhuset Bangatan;0;0;0;0;0;0;0;0;0;0;0;0;0;6;0;0;0;0;0;6
12;Skåne län;80;Malmö;15931;Kriminalvården Malmö;0;0;0;0;0;0;0;0;0;0;0;0;0;0;0;0;0;0;0;0
12;Skåne län;80;Malmö;15932;Kriminalvården Malmö;0;0;0;0;0;0;0;0;0;0;0;0;0;0;0;0;0;0;0;0
12;Skåne län;80;Malmö;15935;Vårdboendet Västergård;0;0;0;0;0;0;0;0;0;14;0;0;0;0;0;0;0;0;0;14
12;Skåne län;80;Malmö;6589;Tryggheten;0;0;11;0;0;0;0;0;0;0;0;0;0;0;0;0;0;0;0;11
12;Skåne län;80;Malmö;6592;Högsåkers vårdboende;0;0;0;0;0;0;0;0;0;18;0;0;0;0;0;0;0;0;0;18
12;Skåne län;80;Malmö;6593;Gyllebogårdens vårdboende;0;0;44;0;0;0;0;0;0;0;0;0;0;0;0;0;0;0;0;44
12;Skåne län;80;Malmö;6595;Basunen;9;0;0;0;0;0;0;0;0;0;0;0;0;0;0;0;0;0;0;9
12;Skåne län;80;Malmö;6601;Tygelsjögårdens vårdboende;0;0;0;0;0;0;0;0;23;0;0;0;0;0;0;0;0;0;0;23
12;Skåne län;80;Malmö;6602;Häktet;0;0;0;0;0;0;0;0;48;0;0;0;0;0;0;0;0;0;0;48
12;Skåne län;80;Malmö;6606;Blomstergården;0;0;0;0;0;0;0;0;0;0;0;0;10;0;0;0;0;0;0;10
12;Skåne län;80;Malmö;6607;Vishetens vårdboende;0;0;0;0;0;20;0;0;0;0;0;0;0;0;0;0;0;0;0;20
12;Skåne län;80;Malmö;6609;Fosieanstalten;0;0;0;0;0;0;0;0;0;0;0;0;0;0;0;0;65;0;0;65
12;Skåne län;80;Malmö;8809;Mobilia 1;101;111;123;142;145;120;154;175;204;214;196;224;288;316;359;475;471;1018;969;5805
12;Skåne län;80;Malmö;8844;Kirsebergsbiblioteket;77;47;49;0;48;56;58;39;34;33;0;81;71;64;92;66;88;0;0;903
12;Skåne län;80;Malmö;8846;Kronprinsen Köpcenter;382;345;345;235;275;315;386;374;286;383;357;411;532;668;697;822;868;1090;0;8771
12;Skåne län;80;Malmö;8849;Jägersro Center;204;275;311;254;251;305;398;329;330;375;355;339;397;558;528;711;755;825;0;7500
12;Skåne län;80;Malmö;8863;Stadshuset;119;119;129;0;0;99;114;113;73;129;0;0;146;202;199;213;316;0;727;2698
12;Skåne län;81;Lund;13776;Stadshallen;51;85;69;0;0;86;114;110;85;110;0;0;198;259;257;268;513;0;0;2205
12;Skåne län;81;Lund;14276;Holger Crafoords Ekonomicentrum;41;42;36;0;0;28;50;52;39;67;0;0;132;172;240;279;413;0;0;1591
12;Skåne län;81;Lund;15274;Torns församlingsgård;12;6;18;0;0;3;18;11;8;13;0;0;37;31;51;50;60;0;0;318
12;Skåne län;81;Lund;15275;Kommunhuset Kristallen;74;65;90;0;0;75;68;65;77;178;0;0;150;141;190;180;206;0;0;1559
12;Skåne län;81;Lund;15276;Nöbbelövs torg;40;34;48;0;0;59;47;66;55;57;0;0;172;180;122;152;208;0;0;1240
12;Skåne län;81;Lund;6622;Skånes universitetssjukhus, Lund;46;51;66;0;0;74;93;91;107;136;0;0;158;190;282;342;411;457;242;2746
12;Skåne län;81;Lund;7935;Stadsbiblioteket;240;247;258;252;240;280;321;371;271;374;465;505;615;706;903;988;1154;1076;683;9949
12;Skåne län;81;Lund;7936;Västers bibliotek;100;75;0;0;0;94;124;79;63;0;0;0;175;211;164;184;0;0;0;1269
12;Skåne län;81;Lund;7937;Klostergårdens bibliotek;65;84;48;0;0;67;137;88;64;77;0;0;136;294;166;242;206;0;0;1674
12;Skåne län;81;Lund;7938;Norra Fäladens bibliotek;68;83;46;0;0;112;70;100;109;85;0;0;224;146;193;344;270;0;0;1850
12;Skåne län;81;Lund;7939;Linero bibliotek;78;71;66;0;0;103;128;114;102;88;0;0;172;222;208;315;231;0;0;1898
12;Skåne län;81;Lund;7940;Dalby bibliotek;49;88;55;65;0;126;91;140;90;73;92;0;246;155;252;185;168;215;0;2090
12;Skåne län;81;Lund;7941;Genarps bibliotek;38;29;0;42;0;74;25;72;31;0;57;0;109;38;128;52;0;128;0;823
12;Skåne län;81;Lund;7942;Södra Sandby bibliotek;43;79;68;56;0;113;120;128;107;79;68;0;210;223;157;165;211;208;0;2035
12;Skåne län;81;Lund;7943;Veberöds bibliotek;54;63;48;33;0;72;83;78;83;51;76;0;105;206;97;236;183;172;0;1640
12;Skåne län;82;Landskrona;10835;Linc;20;21;18;0;0;23;24;33;16;33;0;0;46;31;50;48;98;0;0;461
12;Skåne län;82;Landskrona;14147;Uranienborgs skola;0;0;0;0;0;0;0;0;0;0;0;0;0;0;0;0;0;0;5;5
12;Skåne län;82;Landskrona;15579;Puls arena;20;9;7;33;39;4;19;20;23;6;35;97;60;68;68;114;0;163;0;785
12;Skåne län;82;Landskrona;15580;Kulturskolan;0;0;0;0;0;2;3;0;7;0;0;0;9;9;0;25;0;0;0;55
12;Skåne län;82;Landskrona;9065;Stadshuset;30;52;49;0;0;50;86;58;72;72;0;0;105;127;142;117;174;0;170;1304
12;Skåne län;82;Landskrona;9066;Stadsbiblioteket;217;140;125;123;0;86;195;175;124;130;195;0;272;289;294;303;348;385;0;3401
12;Skåne län;82;Landskrona;9067;Friskis & Svettis Landskrona;59;107;85;50;0;61;107;97;73;76;79;0;113;136;134;140;181;179;0;1677
12;Skåne län;82;Landskrona;9069;Glumslövs bibliotek;0;34;0;0;0;45;46;0;56;0;0;0;116;74;0;68;0;0;0;439
12;Skåne län;82;Landskrona;9070;Häljarps bibliotek;35;0;0;0;0;73;0;94;0;0;0;0;121;0;186;0;0;0;0;509
12;Skåne län;82;Landskrona;9071;Asmundtorps församlingshem;16;0;0;0;0;36;0;87;0;0;0;0;41;0;160;0;0;0;0;340
12;Skåne län;83;Helsingborg;12814;Stadsbiblioteket;217;199;206;102;72;154;218;283;174;243;176;138;427;443;483;556;627;309;0;5027
12;Skåne län;83;Helsingborg;12816;Helsingborgs lasarett;115;120;111;77;99;136;172;146;128;121;115;196;240;289;269;368;325;436;0;3463
12;Skåne län;83;Helsingborg;13707;Linneaträdgården;0;0;0;0;112;0;0;78;0;53;0;133;0;0;78;0;120;0;0;574
12;Skåne län;83;Helsingborg;13708;Kattarps sockenstuga;0;0;20;0;0;0;0;23;0;36;26;0;0;58;0;0;70;0;0;233
12;Skåne län;83;Helsingborg;13709;Adolfsberg Träffpunkt 56:an;61;0;0;43;0;38;0;80;0;0;64;0;0;0;166;0;0;172;0;624
12;Skåne län;83;Helsingborg;13710;Planteringen Träffpunkt Rosenknoppen;0;37;0;0;41;0;54;0;40;0;0;71;0;60;0;96;0;0;0;399
12;Skåne län;83;Helsingborg;13714;Tuvehagen;0;0;0;0;0;0;0;0;0;0;0;54;0;0;0;0;0;0;0;54
12;Skåne län;83;Helsingborg;13715;Romares stiftelse;0;0;0;0;0;0;0;33;0;0;0;0;0;0;0;0;0;0;0;33
12;Skåne län;83;Helsingborg;13716;Fullriggaren;0;0;0;0;0;0;0;0;0;0;32;0;0;0;0;0;0;0;0;32
12;Skåne län;83;Helsingborg;13718;Lussebäcksgården;0;0;0;0;0;0;0;0;28;0;0;0;0;0;0;0;0;0;0;28
12;Skåne län;83;Helsingborg;13719;Jordbodalen;0;0;0;0;0;0;0;30;0;0;0;0;0;0;0;0;0;0;0;30
12;Skåne län;83;Helsingborg;13720;Murteglet;0;0;0;0;0;0;0;21;0;0;0;0;0;0;0;0;0;0;0;21
12;Skåne län;83;Helsingborg;13721;Rangvallagården;0;0;0;0;0;0;0;0;0;0;10;0;0;0;0;0;0;0;0;10
12;Skåne län;83;Helsingborg;13723;Bergalidens vårdboende;0;0;0;0;0;0;0;0;0;0;0;31;0;0;0;0;0;0;0;31
12;Skåne län;83;Helsingborg;13724;Valltorp;0;0;0;0;0;0;0;20;0;0;0;0;0;0;0;0;0;0;0;20
12;Skåne län;83;Helsingborg;13725;Stattenahemmet;0;0;0;0;0;0;32;0;0;0;0;0;0;0;0;0;0;0;0;32
12;Skåne län;83;Helsingborg;13732;Valkansliet, Stadsbyggnadshuset;0;0;0;0;0;0;0;0;0;0;0;0;0;0;0;0;0;0;396;396
12;Skåne län;83;Helsingborg;13863;Kriminalvården, häktet;0;0;0;0;0;0;0;52;25;0;0;0;0;0;0;0;0;0;0;77
12;Skåne län;83;Helsingborg;14454;Bårslöv församlingsgård;0;0;0;41;0;0;0;63;0;53;33;0;48;0;88;0;67;147;0;540
12;Skåne län;83;Helsingborg;14455;Helsingborg kontaktcenter;166;163;100;81;0;107;149;146;136;129;126;0;243;263;252;298;274;289;11;2933
12;Skåne län;83;Helsingborg;14456;Laröd Helsingborgshem;41;0;0;0;68;0;69;0;46;0;0;147;0;0;0;136;0;158;0;665
12;Skåne län;83;Helsingborg;14457;Mörarp Helsingborgshem;0;39;0;0;22;0;0;56;0;0;25;0;0;0;0;70;0;56;0;268
12;Skåne län;83;Helsingborg;14458;Vallåkra bygdegård;0;35;0;0;0;0;26;0;36;0;0;36;0;29;0;27;0;0;0;189
12;Skåne län;83;Helsingborg;14459;Väla Centrum;218;256;335;280;290;327;335;307;327;368;349;401;473;530;553;576;769;697;0;7391
12;Skåne län;83;Helsingborg;14460;Dunkerska huset;0;0;0;0;0;0;20;0;0;0;0;0;0;0;0;0;0;0;0;20
12;Skåne län;83;Helsingborg;14461;Elinebo;0;0;0;0;0;0;0;33;0;0;0;0;0;0;0;0;0;0;0;33
12;Skåne län;83;Helsingborg;14462;Pålsjö park boende för äldre;0;0;0;0;0;0;0;0;27;0;0;0;0;0;0;0;0;0;0;27
12;Skåne län;83;Helsingborg;14463;Åbrädden;0;0;0;0;0;0;0;0;0;0;0;32;0;0;0;0;0;0;0;32
12;Skåne län;83;Helsingborg;14761;Bokliden vårdboende;0;0;0;0;0;0;0;0;0;0;18;0;0;0;0;0;0;0;0;18
12;Skåne län;83;Helsingborg;14762;Borgvalla vårdboende;0;0;0;0;0;0;0;0;0;0;21;0;0;0;0;0;0;0;0;21
12;Skåne län;83;Helsingborg;14763;Lundhagen vårdboende;0;0;0;0;0;0;10;0;0;0;0;0;0;0;0;0;0;0;0;10
12;Skåne län;83;Helsingborg;15589;Kungshults vårdboende;0;0;0;0;0;0;0;0;0;30;0;0;0;0;0;0;0;0;0;30
12;Skåne län;83;Helsingborg;9243;Drottninghögs bibliotek;98;95;48;0;0;81;68;83;46;83;0;0;143;84;86;123;143;0;0;1181
12;Skåne län;83;Helsingborg;9244;Elinebergs bibliotek;0;169;0;0;0;134;69;0;131;0;0;0;227;89;0;261;0;0;0;1080
12;Skåne län;83;Helsingborg;9246;Påarps bibliotek;0;0;83;0;0;0;125;0;0;108;0;0;0;160;0;0;120;0;0;596
12;Skåne län;83;Helsingborg;9247;Ringstorps bibliotek;138;124;128;0;0;141;163;175;93;135;0;0;232;220;296;182;235;0;0;2262
12;Skåne län;83;Helsingborg;9248;Rosengårdens bibliotek;74;0;47;0;0;64;0;136;0;52;0;0;133;0;163;0;99;0;0;768
12;Skåne län;83;Helsingborg;9249;Råå bibliotek;81;111;0;107;0;106;138;71;85;0;133;0;209;202;115;162;0;199;0;1719
12;Skåne län;83;Helsingborg;9251;Rydebäcks bibliotek;81;53;0;65;0;82;80;124;67;0;88;0;170;105;193;123;0;167;0;1398
12;Skåne län;83;Helsingborg;9252;Ödåkra bibliotek;0;32;0;31;0;31;31;0;16;0;37;0;52;33;0;60;0;94;0;417
12;Skåne län;83;Helsingborg;9254;Think Helsingborg;0;8;0;0;0;0;16;0;15;0;0;0;0;21;0;84;0;0;0;144
12;Skåne län;83;Helsingborg;9259;Arbetsförmedlingen;46;74;34;0;0;30;50;43;46;60;0;0;103;101;81;147;141;0;0;956
12;Skåne län;83;Helsingborg;9261;Väla Centrum 6;130;129;179;192;248;188;253;273;287;294;373;416;374;494;562;643;670;650;0;6355
12;Skåne län;84;Höganäs;13829;Mölle stationshus;0;0;0;0;0;0;0;106;0;0;0;0;0;106;0;0;0;0;0;212
12;Skåne län;84;Höganäs;15520;Revalyckans vårdboende;0;0;61;0;0;0;0;0;0;0;0;0;0;0;0;0;0;0;0;61
12;Skåne län;84;Höganäs;15521;Nyhamnsgårdens vårdboende;0;61;0;0;0;0;0;0;0;0;0;0;0;0;0;0;0;0;0;61
12;Skåne län;84;Höganäs;15893;Valbussen i Farhult;0;0;0;0;0;0;53;0;0;0;0;0;0;0;0;0;0;0;0;53
12;Skåne län;84;Höganäs;15894;Valbussen i Höganäs;16;0;0;0;0;0;0;0;0;0;0;0;0;0;0;0;0;0;0;16
12;Skåne län;84;Höganäs;15895;Valbussen i Mjöhult;0;0;38;0;0;0;0;0;0;0;0;0;0;0;0;0;0;0;0;38
12;Skåne län;84;Höganäs;15896;Valbussen i Arild;0;0;0;0;0;0;0;0;0;0;0;0;49;0;0;0;0;0;0;49
12;Skåne län;84;Höganäs;9027;Höganäs Stadshus;226;139;231;180;124;190;197;262;183;259;150;191;233;270;653;290;452;480;88;4798
12;Skåne län;84;Höganäs;9028;Biblioteket i Jonstorp;0;0;0;0;0;0;142;0;0;0;0;0;0;181;0;0;0;0;0;323
12;Skåne län;84;Höganäs;9029;Vikens hemgård;0;0;0;0;0;194;0;0;0;140;0;0;0;0;214;0;0;0;0;548
12;Skåne län;84;Höganäs;9030;Biblioteket i Nyhamnsläge;0;0;0;0;0;0;0;0;102;0;0;0;0;0;0;148;0;0;0;250
12;Skåne län;85;Eslöv;14339;Karlsrobadet;0;20;24;23;18;0;37;0;42;19;22;94;0;51;0;95;43;77;0;565
12;Skåne län;85;Eslöv;14999;Röstningsbod, Willys;34;38;34;27;35;0;0;51;58;43;59;92;0;0;131;71;188;309;0;1170
12;Skåne län;85;Eslöv;15629;Eslövshallen;10;13;4;0;0;17;22;9;16;8;0;0;28;30;32;53;45;0;0;287
12;Skåne län;85;Eslöv;15637;Områdeskontor Sallerup;17;17;31;0;0;15;13;16;15;19;0;0;39;25;45;45;74;0;0;371
12;Skåne län;85;Eslöv;9096;Stadshuset;24;23;51;0;0;67;59;47;31;31;0;0;60;96;49;113;87;2;0;740
12;Skåne län;85;Eslöv;9097;Stadsbiblioteket;143;154;146;106;0;200;217;213;169;185;129;0;315;350;364;428;413;325;231;4088
12;Skåne län;85;Eslöv;9098;Flyinge filialbibliotek;18;4;0;0;0;46;0;23;18;0;0;0;56;0;83;28;0;0;0;276
12;Skåne län;85;Eslöv;9099;Harlösa filialbibliotek;0;30;0;0;0;0;37;0;47;0;0;0;0;86;0;66;0;0;0;266
12;Skåne län;85;Eslöv;9100;Löberöds filialbibliotek;31;21;0;0;0;54;0;49;43;0;0;0;71;0;90;49;0;0;0;408
12;Skåne län;85;Eslöv;9101;Marieholms filialbibliotek;0;26;9;0;0;35;0;0;44;20;0;0;75;0;0;93;22;0;0;324
12;Skåne län;85;Eslöv;9102;Stehags filialbibliotek;0;38;0;0;0;26;0;0;44;0;0;0;66;0;0;89;0;0;0;263
12;Skåne län;86;Ystad;13789;Löderups Bibliotek;0;0;0;0;0;59;0;0;0;0;0;0;88;0;0;0;0;0;0;147
12;Skåne län;86;Ystad;13792;Svarte bibliotek;0;17;0;0;0;0;33;0;16;0;0;0;0;76;0;51;0;0;0;193
12;Skåne län;86;Ystad;15037;Kriminalvården anstalten Ystad;0;0;0;0;0;0;0;0;0;0;0;0;0;36;0;0;0;0;0;36
12;Skåne län;86;Ystad;15038;Boendet Ljuskällan;0;0;0;0;0;0;0;0;0;0;0;0;0;31;0;0;0;0;0;31
12;Skåne län;86;Ystad;15039;Särskilt boende Bellevue;0;0;0;0;0;0;0;0;0;0;0;0;0;25;0;0;0;0;0;25
12;Skåne län;86;Ystad;15040;Boendet Vigs Ängar;0;0;0;0;0;0;0;0;0;0;0;0;26;0;0;0;0;0;0;26
12;Skåne län;86;Ystad;15041;Boendet Löderupsgården;0;0;0;0;0;0;0;0;0;0;0;0;17;0;0;0;0;0;0;17
12;Skåne län;86;Ystad;15042;Lasarettet i Ystad;0;0;0;0;0;0;0;0;0;0;0;0;0;0;0;0;0;0;16;16
12;Skåne län;86;Ystad;15043;Väderleksvägens särskilda boende;0;0;0;0;0;0;0;0;0;0;0;0;0;52;0;0;0;0;0;52
12;Skåne län;86;Ystad;15050;Solbackens äldreboende;0;0;0;0;0;0;0;0;0;0;0;0;0;14;0;0;0;0;0;14
12;Skåne län;86;Ystad;15716;Glemmingebro medborgarhus;24;0;0;0;0;0;0;67;0;0;0;0;0;0;105;0;0;0;0;196
12;Skåne län;86;Ystad;15718;Köpingebro bibliotek;0;37;0;0;0;0;58;0;65;0;0;0;0;86;0;139;0;0;0;385
12;Skåne län;86;Ystad;15943;Svarte boende;0;0;0;0;0;0;0;0;0;0;0;0;9;0;0;0;0;0;0;9
12;Skåne län;86;Ystad;8798;Nya Rådhuset Ystad;296;322;374;183;145;334;402;348;351;466;269;206;584;636;691;774;856;470;106;7813
12;Skåne län;87;Trelleborg;11860;Willys;59;116;111;0;0;76;82;94;131;142;0;0;195;165;212;321;358;0;0;2062
12;Skåne län;87;Trelleborg;11861;CityGross;60;110;148;0;0;114;112;98;128;156;0;0;151;171;181;309;361;0;0;2099
12;Skåne län;87;Trelleborg;11862;ICA Maxi;73;122;111;0;0;84;72;114;142;146;0;0;106;128;150;251;316;0;0;1815
12;Skåne län;87;Trelleborg;15361;Algatan 5;36;36;24;20;49;44;60;52;34;49;55;120;87;76;119;126;129;179;191;1486
12;Skåne län;87;Trelleborg;15936;Ambulerande röstmottagare;0;0;2;0;0;3;0;9;1;2;0;0;0;3;20;29;6;0;1;76
12;Skåne län;87;Trelleborg;8928;Biblioteket;145;116;84;40;0;157;212;190;100;134;155;0;272;276;276;255;293;272;0;2977
12;Skåne län;87;Trelleborg;8930;Smygehem;33;32;48;0;0;51;35;40;42;57;0;0;47;79;53;67;74;0;0;658
12;Skåne län;87;Trelleborg;8931;Gröningens servicecentrum;33;22;25;0;0;56;27;31;43;34;0;0;53;79;44;88;87;0;0;622
12;Skåne län;90;Kristianstad;14738;Medborgarcenter, Rådhus Skåne;247;422;370;260;188;414;492;462;404;507;463;407;623;780;806;1004;1102;1036;655;10642
12;Skåne län;90;Kristianstad;15733;Tollarps Medborgarhus;0;0;0;0;0;0;0;0;0;0;0;0;0;0;400;359;299;0;0;1058
12;Skåne län;90;Kristianstad;9050;Arkelstorps bibliotek;0;0;0;0;0;0;0;130;86;0;0;0;0;0;181;119;0;0;0;516
12;Skåne län;90;Kristianstad;9051;Degeberga bibliotek;0;0;0;0;0;116;0;101;0;0;0;0;156;0;182;0;0;0;0;555
12;Skåne län;90;Kristianstad;9052;Everöds Bibliotek;0;0;0;0;0;0;0;0;93;0;0;0;0;0;0;122;0;0;0;215
12;Skåne län;90;Kristianstad;9053;Fjälkinge Bibliotek;0;0;0;0;0;79;72;0;0;0;0;0;140;161;0;0;0;0;0;452
12;Skåne län;90;Kristianstad;9054;Färlövs bibliotek;0;0;0;0;0;0;0;0;0;0;0;0;131;118;0;0;0;0;0;249
12;Skåne län;90;Kristianstad;9055;Gamlegårdens bibliotek;0;0;0;0;0;74;125;93;89;0;0;0;152;145;186;231;0;0;0;1095
12;Skåne län;90;Kristianstad;9058;Vä bibliotek;0;0;0;0;0;0;0;242;189;189;0;0;0;0;390;305;356;0;0;1671
12;Skåne län;90;Kristianstad;9059;Åhus bibliotek;109;179;170;0;0;255;237;221;229;263;0;0;365;395;436;438;514;0;0;3811
12;Skåne län;90;Kristianstad;9060;Önnestads bibliotek;0;0;0;0;0;0;0;0;91;0;0;0;0;0;0;157;0;0;0;248
12;Skåne län;90;Kristianstad;9061;Österängs bibliotek;0;0;0;0;0;86;70;0;0;0;0;0;133;157;137;0;0;0;0;583
12;Skåne län;91;Simrishamn;10076;Stadshuset i Simrishamn;166;203;224;86;0;184;257;196;244;307;144;0;277;333;241;395;347;241;199;4044
12;Skåne län;91;Simrishamn;10079;Borrby församlingshem;26;0;0;0;0;62;0;69;0;0;0;0;105;0;92;0;0;0;0;354
12;Skåne län;91;Simrishamn;10080;Gärsnäs allaktivitetshus;0;32;0;0;0;18;56;23;47;0;0;0;8;76;21;99;10;3;0;393
12;Skåne län;91;Simrishamn;10082;Hammenhögs skola;12;0;0;0;0;41;0;31;0;0;0;0;68;0;58;0;0;0;0;210
12;Skåne län;91;Simrishamn;10084;Kivik Äppelgården;0;47;0;0;0;0;72;0;52;0;0;0;0;106;0;152;0;0;0;429
12;Skåne län;91;Simrishamn;10093;Medborgarhuset i S:t Olof;0;30;0;0;0;0;36;0;38;0;0;0;77;0;74;0;0;0;0;255
12;Skåne län;91;Simrishamn;10094;Skillinge Skola;0;38;0;0;0;0;49;0;60;0;0;0;0;74;0;63;0;0;0;284
12;Skåne län;92;Ängelholm;11670;Munka-Ljungby bibliotek;68;74;0;55;0;82;81;117;78;0;67;0;197;146;179;218;0;201;0;1563
12;Skåne län;92;Ängelholm;14445;Strövelstorps bibliotek;0;27;0;0;0;29;0;0;41;0;0;0;57;0;0;79;0;0;0;233
12;Skåne län;92;Ängelholm;7971;Stadshuset;43;85;68;0;47;121;89;83;98;101;0;105;163;180;168;200;210;0;175;1936
12;Skåne län;92;Ängelholm;7972;Stadsbiblioteket;225;247;255;214;0;251;317;357;280;327;322;0;561;528;604;657;680;572;0;6397
12;Skåne län;92;Ängelholm;7974;Hjärnarps bibliotek;0;28;20;0;0;69;63;0;55;41;0;0;84;80;0;170;102;0;0;712
12;Skåne län;92;Ängelholm;7975;Vejbystrands bibliotek;33;37;0;41;0;66;86;46;59;0;63;0;92;145;96;132;0;134;0;1030
12;Skåne län;93;Hässleholm;12684;Hässleholms Stadshus;154;206;204;116;87;245;302;273;320;307;220;257;464;475;646;635;756;632;298;6597
12;Skåne län;93;Hässleholm;9316;Bjärnums bibliotek;0;44;43;0;0;60;55;0;43;53;0;0;104;136;0;101;128;0;0;767
12;Skåne län;93;Hässleholm;9317;Servicekontoret i Sösdala;11;37;0;0;0;62;28;36;78;0;0;0;80;41;50;138;0;0;0;561
12;Skåne län;93;Hässleholm;9319;Tyringe bibliotek;24;62;86;0;0;139;104;84;99;122;0;0;198;162;142;201;153;0;0;1576
12;Skåne län;93;Hässleholm;9320;Vinslövs bibliotek;33;71;53;0;0;119;67;73;120;61;0;0;170;109;77;260;133;0;0;1346
12;Skåne län;93;Hässleholm;9321;Servicekontoret i Hästveda;10;47;0;0;0;54;30;38;94;0;0;0;58;69;38;117;0;0;0;555
12;Skåne län;93;Hässleholm;9322;Servicekontoret i Vittsjö;11;35;24;0;0;23;48;15;47;23;0;0;45;72;48;126;64;0;0;581
13;Hallands län;15;Hylte;14205;Kontaktcenter i kommunhuset;35;75;45;16;24;92;89;100;76;75;60;44;158;138;151;201;158;172;105;1814
13;Hallands län;15;Hylte;15432;Bibliotektet i Unnaryd;0;11;0;0;0;24;0;0;46;0;0;0;58;0;0;90;0;0;0;229
13;Hallands län;15;Hylte;15433;Bibliotektet i Torup;0;30;0;0;0;52;0;0;94;0;0;0;76;0;0;129;0;0;0;381
13;Hallands län;15;Hylte;15940;Ambulerande röstmottagare, Hyltebruk;0;0;2;0;0;0;1;0;0;0;0;0;2;10;14;21;0;0;0;50
13;Hallands län;80;Halmstad;13026;Medborgarservice Andersberg;40;46;30;0;0;44;47;73;43;39;0;0;58;63;102;86;115;0;0;786
13;Hallands län;80;Halmstad;13042;Haverdalshallen;40;0;51;0;0;0;92;0;82;0;0;0;118;0;148;0;130;0;0;661
13;Hallands län;80;Halmstad;14913;Alla hjärtans hus;0;0;0;0;0;0;0;0;0;0;0;0;0;0;0;0;0;0;512;512
13;Hallands län;80;Halmstad;15096;Eldsberga Kommunalhus;0;31;0;0;0;0;46;0;53;0;31;0;0;56;0;81;0;0;0;298
13;Hallands län;80;Halmstad;15097;Halmstad Högskola;29;21;31;0;0;40;44;47;62;50;0;0;86;108;144;172;262;0;0;1096
13;Hallands län;80;Halmstad;8393;Stadsbiblioteket;196;226;210;185;0;263;295;312;307;327;338;0;672;663;762;914;934;1011;0;7615
13;Hallands län;80;Halmstad;8423;Fyllinge bibliotek;0;45;0;44;0;0;47;0;54;0;49;0;0;127;0;141;0;73;0;580
13;Hallands län;80;Halmstad;8429;Getinge bibliotek;0;40;28;0;0;0;83;0;102;44;0;0;0;140;0;157;49;0;0;643
13;Hallands län;80;Halmstad;8436;Gullbrandstorps skolbibliotek;28;0;0;66;0;34;0;65;0;0;105;0;88;0;133;0;0;119;0;638
13;Hallands län;80;Halmstad;8441;Harplinge bibliotek;0;38;0;0;0;46;33;0;80;0;0;0;83;31;0;124;0;0;0;435
13;Hallands län;80;Halmstad;8464;Oskarströms bibliotek;0;81;26;0;0;80;0;0;120;41;40;0;146;0;0;251;70;156;0;1011
13;Hallands län;80;Halmstad;8470;Simlångsdalens bibliotek;0;17;0;0;0;0;62;0;62;0;0;0;0;68;0;91;0;0;0;300
13;Hallands län;80;Halmstad;8471;Söndrums bibliotek;116;173;159;0;0;0;350;250;276;198;166;0;0;654;456;474;330;441;0;4043
13;Hallands län;80;Halmstad;8480;Trönninge Gamla skola/Gula Villan;21;0;0;37;0;0;0;51;0;0;0;0;69;0;120;0;0;55;0;353
13;Hallands län;80;Halmstad;8488;Vallås bibliotek;65;0;100;0;0;113;151;136;0;158;114;0;273;243;315;0;340;249;0;2257
13;Hallands län;80;Halmstad;8494;Hemvärnsgården i Åled;8;0;0;0;0;20;0;45;0;32;0;0;45;0;72;0;53;0;0;275
13;Hallands län;80;Halmstad;8507;Kvibille bibliotek;10;30;0;0;0;0;42;36;39;0;0;0;0;77;64;96;0;0;0;394
13;Hallands län;80;Halmstad;8513;Stenstorpshallen;22;0;22;0;0;0;33;0;28;0;0;0;51;0;62;0;58;0;0;276
13;Hallands län;80;Halmstad;8517;Holms bygdegård;6;0;0;6;0;5;0;15;0;0;27;0;38;0;31;0;0;0;0;128
13;Hallands län;80;Halmstad;9095;Rådhuset;139;173;153;80;118;180;175;309;242;365;127;280;373;415;436;445;449;439;0;4898
13;Hallands län;81;Laholm;9518;Medborgarservice, Stadshuset;58;84;103;0;0;101;113;112;107;124;0;0;160;203;222;241;294;0;164;2086
13;Hallands län;81;Laholm;9579;Mellby Center;51;116;127;124;104;129;134;136;239;212;196;239;195;295;323;357;413;568;0;3958
13;Hallands län;81;Laholm;9591;Knäreds bibliotek, Knäredsskolan;4;0;0;15;0;23;0;50;0;0;21;0;59;0;52;0;0;56;0;280
13;Hallands län;81;Laholm;9594;Veinge bibliotek, Veingeskolan;4;20;0;0;0;31;0;25;33;0;0;0;31;0;28;73;0;0;0;245
13;Hallands län;81;Laholm;9604;Våxtorps bibliotek, Våxtorpsskolan;0;7;0;0;0;39;18;0;37;0;0;0;47;22;0;86;0;0;0;256
13;Hallands län;81;Laholm;9703;Bokbussen;0;9;0;0;0;5;8;7;7;3;0;0;11;6;14;9;0;0;0;79
13;Hallands län;82;Falkenberg;13821;Falkenbergs huvudbibliotek;87;129;130;107;0;178;174;212;183;233;225;0;311;390;501;489;470;370;0;4189
13;Hallands län;82;Falkenberg;13826;Mobila biblioteket (Bokbussen);0;0;0;0;0;9;5;2;9;0;0;0;26;23;15;8;0;0;0;97
13;Hallands län;82;Falkenberg;15581;Sloalyckans samlingslokal;0;0;0;0;0;32;0;0;0;0;0;0;0;0;0;0;0;0;0;32
13;Hallands län;82;Falkenberg;15796;UNG FBG-bussen;0;0;0;0;0;0;22;0;0;11;30;0;8;28;0;0;0;0;0;99
13;Hallands län;82;Falkenberg;15887;Ullareds bibliotek;0;47;0;0;0;0;87;0;92;0;0;0;0;163;0;242;0;0;0;631
13;Hallands län;82;Falkenberg;9492;Stadshuset, Falkenberg;120;153;145;0;0;182;260;238;211;229;0;0;390;396;421;458;476;0;435;4114
13;Hallands län;82;Falkenberg;9573;Vessigebro Byggmarknad;0;31;20;18;0;0;29;0;48;54;28;0;0;65;0;77;83;72;0;525
13;Hallands län;82;Falkenberg;9574;Netto, Heberg;11;22;44;19;30;44;41;28;63;52;39;77;70;92;92;100;131;129;0;1084
13;Hallands län;83;Varberg;13605;Galleria Trädgården Varberg;201;146;171;146;86;170;242;252;201;241;261;172;300;405;448;467;587;656;0;5152
13;Hallands län;83;Varberg;13618;Peder Skrivares skola;0;0;0;0;0;0;0;0;0;0;0;0;23;18;28;25;4;0;0;98
13;Hallands län;83;Varberg;15835;Kungsängen;0;0;0;0;0;26;0;0;0;0;0;0;32;0;0;0;0;0;0;58
13;Hallands län;83;Varberg;9038;Bua bibliotek;50;54;59;0;0;95;64;98;57;63;0;0;127;64;208;130;86;0;0;1155
13;Hallands län;83;Varberg;9040;Rolfstorps bibliotek;2;7;0;0;0;15;15;10;14;0;0;0;38;13;28;32;0;0;0;174
13;Hallands län;83;Varberg;9041;Träslövsläge bibliotek;34;16;37;0;0;55;21;45;25;35;0;0;84;62;92;52;78;0;0;636
13;Hallands län;83;Varberg;9042;Tvååkers bibliotek;36;29;42;0;0;50;47;84;46;63;0;0;139;81;173;94;129;0;0;1013
13;Hallands län;83;Varberg;9043;Veddige bibliotek;24;41;24;0;0;61;55;36;32;33;0;0;108;100;48;91;86;0;0;739
13;Hallands län;83;Varberg;9044;Varbergs stadsbibliotek;319;281;268;185;149;320;357;305;292;376;305;288;480;616;687;737;878;647;0;7490
13;Hallands län;83;Varberg;9045;Skällinge skola;7;6;4;0;0;6;6;13;5;17;0;0;14;22;20;21;37;0;0;178
13;Hallands län;83;Varberg;9047;Kommunkansliets expedition;0;0;0;0;0;0;0;5;5;0;0;0;0;0;13;24;12;75;140;274
13;Hallands län;84;Kungsbacka;10755;Vickan äldreboende;0;0;0;0;0;0;0;0;0;0;0;26;0;0;0;0;0;0;0;26
13;Hallands län;84;Kungsbacka;10756;Onsala båt och Sjöfartsmuseum;68;95;85;0;0;81;100;133;123;110;0;0;144;193;234;263;245;0;0;1874
13;Hallands län;84;Kungsbacka;10757;Kungsmässan;411;508;509;498;513;504;690;633;673;659;726;760;832;1063;1235;1449;1633;1674;505;15475
13;Hallands län;84;Kungsbacka;10758;Älvsåkersskolan;9;6;8;0;0;7;13;7;19;18;0;0;14;25;26;50;38;0;0;240
13;Hallands län;84;Kungsbacka;13960;Elof Lindälvs gymnasium;0;0;0;0;0;0;0;0;0;0;0;0;0;0;25;14;0;0;0;39
13;Hallands län;84;Kungsbacka;13961;Aranäsgymnasiet;0;0;0;0;0;0;0;0;0;0;0;0;20;17;0;0;0;0;0;37
13;Hallands län;84;Kungsbacka;14431;Biblioteksbussen;1;3;4;0;0;4;4;4;7;0;0;0;12;3;8;10;9;0;0;69
13;Hallands län;84;Kungsbacka;14432;Blåvingevägen 33, Äldreboende;0;0;0;0;0;0;0;0;0;0;0;25;0;0;0;0;0;0;0;25
13;Hallands län;84;Kungsbacka;14433;Löftadalens Folkhögskola;0;0;0;0;0;0;0;0;0;0;0;0;0;0;59;0;0;0;0;59
13;Hallands län;84;Kungsbacka;6767;Kolla äldreboende;0;0;0;0;0;0;0;0;0;0;0;17;0;0;0;0;0;0;0;17
13;Hallands län;84;Kungsbacka;6768;Ekhaga äldreboende;0;0;0;0;0;0;0;0;0;0;0;20;0;0;0;0;0;0;0;20
13;Hallands län;84;Kungsbacka;6773;Signeshus, Äldreboende;0;0;0;0;0;0;0;0;0;0;0;30;0;0;0;0;0;0;0;30
13;Hallands län;84;Kungsbacka;6774;Bukärrsgården, Äldreboende;0;0;0;0;0;0;0;0;0;0;0;12;0;0;0;0;0;0;0;12
13;Hallands län;84;Kungsbacka;9265;Frillesåsskolan elevcafé;25;31;26;0;0;27;46;39;32;30;0;0;54;65;88;84;123;0;0;670
13;Hallands län;84;Kungsbacka;9269;Åsa Gårdsskola, biblioteket;43;52;42;0;0;57;50;58;59;51;0;0;139;112;126;174;158;0;0;1121
13;Hallands län;84;Kungsbacka;9270;Smedingeskolan;14;18;16;0;0;31;29;22;43;16;0;0;26;47;49;70;93;0;0;474
13;Hallands län;84;Kungsbacka;9271;Kungsbacka, Stadshuset;120;134;92;0;0;77;116;107;96;83;87;71;136;145;175;235;206;377;153;2410
13;Hallands län;84;Kungsbacka;9272;Toråsskolan, biblioteket;26;25;18;0;0;18;25;42;42;39;0;0;43;86;77;91;107;0;0;639
13;Hallands län;84;Kungsbacka;9274;Kullaviksskolan;25;115;0;0;0;136;0;112;193;0;0;0;269;0;364;319;0;0;0;1533
14;Västra Götalands län;01;Härryda;14593;Mölnlycke bibliotek;213;203;179;148;0;226;233;258;269;216;248;0;425;446;582;598;568;531;0;5343
14;Västra Götalands län;01;Härryda;14601;Hönekulla gård;0;0;0;0;0;0;0;0;0;0;0;20;0;0;0;0;0;0;0;20
14;Västra Götalands län;01;Härryda;6777;Rådahemmet;0;0;0;0;0;0;0;0;0;0;0;16;0;0;0;0;0;0;0;16
14;Västra Götalands län;01;Härryda;6779;Björkelid;0;0;0;0;0;0;0;0;0;0;0;28;0;0;0;0;0;0;0;28
14;Västra Götalands län;01;Härryda;6780;Bygården;0;0;0;0;0;0;0;0;0;0;0;13;0;0;0;0;0;0;0;13
14;Västra Götalands län;01;Härryda;7958;Kommunhuset;0;0;0;0;34;0;0;0;0;0;0;130;0;0;0;0;0;0;143;307
14;Västra Götalands län;01;Härryda;7959;Landvetters kulturhus;90;150;112;87;0;136;152;125;165;166;134;0;222;268;352;384;392;333;0;3268
14;Västra Götalands län;01;Härryda;7997;Hindås bibliotek;14;0;40;0;0;61;25;50;0;54;0;0;140;37;90;0;92;0;0;603
14;Västra Götalands län;01;Härryda;7998;Rävlanda bibliotek;19;42;19;0;0;12;36;30;49;12;0;0;31;99;38;120;54;0;0;561
14;Västra Götalands län;02;Partille;13510;Allum;210;305;323;278;336;305;407;353;407;394;435;533;591;652;663;765;824;736;0;8517
14;Västra Götalands län;02;Partille;8966;Kulturum;89;124;130;65;64;147;129;138;148;111;104;136;209;217;267;309;341;296;0;3024
14;Västra Götalands län;02;Partille;9026;Partille kommunhus;0;0;0;0;0;0;0;0;0;0;0;0;0;0;0;0;0;0;266;266
14;Västra Götalands län;07;Öckerö;10156;Öckerö bibliotek;117;151;101;77;35;163;174;173;166;158;135;66;306;313;352;352;338;309;71;3557
14;Västra Götalands län;07;Öckerö;10158;Västergårdsby;0;0;0;0;0;0;0;0;0;0;0;0;56;0;57;0;0;0;0;113
14;Västra Götalands län;07;Öckerö;10160;Coop Nära/Centrumlivs;0;0;0;0;0;0;0;0;0;0;0;0;18;19;21;5;17;0;0;80
14;Västra Götalands län;07;Öckerö;10161;ICA Nära Rörö Strandkassa;0;0;0;0;0;0;0;0;0;0;0;0;12;9;9;10;8;0;0;48
14;Västra Götalands län;07;Öckerö;12549;Solhöjdens äldreboende;0;0;0;0;0;0;0;0;0;0;0;41;0;0;0;0;0;0;0;41
14;Västra Götalands län;15;Stenungsund;15768;Hasselgården;12;0;0;0;0;0;33;16;0;0;0;0;0;27;60;0;0;0;0;148
14;Västra Götalands län;15;Stenungsund;8290;Stenungsunds kommunhus;70;91;76;0;0;103;97;102;84;58;0;0;107;147;145;223;160;0;0;1463
14;Västra Götalands län;15;Stenungsund;8291;Kulturhuset Fregatten;211;201;248;140;109;255;245;265;272;240;223;283;412;399;550;633;727;576;231;6220
14;Västra Götalands län;19;Tjörn;10108;Tjörns kommunkontor;174;186;131;42;92;175;209;185;255;178;133;164;247;305;373;289;379;311;96;3924
14;Västra Götalands län;19;Tjörn;10109;Åstols café;0;0;0;0;0;0;0;0;0;0;54;0;0;0;0;0;0;0;54;108
14;Västra Götalands län;19;Tjörn;10111;Klövedals församlingshem;0;0;0;0;0;0;0;0;0;0;0;0;0;0;0;55;0;0;0;55
14;Västra Götalands län;19;Tjörn;10112;Kållekärrs skola;0;0;0;0;0;0;0;0;0;0;0;0;0;0;0;116;0;0;0;116
14;Västra Götalands län;19;Tjörn;10113;Rönnäng skola;0;0;0;0;0;0;0;0;0;0;0;0;0;0;0;60;0;0;0;60
14;Västra Götalands län;19;Tjörn;10114;Myggenäs skola;0;0;0;0;0;0;0;0;0;0;0;0;0;0;0;127;0;0;0;127
14;Västra Götalands län;19;Tjörn;10115;Häggvallskolan;0;0;0;0;0;0;0;0;0;0;0;0;0;0;0;200;0;0;0;200
14;Västra Götalands län;19;Tjörn;13111;Dyröns EFS;0;0;0;0;0;0;0;0;0;0;45;0;0;0;0;0;0;0;85;130
14;Västra Götalands län;19;Tjörn;14104;Klädesholmens församlingshem;0;0;0;0;0;0;0;0;0;0;0;0;0;0;0;51;0;0;0;51
14;Västra Götalands län;21;Orust;12469;Mollösunds affär, Tempo;2;4;9;0;0;0;18;4;4;12;0;0;6;8;17;12;20;0;0;116
14;Västra Götalands län;21;Orust;14440;Käringöns Matbod;1;3;6;1;0;6;6;5;11;12;5;0;10;7;6;6;12;3;0;100
14;Västra Götalands län;21;Orust;9336;Kommunhuset, henån;60;81;88;40;37;103;134;129;144;142;60;52;198;251;246;268;361;275;54;2723
14;Västra Götalands län;21;Orust;9338;Biblioteket Svanesund;32;63;15;0;0;0;67;24;81;38;0;0;0;138;42;147;53;0;0;700
14;Västra Götalands län;21;Orust;9345;Biblioteket Ellös;29;26;38;0;0;0;60;46;80;52;0;0;0;112;71;105;64;0;0;683
14;Västra Götalands län;21;Orust;9346;Biblioteket Varekil;18;26;0;0;0;0;24;37;19;0;0;0;0;22;86;47;0;0;0;279
14;Västra Götalands län;21;Orust;9348;Biblioteket Gullholmen;0;0;0;7;0;0;0;0;0;0;18;0;0;0;0;0;0;20;0;45
14;Västra Götalands län;27;Sotenäs;13481;Askums församlingshem;0;0;0;0;0;0;0;0;0;0;0;0;0;0;0;0;0;0;43;43
14;Västra Götalands län;27;Sotenäs;13508;Hoglins magasin;0;0;0;0;0;0;0;0;0;0;0;0;0;0;0;0;0;0;31;31
14;Västra Götalands län;27;Sotenäs;14196;Kungshamn, Folkets Hus;61;64;68;62;48;95;98;95;100;73;66;60;167;149;159;168;176;131;0;1840
14;Västra Götalands län;27;Sotenäs;14374;Hunnebostrand, Folkets Hus;53;34;50;48;35;56;57;69;52;72;44;57;127;116;121;126;142;104;0;1363
14;Västra Götalands län;27;Sotenäs;6789;Hunnebostrand, Hunnebohemmet;0;0;0;0;0;0;0;0;0;0;0;0;0;0;0;16;0;0;0;16
14;Västra Götalands län;27;Sotenäs;6791;Kungshamn, Kvarnberget;0;0;0;0;0;0;0;0;0;0;0;0;0;0;40;0;0;0;0;40
14;Västra Götalands län;27;Sotenäs;8779;Smögen, Spruthuset;23;30;20;11;29;41;31;38;29;27;35;47;59;57;54;53;51;54;0;689
14;Västra Götalands län;27;Sotenäs;8782;Tumlaren, Väjern;0;0;0;0;0;0;0;0;0;0;0;0;0;0;0;0;0;0;108;108
14;Västra Götalands län;27;Sotenäs;8796;Biblioteket, Bohus-Malmön;0;0;0;0;0;0;0;0;0;0;0;0;0;0;0;0;0;0;111;111
14;Västra Götalands län;27;Sotenäs;8799;Bovallstrands skola;0;0;0;0;0;0;0;0;0;0;0;0;0;0;0;0;0;0;98;98
14;Västra Götalands län;30;Munkedal;8922;Biblioteket Munkedal;51;74;94;31;37;103;106;82;121;147;32;73;179;201;212;289;276;191;43;2342
14;Västra Götalands län;30;Munkedal;8923;Biblioteket Hällevadsholm;8;0;18;0;0;19;0;24;0;19;0;0;49;0;42;0;36;0;0;215
14;Västra Götalands län;30;Munkedal;8924;Biblioteket Dingle;0;11;0;0;0;23;26;0;24;0;0;0;30;74;0;58;0;0;0;246
14;Västra Götalands län;30;Munkedal;8925;Bygdegården Hedekas;10;0;5;0;0;14;0;33;0;22;0;0;40;0;50;0;20;0;0;194
14;Västra Götalands län;35;Tanum;10014;Kommunhuset Tanumshede;94;77;81;57;45;111;108;137;157;142;84;62;144;142;213;251;266;174;129;2474
14;Västra Götalands län;35;Tanum;12987;Skärgårdssalen;0;0;0;0;0;0;0;0;147;0;0;0;0;0;0;271;0;0;0;418
14;Västra Götalands län;35;Tanum;12988;Väderöarnas båtsällskap, Hamburgsund;0;0;0;0;0;0;153;0;0;0;0;0;223;0;0;0;0;0;0;376
14;Västra Götalands län;35;Tanum;9860;Fjällbacka service;0;0;0;0;0;135;0;0;0;0;0;0;168;0;0;0;0;0;0;303
14;Västra Götalands län;35;Tanum;9873;Östanvind Östad;0;0;0;0;0;0;0;37;0;0;0;0;0;0;79;0;0;0;0;116
14;Västra Götalands län;38;Dals-Ed;10228;Kommunhuset;38;50;55;11;5;45;84;66;108;91;20;17;92;112;114;227;178;46;30;1389
14;Västra Götalands län;38;Dals-Ed;14953;Linden;0;0;0;0;0;0;0;0;16;0;0;0;0;0;0;0;0;0;0;16
14;Västra Götalands län;38;Dals-Ed;15850;Håbol församlingshemmet;0;0;0;0;0;0;0;0;0;0;0;0;0;0;0;0;0;0;72;72
14;Västra Götalands län;38;Dals-Ed;15851;Nössemark församlingshemmet;0;0;0;0;0;0;0;0;0;0;0;0;0;0;0;0;0;0;46;46
14;Västra Götalands län;38;Dals-Ed;15852;Rölanda församlingshemmet;0;0;0;0;0;0;0;0;0;0;0;0;0;0;0;0;0;0;125;125
14;Västra Götalands län;38;Dals-Ed;15853;Töftedal församlingshemmet;0;0;0;0;0;0;0;0;0;0;0;0;0;0;0;0;0;0;77;77
14;Västra Götalands län;38;Dals-Ed;6795;Edsgärdets sjukhem;0;0;0;0;0;0;0;0;14;0;0;0;0;0;0;0;0;0;0;14
14;Västra Götalands län;38;Dals-Ed;6796;Hagalid Servicehus;0;0;0;0;0;0;0;0;10;0;0;0;0;0;0;0;0;0;0;10
14;Västra Götalands län;39;Färgelanda;14210;Högsäters bygdegård;10;21;0;0;0;21;26;13;18;0;0;0;32;30;32;39;0;0;0;242
14;Västra Götalands län;39;Färgelanda;8129;Centrumhuset;44;74;60;29;45;99;73;104;92;102;36;28;119;153;199;164;217;140;36;1814
14;Västra Götalands län;40;Ale;11884;Kontaktcenter Kommunhus Nödinge;93;121;111;63;44;137;160;174;152;136;108;120;213;270;289;352;378;335;140;3396
14;Västra Götalands län;40;Ale;13400;Skepplanda bibliotek;0;73;0;0;0;0;0;0;134;0;0;0;163;93;0;129;128;0;0;720
14;Västra Götalands län;40;Ale;13625;Medborgarhuset, Alafors;0;0;0;0;0;0;0;0;0;0;0;0;76;51;0;140;89;0;0;356
14;Västra Götalands län;40;Ale;14770;Bohus Servicehus;46;54;40;0;0;60;56;49;48;58;0;0;84;81;96;107;122;0;0;901
14;Västra Götalands län;40;Ale;14771;Älvängens bibliotek;81;78;87;0;0;114;123;119;121;108;0;0;144;218;274;262;308;0;0;2037
14;Västra Götalands län;40;Ale;15901;Surte bibliotek;0;0;59;0;0;0;0;0;0;87;0;0;112;42;0;83;117;0;0;500
14;Västra Götalands län;41;Lerum;12442;Tollereds bibliotek;0;0;0;0;0;30;0;0;0;0;0;0;39;0;0;0;0;0;0;69
14;Västra Götalands län;41;Lerum;12443;Sjövik bibliotek;0;0;0;0;0;0;58;0;0;0;0;0;0;85;0;0;0;0;0;143
14;Västra Götalands län;41;Lerum;8143;Kundcenter KomIn, kommunhuset;219;250;220;94;75;255;258;302;268;349;164;224;405;421;533;692;802;592;170;6293
14;Västra Götalands län;41;Lerum;8146;Floda bibliotek;63;123;0;0;0;166;142;79;178;0;0;0;236;267;108;338;0;0;0;1700
14;Västra Götalands län;41;Lerum;8147;Gråbo bibliotek;59;155;73;0;0;148;123;77;150;92;0;0;200;233;129;342;188;0;0;1969
14;Västra Götalands län;42;Vårgårda;15823;Vårgårda kommun, receptionen;59;95;61;43;35;144;126;121;140;85;65;61;184;217;296;290;150;206;102;2480
14;Västra Götalands län;43;Bollebygd;14294;Förtidsröstningslokal;59;93;98;0;0;76;120;101;143;154;74;0;131;170;191;331;315;189;0;2245
14;Västra Götalands län;43;Bollebygd;14951;Förtidsröstningslokal Bollegården;0;0;0;0;0;0;0;0;0;0;0;108;0;0;0;0;0;0;0;108
14;Västra Götalands län;43;Bollebygd;15719;Förtidsröstningslokal Töllsjö;0;0;0;44;0;0;0;0;0;0;0;0;0;0;0;0;0;0;0;44
14;Västra Götalands län;43;Bollebygd;15720;Förtidsröstningslokal Olsfors;0;0;0;0;40;0;0;0;0;0;0;0;0;0;0;0;0;0;0;40
14;Västra Götalands län;43;Bollebygd;15721;Förtidsröstningslokal Bollebygdskola;0;0;0;0;0;0;0;0;0;0;0;0;0;0;0;0;0;0;26;26
14;Västra Götalands län;44;Grästorp;10251;Kommunens Hus, Restaurangen;0;0;0;0;0;0;0;0;0;0;0;0;0;0;0;0;0;0;5;5
14;Västra Götalands län;44;Grästorp;9696;Kommunens Hus, Medborgarkontoret;47;70;50;36;15;94;74;69;139;95;36;53;170;141;105;353;213;199;0;1959
14;Västra Götalands län;45;Essunga;13812;Essunga Folkbibliotek;67;81;50;21;22;94;102;54;106;54;31;33;132;145;90;199;85;120;34;1520
14;Västra Götalands län;45;Essunga;6813;Kerstinsås;0;0;0;0;0;0;0;0;0;0;38;0;0;0;0;0;0;0;0;38
14;Västra Götalands län;46;Karlsborg;10250;Karlsborgs kommunhus, receptionen;85;77;68;28;19;110;98;88;132;99;52;40;147;145;166;321;193;150;45;2063
14;Västra Götalands län;47;Gullspång;10286;Gullspångs Bibliotek;35;45;51;14;0;61;50;67;75;57;0;34;76;99;136;132;134;54;0;1120
14;Västra Götalands län;47;Gullspång;9619;Hova bibliotek;9;31;18;0;19;52;0;82;68;40;16;0;94;0;142;75;81;0;23;750
14;Västra Götalands län;52;Tranemo;12101;Ljungsarps bygdegård;0;0;0;0;0;0;0;0;0;0;0;0;0;0;0;154;0;0;1;155
14;Västra Götalands län;52;Tranemo;13016;Tranemo Gymnasieskola;0;0;0;0;0;0;0;0;0;0;0;0;0;0;17;0;0;0;0;17
14;Västra Götalands län;52;Tranemo;13668;Uddebo Fritidsgård;0;0;0;0;0;0;0;0;0;0;0;0;0;0;0;57;0;0;0;57
14;Västra Götalands län;52;Tranemo;13671;Bygdegården Månstad;0;0;0;0;0;0;0;0;0;0;0;0;0;0;0;157;0;0;0;157
14;Västra Götalands län;52;Tranemo;14038;Tranemo bibliotek;16;45;37;17;0;60;67;66;64;60;22;0;77;94;107;155;116;98;0;1101
14;Västra Götalands län;52;Tranemo;14039;Nittorps Bygdegård;0;0;0;0;0;0;0;0;0;0;0;0;0;0;0;164;0;0;0;164
14;Västra Götalands län;52;Tranemo;14204;Sjötofta skola;0;0;0;0;0;0;0;0;0;0;0;0;0;0;0;83;0;0;0;83
14;Västra Götalands län;52;Tranemo;14717;Grimsås bygdegård;0;0;0;0;0;0;38;0;0;0;0;0;0;27;0;0;0;0;0;65
14;Västra Götalands län;52;Tranemo;14718;Bokbussen;6;1;0;0;0;2;4;7;14;0;0;0;9;5;9;7;0;0;0;64
14;Västra Götalands län;52;Tranemo;9588;Kommunhuset;31;40;43;0;32;40;47;45;41;28;23;24;31;68;50;56;54;0;34;687
14;Västra Götalands län;52;Tranemo;9608;Länghems Trygghetsboende;0;0;0;0;0;51;0;0;0;0;0;0;0;0;0;94;0;0;0;145
14;Västra Götalands län;52;Tranemo;9609;Hjälmå;0;0;0;0;0;0;34;0;0;0;0;0;0;61;0;0;0;0;0;95
14;Västra Götalands län;52;Tranemo;9614;Glimringe;0;0;0;0;0;69;0;0;0;0;0;0;0;0;0;32;0;0;0;101
14;Västra Götalands län;60;Bengtsfors;10043;Biblioteket Bäckefors;34;0;0;0;0;20;0;40;0;0;0;0;39;0;76;0;0;0;0;209
14;Västra Götalands län;60;Bengtsfors;10044;Biblioteket Dals Långed;28;40;22;0;0;28;19;27;36;17;0;0;49;67;68;101;70;0;0;572
14;Västra Götalands län;60;Bengtsfors;12979;Årbols skola;0;0;0;0;0;0;0;0;0;0;0;0;0;0;0;0;0;0;58;58
14;Västra Götalands län;60;Bengtsfors;12980;Folkets hus Gustavsfors;0;10;0;0;0;0;14;0;10;0;0;0;0;11;0;32;0;0;56;133
14;Västra Götalands län;60;Bengtsfors;12982;Torrskogs stom bygdegård;0;0;0;0;0;0;0;0;0;0;0;0;0;0;0;0;0;0;66;66
14;Västra Götalands län;60;Bengtsfors;12983;Skåpafors skola;0;0;0;0;0;0;0;0;0;0;0;0;0;0;0;0;0;0;60;60
14;Västra Götalands län;60;Bengtsfors;12985;Steneby Bygdegård;0;0;0;0;0;0;0;0;0;0;0;0;0;0;0;0;0;0;76;76
14;Västra Götalands län;60;Bengtsfors;12986;Bygdegården Ödskölt;0;0;0;0;0;0;0;0;0;0;0;0;0;0;0;0;0;0;40;40
14;Västra Götalands län;60;Bengtsfors;14112;Biblioteket Bengtsfors;44;89;99;39;14;122;124;98;123;106;46;39;159;211;156;232;233;156;58;2148
14;Västra Götalands län;60;Bengtsfors;15846;Banvaktarstugan Billingsfors;18;0;0;0;0;21;0;45;0;0;0;0;31;0;53;0;0;0;0;168
14;Västra Götalands län;61;Mellerud;6827;Bergs särskilda boende;0;0;0;0;0;0;0;0;0;0;0;7;0;0;0;0;0;0;0;7
14;Västra Götalands län;61;Mellerud;6828;Servicehuset Älvan;0;0;0;0;0;0;0;0;0;0;0;7;0;0;0;0;0;0;0;7
14;Västra Götalands län;61;Mellerud;6829;Karolinen;0;0;0;0;0;0;0;0;0;0;0;10;0;0;0;0;0;0;0;10
14;Västra Götalands län;61;Mellerud;6830;Skållerudshemmet;0;0;0;0;0;0;0;0;0;0;0;26;0;0;0;0;0;0;0;26
14;Västra Götalands län;61;Mellerud;6831;Kroppefjällshemmet;0;0;0;0;0;0;0;0;0;0;0;7;0;0;0;0;0;0;0;7
14;Västra Götalands län;61;Mellerud;6832;Fagerlidshemmet;0;0;0;0;0;0;0;0;0;0;0;36;0;0;0;0;0;0;0;36
14;Västra Götalands län;61;Mellerud;8307;Medborgarkontoret;91;106;107;40;0;151;125;126;147;132;60;27;196;219;206;281;299;129;98;2540
14;Västra Götalands län;62;Lilla Edet;12969;Lödöse Museum;0;0;0;0;0;0;116;0;107;0;0;0;0;146;0;155;0;120;0;644
14;Västra Götalands län;62;Lilla Edet;9700;Kommunhuset Lilla Edet;91;114;103;70;43;152;119;100;114;110;64;58;188;229;238;255;365;178;42;2633
14;Västra Götalands län;63;Mark;10345;Rydals Museum;0;0;0;0;0;0;0;0;0;0;0;0;0;0;0;0;0;0;58;58
14;Västra Götalands län;63;Mark;10346;Karstorps Naturförskola;0;0;0;0;0;0;0;0;0;0;0;0;0;0;0;0;0;0;63;63
14;Västra Götalands län;63;Mark;10347;Älekulla Bygdegård;0;0;0;0;0;0;0;0;0;0;0;0;0;0;0;0;0;0;155;155
14;Västra Götalands län;63;Mark;13168;Kunskapens hus;12;3;8;0;0;8;15;12;12;13;0;0;12;21;27;38;60;0;0;241
14;Västra Götalands län;63;Mark;14066;Öxabäckskolan;0;0;0;0;0;0;0;0;0;0;0;0;0;0;0;0;0;0;301;301
14;Västra Götalands län;63;Mark;14108;Hajomskolan;0;0;0;0;0;0;0;0;0;0;0;0;0;0;0;0;0;0;190;190
14;Västra Götalands län;63;Mark;14109;Björketorpskolan;0;0;0;0;0;0;0;0;0;0;0;0;0;0;0;0;0;0;175;175
14;Västra Götalands län;63;Mark;14110;Istorps församlingshem;0;0;0;0;0;0;0;0;0;0;0;0;0;0;0;0;0;0;80;80
14;Västra Götalands län;63;Mark;14234;Kommunhuset Kinnaborgssalen;0;0;0;0;22;0;0;0;0;0;0;50;0;0;0;0;0;0;113;185
14;Västra Götalands län;63;Mark;8157;Skene bibliotek;93;110;83;0;0;163;147;144;87;137;0;0;219;240;289;184;252;0;0;2148
14;Västra Götalands län;63;Mark;8158;Horreds bibliotek;27;36;0;0;0;133;0;35;47;0;0;0;172;0;63;73;0;0;0;586
14;Västra Götalands län;63;Mark;8159;Fritsla bibliotek;0;60;0;0;0;55;0;0;116;0;0;0;102;0;0;214;0;0;0;547
14;Västra Götalands län;63;Mark;8160;Sätila bibliotek;26;33;0;0;0;112;0;75;45;0;0;0;182;0;131;72;0;0;0;676
14;Västra Götalands län;63;Mark;8162;Huvudbiblioteket Kinna;155;189;181;100;0;239;242;240;256;283;179;0;369;387;411;574;633;385;0;4823
14;Västra Götalands län;65;Svenljunga;14749;Hillareds skola;0;0;0;0;0;0;0;0;0;0;0;0;0;0;0;0;0;0;232;232
14;Västra Götalands län;65;Svenljunga;14751;Örsåsgården;0;0;0;0;0;0;0;0;0;0;0;0;0;0;0;0;0;0;116;116
14;Västra Götalands län;65;Svenljunga;6845;Klockaregården;0;0;0;0;0;0;0;0;0;0;0;14;0;0;0;0;0;0;0;14
14;Västra Götalands län;65;Svenljunga;6846;Lysjölid;0;0;0;0;0;0;0;0;0;0;0;9;0;0;0;0;0;0;0;9
14;Västra Götalands län;65;Svenljunga;6848;Östrabo;0;0;0;0;0;0;0;0;0;0;0;3;0;0;0;0;0;0;0;3
14;Västra Götalands län;65;Svenljunga;8195;Holsljunga Idrottshall;0;0;0;0;0;0;0;0;0;0;0;0;0;0;0;0;0;0;167;167
14;Västra Götalands län;65;Svenljunga;8196;Kalvs Bygdegård;0;0;0;0;0;0;0;0;0;0;0;0;0;0;0;0;0;0;128;128
14;Västra Götalands län;65;Svenljunga;8197;Håcksviks Bygdegård;0;0;0;0;0;0;0;0;0;0;0;0;0;0;0;0;0;0;128;128
14;Västra Götalands län;65;Svenljunga;8198;Mårdaklevs Skola;0;0;0;0;0;0;0;0;0;0;0;0;0;0;0;0;0;0;95;95
14;Västra Götalands län;65;Svenljunga;8898;Svenljunga huvudbibliotek;115;129;83;27;10;110;165;136;148;122;52;16;174;220;195;240;242;143;115;2442
14;Västra Götalands län;65;Svenljunga;8963;Hillareds biblioteksfilial;0;0;0;0;0;0;67;0;0;0;0;0;0;120;0;0;0;0;0;187
14;Västra Götalands län;65;Svenljunga;8971;Östra Frölunda biblioteksfilial;0;0;0;0;0;28;0;0;0;0;0;0;50;0;0;0;0;0;0;78
14;Västra Götalands län;65;Svenljunga;8986;Överlida biblioteksfilial;31;0;0;0;0;0;0;70;0;0;0;0;0;0;99;0;0;0;0;200
14;Västra Götalands län;66;Herrljunga;14116;Eggvena skola;0;0;0;14;0;0;0;0;0;0;0;28;0;0;0;0;0;0;0;42
14;Västra Götalands län;66;Herrljunga;14117;Vita Huset;0;0;0;0;0;0;0;0;0;0;25;0;0;0;0;0;0;0;0;25
14;Västra Götalands län;66;Herrljunga;15755;Kommunhuset;0;0;0;13;15;0;0;0;0;0;0;35;0;0;0;0;0;0;66;129
14;Västra Götalands län;66;Herrljunga;8678;Huvudbibliotek Herrljunga;70;79;66;0;0;81;97;137;100;111;25;0;164;237;219;251;200;137;0;1974
14;Västra Götalands län;66;Herrljunga;8679;Biblioteket Ljung;0;38;0;0;0;32;21;28;74;0;0;0;88;30;53;118;28;0;0;510
14;Västra Götalands län;70;Vara;12840;Jungs Bygdegård;0;0;0;0;0;29;0;0;0;0;0;0;0;34;0;0;0;0;0;63
14;Västra Götalands län;70;Vara;14764;Biblioteket Levene;0;0;0;0;0;0;52;0;0;0;0;0;0;54;0;0;0;0;0;106
14;Västra Götalands län;70;Vara;14766;Föreningshuset Tråvad;0;0;0;0;0;0;50;0;0;0;0;0;0;0;74;0;0;0;0;124
14;Västra Götalands län;70;Vara;8775;Biblioteket Vara;111;137;161;62;0;168;174;136;211;162;93;0;261;326;237;456;332;274;0;3301
14;Västra Götalands län;70;Vara;8777;Biblioteket Vedum;20;0;27;0;0;48;0;25;0;35;0;0;76;0;55;0;71;0;0;357
14;Västra Götalands län;70;Vara;8778;Biblioteket Kvänum;40;0;35;0;0;25;0;73;0;44;0;0;51;0;130;0;94;0;0;492
14;Västra Götalands län;70;Vara;9795;Kommunhuset;0;0;0;0;3;0;0;0;0;0;0;11;4;0;1;1;0;0;59;79
14;Västra Götalands län;71;Götene;13885;Träffpunkten Källby;13;0;23;13;0;9;9;20;15;30;13;20;35;32;56;53;37;49;0;427
14;Västra Götalands län;71;Götene;14536;Träffpunkten Hangelösa;0;0;0;0;0;0;0;0;0;0;0;0;0;0;21;0;0;0;0;21
14;Västra Götalands län;71;Götene;14537;Träffpunkten Hällekis;4;0;9;4;0;0;14;19;16;15;23;20;20;29;25;23;23;34;0;278
14;Västra Götalands län;71;Götene;14538;Träffpunkten Lundsbrunn;0;10;0;9;0;0;9;16;8;10;8;23;29;6;13;20;39;43;0;243
14;Västra Götalands län;71;Götene;6860;Mötesplatsen Götene Äldrecenter;0;0;0;0;0;0;0;0;0;0;0;0;0;0;0;33;0;0;0;33
14;Västra Götalands län;71;Götene;8394;Holmestads Bygdegård;0;0;0;0;0;0;0;0;0;0;0;0;0;0;0;0;0;0;39;39
14;Västra Götalands län;71;Götene;8501;Österängs bygdegård;0;0;0;0;0;0;0;0;0;0;0;0;0;0;0;0;0;0;67;67
14;Västra Götalands län;71;Götene;8505;Hembygdsgården Husaby;0;0;0;0;0;0;0;0;0;0;0;31;0;0;0;0;0;0;0;31
14;Västra Götalands län;71;Götene;8512;Medborgarkontoret Götene kommun;83;103;127;23;26;121;152;129;147;175;61;76;191;270;279;351;342;253;53;2962
14;Västra Götalands län;72;Tibro;13025;Kommunhuset;127;136;112;34;33;144;166;124;137;151;59;70;242;276;286;306;397;171;109;3080
14;Västra Götalands län;73;Töreboda;10144;Älgarås servicehus;0;0;0;0;0;9;2;0;0;0;0;0;16;27;0;0;0;0;0;54
14;Västra Götalands län;73;Töreboda;10145;Moholms skola;0;0;0;0;0;0;0;27;15;0;0;0;0;0;44;57;0;0;0;143
14;Västra Götalands län;73;Töreboda;14841;Kommunhuset;70;105;124;35;35;120;109;142;152;177;63;67;163;253;262;237;335;197;43;2689
14;Västra Götalands län;73;Töreboda;6866;Bergmansgården;0;0;0;0;0;0;0;0;0;0;0;0;0;0;0;0;22;0;0;22
14;Västra Götalands län;73;Töreboda;6867;Krabbängsgården;0;0;0;0;0;0;0;0;0;14;0;0;0;0;0;0;0;0;0;14
14;Västra Götalands län;80;Göteborg;10262;Lundby bibliotek;268;325;210;245;0;320;373;375;328;279;394;0;623;721;818;1066;966;686;0;7997
14;Västra Götalands län;80;Göteborg;10351;Toftaåsens äldrecenter;27;0;0;0;0;0;0;0;0;0;0;0;0;0;0;0;0;0;0;27
14;Västra Götalands län;80;Göteborg;12482;Kulturhuset Kåken;309;318;194;180;267;324;315;446;323;308;321;504;587;754;897;1032;1160;901;0;9140
14;Västra Götalands län;80;Göteborg;13354;Geråshus Äldreboende;0;0;0;0;0;0;0;0;0;0;0;0;38;0;0;0;0;0;0;38
14;Västra Götalands län;80;Göteborg;14231;Bagaregårdens äldreboende;0;32;0;0;0;0;0;0;0;0;0;0;0;0;0;0;0;0;0;32
14;Västra Götalands län;80;Göteborg;14903;Nordstan;793;667;772;723;730;984;1050;1129;1159;1289;1181;1447;1819;2093;2477;2788;2912;2643;2346;29002
14;Västra Götalands län;80;Göteborg;15016;Sockenvägen 28 äldreboende;0;0;0;0;0;0;0;0;0;0;0;0;0;0;20;0;0;0;0;20
14;Västra Götalands län;80;Göteborg;15017;Byalagsgatan 3 äldreboende;0;0;0;0;0;0;0;0;0;0;0;0;0;0;0;40;0;0;0;40
14;Västra Götalands län;80;Göteborg;15018;Sehlstedtsgatan äldreboende;0;0;0;0;0;0;0;0;0;0;0;0;0;0;38;0;0;0;0;38
14;Västra Götalands län;80;Göteborg;15623;Kaggeleds äldreboende;14;0;0;0;0;0;0;0;0;0;0;0;0;0;0;0;0;0;0;14
14;Västra Götalands län;80;Göteborg;15626;Stiftelsen Otium;0;31;0;0;0;0;0;0;0;0;0;0;0;0;0;0;0;0;0;31
14;Västra Götalands län;80;Göteborg;15627;Götaholms äldreboende;0;0;16;0;0;0;0;0;0;0;0;0;0;0;0;0;0;0;0;16
14;Västra Götalands län;80;Göteborg;15628;Fjällbo park äldreboende;0;0;7;0;0;0;0;0;0;0;0;0;0;0;0;0;0;0;0;7
14;Västra Götalands län;80;Göteborg;15633;Solängens äldreboende;0;0;0;0;0;14;0;0;0;0;0;0;0;0;0;0;0;0;0;14
14;Västra Götalands län;80;Göteborg;15636;Solängsvägen 57 äldreboende;0;0;0;0;0;32;0;0;0;0;0;0;0;0;0;0;0;0;0;32
14;Västra Götalands län;80;Göteborg;15638;Annedals äldreboende;0;0;0;0;0;0;0;0;34;0;0;0;0;0;0;0;0;0;0;34
14;Västra Götalands län;80;Göteborg;15639;Bjöla äldreboende;0;0;0;0;0;0;0;0;0;22;0;0;0;0;0;0;0;0;0;22
14;Västra Götalands län;80;Göteborg;15641;Sekelbo äldreboende;0;0;0;0;0;0;0;0;0;0;0;0;16;0;0;0;0;0;0;16
14;Västra Götalands län;80;Göteborg;15827;Hammarhus äldreboende;0;0;0;0;0;6;0;0;0;0;0;0;0;0;0;0;0;0;0;6
14;Västra Götalands län;80;Göteborg;15828;Ekparkens äldreboende;0;0;0;0;0;0;6;0;0;0;0;0;0;0;0;0;0;0;0;6
14;Västra Götalands län;80;Göteborg;15890;Trulsegårdens bibliotek;0;0;0;0;0;0;0;0;0;0;0;0;186;34;95;122;32;0;0;469
14;Västra Götalands län;80;Göteborg;15902;Vårvindens fritidsgård;0;0;0;0;0;14;21;29;25;28;0;0;0;0;0;0;0;0;0;117
14;Västra Götalands län;80;Göteborg;15903;Familjecentral Lövgärdet;0;0;0;0;0;12;12;14;15;21;0;0;0;0;0;0;0;0;0;74
14;Västra Götalands län;80;Göteborg;15904;Gårdstens centrum;0;0;0;0;0;23;29;32;41;51;0;0;0;0;0;0;0;0;0;176
14;Västra Götalands län;80;Göteborg;15909;Interkulturella Folkhögskolan;0;0;0;0;0;10;2;10;7;37;0;0;0;0;0;0;0;0;0;66
14;Västra Götalands län;80;Göteborg;15924;Friskväderstorget;0;0;0;0;0;11;21;21;18;16;0;0;0;0;0;0;0;0;0;87
14;Västra Götalands län;80;Göteborg;6868;Altplatsens äldreboende;0;0;0;0;0;21;0;0;0;0;0;0;0;0;0;0;0;0;0;21
14;Västra Götalands län;80;Göteborg;6871;Backahus;0;0;0;0;0;0;28;0;0;0;0;0;0;0;0;0;0;0;0;28
14;Västra Götalands län;80;Göteborg;6873;Bergsjöhöjds boende;0;0;0;0;0;0;0;0;0;0;0;0;49;0;0;0;0;0;0;49
14;Västra Götalands län;80;Göteborg;6876;Björkekärrs hus;23;0;0;0;0;0;0;0;0;0;0;0;0;0;0;0;0;0;0;23
14;Västra Götalands län;80;Göteborg;6877;Björkåshemmet;0;0;0;0;0;0;0;0;13;0;0;0;0;0;0;0;0;0;0;13
14;Västra Götalands län;80;Göteborg;6879;Dicksons hus;0;0;25;0;0;0;0;0;0;0;0;0;0;0;0;0;0;12;0;37
14;Västra Götalands län;80;Göteborg;6882;Fiskebäcks äldreboende/Attendo;0;0;0;0;0;0;0;0;40;0;0;0;0;0;0;0;0;0;0;40
14;Västra Götalands län;80;Göteborg;6886;Fridkulla äldreboende;0;0;0;0;0;0;0;0;0;0;0;0;0;24;0;0;0;0;0;24
14;Västra Götalands län;80;Göteborg;6887;Fyrväpplingens äldreboende;0;0;0;0;0;0;0;0;0;0;0;0;0;23;0;0;5;0;0;28
14;Västra Götalands län;80;Göteborg;6888;Gerdas Gård;0;0;0;0;0;0;0;47;0;0;0;0;0;0;0;0;0;0;0;47
14;Västra Götalands län;80;Göteborg;6891;Granlidens äldreboende;0;0;0;0;0;0;0;0;0;31;0;0;0;0;0;0;0;0;0;31
14;Västra Götalands län;80;Göteborg;6892;Grevegårdens äldreboende;0;0;0;0;0;0;0;28;0;0;0;0;0;0;0;0;0;0;0;28
14;Västra Götalands län;80;Göteborg;6894;Gunnareds äldreboende;0;0;0;0;0;11;0;0;0;0;0;0;0;0;0;0;0;0;0;11
14;Västra Götalands län;80;Göteborg;6896;Häktet Polishuset;0;0;0;0;0;0;30;18;0;0;0;0;0;0;0;0;0;0;0;48
14;Västra Götalands län;80;Göteborg;6897;Högsbo sjukhus/SU Geriatrik;0;0;0;0;0;0;3;0;0;0;0;0;0;0;0;0;0;0;0;3
14;Västra Götalands län;80;Göteborg;6899;KVA Högsbo;0;0;0;0;0;0;0;0;0;0;0;0;0;0;0;0;52;0;0;52
14;Västra Götalands län;80;Göteborg;6900;KVA Skogome;0;0;94;0;0;0;0;0;0;0;0;0;0;0;0;0;0;0;0;94
14;Västra Götalands län;80;Göteborg;6903;Kaverös Äng;0;0;0;0;0;0;0;0;14;0;0;0;0;0;0;0;0;0;0;14
14;Västra Götalands län;80;Göteborg;6905;Kvibergs äldreboende;0;0;0;0;0;0;0;0;0;0;0;0;28;0;0;0;0;0;0;28
14;Västra Götalands län;80;Göteborg;6912;Lövgärdets äldreboende;0;0;0;0;0;17;0;0;0;0;0;0;0;0;0;0;0;0;0;17
14;Västra Götalands län;80;Göteborg;6915;Nya Varvets äldreboende;0;0;0;0;0;0;0;0;0;0;0;0;0;0;0;30;0;0;0;30
14;Västra Götalands län;80;Göteborg;6916;Rågården rättspsykiatri;0;0;0;0;0;0;0;20;0;0;0;0;0;0;0;0;0;0;0;20
14;Västra Götalands län;80;Göteborg;6926;Stiftelsen Neuberghska ålderdomshem;0;0;0;0;0;17;0;0;0;0;0;0;0;0;0;0;0;0;0;17
14;Västra Götalands län;80;Göteborg;6928;Styrsöhemmet;0;18;0;0;0;0;0;0;0;0;0;0;0;0;0;0;0;0;0;18
14;Västra Götalands län;80;Göteborg;6929;Svaleboskogens  äldreboende;0;0;0;0;0;0;0;0;23;0;0;0;0;0;0;0;0;0;0;23
14;Västra Götalands län;80;Göteborg;6932;Uggledals äldreboende;0;0;0;0;0;0;0;0;0;0;0;0;0;0;0;27;0;0;0;27
14;Västra Götalands län;80;Göteborg;6933;Vasahemmet;0;0;0;0;0;0;0;0;0;33;0;0;0;0;0;0;0;0;0;33
14;Västra Götalands län;80;Göteborg;6939;Åkerhus äldreboende;0;0;0;0;0;0;0;0;0;44;0;0;0;0;0;0;0;0;0;44
14;Västra Götalands län;80;Göteborg;6940;Änggårdsbackens äldreboende tre stif;0;0;0;0;0;0;30;0;0;0;0;0;0;0;0;0;0;0;0;30
14;Västra Götalands län;80;Göteborg;8296;Tuve bibliotek;148;186;78;0;0;186;145;172;214;138;0;0;331;255;307;492;271;0;0;2923
14;Västra Götalands län;80;Göteborg;8324;Kyrkbyns bibliotek;116;159;0;0;0;184;149;118;211;0;0;0;340;164;194;508;0;0;0;2143
14;Västra Götalands län;80;Göteborg;8325;Biskopsgårdens bibliotek;117;176;110;0;0;206;125;193;167;146;112;0;296;266;414;409;484;469;0;3690
14;Västra Götalands län;80;Göteborg;8327;Backa bibliotek;212;195;153;98;0;246;205;298;185;194;168;0;417;303;523;497;521;477;0;4692
14;Västra Götalands län;80;Göteborg;8328;Älvstrandens bibliotek;91;100;96;0;0;131;197;122;113;137;0;0;249;473;294;350;498;353;0;3204
14;Västra Götalands län;80;Göteborg;8329;Torslanda bibliotek;161;309;178;0;0;361;323;226;412;271;277;0;510;563;405;722;641;642;0;6001
14;Västra Götalands län;80;Göteborg;8332;Kärra bibliotek;83;170;101;0;0;188;149;116;0;170;72;0;384;266;225;459;372;0;0;2755
14;Västra Götalands län;80;Göteborg;8338;Kulturhuset Blå Stället;146;176;135;98;0;174;209;198;206;200;148;0;369;348;456;541;554;527;0;4485
14;Västra Götalands län;80;Göteborg;8339;Hammarkullens bibliotek;39;84;30;0;0;79;83;84;136;31;0;0;101;181;126;253;152;0;0;1379
14;Västra Götalands län;80;Göteborg;8340;Hjällbo bibliotek;79;52;65;0;0;91;116;96;53;80;0;0;143;206;193;177;276;0;0;1627
14;Västra Götalands län;80;Göteborg;8341;Bergsjöns bibliotek;47;75;38;0;0;71;61;72;63;48;75;0;183;155;172;193;191;0;0;1444
14;Västra Götalands län;80;Göteborg;8342;Kortedala bibliotek;173;138;99;0;73;192;202;193;189;164;0;212;312;335;427;495;526;0;0;3730
14;Västra Götalands län;80;Göteborg;8343;Gamlestadens bibliotek;94;98;105;0;0;134;165;92;82;132;0;0;288;292;202;262;367;0;0;2313
14;Västra Götalands län;80;Göteborg;8349;Stadsbiblioteket;640;631;501;520;567;562;686;749;731;662;882;1231;1295;1616;1789;1952;2038;1972;0;19024
14;Västra Götalands län;80;Göteborg;8351;Linnéstadens bibliotek;328;312;261;156;0;395;424;379;431;370;302;0;807;938;1128;1196;1164;873;0;9464
14;Västra Götalands län;80;Göteborg;8352;Guldhedens bibliotek;119;140;0;0;0;139;149;84;175;102;134;0;277;305;201;482;375;501;0;3183
14;Västra Götalands län;80;Göteborg;8355;Styrsö bibliotek;0;51;13;0;0;0;68;0;62;38;0;0;0;121;0;104;38;0;0;495
14;Västra Götalands län;80;Göteborg;8357;Majornas bibliotek;310;332;244;195;0;345;320;344;348;250;223;0;536;592;818;926;844;843;0;7470
14;Västra Götalands län;80;Göteborg;8358;Högsbo bibliotek;164;261;150;92;0;224;255;221;232;179;146;0;462;418;373;619;526;491;0;4813
14;Västra Götalands län;80;Göteborg;8359;Frölunda Kulturhus;500;636;513;405;0;720;785;778;713;677;754;0;1260;1277;1389;1558;1520;1058;0;14543
14;Västra Götalands län;80;Göteborg;8360;Askims bibliotek;236;254;230;0;0;300;260;250;365;314;0;0;461;446;469;594;637;0;0;4816
14;Västra Götalands län;80;Göteborg;8362;Stadsdelskontor Västra Göteborg;89;129;103;0;0;146;149;146;134;181;0;0;213;236;245;272;313;0;0;2356
14;Västra Götalands län;80;Göteborg;8554;Asperö skola;0;0;0;0;0;0;0;0;0;0;0;0;0;0;0;0;0;0;0;0
14;Västra Götalands län;80;Göteborg;8555;Vrångö skola, Vrångöhuset;0;0;0;0;0;0;0;0;0;0;0;0;0;0;0;0;0;0;0;0
14;Västra Götalands län;80;Göteborg;8991;Östra Sjukhuset;63;127;79;50;0;92;129;128;130;130;74;0;223;220;277;299;334;215;0;2570
14;Västra Götalands län;80;Göteborg;8997;Sahlgrenska sjukhuset;77;104;129;0;0;147;170;164;190;167;31;0;285;342;385;461;529;225;0;3406
14;Västra Götalands län;81;Mölndal;13696;Fagareds ungdomshem;0;0;0;0;0;0;0;0;0;0;0;0;0;18;0;0;0;0;0;18
14;Västra Götalands län;81;Mölndal;14682;Eklanda äldreboende;0;0;0;0;0;0;0;0;0;0;0;0;31;0;0;0;0;0;0;31
14;Västra Götalands län;81;Mölndal;6941;Berzelius äldreboende;0;0;0;0;0;0;0;50;0;0;0;0;0;0;0;0;0;0;0;50
14;Västra Götalands län;81;Mölndal;6942;Lackarebäcks äldreboende;0;0;0;0;0;0;0;0;23;0;0;0;0;0;0;0;0;0;0;23
14;Västra Götalands län;81;Mölndal;6945;Kriminalvårdsanstalten;0;0;0;0;0;0;24;0;0;0;0;0;0;0;0;0;0;0;0;24
14;Västra Götalands län;81;Mölndal;6947;Fässbergs äldreboende;0;0;0;0;0;0;0;0;0;95;0;0;0;0;0;0;0;0;0;95
14;Västra Götalands län;81;Mölndal;6948;Brogårdens äldreboende;0;0;0;0;0;40;0;0;0;0;0;0;0;0;0;0;0;0;0;40
14;Västra Götalands län;81;Mölndal;9388;Mölndals stadsbibliotek;370;454;336;285;0;424;427;453;462;443;444;0;803;914;1082;1121;1048;731;558;10355
14;Västra Götalands län;81;Mölndal;9389;Kållereds bibliotek;85;87;63;53;0;111;131;98;130;87;77;99;186;204;208;244;163;261;0;2287
14;Västra Götalands län;81;Mölndal;9390;Lindome bibliotek;144;131;137;52;45;119;161;139;139;152;132;0;244;291;282;358;336;316;0;3178
14;Västra Götalands län;82;Kungälv;15146;Diseröds bibliotek;0;44;0;0;0;0;0;0;71;0;0;0;0;0;0;96;0;0;0;211
14;Västra Götalands län;82;Kungälv;15149;Marstrands rådhus;0;42;0;0;0;0;45;0;23;0;0;0;0;100;0;55;0;0;0;265
14;Västra Götalands län;82;Kungälv;8900;Mimers hus;136;179;209;0;0;239;273;221;232;239;0;0;399;453;457;547;649;0;0;4233
14;Västra Götalands län;82;Kungälv;8902;Kärna bibliotek;0;41;0;0;0;96;0;0;84;0;0;0;148;0;0;158;0;0;0;527
14;Västra Götalands län;82;Kungälv;8905;Ytterby bibliotek;45;18;0;0;0;81;0;169;66;0;0;0;98;0;284;104;0;0;0;865
14;Västra Götalands län;82;Kungälv;9078;Stadshuset;108;204;135;92;82;183;189;232;247;179;240;184;331;392;375;512;518;600;280;5083
14;Västra Götalands län;84;Lysekil;15406;Centrum Lab;57;155;141;107;47;153;183;210;161;195;98;77;254;321;315;332;381;220;0;3407
14;Västra Götalands län;84;Lysekil;8810;Kommunhuset   -  Lysekil;0;0;0;0;0;0;0;0;0;0;0;0;0;0;0;0;0;0;72;72
14;Västra Götalands län;84;Lysekil;8820;Folkets Hus - Brastad;13;52;43;0;0;66;72;62;72;77;0;0;114;103;138;155;152;0;0;1119
14;Västra Götalands län;84;Lysekil;8822;Församlingshemmet  -  Skaftö;15;22;24;0;0;29;32;35;37;29;0;0;49;52;76;70;51;0;0;521
14;Västra Götalands län;85;Uddevalla;14246;Ljungskilegården;19;63;58;34;0;44;49;61;64;78;56;0;56;158;182;194;221;181;0;1518
14;Västra Götalands län;85;Uddevalla;14425;Stadshuset;0;0;0;0;0;0;0;0;0;0;0;0;0;0;0;0;0;0;155;155
14;Västra Götalands län;85;Uddevalla;15364;Mötesplats Tureborg;0;0;0;0;0;0;0;0;0;0;0;0;21;15;8;16;24;0;0;84
14;Västra Götalands län;85;Uddevalla;15367;Högskolecentrum Bohuslän;0;0;0;0;0;0;0;0;0;0;0;0;0;0;0;0;0;0;33;33
14;Västra Götalands län;85;Uddevalla;15737;Ryttaren Café & Aktivitetscenter;32;68;62;21;0;81;104;75;68;67;46;0;129;145;142;176;206;163;0;1585
14;Västra Götalands län;85;Uddevalla;9861;Kontaktcenter;44;47;87;0;0;81;92;93;70;90;0;0;130;136;174;170;335;0;0;1549
14;Västra Götalands län;85;Uddevalla;9862;Bohusläns museum;111;140;122;103;95;126;186;191;202;156;177;199;218;415;439;446;292;495;0;4113
14;Västra Götalands län;85;Uddevalla;9866;Dalabergs bibliotek;38;48;63;0;0;86;87;70;82;50;0;0;127;138;158;182;163;0;0;1292
14;Västra Götalands län;85;Uddevalla;9884;Torp köpcentrum, Västra Torp;105;186;239;148;143;241;287;204;289;306;271;336;267;491;593;654;736;801;0;6297
14;Västra Götalands län;86;Strömstad;13861;Strömstads Museum;105;161;183;100;50;197;158;230;218;247;108;148;301;339;407;432;462;341;182;4369
14;Västra Götalands län;86;Strömstad;13862;Strömstad Gymnasium;0;0;0;0;0;0;0;7;11;0;0;0;0;0;12;30;0;0;0;60
14;Västra Götalands län;87;Vänersborg;11704;Vänersborgs bibliotek;309;311;344;166;0;440;462;408;464;492;261;0;695;701;806;914;1047;502;0;8322
14;Västra Götalands län;87;Vänersborg;14237;Solhaga/Prästkragen, Brålanda;0;0;0;0;0;0;0;0;0;0;0;0;0;0;31;0;0;0;0;31
14;Västra Götalands län;87;Vänersborg;14437;Arena Vänersborg;0;0;0;0;0;0;0;0;0;0;0;0;0;0;0;0;0;0;148;148
14;Västra Götalands län;87;Vänersborg;15005;Björkens Äldreboende;0;0;0;0;0;0;0;0;0;0;0;0;0;0;23;0;0;0;0;23
14;Västra Götalands län;87;Vänersborg;15007;Lindbacken, Vargön;0;0;0;0;0;0;0;0;0;0;0;0;0;0;15;0;0;0;0;15
14;Västra Götalands län;87;Vänersborg;15009;Solängen;0;0;0;0;0;0;0;0;0;0;0;0;0;0;26;0;0;0;0;26
14;Västra Götalands län;87;Vänersborg;15060;Vänersborgs kommunhus;0;0;0;0;49;0;0;0;0;0;0;66;0;0;0;0;0;0;0;115
14;Västra Götalands län;87;Vänersborg;15942;Lundala Äldreboende;0;0;0;0;0;0;0;0;0;0;0;0;0;0;11;0;0;0;0;11
14;Västra Götalands län;87;Vänersborg;6963;Kriminalvårdsanstalten Östragård;0;0;0;0;0;0;0;0;0;0;0;0;0;0;22;0;0;0;0;22
14;Västra Götalands län;87;Vänersborg;6964;Brinkåsen;0;0;0;0;0;0;0;0;0;0;0;0;0;0;24;0;0;0;0;24
14;Västra Götalands län;87;Vänersborg;6965;Kriminalvårdsanstalten Brinkeberg;0;0;0;0;0;0;0;0;0;0;0;0;0;0;77;0;0;0;0;77
14;Västra Götalands län;87;Vänersborg;9287;Biblioteket Brålanda;0;73;0;0;0;0;135;0;137;0;0;0;0;268;0;232;0;0;0;845
14;Västra Götalands län;87;Vänersborg;9290;Biblioteket Vargön;0;172;0;0;0;112;173;0;231;0;0;0;180;275;0;339;0;0;0;1482
14;Västra Götalands län;88;Trollhättan;13836;Edsborg Idrottsplats;130;153;165;0;0;200;174;207;212;216;0;0;387;394;483;510;599;0;0;3830
14;Västra Götalands län;88;Trollhättan;15435;Kronogården;47;38;32;54;0;68;52;36;56;52;56;0;74;114;112;116;227;220;0;1354
14;Västra Götalands län;88;Trollhättan;15436;Granngårdens äldreboende;0;0;0;0;0;0;0;0;0;0;0;0;0;4;0;0;0;0;0;4
14;Västra Götalands län;88;Trollhättan;15437;Humlegården;0;0;0;0;0;0;0;0;0;0;0;0;0;0;29;0;0;0;0;29
14;Västra Götalands län;88;Trollhättan;6966;Stavregården;0;0;0;0;0;0;0;0;0;0;0;0;0;46;0;0;0;0;0;46
14;Västra Götalands län;88;Trollhättan;6967;Källstorpsgården;0;0;0;0;0;0;0;0;0;0;0;0;0;57;0;0;0;0;0;57
14;Västra Götalands län;88;Trollhättan;6969;Nordängen;0;0;0;0;0;0;0;0;0;0;0;0;0;0;10;0;0;0;0;10
14;Västra Götalands län;88;Trollhättan;6971;Landbogården;0;0;0;0;0;0;0;0;0;0;0;0;0;0;18;0;0;0;0;18
14;Västra Götalands län;88;Trollhättan;6973;Tallbacken;0;0;0;0;0;0;0;0;0;0;0;0;0;13;0;0;0;0;0;13
14;Västra Götalands län;88;Trollhättan;6974;Blåvingen;0;0;0;0;0;0;0;0;0;0;0;0;0;25;0;0;0;0;0;25
14;Västra Götalands län;88;Trollhättan;7953;Stadshuset;82;92;88;0;83;92;73;112;78;53;0;185;143;193;185;235;288;0;221;2203
14;Västra Götalands län;88;Trollhättan;7954;Huvudbiblioteket;250;283;305;170;0;384;352;323;367;376;297;0;515;593;614;648;764;416;0;6657
14;Västra Götalands län;88;Trollhättan;7955;Syltebiblioteket;48;175;0;0;0;200;81;84;244;0;0;0;278;117;122;424;0;0;0;1773
14;Västra Götalands län;89;Alingsås;14088;Tuvegården - Institutionröstning;0;0;0;0;0;0;0;0;0;0;0;62;0;0;0;0;0;0;0;62
14;Västra Götalands län;89;Alingsås;15832;Villa Arelid - Institutionröstning;0;0;0;0;0;0;0;0;0;0;0;14;0;0;0;0;0;0;0;14
14;Västra Götalands län;89;Alingsås;6977;Hagagården -  Institutionröstning;0;0;0;0;0;0;0;0;0;0;0;28;0;0;0;0;0;0;0;28
14;Västra Götalands län;89;Alingsås;6979;Ängabogården -  Institutionröstning;0;0;0;0;0;0;0;0;0;0;0;28;0;0;0;0;0;0;0;28
14;Västra Götalands län;89;Alingsås;6980;Hemsjögården - Institutionröstning;0;0;0;0;0;0;0;0;0;0;0;11;0;0;0;0;0;0;0;11
14;Västra Götalands län;89;Alingsås;6982;Mellbygård -  Institutionröstning;0;0;0;0;0;0;0;0;0;0;0;17;0;0;0;0;0;0;0;17
14;Västra Götalands län;89;Alingsås;6983;Brunnsgården - Institutionröstning;0;0;0;0;0;0;0;0;0;0;0;30;0;0;0;0;0;0;0;30
14;Västra Götalands län;89;Alingsås;6984;Bjärkegården - Institutionröstning;0;0;0;0;0;0;0;0;0;0;0;26;0;0;0;0;0;0;0;26
14;Västra Götalands län;89;Alingsås;9694;Mjörnviksholm - Institutionröstning;0;0;0;0;0;0;0;0;0;0;0;17;0;0;0;0;0;0;0;17
14;Västra Götalands län;89;Alingsås;9695;Alingsås kulturhus;328;387;351;239;129;393;427;430;458;436;321;272;609;724;905;898;925;690;253;9175
14;Västra Götalands län;89;Alingsås;9698;Ingareds bibliotek;25;37;0;0;0;47;0;68;48;0;0;0;96;0;120;112;0;0;0;553
14;Västra Götalands län;89;Alingsås;9699;Servicekontoret i Sollebrunn;33;66;68;0;0;65;59;54;96;74;0;0;118;131;132;199;194;0;0;1289
14;Västra Götalands län;90;Borås;13698;Knallelands Valstuga;130;196;153;153;219;185;231;222;244;217;283;338;339;438;481;581;624;607;0;5641
14;Västra Götalands län;90;Borås;14850;Stadsbiblioteket;132;141;134;89;0;171;202;217;155;217;174;169;373;314;474;456;553;450;0;4421
14;Västra Götalands län;90;Borås;15156;Mötesplats Hulta;28;35;37;0;0;29;42;33;50;42;0;0;67;80;54;118;75;0;0;690
14;Västra Götalands län;90;Borås;15157;Kristinebergs bibliotek;22;33;9;0;0;15;20;23;42;15;0;0;30;44;42;101;30;0;0;426
14;Västra Götalands län;90;Borås;8703;Dalsjöfors Bibliotek;58;87;70;21;0;91;117;123;93;111;62;0;152;134;213;186;136;114;0;1768
14;Västra Götalands län;90;Borås;8710;Sjöbo Bibliotek;101;99;76;0;0;83;79;73;66;80;57;0;120;100;130;128;162;119;0;1473
14;Västra Götalands län;90;Borås;8711;Göta bibliotek;58;67;65;0;0;93;65;93;54;54;0;0;119;98;143;100;136;0;0;1145
14;Västra Götalands län;90;Borås;8714;Viskafors bibliotek;26;47;50;27;0;60;75;39;68;47;39;0;93;112;67;139;103;55;0;1047
14;Västra Götalands län;90;Borås;8719;Fristads Bibliotek;68;100;88;49;0;161;128;96;115;124;55;0;178;162;178;226;228;133;0;2089
14;Västra Götalands län;90;Borås;8720;Norrbyhuset;34;38;24;24;0;14;23;41;25;34;0;0;61;48;62;66;73;0;0;567
14;Västra Götalands län;90;Borås;8730;Sandareds Bibliotek;48;52;44;27;0;90;99;52;73;73;66;0;126;135;107;184;162;149;0;1487
14;Västra Götalands län;90;Borås;8759;Stadshuset;0;0;0;0;0;0;0;0;0;0;0;0;0;0;0;0;0;0;322;322
14;Västra Götalands län;90;Borås;8791;Mötesplats Svärdfästet;51;50;51;0;0;68;58;46;36;59;0;0;87;63;98;104;113;0;0;884
14;Västra Götalands län;90;Borås;8795;Stora Torgets valstugor;282;336;320;278;125;324;378;445;425;364;441;341;626;694;794;924;974;806;0;8877
14;Västra Götalands län;90;Borås;8818;Vi-Hässleholmen;41;41;32;0;0;29;64;66;50;44;0;0;57;62;67;62;99;0;0;714
14;Västra Götalands län;91;Ulricehamn;13560;Mobil röstningslokal (valbussen);29;116;59;61;0;64;45;72;68;59;109;116;123;141;130;102;204;111;6;1615
14;Västra Götalands län;91;Ulricehamn;8803;Stadshuset;188;193;215;74;98;254;262;234;261;275;150;193;366;494;481;567;639;455;161;5560
14;Västra Götalands län;92;Åmål;12800;Mo Bygdegård;0;0;0;0;0;0;0;0;0;0;0;0;48;0;0;0;0;0;0;48
14;Västra Götalands län;92;Åmål;13814;Edsleskogs skola;0;0;0;0;0;0;0;0;0;0;0;0;0;62;0;0;0;0;0;62
14;Västra Götalands län;92;Åmål;13815;Fengersfors Folkets hus;0;0;0;0;0;0;0;0;0;0;0;0;0;0;0;99;0;0;0;99
14;Västra Götalands län;92;Åmål;8130;Stadshuset;0;0;0;0;0;0;0;0;0;0;0;0;0;0;0;0;0;0;22;22
14;Västra Götalands län;92;Åmål;8135;Konsthallen;139;183;177;69;41;197;205;226;253;222;109;83;317;300;369;516;438;250;0;4094
14;Västra Götalands län;92;Åmål;9515;Ånimskogs Bygdegård;0;0;0;0;0;0;0;0;0;0;0;0;0;0;53;0;0;0;0;53
14;Västra Götalands län;93;Mariestad;13930;Torsö skärgårdsskola;0;0;0;0;0;0;0;0;0;0;0;0;0;0;77;94;0;0;0;171
14;Västra Götalands län;93;Mariestad;13931;Tidavads skola;0;0;0;0;0;0;0;0;0;0;0;0;0;0;120;81;0;0;0;201
14;Västra Götalands län;93;Mariestad;13932;Bygdegården i Sjötorp;0;0;0;0;0;0;0;0;0;0;0;0;0;0;85;53;0;0;0;138
14;Västra Götalands län;93;Mariestad;7012;Kriminalvårdsanstalten Rödjan;0;0;0;0;0;0;0;0;0;0;0;0;0;22;0;0;0;0;0;22
14;Västra Götalands län;93;Mariestad;9258;Stadshuset;198;248;246;87;64;301;314;402;324;294;156;124;564;539;591;644;835;293;99;6323
14;Västra Götalands län;93;Mariestad;9264;Lyrestad skola;0;0;0;0;0;0;0;0;0;0;0;0;0;0;106;67;0;0;0;173
14;Västra Götalands län;93;Mariestad;9266;Kriminalvårdsanläggningen;0;0;0;0;0;0;0;0;0;0;0;0;34;0;0;0;0;0;0;34
14;Västra Götalands län;94;Lidköping;12582;Tuns Dagcentral;0;0;0;0;0;0;0;0;0;0;0;0;30;44;40;45;31;0;0;190
14;Västra Götalands län;94;Lidköping;9918;Stadshuset;329;371;450;156;137;466;552;514;555;515;387;250;716;871;1126;1187;1365;514;228;10689
14;Västra Götalands län;94;Lidköping;9923;Järpås bygdegård;0;0;0;0;0;0;0;0;0;0;0;0;35;45;62;42;43;0;0;227
14;Västra Götalands län;94;Lidköping;9926;Vinningaskolan;0;0;0;0;0;0;0;0;0;0;0;0;71;65;92;76;72;0;0;376
14;Västra Götalands län;95;Skara;14018;Varnhemsgården;0;0;0;0;0;0;76;0;0;0;0;0;0;0;0;0;0;0;0;76
14;Västra Götalands län;95;Skara;14026;Husaren;0;101;0;0;0;0;0;0;0;0;0;0;0;0;0;0;0;0;0;101
14;Västra Götalands län;95;Skara;14027;Ardalagården;0;0;0;0;0;0;0;0;68;0;0;0;0;0;0;0;0;0;0;68
14;Västra Götalands län;95;Skara;14030;Katedralskolan;0;0;0;0;0;0;0;0;0;0;0;0;0;0;16;0;0;0;0;16
14;Västra Götalands län;95;Skara;14053;Vallegården;0;0;0;0;0;0;0;0;0;0;0;0;0;164;0;0;0;0;0;164
14;Västra Götalands län;95;Skara;9487;Stifts- och landsbiblioteket;163;228;235;103;50;282;302;230;226;237;131;131;353;472;522;539;653;350;167;5374
14;Västra Götalands län;96;Skövde;10095;Biblioteket, Södra Ryd;0;0;0;0;0;71;0;136;0;0;0;0;141;0;176;0;0;0;0;524
14;Västra Götalands län;96;Skövde;10097;Biblioteket, Stöpen;0;53;0;0;0;0;0;0;116;0;0;0;0;0;0;0;0;0;0;169
14;Västra Götalands län;96;Skövde;10100;Kyrkans Hus Värsås;0;0;0;0;0;0;0;0;0;0;0;0;0;0;110;0;0;0;0;110
14;Västra Götalands län;96;Skövde;10101;Timmersdala församlingshem;0;0;0;0;0;0;0;0;61;0;0;0;0;0;0;149;0;0;0;210
14;Västra Götalands län;96;Skövde;10104;Kommunalhuset, Skultorp;0;0;0;0;0;108;0;102;0;0;0;0;0;0;0;0;0;0;0;210
14;Västra Götalands län;96;Skövde;10106;Stadshuset;158;256;211;128;134;211;232;245;213;229;160;224;359;411;430;478;765;461;271;5576
14;Västra Götalands län;96;Skövde;10934;Stadsbiblioteket;159;180;163;53;0;170;200;201;197;163;117;0;339;421;486;574;661;377;0;4461
14;Västra Götalands län;96;Skövde;14634;Högskolan Skövde;0;0;0;0;0;0;0;0;0;0;0;0;0;72;0;141;0;0;0;213
14;Västra Götalands län;96;Skövde;14668;Äldreboende Billingsdal;0;0;0;0;0;0;0;0;0;15;0;0;0;0;0;0;0;0;0;15
14;Västra Götalands län;96;Skövde;15759;Skövde kulturfabrik;58;61;55;47;0;84;91;75;75;71;75;0;160;183;240;273;226;289;0;2063
14;Västra Götalands län;96;Skövde;15760;Biblioteket, Tidan;0;0;0;0;0;0;70;0;0;0;0;0;0;121;0;0;0;0;0;191
14;Västra Götalands län;96;Skövde;15777;Finlandiahemmet;0;0;0;0;0;0;7;0;0;0;0;0;0;0;0;0;0;0;0;7
14;Västra Götalands län;96;Skövde;15844;Gymnasium Skövde - Kavelbro;0;3;0;0;0;0;0;0;0;0;0;0;4;0;0;0;0;0;0;7
14;Västra Götalands län;96;Skövde;15944;Käpplunda Gärde;0;0;0;0;0;0;0;0;0;0;0;0;38;0;0;0;0;0;0;38
14;Västra Götalands län;96;Skövde;7035;Skaraborgs Sjukhus;0;0;0;0;0;0;0;39;0;0;0;0;0;0;83;0;0;0;0;122
14;Västra Götalands län;96;Skövde;7036;Äldreboende Tomtegården;0;0;0;0;0;0;0;23;0;0;0;0;0;0;0;0;0;0;0;23
14;Västra Götalands län;96;Skövde;7038;Äldreboende Solgården;0;0;0;0;0;0;0;0;18;0;0;0;0;0;0;0;0;0;0;18
14;Västra Götalands län;96;Skövde;7039;Skaraborgs läns sjukhem;0;0;0;0;0;0;21;0;0;0;0;0;0;0;0;0;0;0;0;21
14;Västra Götalands län;96;Skövde;7040;Servicehuset Bagaren;0;0;0;0;0;0;0;0;27;0;0;0;0;0;0;0;0;0;0;27
14;Västra Götalands län;96;Skövde;7042;Äldreboende Norrmalm;0;0;0;0;0;0;0;0;0;23;0;0;0;0;0;0;0;0;0;23
14;Västra Götalands län;96;Skövde;7045;Äldreboende Boken;0;0;0;0;0;16;0;0;0;0;0;0;0;0;0;0;0;0;0;16
14;Västra Götalands län;96;Skövde;7046;Äldreboende Ekedal;0;0;0;0;0;0;42;0;0;0;0;0;0;0;0;0;0;0;0;42
14;Västra Götalands län;96;Skövde;7047;Äldreboende Hentorp;0;0;0;0;0;0;0;0;0;0;0;0;11;0;0;0;0;0;0;11
14;Västra Götalands län;97;Hjo;13057;Stadshuset;109;85;89;0;0;145;126;132;171;167;0;0;233;202;246;349;284;126;33;2497
14;Västra Götalands län;98;Tidaholm;7052;Äldreboende Midgård;0;0;0;0;0;0;0;0;0;0;0;25;0;0;0;0;0;0;0;25
14;Västra Götalands län;98;Tidaholm;7053;Kriminalvårdsanstalten;0;0;0;0;0;0;0;0;0;0;0;77;0;0;0;0;0;0;0;77
14;Västra Götalands län;98;Tidaholm;7054;Äldreboende Lindängen;0;0;0;0;0;0;0;0;0;0;0;14;0;0;0;0;0;0;0;14
14;Västra Götalands län;98;Tidaholm;7055;Äldreboende Solvik;0;0;0;0;0;0;0;0;0;0;0;36;0;0;0;0;0;0;0;36
14;Västra Götalands län;98;Tidaholm;7056;Äldreboende Hellidshemmet;0;0;0;0;0;0;0;0;0;0;0;12;0;0;0;0;0;0;0;12
14;Västra Götalands län;98;Tidaholm;7907;Stadsbiblioteket;128;149;111;47;44;180;151;236;224;168;112;68;260;251;507;532;478;256;62;3964
14;Västra Götalands län;99;Falköping;10403;Församlingshemmet i Stenstorp;0;0;0;0;0;0;0;0;0;0;0;0;95;91;148;91;161;0;0;586
14;Västra Götalands län;99;Falköping;14904;Biblioteket i Vartofta;0;0;0;0;0;23;22;24;22;35;0;0;0;0;0;0;0;0;0;126
14;Västra Götalands län;99;Falköping;14985;fd Skapa Kultur;0;0;0;99;80;0;0;0;0;0;168;136;0;0;0;0;0;468;0;951
14;Västra Götalands län;99;Falköping;7058;Församlingshemmet i Gudhem;0;0;0;0;0;13;18;15;29;33;0;0;0;0;0;0;0;0;0;108
14;Västra Götalands län;99;Falköping;7066;Valnämndens kansli;0;0;0;0;0;0;0;0;0;0;0;0;0;0;0;0;0;0;200;200
14;Västra Götalands län;99;Falköping;8021;Biblioteket i Falköping;255;208;165;0;0;270;277;296;323;217;0;0;480;499;619;610;518;0;0;4737
14;Västra Götalands län;99;Falköping;8023;Kommunalhuset Floby;0;0;0;0;0;70;69;52;62;74;0;0;0;0;0;0;0;0;0;327
14;Västra Götalands län;99;Falköping;8025;Biblioteket i Åsarp;0;0;0;0;0;0;0;0;0;0;0;0;34;39;40;39;54;0;0;206
14;Västra Götalands län;99;Falköping;8027;Broddetorpsskolan;0;0;0;0;0;0;0;0;0;0;0;0;24;18;16;20;44;0;0;122
14;Västra Götalands län;99;Falköping;8051;Biblioteket i Kinnarpsskolan;0;0;0;0;0;0;0;0;0;0;0;0;55;66;53;41;68;0;0;283
17;Värmlands län;15;Kil;8740;Biblioteket;92;106;119;54;63;198;196;151;198;163;61;94;250;271;318;372;439;211;68;3424
17;Värmlands län;30;Eda;14831;Kommunkontorets medborgarkontor;0;0;0;4;20;0;0;0;0;0;0;0;0;0;0;0;0;99;52;175
17;Värmlands län;30;Eda;15463;Bruksgården i Skillingmark;0;0;0;0;0;0;0;0;0;0;0;0;0;0;0;0;0;0;118;118
17;Värmlands län;30;Eda;8038;Biblioteket Charlottenberg;35;44;43;0;0;77;64;83;99;54;18;36;101;115;126;161;135;0;0;1191
17;Värmlands län;30;Eda;8040;Biblioteket Koppom;7;11;13;5;0;11;17;23;19;22;31;0;34;27;38;53;44;53;0;408
17;Värmlands län;30;Eda;8041;Biblioteket Åmotfors;37;9;28;3;0;32;32;37;26;40;28;0;56;61;65;53;72;63;0;642
17;Värmlands län;37;Torsby;11103;Biblioteket Torsby;60;120;104;74;0;123;153;129;129;148;90;0;192;243;244;290;226;149;0;2474
17;Värmlands län;37;Torsby;11123;Biblioteket Sysslebäck;17;22;19;0;0;48;15;32;15;38;0;0;59;48;46;61;39;0;0;459
17;Värmlands län;37;Torsby;12853;Församlingshemmet Höljes;0;0;0;0;51;0;0;0;0;0;0;0;0;0;0;0;0;0;0;51
17;Värmlands län;37;Torsby;13818;Kommunhuset;30;31;34;0;0;57;50;34;38;53;0;0;64;64;67;50;95;115;96;878
17;Värmlands län;37;Torsby;13819;Piltzsalen Samverkanskontoret;0;0;0;0;0;0;0;0;0;0;0;0;0;0;0;0;0;0;8;8
17;Värmlands län;37;Torsby;14685;Stölletskolan;0;0;0;0;0;0;0;0;0;0;0;0;0;0;0;0;0;0;12;12
17;Värmlands län;37;Torsby;14686;Finnskogahemmet;0;0;0;0;0;0;0;0;0;0;0;49;0;0;0;0;0;0;0;49
17;Värmlands län;37;Torsby;15180;Bokbussen;8;18;4;0;0;25;5;11;8;15;0;0;17;20;5;50;16;0;0;202
17;Värmlands län;60;Storfors;9452;Kommunhuset;26;54;55;13;29;32;32;46;92;51;39;50;55;64;87;168;100;82;76;1151
17;Värmlands län;61;Hammarö;15714;Hammarö kommunhus;0;0;0;0;0;0;0;0;0;0;0;0;0;0;0;0;0;0;36;36
17;Värmlands län;61;Hammarö;8680;Biblioteket, Hammarö kommun;114;179;168;63;75;257;243;215;203;198;122;139;342;366;392;474;522;407;0;4479
17;Värmlands län;62;Munkfors;10912;Munkfors kommunkontor;44;50;37;11;14;40;47;63;54;62;9;26;61;123;97;65;100;41;0;944
17;Värmlands län;62;Munkfors;12787;Pastorsexpeditionen Munkfors;0;0;0;0;0;0;0;0;0;0;0;0;0;0;0;0;0;0;11;11
17;Värmlands län;62;Munkfors;14839;Geijerskolan;0;0;0;0;0;0;0;0;0;0;0;0;0;0;0;66;0;0;0;66
17;Värmlands län;62;Munkfors;7087;Tallåsvägen 6;0;0;0;0;0;0;0;0;0;0;11;0;0;0;0;0;0;0;0;11
17;Värmlands län;63;Forshaga;11763;Kulturhuset Deje;0;44;42;41;0;52;46;57;70;76;65;0;98;86;158;99;181;111;0;1226
17;Värmlands län;63;Forshaga;11764;Forshaga Lärcenter;42;115;106;0;53;62;154;162;176;87;0;109;189;208;274;254;314;232;22;2559
17;Värmlands län;64;Grums;15865;Karlbergs äldrebostäder;0;0;0;0;9;0;0;0;0;0;0;0;0;0;0;0;0;0;0;9
17;Värmlands län;64;Grums;15866;Järpegatans äldrebostäder;0;0;0;13;0;0;0;0;0;0;0;0;0;0;0;0;0;0;0;13
17;Värmlands län;64;Grums;15867;Resurscentrum Linden;0;0;0;0;0;0;0;0;0;0;4;0;0;0;0;0;0;0;0;4
17;Värmlands län;64;Grums;15868;Edsholms äldrebostäder;0;0;0;0;0;0;0;0;0;0;0;15;0;0;0;0;0;0;0;15
17;Värmlands län;64;Grums;9418;Grums Bibliotek;113;147;136;29;31;142;167;171;203;135;65;57;180;223;265;270;250;131;52;2767
17;Värmlands län;65;Årjäng;10069;Biblioteket Årjäng;37;78;101;28;0;83;143;79;124;150;56;0;174;168;172;222;316;123;88;2142
17;Värmlands län;65;Årjäng;10073;Biblioteket Töcksfors;28;30;0;0;0;61;0;65;85;0;25;0;77;0;137;137;0;0;0;645
17;Värmlands län;65;Årjäng;12856;Holmedals skola;0;0;0;0;0;0;0;0;0;0;0;0;0;0;0;0;0;0;98;98
17;Värmlands län;65;Årjäng;12857;Böns skola;0;0;0;0;0;0;0;0;0;0;0;0;0;0;0;0;0;0;159;159
17;Värmlands län;65;Årjäng;13982;Ica Nära Sillerud;7;4;6;2;3;3;10;8;16;10;11;11;19;19;25;18;37;35;0;244
17;Värmlands län;65;Årjäng;15479;Töcksfors skola;0;0;0;0;0;0;0;0;0;0;0;0;0;0;0;0;0;0;26;26
17;Värmlands län;65;Årjäng;15480;Föreningsgården i Blomskog;0;0;0;0;0;0;0;0;0;0;0;0;0;0;0;0;0;0;79;79
17;Värmlands län;66;Sunne;7091;Allégårdens Servicehus;0;0;0;0;0;0;0;0;0;0;0;23;0;0;0;0;0;0;0;23
17;Värmlands län;66;Sunne;7092;Kålsgården servicehus;0;0;0;0;0;0;0;0;0;0;0;14;0;0;0;0;0;0;0;14
17;Värmlands län;66;Sunne;7094;Uddebo Servicehus;0;0;0;0;0;0;0;0;0;0;0;12;0;0;0;0;0;0;0;12
17;Värmlands län;66;Sunne;9697;Biblioteket;98;93;129;57;36;136;150;162;152;200;109;52;234;265;333;375;437;253;81;3352
17;Värmlands län;80;Karlstad;11906;Väse bibliotek;0;23;0;0;0;24;29;0;51;0;0;0;67;28;0;93;0;0;0;315
17;Värmlands län;80;Karlstad;12658;Karlstads universitet;0;0;0;0;0;0;0;0;0;0;0;0;170;188;0;389;440;216;0;1403
17;Värmlands län;80;Karlstad;13427;Edsvalla bibliotek;0;21;12;0;0;23;0;0;37;5;0;0;37;0;0;68;11;0;0;214
17;Värmlands län;80;Karlstad;14446;Hagaborg servicehus;0;0;0;0;0;0;0;0;0;0;0;46;0;0;0;0;0;0;0;46
17;Värmlands län;80;Karlstad;14447;Källan servicehus Skåre;0;0;0;0;0;0;0;0;0;0;0;21;0;0;0;0;0;0;0;21
17;Värmlands län;80;Karlstad;14448;Våxnäs vårdboende;0;0;0;0;0;0;0;0;0;0;0;38;0;0;0;0;0;0;0;38
17;Värmlands län;80;Karlstad;14622;Sjukhusbiblioteket;0;0;0;0;0;0;0;0;0;0;0;0;131;148;192;193;246;0;0;910
17;Värmlands län;80;Karlstad;15356;Samhällsbyggnadshuset;83;64;81;0;0;79;73;77;73;93;0;0;131;162;195;179;283;179;0;1752
17;Värmlands län;80;Karlstad;15729;Vårdcentralen Västerstrand;0;0;0;0;0;0;0;0;0;0;0;0;0;0;0;0;0;171;0;171
17;Värmlands län;80;Karlstad;7095;Kriminalvården, Häktet;0;0;0;0;0;0;0;0;0;0;0;27;0;0;0;0;0;0;0;27
17;Värmlands län;80;Karlstad;7098;Brattska Gården;0;0;0;0;0;0;0;0;0;0;0;17;0;0;0;0;0;0;0;17
17;Värmlands län;80;Karlstad;9103;Bibliotekshuset;466;432;505;363;348;537;597;570;573;627;593;613;972;1183;1377;1382;1533;1303;597;14571
17;Värmlands län;80;Karlstad;9104;Kronoparkens bibliotek;67;113;76;0;0;111;126;85;152;79;0;0;203;160;197;172;0;0;0;1541
17;Värmlands län;80;Karlstad;9105;Våxnäs bibliotek;133;111;118;0;0;192;219;141;165;144;0;0;262;303;219;381;0;0;0;2388
17;Värmlands län;80;Karlstad;9106;Skåre bibliotek;64;66;79;0;0;149;85;120;70;65;0;0;239;103;185;152;155;168;0;1700
17;Värmlands län;80;Karlstad;9107;Skattkärrs bibliotek;47;22;54;0;0;67;0;93;63;37;0;0;113;0;169;68;95;100;0;928
17;Värmlands län;80;Karlstad;9108;Molkoms bibliotek;0;66;37;0;0;68;82;0;110;47;0;0;125;105;69;170;102;100;0;1081
17;Värmlands län;80;Karlstad;9109;Vålbergs bibliotek;40;58;45;0;0;91;49;82;87;45;0;0;147;51;157;109;66;96;0;1123
17;Värmlands län;81;Kristinehamn;10222;Turistbyrån;129;145;244;113;45;269;268;245;279;250;142;88;344;344;327;379;449;281;0;4341
17;Värmlands län;81;Kristinehamn;10224;Kommunhuset Uroxen;25;14;16;0;0;21;29;17;18;24;0;0;25;44;46;45;58;0;67;449
17;Värmlands län;81;Kristinehamn;13054;Tapiren;0;0;0;0;0;0;0;21;0;0;0;0;0;0;0;0;0;0;0;21
17;Värmlands län;81;Kristinehamn;14065;Kristinehamns bibliotek;103;139;157;0;0;211;202;162;178;217;75;0;301;319;385;443;446;196;0;3534
17;Värmlands län;81;Kristinehamn;15869;Ölmegården;0;0;0;0;0;0;0;8;0;0;0;0;0;0;0;0;0;0;0;8
17;Värmlands län;81;Kristinehamn;15870;Öståsgården;0;0;0;0;0;0;0;0;0;0;0;0;0;0;5;0;0;0;0;5
17;Värmlands län;81;Kristinehamn;15871;Rudskoga servicehem;0;0;0;0;0;0;0;0;0;0;0;0;0;0;8;0;0;0;0;8
17;Värmlands län;81;Kristinehamn;15872;Bäckhammars Folkets Hus;0;0;0;0;0;0;0;0;0;0;0;36;0;0;0;0;0;0;0;36
17;Värmlands län;81;Kristinehamn;7102;Skogshyddan 1 och 2;0;0;0;0;0;0;0;0;0;0;0;0;0;0;9;0;0;0;0;9
17;Värmlands län;81;Kristinehamn;7103;Sannagården;0;0;0;0;0;0;0;26;0;0;0;0;0;0;0;0;0;0;0;26
17;Värmlands län;81;Kristinehamn;7104;Kolgården;0;0;0;0;0;0;0;11;0;0;0;0;0;0;0;0;0;0;0;11
17;Värmlands län;81;Kristinehamn;7105;Regnbågen;0;0;0;0;0;0;0;17;0;0;0;0;0;0;0;0;0;0;0;17
17;Värmlands län;82;Filipstad;9326;Folkets Hus;74;123;91;52;52;122;109;166;109;97;33;62;175;255;285;307;348;202;42;2704
17;Värmlands län;82;Filipstad;9327;Servicehuset Ugglan;2;11;22;0;0;15;20;17;37;15;0;0;40;20;45;33;16;0;0;293
17;Värmlands län;82;Filipstad;9329;Åhrlundsgården Nykroppa;5;2;16;0;0;14;22;10;19;15;0;0;37;15;27;24;17;0;0;223
17;Värmlands län;83;Hagfors;10165;Råda församlingshem;0;0;0;0;0;0;79;36;0;0;0;0;145;0;0;0;0;0;0;260
17;Värmlands län;83;Hagfors;12966;Stadshuset i Hagfors;91;127;102;74;63;99;166;128;194;123;103;89;128;306;175;399;288;178;98;2931
17;Värmlands län;83;Hagfors;13904;Ekshärads församlingshem;0;0;0;0;0;56;0;0;186;0;0;119;0;0;126;0;200;0;21;708
17;Värmlands län;83;Hagfors;14373;Älvstranden Bildningscentrum;0;0;0;0;0;0;0;0;0;0;0;0;0;80;0;31;0;0;0;111
17;Värmlands län;83;Hagfors;15826;Församlingshemmet Sunnemo;0;0;0;0;0;93;0;95;0;0;0;0;0;0;125;0;0;0;0;313
17;Värmlands län;83;Hagfors;15847;Ekshärad Bågskytten;0;0;0;0;0;0;0;0;0;0;0;0;0;0;0;0;0;0;0;0
17;Värmlands län;84;Arvika;10326;Smedberg;0;0;0;0;0;0;0;0;0;0;12;0;0;0;0;0;0;0;0;12
17;Värmlands län;84;Arvika;12958;Biblioteket;144;242;224;143;0;278;267;336;321;329;189;0;451;489;631;631;745;390;0;5810
17;Värmlands län;84;Arvika;12959;Stadshuset, kundtjänst;83;69;87;20;22;107;70;99;90;104;44;60;123;141;132;176;232;118;138;1915
17;Värmlands län;84;Arvika;12961;Biblioteksbussen;4;23;0;0;0;25;9;13;9;0;0;0;0;17;4;4;0;0;0;108
17;Värmlands län;84;Arvika;15360;Vågen;0;0;0;0;0;0;0;0;0;0;36;0;0;0;0;0;0;0;0;36
17;Värmlands län;84;Arvika;7117;Tapeten-Korpralen;0;0;0;0;0;0;0;0;0;0;7;0;0;0;0;0;0;0;0;7
17;Värmlands län;85;Säffle;14020;Bokbussen;1;1;0;0;0;7;2;7;7;0;0;0;5;4;33;9;0;0;0;76
17;Värmlands län;85;Säffle;14557;Medborgarhuset;167;150;168;70;70;169;227;245;253;248;114;108;358;406;449;538;612;294;0;4646
17;Värmlands län;85;Säffle;9571;Stadshuset;0;0;0;0;0;0;0;0;0;0;53;0;0;0;11;0;0;0;25;89
18;Örebro län;14;Lekeberg;9708;Stationshuset;64;90;89;23;32;89;83;86;93;79;31;72;121;176;138;219;218;109;68;1880
18;Örebro län;60;Laxå;12201;Biblioteket i Laxå;39;71;75;0;0;95;135;97;90;70;0;0;190;172;109;162;145;0;3;1453
18;Örebro län;60;Laxå;14739;Centralskolans matsal;0;0;0;0;0;0;0;0;0;0;0;0;0;0;0;0;0;0;29;29
18;Örebro län;60;Laxå;14740;Tiveds församlingshem;0;0;0;0;0;0;0;0;0;0;0;0;0;0;0;0;0;0;107;107
18;Örebro län;60;Laxå;15602;Röfors Folkets Hus;0;0;0;0;0;0;0;0;0;0;0;0;0;0;0;0;0;0;55;55
18;Örebro län;60;Laxå;15728;Kommunkontoret Laxå;0;0;0;12;15;0;0;0;0;0;8;0;0;0;0;0;0;70;0;105
18;Örebro län;60;Laxå;7125;Björkhagen serviceboende;0;0;0;0;0;0;0;0;0;0;0;22;0;0;0;0;0;0;0;22
18;Örebro län;60;Laxå;7126;Korttidsboende Gläntan;0;0;0;0;0;0;0;0;0;0;0;8;0;0;0;0;0;0;0;8
18;Örebro län;60;Laxå;7127;Ramundergårdens äldreboende;0;0;0;0;0;0;0;0;0;0;0;21;0;0;0;0;0;0;0;21
18;Örebro län;60;Laxå;7128;Edegårdens äldreboende;0;0;0;0;0;0;0;0;0;0;0;23;0;0;0;0;0;0;0;23
18;Örebro län;60;Laxå;7129;Tivedsgårdens äldreboende;0;0;0;0;0;0;0;0;0;0;0;47;0;0;0;0;0;0;0;47
18;Örebro län;61;Hallsberg;12610;Hjortkvarns bibliotek;0;5;0;0;0;0;21;0;0;0;0;0;0;30;0;0;0;0;0;56
18;Örebro län;61;Hallsberg;15389;Alléskolans bibliotek;0;0;0;0;0;0;0;0;11;0;0;0;0;0;0;22;0;0;0;33
18;Örebro län;61;Hallsberg;15390;Knutens dagcentral;0;0;0;24;0;22;0;17;0;0;15;0;0;32;0;23;25;32;0;190
18;Örebro län;61;Hallsberg;15391;Sköllersta sockenstuga;0;0;0;18;0;26;0;0;0;0;53;0;0;58;49;0;0;36;0;240
18;Örebro län;61;Hallsberg;15392;Esslatorp Äldreboende;0;20;0;0;0;39;0;32;0;36;0;0;34;0;70;0;56;30;0;317
18;Örebro län;61;Hallsberg;15393;Folkets Hus, Östansjö;0;0;0;17;0;0;30;0;21;0;12;0;23;0;39;58;0;27;0;227
18;Örebro län;61;Hallsberg;8983;Sköllergården;0;0;50;25;0;42;0;0;66;51;44;0;49;0;0;127;94;37;0;585
18;Örebro län;61;Hallsberg;8990;Hallsbergs bibliotek;83;79;92;31;49;110;104;122;93;114;67;53;217;209;318;245;348;206;72;2612
18;Örebro län;62;Degerfors;10054;Folkets Hus;50;113;87;64;43;95;109;153;132;109;127;87;124;167;149;318;243;160;37;2367
18;Örebro län;62;Degerfors;10058;Folkets Hus Svartå;0;0;0;0;0;17;12;13;19;17;0;0;24;18;31;20;26;0;0;197
18;Örebro län;62;Degerfors;10117;Åtorps utvecklingsgrupps lokal;0;0;0;0;0;17;15;11;14;22;0;0;10;14;20;24;29;0;0;176
18;Örebro län;63;Hällefors;14588;Hjulsjö motionscenter;0;0;0;0;0;0;0;0;0;0;78;0;0;0;0;0;0;62;0;140
18;Örebro län;63;Hällefors;7134;Sörgården;0;0;0;0;0;0;0;0;0;0;0;0;0;0;0;0;11;0;0;11
18;Örebro län;63;Hällefors;7137;Björkhaga (matsalen);0;0;0;0;0;0;0;0;0;0;0;0;0;0;0;0;42;0;0;42
18;Örebro län;63;Hällefors;8766;Kommunkontoret;52;77;63;0;0;83;74;111;96;65;0;0;130;148;181;185;184;64;18;1531
18;Örebro län;63;Hällefors;8767;Tempo;8;12;20;14;9;14;17;12;25;18;18;32;23;35;38;47;73;87;0;502
18;Örebro län;64;Ljusnarsberg;10162;Tingshuset;58;67;59;31;30;81;83;99;90;62;42;59;107;168;155;163;167;105;0;1626
18;Örebro län;64;Ljusnarsberg;15401;Kommunhuset;0;0;0;0;0;0;0;0;0;0;0;0;0;0;0;0;0;0;18;18
18;Örebro län;80;Örebro;10056;Vinöns skola;0;0;0;0;0;0;0;0;0;0;0;0;0;0;0;0;0;0;84;84
18;Örebro län;80;Örebro;13040;Almby seniorboende;30;38;38;0;0;52;57;46;50;48;0;0;56;78;77;97;114;0;0;781
18;Örebro län;80;Örebro;13093;Örebro kommun Servicecenter;0;0;0;0;0;0;0;0;0;0;0;0;0;0;0;0;0;0;790;790
18;Örebro län;80;Örebro;13796;Odensbackens bibliotek;0;49;0;0;0;80;0;0;48;0;0;0;162;0;0;123;0;0;0;462
18;Örebro län;80;Örebro;13797;Marieberg Galleria;239;266;296;262;401;341;385;368;394;405;425;528;581;616;730;775;812;737;0;8561
18;Örebro län;80;Örebro;13798;Adolfsbergs kyrka/församlingshem;0;69;51;0;0;0;0;0;158;63;0;0;0;0;0;270;180;0;0;791
18;Örebro län;80;Örebro;13799;Örebro Universitet;0;0;0;0;0;0;0;0;0;0;0;0;131;183;249;304;435;0;0;1302
18;Örebro län;80;Örebro;13808;Lillåns församlingshem;44;40;0;0;0;85;0;56;72;0;0;0;130;0;158;130;0;0;0;715
18;Örebro län;80;Örebro;14383;Tegelbrukets bibliotek;57;65;48;0;0;94;72;85;89;71;0;0;137;145;166;221;301;0;0;1551
18;Örebro län;80;Örebro;15583;Vågen Gallerian;340;360;354;254;201;471;449;459;393;414;495;428;713;796;909;944;1043;925;0;9948
18;Örebro län;80;Örebro;15587;Hjalmar Bergmanssalen Stadsbibliotek;111;91;97;72;49;107;124;140;120;131;163;108;219;268;296;424;484;485;0;3489
18;Örebro län;80;Örebro;15929;Brevensgården;0;0;0;0;0;0;0;0;0;0;0;0;0;0;0;0;0;0;75;75
18;Örebro län;80;Örebro;8033;Brickebackens bibliotek;24;31;0;0;0;33;24;17;25;0;0;0;65;58;74;101;0;0;0;452
18;Örebro län;80;Örebro;9148;Garphyttans bibliotek;0;0;0;0;0;0;51;0;0;0;0;0;0;61;0;0;0;0;0;112
18;Örebro län;80;Örebro;9153;Glanshammars bygdegård;0;26;0;0;0;67;0;0;88;0;0;0;106;0;0;176;0;0;0;463
18;Örebro län;80;Örebro;9154;Hagabiblioteket;125;147;130;47;0;195;190;194;178;160;133;0;243;302;290;328;303;239;0;3204
18;Örebro län;80;Örebro;9158;Olaus Petriskolan;56;52;45;0;0;0;97;69;75;50;0;0;0;189;206;252;196;0;0;1287
18;Örebro län;80;Örebro;9412;Vivalla bibliotek;58;52;54;0;0;78;87;92;94;60;0;0;119;114;141;148;234;0;0;1331
18;Örebro län;80;Örebro;9422;Universitetssjukhuset;56;57;65;0;0;132;116;125;127;85;0;0;217;231;278;327;327;0;0;2143
18;Örebro län;80;Örebro;9425;Vintrosa bibliotek;16;0;0;0;0;0;0;51;0;0;0;0;0;0;58;0;0;0;0;125
18;Örebro län;81;Kumla;10350;Stadshuset;72;60;50;44;0;89;76;73;72;49;0;0;112;98;116;143;164;156;0;1374
18;Örebro län;81;Kumla;14367;Sannahed - Hemgården;0;0;0;0;0;0;0;0;0;0;0;19;0;0;0;0;0;0;0;19
18;Örebro län;81;Kumla;14741;Kumla skofabrik;0;0;0;0;0;0;0;0;0;0;0;0;0;32;0;0;0;0;0;32
18;Örebro län;81;Kumla;15725;Akvarellen;0;0;0;0;0;0;0;0;0;0;0;17;0;0;0;0;0;0;0;17
18;Örebro län;81;Kumla;15754;Stadshuset;0;0;0;0;0;0;0;0;0;0;0;0;0;0;0;0;0;0;70;70
18;Örebro län;81;Kumla;7154;Kvarngården;0;0;0;0;0;0;0;0;0;0;0;20;0;0;0;0;0;0;0;20
18;Örebro län;81;Kumla;7155;Solbacka;0;0;0;0;0;0;0;0;0;0;0;7;0;0;0;0;0;0;0;7
18;Örebro län;81;Kumla;7156;Kungsgården;0;0;0;0;0;0;0;0;0;0;0;20;0;0;0;0;0;0;0;20
18;Örebro län;81;Kumla;7157;Sannahed - Bataljonen;0;0;0;0;0;0;0;0;0;0;0;6;0;0;0;0;0;0;0;6
18;Örebro län;81;Kumla;7158;Kriminalvårdsanstalten;0;0;0;0;0;0;0;0;0;0;63;108;23;0;0;0;0;0;0;194
18;Örebro län;81;Kumla;8812;Kumla bibliotek;159;214;186;77;119;192;210;172;203;153;133;163;337;343;457;464;565;343;68;4558
18;Örebro län;82;Askersund;15397;Sjöängen;86;90;81;67;48;111;102;94;121;101;101;77;151;162;182;228;251;199;52;2304
18;Örebro län;82;Askersund;15738;Mobila teamet;0;0;0;0;0;7;2;40;40;36;0;0;23;8;76;69;47;0;0;348
18;Örebro län;83;Karlskoga;10407;Solbringens servicehus;0;0;0;0;0;0;0;0;0;15;0;0;0;0;0;0;0;0;0;15
18;Örebro län;83;Karlskoga;10422;Skrantahöjdens sjukhem;0;0;0;0;0;0;0;0;0;29;0;0;0;0;0;0;0;0;0;29
18;Örebro län;83;Karlskoga;10452;Anstalten Karlskoga;0;0;0;0;0;0;0;0;0;35;0;0;0;0;0;0;0;0;0;35
18;Örebro län;83;Karlskoga;12745;Karlskoga bibliotek;98;121;145;88;34;172;174;168;196;181;89;80;182;316;272;406;393;238;0;3353
18;Örebro län;83;Karlskoga;14449;Mobil förtidsröstningslokal;5;31;25;25;14;6;7;8;47;120;51;32;17;7;45;91;207;27;0;765
18;Örebro län;83;Karlskoga;15055;Servicecenter;5;14;6;0;0;11;7;20;18;22;0;0;12;24;40;31;35;0;69;314
18;Örebro län;83;Karlskoga;15056;Lötängens vårdboende;0;0;0;0;0;0;0;0;0;26;0;0;0;0;0;0;0;0;0;26
18;Örebro län;83;Karlskoga;9531;Karlskoga lasarett;121;136;143;80;102;213;164;234;148;146;87;132;301;281;393;305;392;300;0;3678
18;Örebro län;83;Karlskoga;9532;Bergmästaren äldreboende;16;30;48;0;0;81;59;53;72;57;0;0;58;75;78;72;68;0;0;767
18;Örebro län;84;Nora;12222;Biblioteket;64;90;70;24;29;135;102;142;120;137;64;0;192;194;253;180;248;146;0;2190
18;Örebro län;84;Nora;15764;Mobil förtidsröstningslokal;0;11;0;0;0;0;20;8;24;31;0;51;12;4;20;65;106;0;0;352
18;Örebro län;84;Nora;8833;Tingshuset;28;28;19;0;0;41;35;35;28;48;0;0;44;58;64;94;89;0;63;674
18;Örebro län;85;Lindesberg;14389;Lindeskolan;0;0;0;0;0;0;0;0;0;0;0;0;0;0;26;0;0;0;0;26
18;Örebro län;85;Lindesberg;9634;Biblioteket i Lindesberg;194;174;166;74;55;260;233;271;261;258;144;95;344;411;436;418;559;424;129;4906
18;Örebro län;85;Lindesberg;9641;Tallen i Frövi;0;0;0;0;0;91;63;77;87;56;0;50;110;103;98;162;122;0;0;1019
18;Örebro län;85;Lindesberg;9645;Grönbodahemmet i Storå;0;0;0;0;0;0;0;0;0;0;0;0;104;92;0;132;74;24;0;426
18;Örebro län;85;Lindesberg;9647;Ekgården i Fellingsbro;0;0;0;0;0;41;56;0;47;22;38;0;56;50;0;105;57;24;0;496
19;Västmanlands län;04;Skinnskatteberg;14378;Allaktivitetshuset i Riddarhyttan;0;0;0;0;0;0;0;0;0;0;0;0;0;0;0;0;0;0;148;148
19;Västmanlands län;04;Skinnskatteberg;14379;Hedgården i Hed;0;0;0;0;0;0;0;0;0;0;0;0;0;0;0;0;0;0;157;157
19;Västmanlands län;04;Skinnskatteberg;9490;Kommunhuset;71;46;89;10;14;62;68;55;68;96;25;36;59;116;120;128;162;59;39;1323
19;Västmanlands län;07;Surahammar;12383;Kommunkontoret, Surahammar;0;0;0;0;0;0;0;0;0;0;0;0;0;0;0;0;0;0;22;22
19;Västmanlands län;07;Surahammar;8700;Biblioteket Surahammar;81;82;78;31;15;109;105;96;121;66;48;41;137;162;192;210;201;121;0;1896
19;Västmanlands län;07;Surahammar;8701;Biblioteket Städet;19;16;16;14;0;15;14;20;30;17;16;0;22;46;37;36;28;29;0;375
19;Västmanlands län;07;Surahammar;8702;Biblioteket Virsbo;15;16;15;20;0;17;20;15;29;18;18;0;28;33;35;61;47;27;0;414
19;Västmanlands län;60;Kungsör;10035;Entén Björskogsskolans matsal;0;0;0;0;0;0;0;46;0;0;0;0;0;0;97;0;0;0;0;143
19;Västmanlands län;60;Kungsör;10039;Biblioteket Kungsör;62;81;102;40;24;134;141;134;92;101;50;57;175;190;239;185;262;151;86;2306
19;Västmanlands län;60;Kungsör;10049;Misteln;0;0;0;0;0;0;0;0;0;0;0;48;0;0;0;0;0;0;0;48
19;Västmanlands län;60;Kungsör;13846;Torpa bygdegård;0;0;0;0;0;0;0;0;0;0;0;0;0;0;0;0;0;0;76;76
19;Västmanlands län;60;Kungsör;7177;Södergården;0;0;0;0;0;0;0;0;0;0;0;34;0;0;0;0;0;0;0;34
19;Västmanlands län;61;Hallstahammar;12956;Kulturhuset;140;163;102;71;0;168;153;170;196;162;82;0;225;297;318;392;369;275;104;3387
19;Västmanlands län;61;Hallstahammar;9740;Stationshuset (Biblioteket), Kolbäck;39;0;55;0;0;74;0;101;4;129;0;32;135;3;156;38;196;3;1;966
19;Västmanlands län;62;Norberg;14380;Resedan;0;0;0;0;0;0;0;0;0;0;0;12;0;0;0;0;0;0;0;12
19;Västmanlands län;62;Norberg;7183;Granbacken;0;0;0;0;0;0;0;0;0;0;0;9;0;0;0;0;0;0;0;9
19;Västmanlands län;62;Norberg;9853;Biblioteket;72;54;53;39;30;86;59;80;100;59;54;55;120;143;153;144;110;205;93;1709
19;Västmanlands län;80;Västerås;14620;Karlsgatan2 - ett hus med två museer;58;43;57;42;55;0;58;78;42;55;80;102;0;106;251;147;218;347;0;1739
19;Västmanlands län;80;Västerås;14621;Mötesplats Rönnby;33;31;34;0;0;43;46;46;54;40;0;0;70;55;81;93;107;0;0;733
19;Västmanlands län;80;Västerås;15514;Erikslund Shopping Center;174;199;188;259;288;258;283;318;327;374;378;525;507;554;740;746;935;972;0;8025
19;Västmanlands län;80;Västerås;15593;Vallbyinstitutet;31;30;40;0;0;27;32;24;34;22;0;0;47;57;74;71;115;0;0;604
19;Västmanlands län;80;Västerås;15757;Hälla Shopping;98;146;170;161;217;188;252;242;281;279;299;392;366;614;606;707;848;668;0;6534
19;Västmanlands län;80;Västerås;7186;Västmanlands sjukhus;67;94;82;0;0;144;158;125;122;110;0;0;217;255;248;327;410;0;0;2359
19;Västmanlands län;80;Västerås;9397;Stadshuset, Fiskartorget;177;185;228;0;0;249;233;241;196;211;0;0;345;449;450;423;584;3;717;4691
19;Västmanlands län;80;Västerås;9398;Stadsbiblioteket;198;204;242;151;0;259;285;247;236;205;210;0;417;441;537;593;643;384;0;5252
19;Västmanlands län;80;Västerås;9399;Bäckby bibliotek;77;122;63;0;0;104;114;90;121;62;0;0;120;142;130;274;163;0;0;1582
19;Västmanlands län;80;Västerås;9400;Skiljeboporten;97;110;99;0;0;162;146;129;123;100;0;0;176;193;168;175;258;0;0;1936
19;Västmanlands län;80;Västerås;9401;Viksängs bibliotek;84;117;89;0;0;136;220;115;133;118;0;0;152;369;150;170;237;0;0;2090
19;Västmanlands län;80;Västerås;9402;Önsta-Gryta bibliotek;78;72;89;0;0;153;56;81;64;95;0;0;231;81;135;143;172;0;0;1450
19;Västmanlands län;80;Västerås;9403;Råby bibliotek;98;45;71;0;0;87;86;141;73;80;0;0;107;136;244;98;169;0;0;1435
19;Västmanlands län;80;Västerås;9404;Skultuna bibliotek;20;60;15;0;0;95;50;42;85;35;0;0;120;102;66;151;105;0;0;946
19;Västmanlands län;80;Västerås;9405;Tillberga bibliotek;30;32;21;0;0;61;41;48;30;11;0;0;74;48;115;94;80;0;0;685
19;Västmanlands län;80;Västerås;9411;Mälardalens högskola;30;36;31;0;0;48;58;44;49;45;0;0;107;171;138;255;180;0;0;1192
19;Västmanlands län;81;Sala;12300;Rättspsykiatri Västmanland;0;0;0;0;0;0;0;0;28;0;0;0;0;0;0;0;0;0;0;28
19;Västmanlands län;81;Sala;12302;Jakobsbergsgården;0;0;0;0;0;0;0;21;24;16;11;0;21;29;40;55;57;55;0;329
19;Västmanlands län;81;Sala;12303;Möklintagården;0;0;0;0;0;0;0;19;19;4;7;0;12;18;22;18;27;21;0;167
19;Västmanlands län;81;Sala;12304;Ransta Nästa;0;0;0;0;0;0;0;35;29;19;27;0;35;45;48;73;52;46;0;409
19;Västmanlands län;81;Sala;12307;Kilbo skola;0;0;0;0;0;0;0;0;0;0;0;0;0;0;0;0;0;0;202;202
19;Västmanlands län;81;Sala;12308;Sätra brunns förskola;0;0;0;0;0;0;0;0;0;0;0;0;0;0;0;0;0;0;154;154
19;Västmanlands län;81;Sala;12362;Kriminalvårdsanstalten Salberga;0;0;0;0;0;0;0;0;0;0;0;0;0;126;0;0;0;0;0;126
19;Västmanlands län;81;Sala;9817;Stadsbiblioteket;189;244;213;97;52;246;222;275;285;248;152;136;351;433;518;580;635;448;189;5513
19;Västmanlands län;81;Sala;9818;Björkgården;0;0;0;0;0;0;0;21;29;10;17;0;30;42;39;24;58;49;0;319
19;Västmanlands län;82;Fagersta;7205;Koltrasten;0;0;0;0;0;0;0;0;0;0;16;0;0;0;0;0;0;0;0;16
19;Västmanlands län;82;Fagersta;7206;Stolpvreten;0;0;0;0;0;0;0;0;0;0;23;0;0;0;0;0;0;0;0;23
19;Västmanlands län;82;Fagersta;7207;Malmen;0;0;0;0;0;0;0;0;0;0;50;0;0;0;0;0;0;0;0;50
19;Västmanlands län;82;Fagersta;7209;Solliden;0;0;0;0;0;0;0;0;0;0;12;0;0;0;0;0;0;0;0;12
19;Västmanlands län;82;Fagersta;8693;Sveasalongen;0;0;0;0;0;85;68;70;78;69;0;0;68;96;102;117;131;0;0;884
19;Västmanlands län;82;Fagersta;8981;Biblioteket;139;163;128;55;34;147;131;161;170;155;77;72;208;245;284;289;445;194;86;3183
19;Västmanlands län;82;Fagersta;9495;Sockenstugan, Västervåla;0;0;0;0;0;0;0;0;0;0;0;0;0;0;0;0;0;0;111;111
19;Västmanlands län;83;Köping;12746;Biblioteket, Köping;155;131;146;0;0;210;174;203;226;244;0;0;334;348;388;466;425;0;0;3450
19;Västmanlands län;83;Köping;12747;Biblioteket, Kolsva;28;66;54;0;0;41;47;52;113;37;0;0;59;54;79;200;115;0;0;945
19;Västmanlands län;83;Köping;12751;Himmeta skola;0;0;0;0;0;0;0;0;0;0;0;0;0;0;0;0;0;0;143;143
19;Västmanlands län;83;Köping;12752;Odensvigården;0;0;0;0;0;0;0;0;0;0;0;0;0;0;0;0;0;0;121;121
19;Västmanlands län;83;Köping;14441;Rådhuset;81;114;75;74;22;107;93;132;251;147;152;162;188;146;145;367;257;389;195;3097
19;Västmanlands län;83;Köping;9825;Västra Skedvi Bygdegård;0;0;0;0;0;0;0;0;0;0;0;0;0;0;0;0;0;0;74;74
19;Västmanlands län;84;Arboga;11950;Medåkers skola;0;0;0;0;0;0;0;0;0;0;0;0;0;0;0;0;0;0;220;220
19;Västmanlands län;84;Arboga;7216;Trädgården;0;0;0;0;0;0;0;0;0;0;0;21;0;0;0;0;0;0;0;21
19;Västmanlands län;84;Arboga;7217;Hällbacken;0;0;0;0;0;0;0;0;0;0;0;15;0;0;0;0;0;0;0;15
19;Västmanlands län;84;Arboga;7218;Götgården;0;0;0;0;0;0;0;0;0;0;0;24;0;0;0;0;0;0;0;24
19;Västmanlands län;84;Arboga;7219;Strömsborg;0;0;0;0;0;0;0;0;0;0;0;0;9;0;0;0;0;0;0;9
19;Västmanlands län;84;Arboga;7220;Strandgården;0;0;0;0;0;0;0;0;0;0;0;0;23;0;0;0;0;0;0;23
19;Västmanlands län;84;Arboga;7923;Arboga stadsbibliotek;128;154;156;73;43;193;179;231;249;182;108;85;312;351;417;452;462;268;100;4143
20;Dalarnas län;21;Vansbro;14238;Berghedens skola;0;0;0;0;0;0;0;0;0;0;0;0;0;0;0;0;0;0;5;5
20;Dalarnas län;21;Vansbro;14239;Nederborgs nya skola;0;0;0;0;0;0;0;0;0;0;0;0;0;0;0;0;0;0;1;1
20;Dalarnas län;21;Vansbro;9074;Biblioteket Vansbro;37;37;64;35;23;60;87;62;80;82;57;52;112;156;186;241;222;194;23;1810
20;Dalarnas län;21;Vansbro;9075;Ja Järnas lokal;0;0;0;0;0;0;0;0;0;0;0;0;0;0;0;0;0;0;7;7
20;Dalarnas län;23;Malung-Sälen;12723;Tyngsjö bygdegård;0;0;0;0;0;0;0;0;0;0;0;0;0;0;0;0;0;0;48;48
20;Dalarnas län;23;Malung-Sälen;14754;Malung-Sälens gymnasieskola;0;0;0;0;0;0;0;0;0;0;0;0;0;0;34;0;0;0;0;34
20;Dalarnas län;23;Malung-Sälen;15842;Sälens bibliotek;21;18;18;19;0;36;38;33;50;43;37;0;41;77;47;118;100;96;0;792
20;Dalarnas län;23;Malung-Sälen;15843;Kommunkontoret;0;0;0;0;0;0;0;0;0;0;0;0;0;0;0;0;0;0;19;19
20;Dalarnas län;23;Malung-Sälen;9453;Malungs bibliotek;70;103;90;58;0;107;109;153;116;123;57;0;182;247;259;188;311;130;0;2303
20;Dalarnas län;23;Malung-Sälen;9456;Skålmogårdens äldreboende;0;0;0;0;56;0;0;0;0;0;0;84;0;0;0;0;0;0;0;140
20;Dalarnas län;23;Malung-Sälen;9460;Rörbäcksnäs skola;0;0;0;0;0;0;0;0;0;0;0;0;0;0;0;0;0;0;74;74
20;Dalarnas län;23;Malung-Sälen;9461;Kooperativet Dalen;0;0;0;0;0;0;0;0;0;0;0;0;0;0;0;0;0;0;56;56
20;Dalarnas län;23;Malung-Sälen;9462;Öje centrumhus;0;0;0;0;0;0;0;0;0;0;0;0;0;0;0;0;0;0;73;73
20;Dalarnas län;26;Gagnef;14453;Aktivitetshuset Gagnef;0;0;22;0;0;0;0;37;0;23;0;0;0;52;64;0;0;0;0;198
20;Dalarnas län;26;Gagnef;15441;Biblioteket Djurås;0;0;15;0;0;36;0;0;0;0;0;0;37;0;0;75;74;0;0;237
20;Dalarnas län;26;Gagnef;8786;Biblioteket Björbo;0;28;0;0;0;0;0;0;56;0;0;0;0;0;0;77;0;0;0;161
20;Dalarnas län;26;Gagnef;8787;Biblioteket Dala-Floda;0;0;0;0;0;21;40;0;0;0;0;0;0;54;0;0;0;0;0;115
20;Dalarnas län;26;Gagnef;8789;Biblioteket Mockfjärd;0;34;0;0;0;0;73;0;80;0;0;0;0;112;119;0;0;0;0;418
20;Dalarnas län;26;Gagnef;8790;OK-Q8  Djurås Centrum;41;49;40;26;30;51;50;48;62;68;75;87;77;115;127;125;180;234;67;1552
20;Dalarnas län;29;Leksand;12859;Leksands bibliotek;113;94;122;84;0;146;153;179;175;160;193;0;228;273;322;368;398;288;0;3296
20;Dalarnas län;29;Leksand;12893;Insjöns bibliotek;0;43;0;0;0;0;64;0;67;0;0;0;0;168;0;156;0;0;0;498
20;Dalarnas län;29;Leksand;12913;Kommunhuset;32;35;22;0;19;28;38;43;24;0;38;44;73;102;104;134;114;0;111;961
20;Dalarnas län;29;Leksand;13879;Siljansnäs sockenkontor;10;15;19;0;0;14;23;11;37;21;0;0;21;23;41;72;50;0;0;357
20;Dalarnas län;29;Leksand;14438;Sockenstugan, Djura;0;0;0;0;0;0;0;0;0;0;0;0;0;0;0;0;0;0;286;286
20;Dalarnas län;31;Rättvik;13774;Stiernhööksgymnasiet;0;0;0;0;0;0;0;0;0;0;0;0;0;18;0;0;0;0;0;18
20;Dalarnas län;31;Rättvik;14687;Ore bibliotek;36;0;0;0;0;0;0;96;0;0;0;0;0;0;132;0;0;0;0;264
20;Dalarnas län;31;Rättvik;7233;Enådal Servicehus;0;0;0;0;0;0;0;0;0;0;0;0;0;0;0;44;0;0;0;44
20;Dalarnas län;31;Rättvik;7234;Prästskogen Servicehus;0;0;0;0;0;0;0;0;0;0;0;0;0;0;0;23;0;0;0;23
20;Dalarnas län;31;Rättvik;9007;Stumsnäs bystuga;0;0;0;0;0;0;0;0;0;0;0;0;0;0;0;0;0;0;39;39
20;Dalarnas län;31;Rättvik;9009;Bingsjö bystuga;0;0;0;0;0;0;0;0;0;0;0;0;0;0;0;0;0;0;60;60
20;Dalarnas län;31;Rättvik;9010;Ingels skola;0;0;0;0;0;0;0;0;0;0;0;0;0;0;0;0;0;0;152;152
20;Dalarnas län;31;Rättvik;9011;Dalfors bystuga;0;0;0;0;0;0;0;0;0;0;0;0;0;0;0;0;0;0;27;27
20;Dalarnas län;31;Rättvik;9013;Kulturhuset;130;106;107;43;62;133;142;155;178;156;78;96;260;371;351;399;355;320;116;3558
20;Dalarnas län;34;Orsa;7909;Kommunhuset/Tingshuset;71;107;72;36;47;101;79;102;139;118;26;56;170;138;182;272;236;122;47;2121
20;Dalarnas län;39;Älvdalen;9590;Restaurang Fjällbjörken;0;0;0;0;0;0;0;0;0;0;0;0;0;0;0;0;0;0;24;24
20;Dalarnas län;39;Älvdalen;9600;Storsäterns skola;0;0;0;0;0;0;0;0;0;0;0;0;0;0;0;0;0;0;36;36
20;Dalarnas län;39;Älvdalen;9601;Gördalens bystuga;0;0;0;0;0;0;0;0;0;0;0;0;0;0;0;0;0;0;13;13
20;Dalarnas län;39;Älvdalen;9602;Blybergs bygdegård;0;0;0;0;0;0;0;0;0;0;0;0;0;0;0;0;0;0;44;44
20;Dalarnas län;39;Älvdalen;9605;Gamla småskolan Evertsberg;0;0;0;0;0;0;0;0;0;0;0;0;0;0;0;0;0;0;79;79
20;Dalarnas län;39;Älvdalen;9610;Klittens bystuga;0;0;0;0;0;0;0;0;0;0;0;0;0;0;0;0;0;0;40;40
20;Dalarnas län;39;Älvdalen;9611;Folkets Hus Nornäs;0;0;0;0;0;0;0;0;0;0;0;0;0;0;0;0;0;0;33;33
20;Dalarnas län;39;Älvdalen;9612;Brunnsbergs bystuga;0;0;0;0;0;0;0;0;0;0;0;0;0;0;0;0;0;0;61;61
20;Dalarnas län;39;Älvdalen;9617;Kommunhuset i Älvdalen;22;86;78;15;13;69;76;57;153;82;33;41;93;113;134;304;194;103;23;1689
20;Dalarnas län;39;Älvdalen;9620;Kommunalkontoret i Idre;27;0;0;0;19;41;0;93;0;0;0;31;72;0;146;8;0;0;1;438
20;Dalarnas län;39;Älvdalen;9623;Särnakontoret;0;19;0;20;0;0;62;0;55;0;16;0;0;76;0;61;0;44;0;353
20;Dalarnas län;61;Smedjebacken;13050;Gubbo Folkets Hus;0;0;0;0;0;0;0;0;0;0;0;0;0;0;0;0;0;0;75;75
20;Dalarnas län;61;Smedjebacken;13065;Biblioteket Smedjebacken;0;0;0;0;0;0;0;0;0;0;0;0;0;0;0;0;0;0;21;21
20;Dalarnas län;61;Smedjebacken;13066;Söderbärke Folkets Hus;19;47;33;23;0;37;37;57;41;56;45;0;69;59;89;67;62;78;8;827
20;Dalarnas län;61;Smedjebacken;14813;Malingsbo Bygdegård;0;0;0;0;0;0;0;0;0;0;0;0;0;0;0;0;0;0;45;45
20;Dalarnas län;61;Smedjebacken;8292;Kommunhuset Smedjebacken;81;89;91;32;28;145;141;149;142;148;51;70;189;257;274;241;326;174;0;2628
20;Dalarnas län;61;Smedjebacken;8295;Snöåns Bystuga;0;0;0;0;0;0;0;0;0;0;0;0;0;0;0;0;0;0;38;38
20;Dalarnas län;62;Mora;13482;Mora bibliotek;136;193;183;96;0;238;250;256;275;314;124;0;358;491;504;625;713;370;0;5126
20;Dalarnas län;62;Mora;13483;Tempo i Venjan;0;0;0;0;0;19;8;7;14;11;6;0;19;9;5;12;30;15;0;155
20;Dalarnas län;62;Mora;15260;Mora gymnasium;0;0;0;0;0;0;0;0;0;0;0;0;31;0;0;0;0;0;0;31
20;Dalarnas län;62;Mora;8742;Handlarn i Våmhus;0;0;0;0;17;22;14;22;17;25;26;37;34;40;51;39;54;73;0;471
20;Dalarnas län;62;Mora;8743;Konsum Sollerön;0;0;0;0;23;27;37;22;20;28;36;23;24;50;43;48;75;83;0;539
20;Dalarnas län;62;Mora;8749;Garsås bygdegård;0;0;0;0;0;0;0;0;0;0;0;0;0;0;0;0;0;0;80;80
20;Dalarnas län;62;Mora;8752;Andreasgården;0;0;0;0;0;0;0;0;0;0;0;0;0;0;0;0;0;0;75;75
20;Dalarnas län;62;Mora;8753;Venjans kommunalhus;0;0;0;0;0;0;0;0;0;0;0;0;0;0;0;0;0;0;75;75
20;Dalarnas län;62;Mora;8754;Siknäs bygdegård;0;0;0;0;0;0;0;0;0;0;0;0;0;0;0;0;0;0;61;61
20;Dalarnas län;62;Mora;8756;Oxbergsgården;0;0;0;0;0;0;0;0;0;0;0;0;0;0;0;0;0;0;68;68
20;Dalarnas län;80;Falun;13658;Kristinehallen;0;0;0;0;0;98;95;94;82;55;95;0;117;140;125;196;213;192;0;1502
20;Dalarnas län;80;Falun;15245;Sågmyra IOGT/NTO;0;32;0;0;0;33;0;0;48;0;0;0;39;0;0;67;0;0;0;219
20;Dalarnas län;80;Falun;9671;Bjursås Bibliotek;37;32;24;0;0;55;41;106;35;55;0;0;125;70;145;63;88;0;0;876
20;Dalarnas län;80;Falun;9673;Grycksbo Skola;0;32;0;0;0;63;0;0;95;0;0;0;69;0;0;111;0;0;0;370
20;Dalarnas län;80;Falun;9674;Enviken Sockenstugan;0;41;0;0;0;56;0;0;92;0;0;0;65;0;0;114;0;0;0;368
20;Dalarnas län;80;Falun;9675;Svärdsjö Bibliotek;26;58;40;0;0;86;71;67;115;53;0;0;150;102;78;158;117;0;0;1121
20;Dalarnas län;80;Falun;9676;Sundborns Församlingehem;0;40;0;0;0;46;0;0;80;0;0;0;46;0;0;95;0;0;0;307
20;Dalarnas län;80;Falun;9677;Näs Bibliotek;32;54;0;0;0;0;155;20;74;0;0;0;0;188;73;96;0;0;0;692
20;Dalarnas län;80;Falun;9678;Vika Bibliotek;13;21;0;0;0;44;0;25;37;0;0;0;48;0;15;113;0;0;0;316
20;Dalarnas län;80;Falun;9679;Stadsbiblioteket, Falun;409;449;479;299;0;558;482;605;583;565;408;0;888;976;1143;1261;1417;873;0;11395
20;Dalarnas län;80;Falun;9681;Rådhuset, Falun;0;0;0;0;101;0;0;0;0;0;0;246;0;0;0;0;0;0;256;603
20;Dalarnas län;80;Falun;9985;Åsgården;0;0;0;0;0;0;0;0;0;0;0;0;0;0;0;0;0;0;67;67
20;Dalarnas län;80;Falun;9986;Toftaskolan;0;0;0;0;0;0;0;0;0;0;0;0;0;0;0;0;0;0;107;107
20;Dalarnas län;81;Borlänge;14333;Kungsljuset;0;0;0;0;0;0;0;0;0;0;0;27;0;0;0;0;0;0;0;27
20;Dalarnas län;81;Borlänge;14334;Kupolen köpcentrum;357;373;333;367;304;385;404;404;427;360;314;458;483;591;723;779;821;710;0;8593
20;Dalarnas län;81;Borlänge;14615;Idkerbergets skola;0;0;0;0;0;0;0;0;0;0;0;0;0;39;0;35;0;0;0;74
20;Dalarnas län;81;Borlänge;14616;PRO-lokalen, Domnarvets centrum;0;0;0;0;0;0;0;0;0;0;0;0;53;52;76;82;79;0;0;342
20;Dalarnas län;81;Borlänge;15240;Locus Tjärna Ängar;0;0;0;0;0;34;23;21;7;12;0;0;9;8;17;12;35;0;0;178
20;Dalarnas län;81;Borlänge;7246;Hagahuset;0;0;0;0;0;0;0;0;0;0;0;28;0;0;0;0;0;0;0;28
20;Dalarnas län;81;Borlänge;7247;Hällsjöhemmet;0;0;0;0;0;0;0;0;0;0;0;35;0;0;0;0;0;0;0;35
20;Dalarnas län;81;Borlänge;7248;Tunagården;0;0;0;0;0;0;0;0;0;0;0;25;0;0;0;0;0;0;0;25
20;Dalarnas län;81;Borlänge;7249;Åkershem;0;0;0;0;0;0;0;0;0;0;0;38;0;0;0;0;0;0;0;38
20;Dalarnas län;81;Borlänge;9547;Stadshuset Borlänge kommun;191;197;162;0;0;153;172;139;143;151;41;0;156;187;234;218;309;402;286;3141
20;Dalarnas län;81;Borlänge;9549;Huvudbiblioteket;225;219;196;0;0;280;196;207;217;220;97;0;297;294;337;426;489;339;0;4039
20;Dalarnas län;81;Borlänge;9551;Forum Kvarnsveden;0;0;0;0;0;141;111;156;108;79;0;0;124;110;139;140;180;0;0;1288
20;Dalarnas län;82;Säter;13996;Stora Skedvi bibliotek;16;57;0;0;0;0;43;39;63;0;0;0;0;36;63;115;0;0;0;432
20;Dalarnas län;82;Säter;13997;Gustafs bibliotek;33;7;0;0;0;76;0;46;23;0;0;0;146;0;111;71;0;0;0;513
20;Dalarnas län;82;Säter;14699;Skenshyttans Bygdegård;0;0;0;0;0;0;0;0;0;0;0;0;0;0;0;0;0;0;66;66
20;Dalarnas län;82;Säter;15504;Säters bibliotek;107;100;107;70;44;128;120;134;126;138;62;81;194;231;215;208;362;198;7;2632
20;Dalarnas län;82;Säter;15642;Samhällsbyggnadsförvaltningen;0;0;0;0;0;0;0;0;0;0;0;0;0;0;0;0;0;0;23;23
20;Dalarnas län;83;Hedemora;12830;Vikmanshyttan;0;0;0;0;0;0;0;0;0;0;0;0;0;56;67;0;0;0;0;123
20;Dalarnas län;83;Hedemora;13831;Långshyttans Folket Hus;0;0;0;0;0;0;0;0;0;0;0;0;0;175;0;206;0;0;0;381
20;Dalarnas län;83;Hedemora;8826;Receptionen Tjädernhuset;179;160;171;59;43;188;147;216;243;218;71;92;258;250;428;714;528;0;0;3965
20;Dalarnas län;83;Hedemora;8830;Församlingshemmet Garpenberg;0;0;0;0;0;0;0;0;0;0;0;0;0;0;74;0;0;0;0;74
20;Dalarnas län;84;Avesta;15371;Centrumgården;0;0;0;0;5;0;0;0;0;0;0;29;0;0;0;0;0;0;49;83
20;Dalarnas län;84;Avesta;15644;Krylbo Församlingsgård;37;0;26;0;0;80;0;67;0;40;0;0;78;0;84;0;55;0;0;467
20;Dalarnas län;84;Avesta;7266;Balders;0;0;0;0;0;0;0;0;0;0;0;37;0;0;0;0;0;0;0;37
20;Dalarnas län;84;Avesta;7269;Framnäs;0;0;0;0;0;0;0;0;0;0;0;13;0;0;0;0;0;0;0;13
20;Dalarnas län;84;Avesta;7270;Björkhagen;0;0;0;0;0;0;0;0;0;0;0;21;0;0;0;0;0;0;0;21
20;Dalarnas län;84;Avesta;7271;Tallbacken;0;0;0;0;0;0;0;0;0;0;0;15;0;0;0;0;0;0;0;15
20;Dalarnas län;84;Avesta;9629;Avesta bibliotek;283;221;227;87;0;301;345;334;362;362;210;0;481;462;560;572;660;370;0;5837
20;Dalarnas län;84;Avesta;9632;Fors bibliotek;0;31;0;0;0;21;0;0;45;0;0;0;15;0;0;77;0;0;0;189
20;Dalarnas län;84;Avesta;9633;Horndals bibliotek;10;16;17;0;0;18;15;44;9;24;0;0;39;25;99;19;62;0;0;397
20;Dalarnas län;84;Avesta;9636;Skogsgläntan;0;0;0;0;0;0;0;0;0;0;0;0;104;75;61;59;87;0;0;386
20;Dalarnas län;85;Ludvika;13833;Ludvika Folkets Hus;215;235;185;101;70;281;256;295;237;236;142;155;313;360;475;569;631;378;0;5134
20;Dalarnas län;85;Ludvika;13834;Ludvika lasarett;65;67;53;0;0;56;54;80;63;65;0;0;84;92;97;107;122;0;0;1005
20;Dalarnas län;85;Ludvika;15734;Lingongårdens samlingssal;41;35;28;0;0;58;47;39;26;49;0;0;64;93;73;80;114;0;0;747
20;Dalarnas län;85;Ludvika;8912;Fredriksbergs bibliotek;16;17;0;0;0;31;34;25;19;0;0;0;47;23;62;38;0;0;0;312
20;Dalarnas län;85;Ludvika;8913;Nyhammars bibliotek;33;32;23;0;0;0;80;56;70;33;0;0;0;148;55;131;89;0;80;830
20;Dalarnas län;85;Ludvika;8916;Grängesbergs bibliotek;51;59;62;0;0;94;78;79;46;97;0;0;116;106;188;111;197;0;0;1284
20;Dalarnas län;85;Ludvika;8948;Håksbergs förskola;0;0;0;0;0;0;0;0;0;0;0;0;0;0;0;0;0;0;59;59
20;Dalarnas län;85;Ludvika;9765;Församlingsgården;0;0;0;0;0;0;0;0;0;0;0;0;0;0;0;0;0;0;46;46
21;Gävleborgs län;01;Ockelbo;10367;Informationskontoret, Ockelbo;84;96;101;0;0;109;106;116;142;136;0;0;143;147;169;172;225;90;66;1902
21;Gävleborgs län;01;Ockelbo;12364;Åmotsgården;0;0;0;0;0;0;0;0;0;0;0;0;0;98;0;0;0;0;0;98
21;Gävleborgs län;01;Ockelbo;12366;Jädraås Folkets Hus;0;0;0;0;0;0;0;0;0;0;0;0;0;80;0;0;0;0;0;80
21;Gävleborgs län;01;Ockelbo;12367;Lingbogården;0;0;0;0;0;0;0;0;0;0;0;0;0;177;0;0;0;0;0;177
21;Gävleborgs län;01;Ockelbo;12368;Mobygården;0;0;0;0;0;0;0;0;0;0;0;0;0;64;0;0;0;0;0;64
21;Gävleborgs län;01;Ockelbo;13654;Bysjöstrand Äldreboende;0;0;0;0;0;0;0;0;0;0;0;0;0;16;0;0;0;0;0;16
21;Gävleborgs län;04;Hofors;14548;Torsåkers Bygdegård;0;33;0;0;0;0;70;0;87;0;0;58;0;117;0;115;0;0;0;480
21;Gävleborgs län;04;Hofors;15522;Folkets Hus;0;0;0;0;0;0;0;0;0;0;0;0;0;0;0;0;0;0;26;26
21;Gävleborgs län;04;Hofors;9275;Folkets Hus;87;100;101;38;33;127;147;152;155;153;62;81;181;297;250;317;389;222;0;2892
21;Gävleborgs län;21;Ovanåker;14435;Folkets Hem;58;80;89;0;0;116;191;177;166;149;0;0;182;231;284;343;321;0;27;2414
21;Gävleborgs län;21;Ovanåker;14436;Sunnangården;36;47;58;0;0;66;73;108;103;102;0;0;114;111;154;153;163;0;0;1288
21;Gävleborgs län;32;Nordanstig;10996;Älgeredsgården;0;0;0;0;0;0;0;0;0;0;0;0;0;0;0;0;0;0;0;0
21;Gävleborgs län;32;Nordanstig;10997;Ilsbo skola;0;0;0;0;0;0;0;0;0;0;0;0;0;0;0;0;0;0;0;0
21;Gävleborgs län;32;Nordanstig;10998;IOGT;0;0;0;0;0;0;0;0;0;0;0;0;0;0;0;0;0;0;0;0
21;Gävleborgs län;32;Nordanstig;10999;Folkets Hus, Stocka;0;0;0;0;0;0;0;0;0;0;0;0;0;0;0;0;0;0;0;0
21;Gävleborgs län;32;Nordanstig;11000;Strömshall;0;0;0;0;0;0;0;0;0;0;0;0;0;0;0;0;0;0;0;0
21;Gävleborgs län;32;Nordanstig;7283;Sörgården/Bållebo;0;0;0;0;0;0;0;0;0;0;0;21;0;0;0;0;0;0;0;21
21;Gävleborgs län;32;Nordanstig;7284;Bergesta;0;0;0;0;0;0;0;0;0;0;0;9;0;0;0;0;0;0;0;9
21;Gävleborgs län;32;Nordanstig;7286;Hagängsgården;0;0;0;0;0;0;0;0;0;0;0;10;0;0;0;0;0;0;0;10
21;Gävleborgs län;32;Nordanstig;9471;Bergsjö bibliotek;16;32;44;0;0;101;31;37;56;97;0;0;207;58;77;82;203;76;29;1146
21;Gävleborgs län;32;Nordanstig;9473;Hasselagården;0;0;0;0;0;0;0;43;0;0;0;0;0;0;85;0;0;0;0;128
21;Gävleborgs län;32;Nordanstig;9474;Gnarps bibliotek;0;0;0;0;0;0;0;0;113;0;0;0;0;0;0;251;0;0;0;364
21;Gävleborgs län;32;Nordanstig;9475;Harmånger bibliotek;0;0;0;0;0;0;87;0;0;0;0;0;0;165;0;0;0;0;0;252
21;Gävleborgs län;61;Ljusdal;10535;Ljusdals kommunhus;103;141;158;49;33;153;208;199;205;238;80;62;263;337;422;442;619;287;48;4047
21;Gävleborgs län;61;Ljusdal;10595;Los Bibliotek;0;10;0;0;0;14;35;0;28;0;0;0;19;34;0;28;0;0;0;168
21;Gävleborgs län;61;Ljusdal;10596;Ramsjö Bibliotek;0;7;0;0;0;7;2;0;3;0;0;0;20;8;0;7;0;0;0;54
21;Gävleborgs län;61;Ljusdal;8654;Öjegården;13;39;29;0;0;28;57;32;32;47;0;0;43;83;58;83;93;0;0;637
21;Gävleborgs län;61;Ljusdal;8657;Färila Bibliotek;18;26;21;0;0;33;73;43;53;58;0;0;50;116;48;94;96;0;0;729
21;Gävleborgs län;80;Gävle;13586;Andersbergs bibliotek;83;108;41;0;0;92;90;61;100;43;0;0;179;146;146;243;154;0;0;1486
21;Gävleborgs län;80;Gävle;13591;Hille bibliotek;0;0;0;0;0;98;116;83;66;0;0;0;99;209;132;74;0;0;0;877
21;Gävleborgs län;80;Gävle;13592;Sätra bibliotek;112;93;70;0;0;101;128;122;154;65;0;0;147;283;196;295;196;0;0;1962
21;Gävleborgs län;80;Gävle;15565;Stadshuset;148;153;174;92;60;184;232;257;243;234;150;109;304;296;404;447;643;471;530;5131
21;Gävleborgs län;80;Gävle;7296;Gävle sjukhus;79;105;91;0;0;137;153;154;144;173;0;0;181;222;287;321;0;0;287;2334
21;Gävleborgs län;80;Gävle;7981;Stadsbiblioteket;395;358;304;256;195;455;411;500;479;373;380;434;716;816;1019;1103;1247;1015;265;10721
21;Gävleborgs län;80;Gävle;7982;Konstcentrum/Silvanum;74;68;76;0;0;90;97;72;81;88;0;0;141;174;159;214;333;0;0;1667
21;Gävleborgs län;80;Gävle;7984;Bomhus bibliotek;125;226;110;0;0;219;104;133;286;122;0;0;380;146;170;521;247;0;0;2789
21;Gävleborgs län;80;Gävle;7985;Bergby bibliotek;0;0;0;0;0;138;64;61;0;101;0;0;127;71;96;0;134;0;0;792
21;Gävleborgs län;80;Gävle;7986;Forsbacka bibliotek;0;0;0;0;0;84;0;55;39;28;0;0;108;0;60;71;46;0;0;491
21;Gävleborgs län;80;Gävle;7987;Hedesunda bibliotek;0;0;0;0;0;68;0;53;44;0;0;0;0;0;111;78;86;0;0;440
21;Gävleborgs län;80;Gävle;7991;Valbo bibliotek;103;126;90;0;0;150;120;93;203;134;0;0;241;153;162;358;196;0;0;2129
21;Gävleborgs län;81;Sandviken;11823;Ica, Björksätra;0;100;0;0;0;0;144;0;133;0;0;0;0;199;0;147;0;0;0;723
21;Gävleborgs län;81;Sandviken;11824;Folkets Hus, Järbo;0;0;70;0;0;0;0;74;0;0;0;0;176;0;0;0;0;0;0;320
21;Gävleborgs län;81;Sandviken;11825;Österfärnebo bibliotek;28;0;0;0;0;0;0;0;0;0;0;0;0;0;131;0;0;0;0;159
21;Gävleborgs län;81;Sandviken;13551;Åshammars bibliotek;0;0;0;0;0;80;0;72;0;0;0;0;0;57;0;0;0;0;0;209
21;Gävleborgs län;81;Sandviken;14332;Kvarterslokal, Årsunda;38;0;0;0;0;0;0;0;0;0;0;0;0;0;90;0;0;0;0;128
21;Gävleborgs län;81;Sandviken;8303;Ica, Storvik;0;85;0;0;0;0;163;0;162;71;0;0;0;0;0;300;127;0;0;908
21;Gävleborgs län;81;Sandviken;8305;Folkets Hus, Sandviken;154;202;172;186;106;360;296;318;329;354;182;150;650;656;769;851;881;405;219;7240
21;Gävleborgs län;82;Söderhamn;10118;Servicehuset Linden;0;0;0;0;0;50;39;43;38;41;0;0;43;55;47;51;76;0;0;483
21;Gävleborgs län;82;Söderhamn;10120;Servicehuset Kastanjen;0;0;0;0;0;73;63;29;47;42;0;0;74;84;91;84;78;0;0;665
21;Gävleborgs län;82;Söderhamn;10128;Bykontoret Holmsveden;0;0;0;0;0;0;0;0;0;0;0;0;0;0;0;107;0;0;0;107
21;Gävleborgs län;82;Söderhamn;12160;Söderhamns Stadsbibliotek;202;274;297;105;0;352;342;364;338;383;150;0;479;572;644;620;802;397;0;6321
21;Gävleborgs län;82;Söderhamn;13017;Forsgårdens Servicehus;0;0;0;0;0;0;0;0;0;0;0;0;0;0;17;0;0;0;0;17
21;Gävleborgs län;82;Söderhamn;13119;Rådhuset;0;0;0;0;23;0;0;0;0;0;0;33;0;0;0;0;0;0;133;189
21;Gävleborgs län;82;Söderhamn;14025;Trönö;0;0;0;0;0;0;0;0;0;0;0;0;0;0;90;0;171;0;0;261
21;Gävleborgs län;82;Söderhamn;14028;Eklunda servicehus;0;0;0;0;0;0;0;0;0;0;0;0;0;0;0;10;0;0;0;10
21;Gävleborgs län;82;Söderhamn;7315;Björkbacka servicehus;0;0;0;0;0;0;0;0;0;0;0;0;14;0;0;0;0;0;0;14
21;Gävleborgs län;82;Söderhamn;7316;Enriset servicehuset;0;0;0;0;0;0;0;0;0;0;0;0;0;33;0;0;0;0;0;33
21;Gävleborgs län;83;Bollnäs;15462;Hällagården;0;0;0;0;0;57;41;39;39;55;0;0;65;73;106;132;77;0;0;684
21;Gävleborgs län;83;Bollnäs;7318;Karlslund;0;0;0;0;0;0;0;0;0;0;0;51;0;0;0;0;0;0;0;51
21;Gävleborgs län;83;Bollnäs;7319;Ängslunda;0;0;0;0;0;0;0;0;0;0;0;31;0;0;0;0;0;0;0;31
21;Gävleborgs län;83;Bollnäs;8271;Ringshög;0;0;0;0;0;0;0;0;0;0;0;0;50;37;37;46;29;0;0;199
21;Gävleborgs län;83;Bollnäs;8286;Forum;0;0;0;0;0;84;54;61;66;83;0;0;82;110;127;137;94;0;0;898
21;Gävleborgs län;83;Bollnäs;8287;Bollnäs Kundcenter, Stadshuset;202;234;280;116;122;323;281;368;283;432;126;118;435;553;638;610;857;500;195;6673
21;Gävleborgs län;84;Hudiksvall;8637;Hudiksvalls bibliotek;169;345;240;115;66;389;394;421;431;409;149;124;595;715;791;915;781;465;295;7809
21;Gävleborgs län;84;Hudiksvall;8638;Tryggebo servicehus;32;55;36;28;0;52;55;45;53;53;21;0;91;78;107;111;112;66;0;995
21;Gävleborgs län;84;Hudiksvall;8639;Edshammars servicehus;33;41;66;18;0;62;57;68;89;97;44;0;155;117;183;240;241;130;0;1641
22;Västernorrlands län;60;Ånge;13555;Munkbysjöns Bygdegård;0;0;0;0;0;0;0;0;0;0;0;0;0;0;0;0;0;0;89;89
22;Västernorrlands län;60;Ånge;8644;Hotell Mittlandia;65;70;74;15;22;61;83;75;94;100;46;25;186;158;191;208;166;99;42;1780
22;Västernorrlands län;60;Ånge;8645;Samservice;50;68;82;0;0;74;60;56;72;72;0;0;111;126;175;134;184;0;0;1264
22;Västernorrlands län;60;Ånge;8647;Bystugan Överturingen;0;0;0;0;0;0;0;0;0;0;0;0;0;0;0;0;0;0;92;92
22;Västernorrlands län;62;Timrå;11001;Ljustorps bygdegård;0;0;0;0;0;0;0;0;0;0;0;0;0;42;63;0;0;0;0;105
22;Västernorrlands län;62;Timrå;11003;Biblioteket;131;147;131;0;0;232;156;204;165;130;95;0;342;274;427;328;340;355;0;3457
22;Västernorrlands län;62;Timrå;13787;Timrå gymnasieskola;0;0;0;0;0;0;0;0;0;0;0;0;0;0;0;8;7;0;0;15
22;Västernorrlands län;62;Timrå;15372;Aktivitetshuset Pangea;0;0;0;35;0;0;0;0;0;6;0;0;0;0;0;0;0;0;0;41
22;Västernorrlands län;62;Timrå;7333;Hagalid/Timrågården;0;0;0;0;0;0;0;0;0;0;0;44;0;0;0;0;0;0;0;44
22;Västernorrlands län;62;Timrå;8934;Kommunhuset;0;0;0;0;0;0;0;0;0;0;0;0;0;0;0;0;0;0;73;73
22;Västernorrlands län;62;Timrå;8941;Söråkers Folkets Hus;25;39;10;0;35;44;53;64;64;68;0;61;72;100;123;174;131;0;0;1063
22;Västernorrlands län;62;Timrå;8947;HSB brf Berge;21;24;40;0;0;47;28;39;25;36;0;0;33;58;55;70;84;0;0;560
22;Västernorrlands län;62;Timrå;8952;Bergeforsens skola;0;0;0;0;0;0;0;0;0;0;0;0;0;72;61;0;0;0;0;133
22;Västernorrlands län;62;Timrå;8973;Strandbo servicehus;0;0;0;0;0;0;0;0;0;0;0;19;0;0;0;0;0;0;0;19
22;Västernorrlands län;80;Härnösand;10209;Utansjögården;0;0;0;0;0;0;27;0;0;0;0;0;17;0;0;0;0;0;0;44
22;Västernorrlands län;80;Härnösand;10211;Högsjögården;0;23;0;0;0;0;0;54;0;0;0;0;0;58;0;0;0;0;0;135
22;Västernorrlands län;80;Härnösand;10214;Viksjö Folkets Hus;0;0;20;0;0;0;0;0;38;0;0;0;0;0;0;0;0;0;97;155
22;Västernorrlands län;80;Härnösand;10216;Brunnegården;0;0;0;0;0;0;0;0;0;28;0;0;0;0;0;49;0;0;0;77
22;Västernorrlands län;80;Härnösand;10218;Älandsbro Folket Hus;0;0;0;0;44;0;0;0;0;0;0;96;0;0;0;0;89;0;0;229
22;Västernorrlands län;80;Härnösand;10220;Häggdånger Församlingshem;0;0;0;0;0;14;0;0;0;0;0;0;0;0;0;0;0;0;0;14
22;Västernorrlands län;80;Härnösand;12683;Sambiblioteket;124;228;206;0;0;243;247;299;303;301;193;0;403;498;543;632;743;442;0;5405
22;Västernorrlands län;80;Härnösand;13517;Härnösands kommun Stadshuset;48;74;67;76;0;73;91;59;114;76;0;0;91;118;122;174;311;0;116;1610
22;Västernorrlands län;80;Härnösand;13816;Kriminalvårdsanstalten Saltvik;0;0;0;0;0;0;0;0;0;0;0;40;0;0;0;0;0;0;0;40
22;Västernorrlands län;81;Sundsvall;10013;Folkets Hus Järkvissle;0;0;0;0;0;0;0;0;0;0;0;0;0;0;0;0;0;0;0;0
22;Västernorrlands län;81;Sundsvall;12245;Selångers fotbollsklubb;21;36;67;0;0;82;68;71;93;87;0;0;121;144;178;153;166;0;0;1287
22;Västernorrlands län;81;Sundsvall;14041;Birsta City;0;137;0;0;0;0;0;0;0;0;0;0;0;0;0;314;0;0;0;451
22;Västernorrlands län;81;Sundsvall;14666;Galleria In;45;0;65;0;0;0;0;101;0;122;0;0;105;0;196;0;286;0;0;920
22;Västernorrlands län;81;Sundsvall;14742;Hälsocentralen Liden;5;0;18;0;0;0;0;28;30;28;0;0;26;0;30;31;36;0;0;232
22;Västernorrlands län;81;Sundsvall;15873;Bruksgården;0;9;0;0;0;0;0;0;0;0;0;0;0;0;0;0;0;0;0;9
22;Västernorrlands län;81;Sundsvall;15874;Solhaga;0;8;0;0;0;0;0;0;0;0;0;0;0;0;0;0;0;0;0;8
22;Västernorrlands län;81;Sundsvall;15875;Tomtegränd;0;26;0;0;0;0;0;0;0;0;0;0;0;0;0;0;0;0;0;26
22;Västernorrlands län;81;Sundsvall;15876;Granbacken;0;0;0;0;0;0;11;0;0;0;0;0;0;0;0;0;0;0;0;11
22;Västernorrlands län;81;Sundsvall;15877;Solgården;0;0;0;0;0;0;16;0;0;0;0;0;0;0;0;0;0;0;0;16
22;Västernorrlands län;81;Sundsvall;7345;Alnö Servicehus;0;0;0;0;0;0;0;0;15;0;0;0;0;0;0;0;0;0;0;15
22;Västernorrlands län;81;Sundsvall;7348;Matfors Servicehus;0;0;0;0;0;40;0;0;0;0;0;0;0;0;0;0;0;0;0;40
22;Västernorrlands län;81;Sundsvall;7352;Lindgården;0;0;0;0;0;0;0;0;22;0;0;0;0;0;0;0;0;0;0;22
22;Västernorrlands län;81;Sundsvall;7353;Knutsgårdens servicehus;0;0;0;0;0;31;0;0;0;0;0;0;0;0;0;0;0;0;0;31
22;Västernorrlands län;81;Sundsvall;7355;Tunastrand;0;0;0;0;0;11;0;0;0;0;0;0;0;0;0;0;0;0;0;11
22;Västernorrlands län;81;Sundsvall;9277;Sundsvalls stadsbibliotek;216;305;197;203;149;367;310;305;343;340;343;312;474;737;758;979;1056;947;546;8887
22;Västernorrlands län;81;Sundsvall;9279;Alnö bibliotek;34;68;41;58;0;118;76;165;74;84;85;0;231;162;313;160;159;252;0;2080
22;Västernorrlands län;81;Sundsvall;9280;Bosvedjans bibliotek;39;43;0;0;0;73;63;116;48;0;0;0;59;73;208;172;69;0;0;963
22;Västernorrlands län;81;Sundsvall;9281;Granloholms bibliotek;27;49;0;0;0;94;65;58;54;0;0;0;110;114;176;149;97;0;0;993
22;Västernorrlands län;81;Sundsvall;9442;Indals bibliotek;11;18;0;0;0;39;13;0;36;0;0;0;71;41;0;95;33;0;0;357
22;Västernorrlands län;81;Sundsvall;9443;Kvissleby bibliotek;108;91;111;68;0;138;177;171;95;130;94;0;301;324;438;207;305;0;0;2758
22;Västernorrlands län;81;Sundsvall;9444;Ljustadalens bibliotek;30;50;0;0;0;45;42;42;93;0;0;0;55;77;150;150;72;0;0;806
22;Västernorrlands län;81;Sundsvall;9445;Matfors bibliotek;58;114;59;41;0;121;106;69;179;66;90;0;187;160;172;354;198;233;0;2207
22;Västernorrlands län;81;Sundsvall;9446;Nacksta bibliotek;46;52;30;0;0;34;41;72;59;30;0;0;98;69;120;113;86;0;0;850
22;Västernorrlands län;81;Sundsvall;9447;Skönsbergs bibliotek;81;113;0;0;0;124;184;0;153;0;0;0;205;237;0;242;187;0;0;1526
22;Västernorrlands län;81;Sundsvall;9448;Skönsmons bibliotek;55;52;50;0;0;0;0;138;100;84;0;0;92;84;227;103;120;0;0;1105
22;Västernorrlands län;81;Sundsvall;9449;Stöde bibliotek;20;18;17;0;0;66;27;54;26;37;0;0;91;33;157;38;0;0;0;584
22;Västernorrlands län;81;Sundsvall;9450;Mittuniversitetets bibliotek;13;18;20;0;0;50;58;46;64;52;36;0;98;135;134;144;246;0;0;1114
22;Västernorrlands län;81;Sundsvall;9451;Kommunhuset;55;52;52;0;0;72;66;59;99;98;0;0;84;97;170;162;209;32;3;1310
22;Västernorrlands län;81;Sundsvall;9840;Sundsvalls sjukhus;0;0;0;0;0;0;0;0;0;0;0;0;105;154;176;195;208;0;0;838
22;Västernorrlands län;81;Sundsvall;9841;Anundgårds förskola;0;0;0;0;0;0;0;0;0;0;0;0;0;0;0;0;0;0;0;0
22;Västernorrlands län;82;Kramfors;10303;Församlingshemmet i Styrnäs;0;0;0;0;0;0;0;0;0;0;0;0;0;0;0;0;0;0;0;0
22;Västernorrlands län;82;Kramfors;10304;Sockenstugan i Dal;0;0;0;0;0;0;0;0;0;0;0;0;0;0;0;0;0;0;0;0
22;Västernorrlands län;82;Kramfors;10305;Prästmon;0;0;0;0;0;0;0;0;0;0;0;0;0;0;0;0;0;0;0;0
22;Västernorrlands län;82;Kramfors;10306;F d Lugnviksskolan;0;0;0;0;0;0;0;0;0;0;0;0;0;0;0;0;0;0;0;0
22;Västernorrlands län;82;Kramfors;12769;Högakustenskolan;0;0;0;0;0;0;0;0;0;0;0;0;0;0;0;0;0;0;0;0
22;Västernorrlands län;82;Kramfors;13775;ICA-Rosen Supermarket;0;35;25;0;20;0;55;0;78;57;0;69;0;93;0;156;0;0;0;588
22;Västernorrlands län;82;Kramfors;9373;Ådalsbygdens församlingar;9;8;0;0;0;0;35;23;28;0;0;0;0;50;34;48;0;0;0;235
22;Västernorrlands län;82;Kramfors;9374;Kommunbiblioteket;96;140;156;71;0;168;169;200;215;233;130;0;271;339;363;410;456;269;0;3686
22;Västernorrlands län;82;Kramfors;9375;Handelsbanken Ullånger;0;34;26;0;0;32;0;0;96;89;0;0;61;0;0;113;90;0;0;541
22;Västernorrlands län;82;Kramfors;9379;Docksta BTKs kansli;16;17;13;0;0;12;22;30;13;14;0;0;30;34;43;44;49;0;0;337
22;Västernorrlands län;83;Sollefteå;13147;Ärebo;0;0;0;0;0;0;0;0;0;0;0;0;0;0;0;0;0;0;0;0
22;Västernorrlands län;83;Sollefteå;13148;Vallänge;0;0;0;0;0;0;0;0;11;0;0;0;0;0;0;0;0;0;0;11
22;Västernorrlands län;83;Sollefteå;15664;Långsele bibliotek;26;29;25;0;0;33;26;38;48;36;20;0;64;62;67;96;96;0;0;666
22;Västernorrlands län;83;Sollefteå;15739;Rådomsgården;0;0;0;0;0;0;0;0;0;0;0;0;0;0;0;0;0;0;0;0
22;Västernorrlands län;83;Sollefteå;7367;Skärvstagården;0;0;0;0;0;0;0;0;0;32;0;0;0;0;0;0;0;0;0;32
22;Västernorrlands län;83;Sollefteå;7369;Solgården;0;0;0;0;0;0;0;0;47;0;0;0;0;0;0;0;0;0;0;47
22;Västernorrlands län;83;Sollefteå;7370;Gunillagården;0;0;0;0;0;0;0;22;0;0;0;0;0;0;0;0;0;0;0;22
22;Västernorrlands län;83;Sollefteå;7371;Nipudden;0;0;0;0;0;0;0;0;0;0;0;0;0;0;0;0;0;0;0;0
22;Västernorrlands län;83;Sollefteå;7372;Lissgården;0;0;0;0;0;0;0;20;0;0;0;0;0;0;0;0;0;0;0;20
22;Västernorrlands län;83;Sollefteå;7957;Kommunhuset, Sollefteå;70;174;135;33;44;206;233;222;226;280;129;99;313;379;415;494;566;317;120;4455
22;Västernorrlands län;83;Sollefteå;8597;Medborgarkontoret Näsåker;7;15;26;0;0;8;15;27;21;41;5;0;21;26;27;41;49;0;0;329
22;Västernorrlands län;83;Sollefteå;8598;Medborgarkontoret, Junsele;15;20;22;0;0;20;15;24;33;50;16;0;32;44;29;34;70;0;0;424
22;Västernorrlands län;83;Sollefteå;8600;Medborgarkontoret Ramsele;28;29;31;0;0;35;50;43;35;61;24;0;32;46;62;59;96;0;0;631
22;Västernorrlands län;84;Örnsköldsvik;10205;Arkenbiblioteket;258;242;262;192;0;337;322;304;234;313;335;0;564;603;667;679;886;719;0;6917
22;Västernorrlands län;84;Örnsköldsvik;10206;Domsjö Fritidsgård;0;0;0;0;0;138;94;94;126;104;0;0;189;141;193;253;122;0;0;1454
22;Västernorrlands län;84;Örnsköldsvik;10207;Röda Villan;0;0;0;0;0;90;0;108;65;0;0;0;123;0;197;97;0;0;0;680
22;Västernorrlands län;84;Örnsköldsvik;10208;Bjästa bibliotek;0;0;0;0;0;125;52;0;43;0;0;0;190;109;0;108;0;0;0;627
22;Västernorrlands län;84;Örnsköldsvik;10210;Folkets Hus Gnistan;0;0;0;0;0;85;59;70;73;92;0;0;102;121;114;152;175;0;0;1043
22;Västernorrlands län;84;Örnsköldsvik;10212;Bredbyns bibliotek;0;0;0;0;0;128;0;52;52;0;0;0;172;0;95;64;0;0;0;563
22;Västernorrlands län;84;Örnsköldsvik;10213;Coop Nära Köpmanholmen;0;0;0;0;33;17;22;22;43;0;0;69;42;42;45;0;105;0;0;440
22;Västernorrlands län;84;Örnsköldsvik;10215;Mellansels Bad & Fritid;0;0;0;0;0;37;38;17;46;21;0;0;24;56;25;61;24;0;0;349
22;Västernorrlands län;84;Örnsköldsvik;10217;Boklådan i Själevad;0;0;0;0;0;79;51;59;66;63;0;0;98;78;70;92;108;0;0;764
22;Västernorrlands län;84;Örnsköldsvik;10219;Ankaret Second Hand;0;0;0;0;0;0;19;17;0;13;20;0;0;38;22;0;26;20;0;175
22;Västernorrlands län;84;Örnsköldsvik;13085;Örnsköldsviks Sjukhus;0;0;0;0;0;156;118;110;157;87;0;0;154;197;205;264;205;0;0;1653
22;Västernorrlands län;84;Örnsköldsvik;13102;Solstrålen;0;0;0;0;0;0;0;0;0;0;0;0;0;0;0;0;0;0;0;0
22;Västernorrlands län;84;Örnsköldsvik;13103;Bygdegården Skalmsjö;0;0;0;0;0;0;0;0;0;0;0;0;0;0;0;0;0;0;0;0
22;Västernorrlands län;84;Örnsköldsvik;14078;Björna bibliotek;0;0;0;0;0;0;26;0;0;0;0;0;0;66;0;0;0;0;0;92
22;Västernorrlands län;84;Örnsköldsvik;14079;Skorpeds servicecenter;0;0;0;0;0;0;0;0;0;0;0;0;55;0;0;0;0;0;0;55
22;Västernorrlands län;84;Örnsköldsvik;14081;Sidensjöskolan;0;0;0;0;0;46;0;0;0;0;0;0;0;0;92;0;0;0;0;138
22;Västernorrlands län;84;Örnsköldsvik;14083;Medborgarhuset;0;0;0;0;0;0;65;0;0;0;0;0;0;0;0;0;0;0;0;65
22;Västernorrlands län;84;Örnsköldsvik;14625;Skyttis Servicebyggnad;0;0;0;0;0;77;48;58;80;47;0;0;83;113;111;143;182;0;0;942
22;Västernorrlands län;84;Örnsköldsvik;14639;Nolaskolan;0;0;0;0;0;0;0;0;0;0;0;0;0;0;0;0;0;0;157;157
22;Västernorrlands län;84;Örnsköldsvik;15884;Skorpedskolan;0;0;0;0;0;0;0;0;0;0;0;0;0;0;0;0;0;0;0;0
23;Jämtlands län;03;Ragunda;14082;Borggården;0;0;0;0;0;0;0;0;0;0;0;0;0;0;0;0;0;0;66;66
23;Jämtlands län;03;Ragunda;9914;Hammarstrand;31;27;32;33;0;58;39;41;71;48;0;0;51;98;63;141;89;0;73;895
23;Jämtlands län;03;Ragunda;9915;Bispgården;13;12;16;7;11;21;31;21;29;31;25;0;21;43;31;46;50;0;0;408
23;Jämtlands län;03;Ragunda;9916;Stugun;17;22;20;0;17;23;18;28;29;47;0;38;19;30;29;65;60;54;0;516
23;Jämtlands län;05;Bräcke;10091;Hotell Östjemten;11;12;10;0;0;12;33;17;29;37;0;0;29;43;30;25;38;0;0;326
23;Jämtlands län;05;Bräcke;10139;Gällö Bibliotek;22;16;18;0;0;20;15;59;46;35;0;0;31;40;78;53;76;0;0;509
23;Jämtlands län;05;Bräcke;10153;Vängåvan;0;0;0;0;0;0;0;0;0;0;0;0;0;0;0;0;0;0;70;70
23;Jämtlands län;05;Bräcke;12873;Tossengård;0;0;0;0;0;0;0;0;0;0;0;0;0;0;0;0;0;0;106;106
23;Jämtlands län;05;Bräcke;14769;Skolgatan 1;30;41;45;14;17;30;49;51;88;70;16;25;59;79;71;113;119;125;33;1075
23;Jämtlands län;05;Bräcke;15606;Sundsjö Sockenstuga;0;0;0;0;0;0;0;0;0;0;0;0;0;0;0;0;0;0;119;119
23;Jämtlands län;05;Bräcke;15607;Sidsjö Bystuga;0;0;0;0;0;0;0;0;0;0;0;0;0;0;0;0;0;0;98;98
23;Jämtlands län;05;Bräcke;15610;Pilgrimstad, fd Folkets Hus;0;0;0;0;0;0;0;0;0;0;0;0;0;0;0;0;0;0;135;135
23;Jämtlands län;09;Krokom;10435;Näldens bibliotek;34;0;0;0;0;0;0;78;0;0;0;0;0;0;115;0;0;0;0;227
23;Jämtlands län;09;Krokom;11793;Ås bibliotek;0;0;0;0;0;0;104;0;0;0;0;0;0;125;0;0;0;0;0;229
23;Jämtlands län;09;Krokom;15897;Laxsjö bygdegård;0;0;0;0;0;0;0;0;0;0;0;56;0;0;0;0;0;0;0;56
23;Jämtlands län;09;Krokom;15898;Hotagens församlingshem;0;0;0;0;0;0;0;0;0;0;0;66;0;0;0;0;0;0;67;133
23;Jämtlands län;09;Krokom;7381;Hällebo, Ede;0;0;0;0;0;0;0;0;0;0;0;35;0;0;0;0;0;0;0;35
23;Jämtlands län;09;Krokom;7382;Blomstergården, Krokom;0;0;0;0;0;0;0;0;0;0;0;21;0;0;0;0;0;0;0;21
23;Jämtlands län;09;Krokom;7383;Solbacka, Föllinge;0;0;0;0;0;0;0;0;0;0;0;19;0;0;0;0;0;0;0;19
23;Jämtlands län;09;Krokom;8202;Bredbyns föreningshus;0;0;0;0;0;0;0;0;0;0;0;59;0;0;0;0;0;0;0;59
23;Jämtlands län;09;Krokom;8203;Kaxås bygdegård;0;0;0;0;0;0;0;0;0;0;0;49;0;0;0;0;0;0;0;49
23;Jämtlands län;09;Krokom;8204;Tångeråsens bygdegård;0;0;0;0;0;0;0;0;0;0;0;28;0;0;0;0;0;0;0;28
23;Jämtlands län;09;Krokom;8205;Trångsvikens bygdegård;0;0;0;0;0;0;0;0;59;39;0;0;0;0;0;69;41;0;71;279
23;Jämtlands län;09;Krokom;8207;Krokoms kommunhus;54;86;53;57;33;76;84;98;121;109;52;40;123;150;189;186;220;128;73;1932
23;Jämtlands län;09;Krokom;8208;Föllinge servicekontor;26;17;10;0;0;25;17;30;25;16;0;0;14;47;34;57;30;0;0;348
23;Jämtlands län;09;Krokom;8209;Änge servicekontor;0;21;0;0;0;27;27;10;45;0;0;0;23;30;18;90;0;0;0;291
23;Jämtlands län;13;Strömsund;13655;F.d. post- och banklokalen i Rossön;5;4;5;0;0;8;6;7;4;8;0;0;12;7;27;19;29;0;0;141
23;Jämtlands län;13;Strömsund;13656;Idéstugan Norråker;17;0;24;0;0;13;0;26;0;31;0;0;18;0;19;0;31;0;19;198
23;Jämtlands län;13;Strömsund;13691;Åshamra;0;0;0;0;0;0;0;0;0;0;0;17;0;0;0;0;0;0;0;17
23;Jämtlands län;13;Strömsund;14673;Turistbyrån Gäddede;15;7;23;0;0;19;17;20;33;24;0;0;22;29;32;23;52;0;0;316
23;Jämtlands län;13;Strömsund;14674;Församlingshemmet Alanäset;0;0;0;0;0;0;0;0;0;0;0;0;0;0;0;0;0;0;70;70
23;Jämtlands län;13;Strömsund;14676;Folkets Hus Hoting;23;21;26;0;0;24;27;23;32;42;0;0;49;35;23;34;65;0;0;424
23;Jämtlands län;13;Strömsund;14681;Solbacken sjukhem;0;0;0;0;0;0;0;0;0;0;0;7;0;0;0;0;0;0;0;7
23;Jämtlands län;13;Strömsund;7385;Strömbacka/Granbacken;0;0;0;0;0;0;0;0;0;0;0;35;0;0;0;0;0;0;0;35
23;Jämtlands län;13;Strömsund;7386;Tåsjögården;0;0;0;0;0;0;0;0;0;0;0;12;0;0;0;0;0;0;0;12
23;Jämtlands län;13;Strömsund;7388;Älvgården;0;0;0;0;0;0;0;0;0;0;0;10;0;0;0;0;0;0;0;10
23;Jämtlands län;13;Strömsund;7389;Brismarksgården;0;0;0;0;0;0;0;0;0;0;0;7;0;0;0;0;0;0;0;7
23;Jämtlands län;13;Strömsund;7390;Forsgården;0;0;0;0;0;0;0;0;0;0;0;15;0;0;0;0;0;0;0;15
23;Jämtlands län;13;Strömsund;8131;Biblioteket Backe;12;15;9;0;0;17;22;24;37;17;0;0;15;9;24;42;31;0;0;274
23;Jämtlands län;13;Strömsund;8134;Medborgarhuset Hammerdal;18;28;32;0;0;54;32;22;53;73;0;0;45;41;39;59;90;0;0;586
23;Jämtlands län;13;Strömsund;8136;Lidsjöbergs bygdegård;0;0;0;0;0;0;0;0;0;0;0;0;0;0;0;0;0;0;20;20
23;Jämtlands län;13;Strömsund;8794;Centralbiblioteket Strömsund;95;88;85;40;34;129;129;162;155;155;78;0;225;193;228;220;301;125;106;2548
23;Jämtlands län;21;Åre;13028;Åre bibliotek;42;43;48;34;36;55;76;75;52;62;46;36;90;152;174;225;264;303;119;1932
23;Jämtlands län;21;Åre;14050;Enaforsholm;0;0;0;0;0;0;0;0;0;0;0;0;0;0;0;0;0;0;41;41
23;Jämtlands län;21;Åre;14051;Sockenstugan, Gärdsta;0;0;0;0;0;0;0;0;0;0;0;0;0;0;0;0;0;0;105;105
23;Jämtlands län;21;Åre;15937;Kommunhuset;0;8;0;0;0;0;16;5;0;0;0;0;0;8;1;0;4;0;0;42
23;Jämtlands län;21;Åre;9201;Biblioteket Järpen;46;47;67;0;0;96;120;75;76;62;0;0;107;161;183;116;184;86;65;1491
23;Jämtlands län;21;Åre;9202;Duveds bibliotek;0;0;0;0;0;17;0;0;0;0;0;0;35;0;0;0;0;20;0;72
23;Jämtlands län;21;Åre;9203;Kalls biblioteket;0;0;0;0;0;26;0;0;0;0;0;0;17;0;0;0;0;15;0;58
23;Jämtlands län;21;Åre;9204;Mörsils bibliotek;0;29;0;0;0;39;0;0;32;0;0;0;54;0;0;60;0;30;0;244
23;Jämtlands län;21;Åre;9205;Hallens bibliotek;22;10;11;0;0;0;35;12;32;21;0;0;0;33;34;38;28;21;0;297
23;Jämtlands län;26;Berg;10334;Treklövern;0;0;15;0;0;0;0;0;0;40;0;0;0;0;0;0;54;0;0;109
23;Jämtlands län;26;Berg;10335;Dalsätra;0;0;0;0;0;0;0;0;0;0;0;30;0;0;0;0;0;0;0;30
23;Jämtlands län;26;Berg;10336;Östgärde;0;0;0;0;17;0;0;0;0;0;0;0;0;0;0;0;0;0;0;17
23;Jämtlands län;26;Berg;13495;Ljungdalens skola;14;0;0;0;0;0;0;48;0;0;0;0;0;0;36;0;0;0;0;98
23;Jämtlands län;26;Berg;13496;Biblioteket i Svenstavik;11;19;16;0;0;13;20;29;45;28;0;0;42;21;42;81;54;0;0;421
23;Jämtlands län;26;Berg;13498;Biblioteket i Hackås;12;0;0;0;0;11;27;0;23;0;0;0;17;37;0;18;0;0;0;145
23;Jämtlands län;26;Berg;13499;Biblioteket i Rätan;8;0;0;0;0;20;9;11;0;0;0;0;37;10;23;0;0;0;0;118
23;Jämtlands län;26;Berg;13500;Biblioteket i Myrviken;26;0;22;0;0;35;0;53;0;38;0;0;51;0;77;0;65;0;0;367
23;Jämtlands län;26;Berg;13501;Storsjö Bygdegård;0;0;0;0;0;0;0;0;0;0;0;0;0;0;0;0;0;0;61;61
23;Jämtlands län;26;Berg;13502;Tallgläntan;0;0;0;0;0;0;0;0;0;0;0;0;0;0;0;0;0;40;0;40
23;Jämtlands län;26;Berg;13504;Gillhovs bygdegård;0;0;0;0;0;0;0;0;0;0;0;0;0;0;0;0;0;0;46;46
23;Jämtlands län;26;Berg;13506;Klövsjö skola;0;24;0;0;0;0;0;0;50;0;0;0;0;0;0;72;0;0;115;261
23;Jämtlands län;26;Berg;14708;Kommunkontoret;0;0;0;0;0;0;0;0;0;0;0;0;0;0;0;0;0;0;47;47
23;Jämtlands län;26;Berg;14870;Fjällviolen;0;0;0;16;18;0;0;0;0;0;0;0;0;0;0;0;0;0;0;34
23;Jämtlands län;26;Berg;14874;Bergsgårdens korttidsboende;0;0;0;0;0;0;0;0;0;0;0;28;0;0;0;0;0;0;0;28
23;Jämtlands län;26;Berg;15717;Tingshuset;8;14;19;0;0;23;27;12;16;18;45;0;27;27;30;37;54;0;0;357
23;Jämtlands län;61;Härjedalen;15596;Forngården Överhogdal;0;0;0;0;0;0;0;0;0;0;0;0;0;0;27;0;0;0;0;27
23;Jämtlands län;61;Härjedalen;15597;Ängersjö Folkets Hus;0;0;0;0;0;0;0;0;0;0;0;0;22;0;0;0;0;0;0;22
23;Jämtlands län;61;Härjedalen;15604;Glötegården;0;0;0;0;0;0;0;0;0;0;0;0;0;110;0;0;0;0;0;110
23;Jämtlands län;61;Härjedalen;8565;Biblioteket Medborgarhuset;67;110;93;32;29;111;97;97;130;129;58;43;102;120;127;251;157;138;31;1922
23;Jämtlands län;61;Härjedalen;8566;Biblioteket Ytterhogdal;29;67;0;0;0;65;0;54;52;0;0;0;58;0;36;75;0;0;0;436
23;Jämtlands län;61;Härjedalen;8567;Lokalkontoret Hede;25;30;35;0;0;46;32;43;26;57;0;0;31;40;46;56;66;36;0;569
23;Jämtlands län;61;Härjedalen;8568;Dianas Vemdalen;25;20;21;12;0;33;28;24;31;45;51;0;27;30;43;55;92;79;0;616
23;Jämtlands län;61;Härjedalen;8569;Biblioteket Lillhärdal;26;47;0;0;0;44;0;37;75;0;0;0;28;0;25;67;0;0;0;349
23;Jämtlands län;61;Härjedalen;8570;Lokalkontoret Funäsdalen;23;37;49;0;0;49;45;46;39;61;0;0;47;73;87;82;130;56;0;824
23;Jämtlands län;61;Härjedalen;8728;Centralskolan Funäsdalen;0;0;0;0;0;0;0;0;0;0;0;0;0;0;0;0;0;0;24;24
23;Jämtlands län;61;Härjedalen;8731;Bruksvallarnas Bygdegård;0;0;0;0;0;0;0;0;0;0;0;0;0;0;105;0;0;0;0;105
23;Jämtlands län;61;Härjedalen;8732;GT-Gården Tännäs;0;0;0;0;0;0;0;0;0;0;0;0;52;0;0;0;0;0;0;52
23;Jämtlands län;61;Härjedalen;8733;Tänndalens Bygdegård;0;0;0;0;0;0;0;0;0;0;0;0;34;0;0;0;0;0;0;34
23;Jämtlands län;80;Östersund;13726;Maxi ICA Stormarknad;72;96;111;83;98;106;199;158;212;238;118;0;292;409;433;568;667;389;0;4249
23;Jämtlands län;80;Östersund;13894;Campus;0;0;0;0;0;0;0;0;0;0;0;0;66;70;114;114;193;0;0;557
23;Jämtlands län;80;Östersund;14096;Storsjöteatern;64;101;113;62;0;119;137;183;149;193;124;0;241;278;322;333;482;267;0;3168
23;Jämtlands län;80;Östersund;14758;Skogsbruksvägen 131 och 133;0;29;0;0;0;0;0;0;0;0;0;0;0;0;0;0;0;0;0;29
23;Jämtlands län;80;Östersund;7405;Mobacka;0;0;0;0;0;0;18;0;0;0;0;0;0;0;0;0;0;0;0;18
23;Jämtlands län;80;Östersund;7407;Björkbacka;0;0;0;0;0;0;0;0;14;0;0;0;0;0;0;0;0;0;0;14
23;Jämtlands län;80;Östersund;7410;Östersunds sjukhus;0;0;0;0;0;65;0;0;0;0;0;0;110;0;33;0;167;0;0;375
23;Jämtlands län;80;Östersund;7412;Östersund rehab centra - Remonthagen;0;0;0;0;0;0;0;0;0;23;0;0;0;0;0;0;0;0;0;23
23;Jämtlands län;80;Östersund;7413;Ängegården;0;0;0;0;0;0;0;0;0;0;0;0;0;23;0;0;0;0;0;23
23;Jämtlands län;80;Östersund;7418;Hemgården;0;0;10;0;0;0;22;0;0;0;0;0;0;0;0;0;0;0;0;32
23;Jämtlands län;80;Östersund;7419;Häradsgården;0;0;0;0;0;0;0;0;0;0;0;0;0;0;0;13;0;0;0;13
23;Jämtlands län;80;Östersund;9919;Rådhuset;55;116;66;0;0;103;103;92;98;110;0;0;122;153;163;206;258;346;284;2275
23;Jämtlands län;80;Östersund;9925;Coop Forum, Lillänge;162;262;240;158;0;331;290;307;373;313;177;282;347;493;587;700;725;453;0;6200
23;Jämtlands län;80;Östersund;9932;Bykontoret i Lit;34;24;36;0;0;32;60;42;44;41;0;0;47;68;44;70;110;0;0;652
23;Jämtlands län;80;Östersund;9935;Torvalla Mötesplats;13;23;22;0;0;37;31;46;40;29;0;0;70;68;89;78;98;0;0;644
23;Jämtlands län;80;Östersund;9941;Lugnviks Föreningsgård;8;25;8;0;0;28;36;16;19;22;0;0;44;51;64;75;49;0;0;445
23;Jämtlands län;80;Östersund;9958;Brunflo centrum;32;48;45;0;0;86;71;66;72;52;0;0;98;134;158;178;170;0;0;1210
23;Jämtlands län;80;Östersund;9972;f.d. Medborgarhuset, Frösön;61;81;56;0;0;93;77;87;97;57;0;0;134;161;151;190;187;0;0;1432
23;Jämtlands län;80;Östersund;9981;Odensala, vid hälsocentralen;26;66;51;0;0;84;64;59;78;54;0;0;88;92;116;114;117;0;0;1009
24;Västerbottens län;01;Nordmaling;15829;Brandstationen Nordmaling;27;52;58;25;40;83;98;83;127;101;60;77;100;147;265;265;236;133;0;1977
24;Västerbottens län;01;Nordmaling;15885;Folkets Hus, Rundvik;0;0;0;0;0;0;0;0;0;0;0;0;0;0;0;38;0;0;0;38
24;Västerbottens län;03;Bjurholm;15267;Biblioteket Bjurholm;28;13;21;9;13;27;44;35;55;46;8;43;71;84;95;110;106;61;0;869
24;Västerbottens län;03;Bjurholm;15928;Karlsbäcksgården;0;0;0;0;0;0;0;0;0;0;0;0;0;0;0;0;0;0;0;0
24;Västerbottens län;03;Bjurholm;7420;Bjuregården;0;0;0;0;0;0;0;0;0;0;0;0;0;0;0;0;0;0;0;0
24;Västerbottens län;03;Bjurholm;7421;Älvgården;0;0;0;0;0;0;0;0;0;0;0;0;0;0;0;0;0;0;0;0
24;Västerbottens län;04;Vindeln;8729;Kommunkontoret Vindelns kommun;39;57;51;9;15;80;69;86;88;82;31;35;127;112;223;282;178;79;64;1707
24;Västerbottens län;04;Vindeln;9771;Granö Skola;0;0;0;0;0;0;0;0;0;0;0;0;0;0;0;0;0;0;3;3
24;Västerbottens län;04;Vindeln;9773;Åmsele Skola;0;0;0;0;0;0;0;0;0;0;0;0;0;0;0;0;0;0;2;2
24;Västerbottens län;09;Robertsfors;9014;Kommunkontoret Robertsfors;26;45;56;2;14;70;56;51;67;63;15;38;93;112;107;151;175;87;26;1254
24;Västerbottens län;17;Norsjö;13039;Bastuträsk;0;0;0;0;0;0;0;0;0;0;0;0;0;28;0;0;0;0;0;28
24;Västerbottens län;17;Norsjö;14388;Vinkelbo;0;0;0;0;0;0;0;0;0;0;0;0;0;3;0;0;0;0;0;3
24;Västerbottens län;17;Norsjö;14523;Kvarnåsen;0;0;0;0;0;0;0;0;14;0;0;0;0;0;0;0;0;0;0;14
24;Västerbottens län;17;Norsjö;14778;Åmliden;0;0;0;0;0;0;0;0;12;0;0;0;0;0;0;0;0;0;0;12
24;Västerbottens län;17;Norsjö;14779;Risliden;0;0;0;0;0;0;0;0;0;23;0;0;0;0;0;0;0;0;0;23
24;Västerbottens län;17;Norsjö;14780;Hemmingen;0;0;0;0;0;0;0;0;0;5;0;0;0;0;0;0;0;0;0;5
24;Västerbottens län;17;Norsjö;14781;Fromheden;0;0;0;0;0;0;0;0;0;0;0;0;0;0;0;0;9;0;0;9
24;Västerbottens län;17;Norsjö;14782;Mensträsk;0;0;0;0;0;0;0;0;0;0;0;0;0;0;0;0;7;0;0;7
24;Västerbottens län;17;Norsjö;14783;Kusfors;0;0;0;0;0;0;0;0;0;0;0;0;0;0;21;0;0;0;0;21
24;Västerbottens län;17;Norsjö;14784;Bjurträsk;0;0;0;0;0;0;0;0;0;0;0;0;0;0;26;0;0;0;0;26
24;Västerbottens län;17;Norsjö;7425;Solbacka;0;0;0;0;0;0;0;0;19;0;0;0;0;0;0;0;0;0;0;19
24;Västerbottens län;17;Norsjö;8867;Kommunkontoret;29;35;32;23;12;67;61;91;69;68;29;25;77;98;97;201;141;85;16;1256
24;Västerbottens län;17;Norsjö;8880;Byagården Gumboda;0;0;0;0;0;0;0;0;0;0;0;0;0;0;0;0;0;0;0;0
24;Västerbottens län;18;Malå;8881;Kommunkontoret;33;32;44;8;4;41;60;58;57;80;27;21;72;82;86;134;169;53;14;1075
24;Västerbottens län;21;Storuman;10893;Blå kupan;0;0;0;0;0;0;0;0;0;0;0;0;0;0;0;0;0;0;44;44
24;Västerbottens län;21;Storuman;14072;Aktiviteten;37;61;53;30;28;64;92;127;104;114;47;49;61;103;167;230;152;0;0;1519
24;Västerbottens län;21;Storuman;14899;Hemavans förskola;0;0;0;0;0;0;0;0;0;0;0;0;0;0;0;0;0;0;132;132
24;Västerbottens län;21;Storuman;9770;Kommunhuset;0;0;0;0;0;0;0;0;0;0;0;0;0;0;0;0;0;0;56;56
24;Västerbottens län;21;Storuman;9966;Tärna Samservice;16;28;23;0;0;26;47;61;41;42;0;0;35;42;93;78;69;33;0;634
24;Västerbottens län;21;Storuman;9992;Sionförsamlingen;0;0;0;0;0;0;0;0;0;0;0;0;0;0;0;0;0;0;61;61
24;Västerbottens län;21;Storuman;9993;Bygdegården;0;0;0;0;0;0;0;0;0;0;0;0;0;0;0;0;0;0;40;40
24;Västerbottens län;22;Sorsele;14328;Folkets Hus, Sorsele;0;0;0;0;0;0;0;0;0;0;0;0;0;0;0;0;0;0;17;17
24;Västerbottens län;22;Sorsele;15732;Biblioteket Sorsele;11;15;17;11;6;0;40;0;39;56;20;31;44;39;85;74;70;33;0;591
24;Västerbottens län;22;Sorsele;7903;Blattnicksele skola;0;0;0;0;0;23;0;0;0;0;0;0;46;0;49;0;0;0;0;118
24;Västerbottens län;22;Sorsele;7904;Gargnäs skola;0;0;0;0;0;18;0;0;0;0;0;0;0;0;45;0;0;0;0;63
24;Västerbottens län;22;Sorsele;7905;Ammarnäs skola;0;0;0;0;0;0;0;36;0;0;0;0;0;0;44;0;0;0;53;133
24;Västerbottens län;25;Dorotea;14385;Förskolan Borgafjäll;0;0;0;0;0;0;0;0;0;0;0;0;0;0;0;0;0;0;48;48
24;Västerbottens län;25;Dorotea;14386;Samlingslokal ICA Ormsjö;0;0;0;0;0;0;0;0;0;0;0;0;0;0;0;0;0;0;39;39
24;Västerbottens län;25;Dorotea;14387;Strandenskolan Dorotea;0;0;0;0;0;0;0;0;0;0;0;0;0;0;0;0;0;0;15;15
24;Västerbottens län;25;Dorotea;15022;Bergvattengården;0;0;0;0;0;0;0;0;0;0;0;0;0;29;0;0;0;0;0;29
24;Västerbottens län;25;Dorotea;15830;Biblioteket Dorotea;25;39;25;11;32;77;49;36;63;56;31;41;85;52;112;54;64;53;0;905
24;Västerbottens län;25;Dorotea;8310;fd posten Högland;0;0;0;0;0;0;0;0;0;0;0;0;0;0;0;0;0;0;36;36
24;Västerbottens län;25;Dorotea;8312;Skolan Avaträsk;0;0;0;0;0;0;0;0;0;0;0;0;0;0;0;0;0;0;45;45
24;Västerbottens län;25;Dorotea;8313;Föreningshuset Lajksjö;0;0;0;0;0;0;0;0;0;0;0;0;0;0;0;0;0;0;43;43
24;Västerbottens län;25;Dorotea;8314;Hällagården Svanabyn;0;0;0;0;0;0;0;0;0;0;0;0;0;0;0;0;0;0;45;45
24;Västerbottens län;60;Vännäs;14820;Vännäs bibliotek;0;102;58;56;24;74;120;0;111;90;88;79;87;244;0;335;243;248;0;1959
24;Västerbottens län;60;Vännäs;14823;Vännäsby bibliotek;51;0;0;0;0;0;0;114;30;0;0;0;0;84;259;0;0;0;0;538
24;Västerbottens län;60;Vännäs;14889;Kommunhuset;0;0;0;0;0;0;0;0;0;0;0;0;0;0;0;0;0;0;33;33
24;Västerbottens län;62;Vilhelmina;7438;Äldreboendet Tallbacka;0;0;0;0;0;0;0;0;0;0;0;0;0;0;0;0;0;0;23;23
24;Västerbottens län;62;Vilhelmina;7439;Åsbacka/Sjukstugan;0;0;0;0;0;0;0;0;0;0;0;0;0;0;0;0;0;0;23;23
24;Västerbottens län;62;Vilhelmina;8572;Förvaltningshuset;34;91;96;27;24;94;103;107;127;144;41;46;124;159;202;193;249;129;45;2035
24;Västerbottens län;62;Vilhelmina;8721;Sagagården;0;0;0;0;0;0;0;0;0;0;0;0;0;0;107;0;0;0;0;107
24;Västerbottens län;62;Vilhelmina;9378;Saxnäsgården;0;0;0;0;0;0;0;0;0;0;0;0;0;0;0;60;0;0;0;60
24;Västerbottens län;62;Vilhelmina;9380;Träffpunkten;0;0;0;0;0;0;0;0;0;0;0;0;0;0;0;0;0;0;46;46
24;Västerbottens län;63;Åsele;9024;Åsele Kulturhus;25;36;10;17;24;33;45;49;67;50;54;57;76;105;4;128;132;101;12;1025
24;Västerbottens län;63;Åsele;9025;Duvans servicehus;0;0;0;0;0;0;0;0;0;0;0;0;0;0;98;0;0;0;82;180
24;Västerbottens län;80;Umeå;10433;Botsmarks kyrka;0;0;0;0;0;0;0;0;0;0;0;0;0;0;0;0;0;0;0;0
24;Västerbottens län;80;Umeå;10434;Holmögården;0;0;0;0;0;0;0;0;0;0;0;0;0;0;0;0;0;0;0;0
24;Västerbottens län;80;Umeå;12543;Marielund;0;0;0;0;0;0;0;0;0;0;0;14;0;0;0;0;0;0;0;14
24;Västerbottens län;80;Umeå;12545;Solbackens äldreboende;0;0;0;0;0;0;0;0;0;0;0;18;0;0;0;0;0;0;0;18
24;Västerbottens län;80;Umeå;12546;Dragonens Äldrecenter;0;0;0;0;0;0;0;0;0;0;0;26;0;0;0;0;0;0;0;26
24;Västerbottens län;80;Umeå;13884;Aktrisen;0;0;0;0;0;0;0;0;0;0;0;19;0;0;0;0;0;0;0;19
24;Västerbottens län;80;Umeå;13959;Umeå Folkets Hus;152;262;163;153;109;260;302;328;348;363;293;364;547;687;792;1020;0;0;0;6143
24;Västerbottens län;80;Umeå;14838;Älvkungen;0;0;0;0;0;0;0;0;0;0;0;44;0;0;0;0;0;0;0;44
24;Västerbottens län;80;Umeå;15891;Ålidhemsbiblioteket;0;92;76;0;0;107;0;122;134;161;0;0;232;322;456;343;0;0;0;2045
24;Västerbottens län;80;Umeå;15945;Ersboda Vård och Omsorgsboende;0;0;0;0;0;0;0;0;0;0;0;21;0;0;0;0;0;0;0;21
24;Västerbottens län;80;Umeå;7444;Geriatricentrum;0;0;0;0;0;0;0;0;0;0;0;9;0;0;0;0;0;0;0;9
24;Västerbottens län;80;Umeå;7445;Bäckbacka;0;0;0;0;0;0;0;0;0;0;0;16;0;0;0;0;0;0;0;16
24;Västerbottens län;80;Umeå;7447;Berghems servicehus;0;0;0;0;0;0;0;0;0;0;0;17;0;0;0;0;0;0;0;17
24;Västerbottens län;80;Umeå;7448;Axlagården;0;0;0;0;0;0;0;0;0;0;0;14;0;0;0;0;0;0;0;14
24;Västerbottens län;80;Umeå;7449;Tomtebo vård - och omsorgsboende;0;0;0;0;0;0;0;0;0;0;0;13;0;0;0;0;0;0;0;13
24;Västerbottens län;80;Umeå;7450;Skräddaren;0;0;0;0;0;0;0;0;0;0;0;32;0;0;0;0;0;0;0;32
24;Västerbottens län;80;Umeå;7451;Häktet;0;0;0;0;0;0;0;0;0;0;0;15;0;0;0;0;0;0;0;15
24;Västerbottens län;80;Umeå;7453;Astridgården;0;0;0;0;0;0;0;0;0;0;0;13;0;0;0;0;0;0;0;13
24;Västerbottens län;80;Umeå;7454;Solgårdens äldrecenter;0;0;0;0;0;0;0;0;0;0;0;34;0;0;0;0;0;0;0;34
24;Västerbottens län;80;Umeå;7455;Kriminalvårdsanstalten Sörbyn;0;0;0;0;0;0;0;0;0;0;0;28;0;0;0;0;0;0;0;28
24;Västerbottens län;80;Umeå;7462;Kriminalvårdsanstalten Umeå;0;0;0;0;0;0;0;0;0;0;0;19;0;0;0;0;0;0;0;19
24;Västerbottens län;80;Umeå;7466;Haga äldrecenter;0;0;0;0;0;0;0;0;0;0;0;26;0;0;0;0;0;0;0;26
24;Västerbottens län;80;Umeå;7468;Tegs äldrecenter;0;0;0;0;0;0;0;0;0;0;0;26;0;0;0;0;0;0;0;26
24;Västerbottens län;80;Umeå;9232;Ersbodabiblioteket;0;166;91;0;0;200;211;199;184;144;0;0;319;386;496;319;0;0;0;2715
24;Västerbottens län;80;Umeå;9233;Grubbebiblioteket;0;98;92;0;0;168;173;227;144;139;0;0;236;287;440;354;0;0;0;2358
24;Västerbottens län;80;Umeå;9234;Holmsunds bibliotek;0;99;75;0;0;119;138;75;107;100;0;0;216;279;183;311;0;0;0;1702
24;Västerbottens län;80;Umeå;9235;Sävar bibliotek;0;45;34;0;0;45;110;57;36;54;0;0;52;248;111;114;0;0;0;906
24;Västerbottens län;80;Umeå;9238;Scandic Hotel Umeå, Syd;91;132;138;0;0;175;195;252;190;246;0;0;340;414;524;562;0;0;0;3259
24;Västerbottens län;80;Umeå;9239;Hörnefors bibliotek;0;55;47;0;0;48;102;54;59;54;0;0;58;218;95;89;0;0;0;879
24;Västerbottens län;80;Umeå;9257;Universitetssjukhuset;162;222;178;0;0;283;253;285;327;347;0;0;543;660;803;1005;0;0;0;5068
24;Västerbottens län;81;Lycksele;12765;Lycksele stadshus, entréplan;107;155;151;67;0;211;228;244;263;238;108;0;277;383;587;517;511;183;49;4279
24;Västerbottens län;81;Lycksele;9498;Rusksele skola;0;0;0;0;0;0;0;0;0;0;0;0;0;0;0;0;0;0;112;112
24;Västerbottens län;81;Lycksele;9499;Örträsk  skola;0;0;0;0;0;0;0;0;0;0;0;0;0;0;0;0;0;0;117;117
24;Västerbottens län;82;Skellefteå;14016;Campus, bibliotek;12;36;29;0;0;46;61;43;29;38;0;0;73;145;105;123;159;0;0;899
24;Västerbottens län;82;Skellefteå;14794;Bygdsiljum, Bygdsiljumskolan;0;0;0;0;0;0;0;0;0;0;0;0;0;0;0;0;0;0;248;248
24;Västerbottens län;82;Skellefteå;14795;Drängsmark, Drängsmarkskolan;0;0;0;0;0;0;0;0;0;0;0;0;0;0;0;0;0;0;138;138
24;Västerbottens län;82;Skellefteå;14796;Frostkåge, Solviks folkhögskola;0;0;0;0;0;0;0;0;0;0;0;0;0;0;0;0;0;0;42;42
24;Västerbottens län;82;Skellefteå;14797;Fällfors, Aktivitetshuset Älvan;0;0;0;0;0;0;0;0;0;0;0;0;0;0;0;0;0;0;141;141
24;Västerbottens län;82;Skellefteå;14798;Gummark, Gummarkskolans matsal;0;0;0;0;0;0;0;0;0;0;0;0;0;0;0;0;0;0;139;139
24;Västerbottens län;82;Skellefteå;14800;Ljusvattnet, kapellet;0;0;0;0;0;0;0;0;0;0;0;0;0;0;0;0;0;0;73;73
24;Västerbottens län;82;Skellefteå;14802;Missenträsk bygdegård;0;0;0;0;0;0;0;0;0;0;0;0;0;0;0;0;0;0;31;31
24;Västerbottens län;82;Skellefteå;14803;Norra Åbyn, Naturbruksgymnasiet;0;0;0;0;0;0;0;0;0;0;0;0;0;0;0;0;0;0;29;29
24;Västerbottens län;82;Skellefteå;15063;Burvik, Spoven;0;0;0;0;0;0;0;0;0;0;0;0;0;0;0;0;0;0;45;45
24;Västerbottens län;82;Skellefteå;15103;Bygdeträsk, Allégården;0;0;0;0;0;0;0;0;0;0;0;0;0;0;0;0;0;0;48;48
24;Västerbottens län;82;Skellefteå;15147;Anderstorpsgymnasiet;0;0;0;0;0;4;5;13;5;8;0;0;17;25;21;41;53;0;0;192
24;Västerbottens län;82;Skellefteå;15148;Baldergymnasiet;0;0;0;0;0;3;5;11;7;11;0;0;10;9;21;39;40;0;0;156
24;Västerbottens län;82;Skellefteå;15548;Skellefteå praktiska gymnasium;0;0;0;0;0;0;0;0;0;14;0;0;0;0;0;0;0;0;0;14
24;Västerbottens län;82;Skellefteå;15549;Yrkesgymnasiet;0;2;0;0;0;0;0;0;0;0;0;0;0;0;0;0;0;0;0;2
24;Västerbottens län;82;Skellefteå;15550;Solkraft Rondellen;0;0;0;0;0;0;0;0;0;0;0;0;0;0;0;34;0;0;0;34
24;Västerbottens län;82;Skellefteå;15551;Solkraft Öst;0;0;0;0;0;0;0;0;34;0;0;0;0;0;0;0;0;0;0;34
24;Västerbottens län;82;Skellefteå;15556;Rosengård;0;0;0;0;0;0;0;0;0;0;0;0;11;0;0;0;0;0;0;11
24;Västerbottens län;82;Skellefteå;15559;Solkraft centrum;0;0;0;0;0;0;0;0;15;0;0;0;0;0;0;0;0;0;0;15
24;Västerbottens län;82;Skellefteå;15585;Urkraft - Texas;0;0;0;0;0;0;0;0;0;0;0;0;0;0;0;21;0;0;0;21
24;Västerbottens län;82;Skellefteå;7469;Skellefteå lasarett;0;0;0;0;0;50;47;60;57;47;38;0;79;109;159;190;189;192;0;1217
24;Västerbottens län;82;Skellefteå;8166;Stadshuset;350;411;369;166;108;417;509;438;532;505;222;209;618;709;939;1249;1200;626;374;9951
24;Västerbottens län;82;Skellefteå;8167;Morö Backe bibliotek;78;0;0;0;0;156;65;68;0;0;0;0;213;113;178;0;0;0;0;871
24;Västerbottens län;82;Skellefteå;8176;Skelleftehamns bibliotek;46;0;70;0;0;50;0;92;0;61;0;0;50;0;211;0;148;0;0;728
24;Västerbottens län;82;Skellefteå;8179;Ursvikens bibliotek;35;0;0;0;0;122;46;40;0;0;0;0;173;69;86;0;0;0;0;571
24;Västerbottens län;82;Skellefteå;8181;Boliden, bibliotek;25;0;0;0;0;78;31;25;0;0;0;0;107;49;65;0;0;0;0;380
24;Västerbottens län;82;Skellefteå;8183;Bureå bibliotek;57;0;51;0;0;122;0;77;0;82;0;0;159;0;93;0;162;0;0;803
24;Västerbottens län;82;Skellefteå;8185;Burträsk bibliotek;34;0;43;0;0;0;73;123;0;101;0;0;159;118;219;0;0;0;0;870
24;Västerbottens län;82;Skellefteå;8187;Byske bibliotek;38;0;49;0;0;0;48;65;0;63;0;0;0;108;190;0;147;0;0;708
24;Västerbottens län;82;Skellefteå;8188;Kåge bibliotek;0;0;52;0;0;80;38;0;0;78;0;0;157;81;0;0;186;0;0;672
24;Västerbottens län;82;Skellefteå;8193;Lövångers bibliotek;25;0;10;0;0;39;0;68;0;18;0;0;45;0;121;0;63;0;0;389
24;Västerbottens län;82;Skellefteå;8201;Jörns bibliotek;18;0;0;0;0;37;13;41;0;0;0;0;22;12;56;0;0;0;0;199
24;Västerbottens län;82;Skellefteå;8235;Örviken, Folkets hus;0;0;0;0;0;0;0;0;0;0;0;0;0;0;0;0;0;0;131;131
24;Västerbottens län;82;Skellefteå;8236;Falmark, Skellefteå Airport;0;0;0;0;0;0;0;0;0;0;0;0;0;0;0;0;0;0;42;42
24;Västerbottens län;82;Skellefteå;8237;Uttersjön, Byastuga;0;0;0;0;0;0;0;0;0;0;0;0;0;0;0;0;0;0;41;41
24;Västerbottens län;82;Skellefteå;8238;Vebomark, Lundbergska gården;0;0;0;0;0;0;0;0;0;0;0;0;0;0;0;0;0;0;68;68
24;Västerbottens län;82;Skellefteå;8239;Hökmark, Samlingslokalen;0;0;0;0;0;0;0;0;0;0;0;0;0;0;0;0;0;0;58;58
24;Västerbottens län;82;Skellefteå;8240;Vallen, Kapellet;0;0;0;0;0;0;0;0;0;0;0;0;0;0;0;0;0;0;65;65
24;Västerbottens län;82;Skellefteå;8241;Åbyn, Medborgarhuset;0;0;0;0;0;0;0;0;0;0;0;0;0;0;0;0;0;0;104;104
24;Västerbottens län;82;Skellefteå;8242;Ålund, Bönhuset;0;0;0;0;0;0;0;0;0;0;0;0;0;0;0;0;0;0;130;130
24;Västerbottens län;82;Skellefteå;8243;Norrlångträsk, Byagården;0;0;0;0;0;0;0;0;0;0;0;0;0;0;0;0;0;0;62;62
24;Västerbottens län;82;Skellefteå;8245;Renström, Träffpunkten;0;0;0;0;0;0;0;0;0;0;0;0;0;0;0;0;0;0;39;39
24;Västerbottens län;82;Skellefteå;8246;Stavaträsk, Byagården;0;0;0;0;0;0;0;0;0;0;0;0;0;0;0;0;0;0;23;23
24;Västerbottens län;82;Skellefteå;8247;Myrheden, Byagården;0;0;0;0;0;0;0;0;0;0;0;0;0;0;0;0;0;0;24;24
24;Västerbottens län;82;Skellefteå;8248;Bovikens hembygdsgård;0;0;0;0;0;0;0;0;0;0;0;0;0;0;0;0;0;0;119;119
24;Västerbottens län;82;Skellefteå;8249;Sandfors, Bönhuset;0;0;0;0;0;0;0;0;0;0;0;0;0;0;0;0;0;0;122;122
24;Västerbottens län;82;Skellefteå;8250;Klutmark, Klutmarksgården;0;0;0;0;0;0;0;0;0;0;0;0;0;0;0;0;0;0;90;90
24;Västerbottens län;82;Skellefteå;8251;Röjnoret, f d skolan;0;0;0;0;0;0;0;0;0;0;0;0;0;0;0;0;0;0;32;32
24;Västerbottens län;82;Skellefteå;8254;Kalvträsk, Glesbygdscenter;0;0;0;0;0;0;0;0;0;0;0;0;0;0;0;0;0;0;33;33
24;Västerbottens län;82;Skellefteå;8256;Mjövattnet, föreningslokalen;0;0;0;0;0;0;0;0;0;0;0;0;0;0;0;0;0;0;59;59
25;Norrbottens län;05;Arvidsjaur;15762;Kommunalhuset;65;74;70;44;20;74;114;100;139;129;71;105;124;211;173;248;207;148;0;2116
25;Norrbottens län;05;Arvidsjaur;15763;Tallkottens förskola;30;0;0;0;0;0;0;64;0;0;0;0;0;0;44;0;0;0;0;138
25;Norrbottens län;05;Arvidsjaur;7491;Ringelsta servicehus;0;0;0;0;0;0;0;0;0;0;0;0;0;0;0;55;0;0;0;55
25;Norrbottens län;05;Arvidsjaur;9482;Biblioteket Medborgarhuset;0;0;0;0;0;0;0;0;0;0;0;0;0;0;0;0;0;0;36;36
25;Norrbottens län;05;Arvidsjaur;9483;Finnbergs Diversehandel;9;0;32;0;0;0;42;0;0;44;0;0;0;59;0;0;43;28;0;257
25;Norrbottens län;05;Arvidsjaur;9489;Affär´n Abborrträsk;14;0;0;0;28;0;0;0;19;0;0;0;0;41;0;0;0;21;0;123
25;Norrbottens län;06;Arjeplog;11743;Medborgarhuset;0;0;0;0;0;0;0;0;0;0;0;0;0;0;0;0;0;0;12;12
25;Norrbottens län;06;Arjeplog;13675;Kommunbiblioteket;6;19;13;6;11;20;25;14;55;47;16;0;44;24;23;76;44;43;0;486
25;Norrbottens län;06;Arjeplog;14683;Jäckviksgården;0;0;0;0;0;0;0;0;22;0;0;0;0;0;0;0;0;0;21;43
25;Norrbottens län;06;Arjeplog;7492;Vaukagården;0;0;0;0;0;0;0;0;0;0;0;24;0;0;0;0;0;0;0;24
25;Norrbottens län;06;Arjeplog;9729;Tingsbacka;25;30;29;0;0;18;39;24;37;53;0;0;33;57;52;41;60;0;0;498
25;Norrbottens län;06;Arjeplog;9732;Folkets Hus i Slagnäs;0;0;0;0;0;0;38;0;0;0;0;0;0;0;0;0;0;0;33;71
25;Norrbottens län;06;Arjeplog;9733;Folkets Hus i Mellanström;0;0;0;0;0;19;0;0;0;0;0;0;0;0;0;0;0;0;30;49
25;Norrbottens län;06;Arjeplog;9734;Klubbstugan, Laisvall;0;0;0;0;0;0;0;31;0;0;0;0;0;0;0;0;0;0;17;48
25;Norrbottens län;10;Jokkmokk;10130;Förvaltningsbyggnaden;0;0;0;0;2;0;0;0;0;0;0;0;0;0;0;0;0;0;19;21
25;Norrbottens län;10;Jokkmokk;10339;Sudokgården;0;0;0;0;0;0;0;0;0;0;0;4;0;0;0;0;0;0;0;4
25;Norrbottens län;10;Jokkmokk;10426;Älvgården, Tårrajaur;0;0;0;0;0;0;0;0;0;0;0;14;0;0;0;0;0;0;0;14
25;Norrbottens län;10;Jokkmokk;10427;Medborgarhuset, Randijaur;0;0;0;0;0;0;0;0;0;0;0;11;0;0;0;0;0;0;0;11
25;Norrbottens län;10;Jokkmokk;10428;Årrenjarka Fjällby;0;0;0;0;0;0;0;0;0;0;0;12;0;0;0;0;0;0;0;12
25;Norrbottens län;10;Jokkmokk;13047;Laponiaporten Porjus;0;0;0;0;0;0;0;47;0;0;0;0;0;0;0;0;0;0;3;50
25;Norrbottens län;10;Jokkmokk;13075;Servicebyggnaden Kvikkjokk;0;0;0;0;0;0;0;0;0;0;0;7;0;0;0;0;0;0;0;7
25;Norrbottens län;10;Jokkmokk;13371;Bokenskolan;0;0;0;0;0;0;0;0;0;0;0;0;0;0;0;0;17;0;0;17
25;Norrbottens län;10;Jokkmokk;14844;Biblioteket Jokkmokk;45;58;65;27;0;63;75;95;83;92;61;0;110;116;120;158;161;84;0;1413
25;Norrbottens län;10;Jokkmokk;14846;Kåbdalis Skidanläggning;0;0;0;0;0;0;0;0;0;0;0;0;0;0;0;0;0;0;29;29
25;Norrbottens län;10;Jokkmokk;14847;Hemvärnsgården Puottaure;0;0;0;0;0;0;0;0;0;0;0;15;0;0;0;0;0;0;0;15
25;Norrbottens län;10;Jokkmokk;15879;Biblioteket Vuollerim;0;0;0;0;0;0;0;0;105;0;0;0;0;0;0;0;0;0;6;111
25;Norrbottens län;10;Jokkmokk;15880;Hembygdsgården Murjek;0;0;0;0;0;0;0;0;0;0;0;0;0;0;0;0;0;0;33;33
25;Norrbottens län;13;Överkalix;13519;Jockfalls Byastuga;0;0;0;0;0;0;0;0;0;0;0;0;0;0;0;0;0;0;24;24
25;Norrbottens län;13;Överkalix;7496;Brännagården;0;0;0;0;0;0;0;0;0;0;24;0;0;0;0;0;0;0;0;24
25;Norrbottens län;13;Överkalix;7497;Tallviksgården;0;0;0;0;0;0;0;0;0;0;8;0;0;0;0;0;0;0;0;8
25;Norrbottens län;13;Överkalix;8685;Lansjärvs Folkets hus;0;0;0;0;0;0;0;0;0;0;0;0;0;0;0;0;0;0;66;66
25;Norrbottens län;13;Överkalix;8687;Svartbyns byastuga;0;0;0;0;0;0;0;0;0;0;0;0;0;0;0;0;0;0;85;85
25;Norrbottens län;13;Överkalix;8689;Allsåns byastuga;0;0;0;0;0;0;0;0;0;0;0;0;0;0;0;0;0;0;43;43
25;Norrbottens län;13;Överkalix;8692;Överkalix kommunförvaltning;41;41;47;21;16;60;73;42;84;60;47;32;95;89;127;145;151;54;60;1285
25;Norrbottens län;14;Kalix;12324;Kalix kommuns förvaltningsbyggnad;159;152;130;64;73;184;226;242;234;242;89;123;205;329;494;469;501;203;100;4219
25;Norrbottens län;14;Kalix;13537;Morjärvs skola;0;0;0;0;0;0;0;0;0;0;0;0;0;0;0;0;0;0;121;121
25;Norrbottens län;14;Kalix;15062;Töre skola;13;8;18;12;10;8;16;17;12;9;23;16;16;33;54;62;44;36;0;407
25;Norrbottens län;14;Kalix;15133;Karlsborg Eriköstugan;0;0;0;0;0;0;0;0;0;0;0;0;0;0;0;0;0;0;63;63
25;Norrbottens län;14;Kalix;8817;Båtskärsnäs Folkets Hus;0;0;0;0;0;0;0;0;0;0;0;0;0;0;0;0;0;0;82;82
25;Norrbottens län;14;Kalix;8893;Bondersbyn Hembygdsgård;0;0;0;0;0;0;0;0;0;0;0;0;0;0;0;0;0;0;57;57
25;Norrbottens län;14;Kalix;8894;Vitvattnets Skola;0;0;0;0;0;0;0;0;0;0;0;0;0;0;0;0;0;0;54;54
25;Norrbottens län;14;Kalix;8895;Pålänge Skola;0;0;0;0;0;0;0;0;0;0;0;0;0;0;0;0;0;0;125;125
25;Norrbottens län;14;Kalix;8896;Björkfors Klubbstuga;0;0;0;0;0;0;0;0;0;0;0;0;0;0;0;0;0;0;59;59
25;Norrbottens län;14;Kalix;8897;Ryssbälts Byastuga;0;0;0;0;0;0;0;0;0;0;0;0;0;0;0;0;0;0;67;67
25;Norrbottens län;18;Övertorneå;14952;Folkets Hus;0;0;0;0;0;0;0;0;0;0;0;0;0;0;0;0;0;0;33;33
25;Norrbottens län;18;Övertorneå;8013;Brostugan i Luppio (f d daghem);0;0;0;0;0;0;0;0;0;0;0;0;0;0;0;0;0;0;46;46
25;Norrbottens län;18;Övertorneå;8577;Pello församlingshem;0;0;0;0;0;0;0;0;0;0;0;0;0;0;0;0;0;0;170;170
25;Norrbottens län;18;Övertorneå;8578;Tornedalens bibliotek;20;39;37;22;20;45;66;69;58;72;56;43;101;113;91;110;142;111;5;1220
25;Norrbottens län;18;Övertorneå;8579;Byapaviljongen i Aapua;0;0;0;0;0;0;0;0;0;0;0;0;0;0;0;0;0;0;94;94
25;Norrbottens län;18;Övertorneå;8792;Juoksengi församlingshem;0;0;0;0;0;0;0;0;0;0;0;0;0;0;0;0;0;0;152;152
25;Norrbottens län;18;Övertorneå;8793;F d skolan i Rantajärvi;0;0;0;0;0;0;0;0;0;0;0;0;0;0;0;0;0;0;52;52
25;Norrbottens län;21;Pajala;15407;Kyrkan;6;0;0;0;0;0;0;23;0;0;0;0;9;0;19;0;0;0;0;57
25;Norrbottens län;21;Pajala;8214;Allhuset Kangos;0;0;0;0;0;0;0;0;0;0;0;0;0;0;0;0;0;0;0;0
25;Norrbottens län;21;Pajala;8216;Bygdegården Kardis;0;0;0;0;0;0;0;0;0;0;0;0;0;0;0;0;0;0;0;0
25;Norrbottens län;21;Pajala;8217;Fd Skolan Kihlangi;0;0;0;0;0;0;0;0;0;0;0;0;0;0;0;0;0;0;0;0
25;Norrbottens län;21;Pajala;8218;Fd Skolan Kitkiöjärvi;0;0;0;0;0;0;0;0;0;0;0;0;0;0;0;0;0;0;0;0
25;Norrbottens län;21;Pajala;8227;Tre Tallar Saittarova;0;0;0;0;0;0;0;0;0;0;0;0;0;0;0;0;0;0;0;0
25;Norrbottens län;21;Pajala;8228;Fd Skolan Kainulasjärvi;0;0;0;0;0;0;0;0;0;0;0;0;0;0;0;0;0;0;0;0
25;Norrbottens län;21;Pajala;8229;Fd Skolan Narken;0;0;0;0;0;0;0;0;0;0;0;0;0;0;0;0;0;0;0;0
25;Norrbottens län;21;Pajala;8231;Skolan Sattajärvi;0;0;0;0;0;0;0;0;0;0;0;0;0;0;0;0;0;0;0;0
25;Norrbottens län;21;Pajala;8594;Kommunhuset;45;54;55;17;0;56;64;84;77;89;36;0;88;70;141;87;130;90;0;1183
25;Norrbottens län;21;Pajala;8771;Tärendö Bibliotek;16;0;23;0;0;12;0;21;0;19;0;0;15;0;34;0;38;0;0;178
25;Norrbottens län;21;Pajala;8772;Junosuando Bibliotek;3;0;7;0;0;20;0;47;0;26;0;0;29;0;62;0;34;0;0;228
25;Norrbottens län;21;Pajala;8773;Korpilombolo Bibliotek;9;0;9;0;0;10;0;52;0;12;0;0;24;0;48;0;37;0;0;201
25;Norrbottens län;23;Gällivare;15353;Forsgläntan;0;0;0;0;0;0;0;0;0;0;0;25;0;0;0;0;0;0;0;25
25;Norrbottens län;23;Gällivare;15354;Nya Malmstaskolan;0;0;0;0;0;0;40;0;0;0;0;0;0;55;0;0;0;0;33;128
25;Norrbottens län;23;Gällivare;15355;Infocenter Gunillaskolan;50;48;31;0;0;99;40;66;55;0;0;0;109;0;87;136;65;0;0;786
25;Norrbottens län;23;Gällivare;15357;Gällivare församlingsgård;148;231;90;95;72;226;272;267;180;176;140;146;301;343;435;520;508;241;140;4531
25;Norrbottens län;23;Gällivare;7509;Enen;0;0;0;0;0;0;0;0;0;0;0;42;0;0;0;0;0;0;0;42
25;Norrbottens län;23;Gällivare;7510;Hedgården;0;0;0;0;0;0;0;0;0;0;0;5;0;0;0;0;0;0;0;5
25;Norrbottens län;23;Gällivare;7512;Älvgården;0;0;0;0;0;0;0;0;0;0;0;15;0;0;0;0;0;0;0;15
25;Norrbottens län;23;Gällivare;7513;Sjukhuset;0;0;0;0;0;0;0;0;51;49;16;0;0;0;0;0;0;0;0;116
25;Norrbottens län;23;Gällivare;9867;Myranskolan;62;0;0;0;0;0;0;95;0;0;0;0;0;0;135;0;0;0;0;292
25;Norrbottens län;23;Gällivare;9879;PRO Träffpunkt Nattavaara;0;34;0;0;0;0;0;0;46;0;0;0;0;0;0;36;0;0;35;151
25;Norrbottens län;23;Gällivare;9892;Dokkas skola;0;35;0;0;0;0;0;0;65;0;0;0;0;0;0;70;0;0;58;228
25;Norrbottens län;23;Gällivare;9895;Ullatti byastugan;0;27;0;0;0;0;0;0;31;0;0;0;0;0;0;32;0;0;63;153
25;Norrbottens län;23;Gällivare;9898;Niilivaara Träffpunkt;0;17;0;0;0;0;0;0;51;0;0;0;0;0;0;46;0;0;69;183
25;Norrbottens län;23;Gällivare;9900;Folkets Hus Soutojärvi;0;12;0;0;0;0;0;0;26;0;0;0;0;0;0;46;0;0;0;84
25;Norrbottens län;23;Gällivare;9996;Hakkas folkets hus;0;32;0;0;0;0;0;0;59;0;0;0;0;0;0;93;0;0;0;184
25;Norrbottens län;60;Älvsbyn;7517;Fluxen, servicehus;0;0;0;0;0;0;0;0;0;0;0;30;0;0;0;0;0;0;0;30
25;Norrbottens län;60;Älvsbyn;9875;Vidselsskolans matsal;0;0;0;42;64;0;0;0;0;0;0;0;0;0;0;0;0;0;0;106
25;Norrbottens län;60;Älvsbyn;9885;Vistträskskolan;0;0;0;0;0;0;0;0;0;0;124;0;0;0;0;0;0;0;0;124
25;Norrbottens län;60;Älvsbyn;9906;Kommunförvaltningen;60;115;66;0;0;106;113;185;147;130;0;0;276;277;284;321;347;186;118;2731
25;Norrbottens län;80;Luleå;12786;Kulturens hus;402;436;378;294;0;592;503;569;583;651;411;390;903;1008;1139;1424;1504;1056;0;12243
25;Norrbottens län;80;Luleå;12995;Alviksskolan;0;0;0;0;0;0;0;0;0;0;0;0;0;0;0;0;0;163;0;163
25;Norrbottens län;80;Luleå;12997;Jämtögården;0;0;0;0;0;0;0;0;0;0;0;0;0;0;0;0;0;74;0;74
25;Norrbottens län;80;Luleå;13020;Bälingegården;0;0;0;0;0;0;0;0;0;0;0;0;0;0;0;0;0;104;0;104
25;Norrbottens län;80;Luleå;13021;Klöverträskskolan;0;0;0;0;0;0;0;0;0;0;0;0;0;0;0;0;0;192;0;192
25;Norrbottens län;80;Luleå;13022;Örarnas byahus;0;0;0;0;0;0;0;0;0;0;0;0;0;0;0;0;0;128;0;128
25;Norrbottens län;80;Luleå;13023;Södra Prästholms byahus;0;0;0;0;0;0;0;0;0;0;0;0;0;0;0;0;0;58;0;58
25;Norrbottens län;80;Luleå;13105;Luleå gymnasiebibliotek;0;0;0;0;0;0;0;0;0;0;0;0;31;29;49;44;76;0;0;229
25;Norrbottens län;80;Luleå;13106;Luleå tekniska universitet;0;69;56;0;0;65;90;66;95;124;0;0;193;201;277;352;623;0;0;2211
25;Norrbottens län;80;Luleå;14970;Sunderby folkhögskola;0;0;0;0;0;0;0;0;0;0;0;0;41;24;32;36;42;0;0;175
25;Norrbottens län;80;Luleå;14971;Stadshuset;0;0;0;0;0;0;0;0;0;0;0;0;0;0;0;0;0;0;323;323
25;Norrbottens län;80;Luleå;15798;Vetenskapens hus;91;89;72;74;125;139;120;141;181;151;109;91;182;290;277;378;429;424;0;3363
25;Norrbottens län;80;Luleå;15801;Gammelstads bibliotek;84;71;81;0;0;121;154;101;90;102;0;98;220;264;178;216;271;0;0;2051
25;Norrbottens län;80;Luleå;15802;Häktet/fängelset;0;0;0;0;0;0;0;0;0;0;0;0;0;0;25;0;0;0;0;25
25;Norrbottens län;80;Luleå;15803;Antnässkolan;0;0;0;0;0;0;0;0;0;0;0;0;0;0;0;0;0;107;0;107
25;Norrbottens län;80;Luleå;7523;Sunderby Sjukhus;0;0;0;0;0;0;0;0;0;0;0;0;0;0;92;104;89;94;0;379
25;Norrbottens län;80;Luleå;8219;Hertsöns bibliotek;98;80;79;0;0;171;149;109;80;104;0;98;153;232;154;183;279;0;0;1969
25;Norrbottens län;80;Luleå;8224;Råneå medborgarhus;42;35;53;0;0;108;61;64;41;79;0;0;173;106;117;118;198;0;0;1195
25;Norrbottens län;81;Piteå;10235;Biblioteket i Rosvik;49;0;0;0;0;74;0;85;0;0;0;0;136;30;127;39;73;0;0;613
25;Norrbottens län;81;Piteå;10236;Biblioteket i Norrfjärden;41;0;0;0;0;92;0;101;0;0;0;0;131;46;147;45;68;0;0;671
25;Norrbottens län;81;Piteå;10237;Biblioteket i Hortlax;74;0;0;0;0;120;0;115;0;0;0;0;156;132;174;104;0;0;0;875
25;Norrbottens län;81;Piteå;10238;Biblioteket i Sjulnäs;43;0;0;0;0;45;0;96;0;0;0;0;118;52;128;74;84;0;0;640
25;Norrbottens län;81;Piteå;10239;Logen;0;0;0;0;0;0;0;0;0;0;0;0;0;0;29;0;0;0;0;29
25;Norrbottens län;81;Piteå;10240;Munksunds Folkets hus;0;0;0;0;0;0;0;0;0;0;0;0;0;0;199;0;0;0;0;199
25;Norrbottens län;81;Piteå;10241;Stadshuset;0;0;0;0;0;0;0;0;0;0;0;0;0;0;70;0;0;0;77;147
25;Norrbottens län;81;Piteå;10242;Storsunds byagård;0;0;0;0;0;0;0;0;0;0;0;0;0;0;13;0;0;0;0;13
25;Norrbottens län;81;Piteå;10244;Gråträsk byagård/skolan;0;0;0;0;0;0;0;0;0;0;0;0;0;0;26;0;0;0;0;26
25;Norrbottens län;81;Piteå;12562;Piteå Stadsbibliotek;264;254;230;128;0;386;301;411;376;385;230;90;647;752;754;908;737;364;118;7335
25;Norrbottens län;81;Piteå;12602;Biblioteket i Öjebyn;104;0;0;0;0;163;0;234;0;0;0;0;293;100;192;60;162;0;0;1308
25;Norrbottens län;81;Piteå;12604;ICA Nära 4-en Jävrebyn;0;0;0;0;0;0;0;0;0;0;0;0;0;0;60;0;0;0;0;60
25;Norrbottens län;81;Piteå;12606;Framnäs Folkhögskola;0;0;0;0;0;0;0;0;0;0;0;0;70;0;0;0;0;0;0;70
25;Norrbottens län;81;Piteå;12607;Grans Naturbruksgymnasium;0;0;0;0;0;0;0;0;0;0;0;0;10;0;0;0;0;0;0;10
25;Norrbottens län;81;Piteå;12608;Strömbackaskolan;0;0;0;0;0;0;0;0;0;0;0;0;2;0;0;0;0;0;0;2
25;Norrbottens län;81;Piteå;14384;Musikhögskolan;0;0;0;0;0;0;0;0;0;0;0;0;0;81;0;0;0;0;0;81
25;Norrbottens län;81;Piteå;15555;Vindens hus;0;0;0;0;0;0;0;0;0;0;0;0;0;0;20;0;0;0;0;20
25;Norrbottens län;81;Piteå;15621;Gallerian Piteå;0;0;0;0;0;0;0;0;0;0;0;0;0;0;0;0;177;177;0;354
25;Norrbottens län;81;Piteå;7531;Berggården;0;0;0;0;0;0;0;0;0;0;21;0;0;0;0;0;0;0;0;21
25;Norrbottens län;81;Piteå;7532;Källbo;0;0;0;0;0;0;0;0;0;0;34;0;0;0;0;0;0;0;0;34
25;Norrbottens län;81;Piteå;7533;Mogården;0;0;0;0;0;0;0;0;0;0;24;0;0;0;0;0;0;0;0;24
25;Norrbottens län;81;Piteå;7534;Munkberga;0;0;0;0;0;0;0;0;0;0;9;0;0;0;0;0;0;0;0;9
25;Norrbottens län;81;Piteå;7536;Österbo/ Kärnhuset;0;0;0;0;0;0;0;0;0;0;11;0;0;0;0;0;0;0;0;11
25;Norrbottens län;81;Piteå;7537;Hortlaxgården;0;0;0;0;0;0;0;0;0;0;17;0;0;0;0;0;0;0;0;17
25;Norrbottens län;81;Piteå;7538;Norrgården;0;0;0;0;0;0;0;0;0;0;25;0;0;0;0;0;0;0;0;25
25;Norrbottens län;81;Piteå;7539;Roknäsgården;0;0;0;0;0;0;0;0;0;0;11;0;0;0;0;0;0;0;0;11
25;Norrbottens län;81;Piteå;7540;Rosågränd;0;0;0;0;0;0;0;0;0;0;8;0;0;0;0;0;0;0;0;8
25;Norrbottens län;81;Piteå;7541;Öjagården;0;0;0;0;0;0;0;0;0;0;39;0;0;0;0;0;0;0;0;39
25;Norrbottens län;81;Piteå;7542;Öjebyenheten;0;0;0;0;0;0;0;0;0;0;28;0;0;0;0;0;0;0;0;28
25;Norrbottens län;82;Boden;13619;Bodens stadsbibliotek;93;131;110;0;0;180;154;138;175;171;0;0;190;282;263;253;334;0;0;2474
25;Norrbottens län;82;Boden;13620;Bokbussen;0;0;0;0;0;2;0;0;0;0;0;0;1;14;0;0;0;0;0;17
25;Norrbottens län;82;Boden;8395;Stadshuset, kommunfullmäktigesalen;176;153;161;70;86;278;256;229;277;216;136;163;452;450;513;589;593;373;0;5171
25;Norrbottens län;82;Boden;8425;Stadshuset, Kommunstyrelsesalen;0;0;0;0;0;0;0;0;0;0;0;0;0;0;0;0;0;0;135;135
25;Norrbottens län;83;Haparanda;15405;Haparanda Stadsbibliotek;110;130;137;42;30;140;172;143;125;136;44;45;215;190;193;231;325;0;0;2408
25;Norrbottens län;83;Haparanda;9012;Lappträsk f.d. skola;0;0;0;0;0;0;0;0;0;0;0;0;0;0;0;0;0;0;48;48
25;Norrbottens län;83;Haparanda;9015;Säivis Byagård;0;0;0;0;0;0;0;0;0;0;0;0;0;0;0;0;0;0;62;62
25;Norrbottens län;83;Haparanda;9017;Stadshuset;0;0;0;0;0;0;0;0;0;0;0;0;0;0;0;0;0;105;64;169
25;Norrbottens län;84;Kiruna;13881;Kuttainen;0;0;0;0;0;0;29;0;0;0;0;0;0;0;0;0;0;0;109;138
25;Norrbottens län;84;Kiruna;14124;Hjalmar Lundbohmsskolan;0;0;0;0;0;0;0;0;0;0;0;0;0;0;31;0;0;0;0;31
25;Norrbottens län;84;Kiruna;14125;Malmfältens Folkhögskola;0;0;0;0;0;0;0;0;0;0;0;0;0;0;40;0;0;0;0;40
25;Norrbottens län;84;Kiruna;14183;Kebnekaise fjällstation;0;0;0;0;0;0;0;0;0;0;0;0;41;0;0;0;0;0;0;41
25;Norrbottens län;84;Kiruna;14184;Kattuvuoma;0;0;0;0;0;0;0;0;0;0;0;0;0;3;0;0;0;0;0;3
25;Norrbottens län;84;Kiruna;14185;Vuoskojaure;0;0;0;0;0;0;0;0;0;0;0;0;0;1;0;0;0;0;0;1
25;Norrbottens län;84;Kiruna;14892;Lannavaara;22;0;0;0;0;0;0;0;0;0;0;0;0;0;0;0;0;0;0;22
25;Norrbottens län;84;Kiruna;14896;Vivungi;0;0;0;0;0;14;0;0;0;0;0;0;0;0;0;0;0;0;0;14
25;Norrbottens län;84;Kiruna;14898;Lainio;0;0;0;0;0;37;0;0;0;0;0;0;0;0;0;0;0;0;0;37
25;Norrbottens län;84;Kiruna;14933;Parakka;0;0;0;0;0;0;0;0;27;0;0;0;0;0;0;0;0;0;0;27
25;Norrbottens län;84;Kiruna;15888;Övre Soppero;0;11;0;0;0;0;0;0;0;0;0;0;0;0;0;0;0;0;0;11
25;Norrbottens län;84;Kiruna;15889;Masugnsbyn;0;0;0;0;0;0;30;0;0;0;0;0;0;0;0;0;0;0;0;30
25;Norrbottens län;84;Kiruna;8890;Stadshuset Kristallen;263;383;280;163;0;478;422;454;712;518;241;0;628;651;744;1226;953;446;151;8713
25;Norrbottens län;84;Kiruna;9754;Abisko, skolan;0;0;0;0;0;0;105;0;0;0;0;0;0;0;0;0;0;0;0;105
25;Norrbottens län;84;Kiruna;9755;Svappavaara, skolan;0;0;0;0;0;0;0;73;0;0;0;0;0;0;0;0;0;0;131;204
25;Norrbottens län;84;Kiruna;9756;Övre Soppero, skolan;0;0;0;0;0;0;40;0;0;0;0;0;0;0;0;0;0;0;0;40
25;Norrbottens län;84;Kiruna;9758;Karesuando, landsbygdskontoret;0;14;18;0;0;0;0;24;30;34;0;0;0;0;25;39;24;0;89;297
25;Norrbottens län;84;Kiruna;9759;Vittangi, Folkets Hus;0;28;36;0;0;0;0;0;55;64;0;0;0;0;0;70;78;0;0;331
;;;;;summa;87914;103268;91113;47811;34097;132889;133304;140525;141957;127459;84911;76961;224689;246707;284735;324693;329492;220345;85202;2918072
