lan;län;kom;kommun;lokalid;lokal;2014-08-27;2014-08-28;2014-08-29;2014-08-30;2014-08-31;2014-09-01;2014-09-02;2014-09-03;2014-09-04;2014-09-05;2014-09-06;2014-09-07;2014-09-08;2014-09-09;2014-09-10;2014-09-11;2014-09-12;2014-09-13;2014-09-14;Totalt
01;Stockholms län;14;Upplands Väsby;12659;Messingen;0;0;0;0;0;122;100;99;98;86;94;0;175;210;225;237;276;362;379;2463
01;Stockholms län;14;Upplands Väsby;12660;Löwenströmska sjukhuset;0;0;0;0;0;0;0;0;75;49;0;0;0;0;0;0;0;0;0;124
01;Stockholms län;14;Upplands Väsby;12661;Hembygdsgården;0;0;0;0;0;0;0;0;0;0;0;106;70;0;0;0;0;0;0;176
01;Stockholms län;14;Upplands Väsby;13464;Väsby Centrum;341;385;284;204;212;316;336;301;335;294;215;340;482;592;599;632;703;520;0;7091
01;Stockholms län;14;Upplands Väsby;14614;Grimstagården;0;0;0;0;0;0;0;0;0;0;0;0;0;0;0;221;117;0;0;338
01;Stockholms län;15;Vallentuna;14381;Kårsta bibliotek;0;0;0;0;13;0;0;0;0;0;0;36;0;0;0;0;0;0;11;60
01;Stockholms län;15;Vallentuna;7945;Vallentuna bibliotek;235;231;225;158;119;268;209;284;230;245;226;225;431;526;649;691;708;498;285;6443
01;Stockholms län;15;Vallentuna;7946;Karby bibliotek;0;47;0;0;0;48;0;0;48;0;0;0;114;0;0;158;0;0;0;415
01;Stockholms län;17;Österåker;10383;Enebackens äldreboende;0;0;0;0;0;26;0;0;0;0;0;0;0;0;0;0;0;0;0;26
01;Stockholms län;17;Österåker;10635;Åkersberga bibliotek;285;304;208;144;142;322;308;278;296;293;261;282;518;686;695;790;708;0;0;6520
01;Stockholms län;17;Österåker;10636;Kommunhuset/Alceahuset;139;150;99;0;0;134;130;146;136;116;0;0;266;276;283;330;322;0;0;2527
01;Stockholms län;17;Österåker;10637;Solskiftets äldreboende;0;0;0;0;0;0;0;28;0;0;0;0;0;0;0;0;0;0;0;28
01;Stockholms län;17;Österåker;13842;Skärgårdsgymnasiet;0;2;0;0;0;0;0;0;0;0;0;0;0;0;0;0;0;0;0;2
01;Stockholms län;17;Österåker;13843;Österåkers gymnasium;0;0;0;0;0;0;0;8;0;0;0;0;0;0;0;0;0;0;0;8
01;Stockholms län;17;Österåker;14879;IT-gymnasiet;0;1;0;0;0;0;0;0;0;0;0;0;0;0;0;0;0;0;0;1
01;Stockholms län;17;Österåker;14880;Vårdbo;0;0;0;0;0;0;0;0;0;13;0;0;0;0;0;0;0;0;0;13
01;Stockholms län;17;Österåker;5876;Ljungbacken, Inackorderingshemmet;0;0;0;0;0;0;13;0;0;0;0;0;0;0;0;0;0;0;0;13
01;Stockholms län;17;Österåker;5877;Solhälla Vårdbiträdesgrupp;0;0;0;0;0;0;0;0;0;2;0;0;0;0;0;0;0;0;0;2
01;Stockholms län;17;Österåker;5879;Anstalten Österåker;0;0;78;0;0;0;0;0;0;0;0;0;0;0;0;0;0;0;0;78
01;Stockholms län;17;Österåker;5880;Häktet Österåker;0;0;8;0;0;0;0;0;0;0;0;0;0;0;0;0;0;0;0;8
01;Stockholms län;17;Österåker;8122;Ljusterö Tjänste- och information;18;32;34;15;9;0;18;28;25;37;21;8;0;70;49;53;64;63;40;584
01;Stockholms län;17;Österåker;9793;Ingmarsö Livs KB;0;3;4;0;0;6;7;7;1;9;8;0;13;10;16;14;23;32;0;153
01;Stockholms län;20;Värmdö;13552;Huvudbiblioteket, Runda Huset;67;101;93;62;73;115;137;111;139;122;145;204;276;375;418;447;410;419;0;3714
01;Stockholms län;20;Värmdö;14594;Alsviks Bygdegård;0;0;0;0;0;0;0;0;0;0;0;0;0;0;38;0;0;0;47;85
01;Stockholms län;20;Värmdö;5883;Gustavsgården;0;0;0;0;0;0;0;0;0;0;0;46;0;0;0;0;0;0;0;46
01;Stockholms län;20;Värmdö;9123;Kommunhuset, Skogsbo;102;150;127;0;0;106;118;122;162;128;0;0;181;224;293;436;350;368;424;3291
01;Stockholms län;20;Värmdö;9124;Ingarö bibliotek, Brunns skola;28;44;19;0;0;54;48;60;55;24;0;0;103;111;126;123;230;0;0;1025
01;Stockholms län;20;Värmdö;9126;Hemmesta bibliotek;49;34;28;0;0;47;42;82;34;30;0;0;77;85;296;108;188;0;0;1100
01;Stockholms län;20;Värmdö;9127;Djurö bibliotek, Djurö skola;17;24;22;0;0;42;41;35;60;34;0;0;99;99;90;101;166;0;0;830
01;Stockholms län;20;Värmdö;9128;Möja skola;0;0;0;0;0;0;0;0;0;0;0;0;0;54;0;0;0;0;102;156
01;Stockholms län;20;Värmdö;9129;Hembygdsgården Nämdö;0;0;0;0;0;0;0;0;0;0;0;0;0;0;0;0;0;0;52;52
01;Stockholms län;20;Värmdö;9130;Runmarö skola;0;0;0;0;0;0;0;0;0;0;0;0;0;46;0;0;0;0;99;145
01;Stockholms län;20;Värmdö;9131;Sandhamns skola;0;0;0;0;0;0;0;0;0;0;0;0;0;0;45;0;0;0;52;97
01;Stockholms län;23;Järfälla;13108;Järfälla gymnasiebibliotek;0;0;0;0;0;0;0;0;0;0;0;0;5;20;13;26;28;0;0;92
01;Stockholms län;23;Järfälla;13854;Järfälla kommuns kundtjänst;65;101;54;0;0;91;94;73;68;44;0;0;105;119;108;121;110;0;0;1153
01;Stockholms län;23;Järfälla;14940;Centrumgallerian;274;418;313;231;218;395;418;415;418;420;443;415;638;762;757;921;1142;1059;933;10590
01;Stockholms län;23;Järfälla;9032;Kallhälls bibliotek;117;108;90;80;0;191;130;156;100;125;125;0;248;126;356;162;245;246;0;2605
01;Stockholms län;23;Järfälla;9033;Barkarby bibliotek;90;81;0;79;0;110;53;99;73;0;114;0;190;104;195;133;0;225;0;1546
01;Stockholms län;23;Järfälla;9034;Viksjö bibliotek;96;118;71;106;0;135;65;164;88;102;146;0;239;178;360;193;194;290;0;2545
01;Stockholms län;25;Ekerö;12363;Biblioteket Ekerö;160;176;136;103;0;184;167;165;204;192;170;0;306;383;445;450;513;376;0;4130
01;Stockholms län;25;Ekerö;12365;Barnens biblioteket i Stenhamra;46;54;44;0;55;60;34;46;92;37;0;114;93;66;73;210;94;0;0;1118
01;Stockholms län;25;Ekerö;14395;Mobil röstningsstation;0;6;8;19;17;5;17;66;34;26;39;80;47;75;110;99;116;86;68;918
01;Stockholms län;25;Ekerö;14584;Färingsöhemmet;0;0;0;0;0;0;0;0;0;0;0;14;0;0;0;0;0;0;0;14
01;Stockholms län;25;Ekerö;5886;Behandlingshemmet Kurön;0;0;0;0;0;0;0;0;0;0;0;33;0;0;0;0;0;0;0;33
01;Stockholms län;25;Ekerö;5887;Ekgårdens äldreboende;0;0;0;0;0;0;0;0;0;0;0;31;0;0;0;0;0;0;0;31
01;Stockholms län;25;Ekerö;5889;Vårdhemmet Kullen;0;0;0;0;0;0;0;0;0;0;0;26;0;0;0;0;0;0;0;26
01;Stockholms län;25;Ekerö;9648;Kriminalvårdsanstalten Svartsjö;0;0;0;0;0;0;0;0;0;0;0;30;0;0;0;0;0;0;0;30
01;Stockholms län;25;Ekerö;9649;Kriminalvårdsanstalten Färingsö;0;0;0;0;0;0;0;0;0;0;0;25;0;0;0;0;0;0;0;25
01;Stockholms län;26;Huddinge;13036;Stortorps äldrecentrum;0;0;0;0;0;0;0;36;0;0;0;0;0;0;0;0;0;0;0;36
01;Stockholms län;26;Huddinge;13227;Beateberg;0;0;0;0;0;0;0;27;0;0;0;0;0;0;0;0;0;0;0;27
01;Stockholms län;26;Huddinge;13544;Huddinge centrum;160;193;190;182;148;219;213;220;249;214;240;251;342;395;443;491;493;504;0;5147
01;Stockholms län;26;Huddinge;13545;Stuvsta centrum;57;58;48;62;57;96;92;86;92;66;121;151;153;201;254;259;300;377;0;2530
01;Stockholms län;26;Huddinge;14736;Eklunden seniorcenter;48;43;36;46;0;63;43;62;26;38;43;0;93;62;60;80;88;129;0;960
01;Stockholms län;26;Huddinge;14737;Karolinska sjukhuset i Huddinge;57;43;54;22;27;73;70;61;67;50;28;67;104;142;160;188;254;219;251;1937
01;Stockholms län;26;Huddinge;15000;Stuvstagårdens servicehus;0;0;0;0;0;0;0;0;17;0;0;0;0;0;0;0;0;0;0;17
01;Stockholms län;26;Huddinge;15001;Serenadens äldreboende;0;0;0;0;0;0;0;12;0;0;0;0;0;0;0;0;0;0;0;12
01;Stockholms län;26;Huddinge;15002;Björnkulla;0;0;0;0;0;0;0;0;20;0;0;0;0;0;0;0;0;0;0;20
01;Stockholms län;26;Huddinge;15003;Västergården;0;0;0;0;0;0;0;24;0;0;0;0;0;0;0;0;0;0;0;24
01;Stockholms län;26;Huddinge;15004;Vårbacka plaza;0;0;0;0;0;0;12;0;0;0;0;0;0;0;0;0;0;0;0;12
01;Stockholms län;26;Huddinge;5890;Sjödalens äldreboende;0;0;0;0;0;0;32;0;0;0;0;0;0;0;0;0;0;0;0;32
01;Stockholms län;26;Huddinge;5891;Tallgårdens äldrecentrum;0;0;0;0;0;0;0;20;0;0;0;0;0;0;0;0;0;0;0;20
01;Stockholms län;26;Huddinge;5893;Rosendalsgården;0;0;0;0;0;0;23;0;0;0;0;0;0;0;0;0;0;0;0;23
01;Stockholms län;26;Huddinge;8694;Huvudbiblioteket;129;133;103;79;72;162;171;134;121;141;114;142;270;309;384;327;464;382;0;3637
01;Stockholms län;26;Huddinge;8935;Kommunalhuset;0;0;0;0;0;0;0;0;0;0;0;0;0;0;0;48;47;0;410;505
01;Stockholms län;26;Huddinge;8936;Flemingsbergs bibliotek;35;20;20;11;0;52;33;46;16;35;45;0;62;57;110;89;143;200;0;974
01;Stockholms län;26;Huddinge;8937;Segeltorps bibliotek;85;64;75;0;0;96;49;98;56;67;0;0;175;100;248;152;220;0;0;1485
01;Stockholms län;26;Huddinge;8938;Skogås bibliotek;145;111;120;80;0;176;176;180;108;131;131;0;281;257;326;317;355;387;0;3281
01;Stockholms län;26;Huddinge;8940;Vårby bibliotek;25;37;26;25;0;21;46;50;49;30;30;0;47;84;110;98;106;192;0;976
01;Stockholms län;27;Botkyrka;10735;Silverkronan äldreboende;0;0;0;0;0;0;0;0;0;0;0;30;0;0;0;0;0;0;0;30
01;Stockholms län;27;Botkyrka;13035;Mobila enheter;89;161;199;167;193;190;268;193;207;300;273;0;279;425;325;452;499;669;40;4929
01;Stockholms län;27;Botkyrka;5899;Tumba äldreboende;0;0;0;0;0;0;0;0;0;0;0;37;0;0;0;0;0;0;0;37
01;Stockholms län;27;Botkyrka;5900;Allégården;0;0;0;0;0;0;0;0;0;0;0;23;0;0;0;0;0;0;0;23
01;Stockholms län;27;Botkyrka;5902;Alby Äng;0;0;0;0;0;0;0;0;0;0;0;18;0;0;0;0;0;0;0;18
01;Stockholms län;27;Botkyrka;5903;Kriminalvårdsanstalten , Asptuna;0;0;0;0;0;0;0;0;0;0;0;35;0;0;0;0;0;0;0;35
01;Stockholms län;27;Botkyrka;5904;Kärsdala äldreboende;0;0;0;0;0;0;0;0;0;0;0;26;0;0;0;0;0;0;0;26
01;Stockholms län;27;Botkyrka;8734;Alby medborgarkontor;76;99;89;40;0;116;91;94;99;118;42;0;171;138;212;213;274;222;661;2755
01;Stockholms län;27;Botkyrka;8735;Fittja medborgarkontor;45;50;59;54;0;76;64;81;60;71;51;0;110;105;124;164;178;180;115;1587
01;Stockholms län;27;Botkyrka;8736;Hallunda medborgarkontor;147;145;130;47;0;158;164;158;184;150;86;0;220;223;290;262;368;228;0;2960
01;Stockholms län;27;Botkyrka;8737;Tullinge medborgarkontor;130;172;134;92;0;201;198;169;166;167;156;0;301;299;419;465;472;302;0;3843
01;Stockholms län;27;Botkyrka;8738;Tumba medborgarkontor;169;171;186;110;0;185;239;177;193;194;132;0;317;355;446;463;560;371;494;4762
01;Stockholms län;27;Botkyrka;8739;Mötesplats Grödinge;34;60;46;26;0;58;66;44;56;48;46;0;95;88;127;165;158;160;0;1277
01;Stockholms län;28;Salem;8850;Murgrönans foajé (Salems bibliotek);90;115;100;0;0;243;182;170;206;102;0;0;309;335;386;408;236;364;128;3374
01;Stockholms län;36;Haninge;12970;Coop Forum Haninge;137;238;223;160;223;207;246;208;225;283;287;389;321;310;437;502;573;806;566;6341
01;Stockholms län;36;Haninge;12972;ICA Maxi Haninge;175;256;234;222;270;283;440;286;332;372;419;633;489;674;677;807;942;1190;884;9585
01;Stockholms län;36;Haninge;14635;Västerhaninge bibliotek;116;145;122;67;68;143;137;148;159;151;132;122;181;256;275;359;417;405;0;3403
01;Stockholms län;36;Haninge;14636;Jordbro bibliotek;33;28;29;30;14;34;42;43;55;32;35;47;63;69;88;100;129;207;0;1078
01;Stockholms län;36;Haninge;14654;Kulturhuset;80;121;107;45;40;130;113;100;125;136;108;99;201;195;250;271;386;427;301;3235
01;Stockholms län;36;Haninge;14655;Vendelsögården;0;0;0;0;0;0;0;13;0;0;0;0;0;0;0;0;0;0;0;13
01;Stockholms län;36;Haninge;14656;Baldesro Plaza;0;0;0;0;0;0;0;0;36;0;0;0;0;0;0;0;0;0;0;36
01;Stockholms län;36;Haninge;5906;Hagagården;0;0;0;0;0;0;0;29;0;0;0;0;0;0;0;0;0;0;0;29
01;Stockholms län;36;Haninge;5908;Malmgården Dalarö;0;0;0;0;0;0;20;0;0;0;0;0;0;0;0;0;0;0;0;20
01;Stockholms län;36;Haninge;8602;Ica Kvantum Brandbergen;67;107;100;56;69;101;106;112;69;109;100;127;162;147;204;197;255;396;0;2484
01;Stockholms län;36;Haninge;8622;Träffpunkten Djurgårdsplan;17;31;19;15;10;22;17;28;20;18;18;36;34;42;58;58;71;101;0;615
01;Stockholms län;36;Haninge;8625;Trädgårdsmuseet Tungelsta;39;31;25;13;23;28;38;36;40;36;30;59;70;75;77;105;143;175;0;1043
01;Stockholms län;36;Haninge;8626;Träffpunkten Dalarö;29;32;25;10;19;22;35;33;27;30;21;51;60;36;52;62;80;76;0;700
01;Stockholms län;36;Haninge;8627;Ornö Skola;0;0;0;0;0;0;0;0;0;0;0;0;0;0;0;0;0;0;98;98
01;Stockholms län;36;Haninge;8628;Utö Hembygdsgård;0;0;0;0;0;0;0;0;0;0;0;0;0;0;0;0;0;0;134;134
01;Stockholms län;36;Haninge;8683;Johanneslund;0;0;0;0;0;30;0;0;0;0;0;0;0;0;0;0;0;0;0;30
01;Stockholms län;38;Tyresö;12805;Servicecenter Tyresö kommun;68;102;73;0;0;94;94;87;92;54;0;0;107;142;138;148;152;151;424;1926
01;Stockholms län;38;Tyresö;14542;Ängsgårdens gruppboende;0;0;0;0;0;0;0;0;0;0;0;7;0;0;0;0;0;0;0;7
01;Stockholms län;38;Tyresö;14544;Krusmyntans äldreboende;0;0;0;0;0;0;0;0;0;0;0;11;0;0;0;0;0;0;0;11
01;Stockholms län;38;Tyresö;5911;Björkbackens äldrecentrum;0;0;0;0;0;0;0;0;0;0;0;81;0;0;0;0;0;0;0;81
01;Stockholms län;38;Tyresö;5912;Trollängens äldreboende;0;0;0;0;25;0;0;0;0;0;0;0;0;0;0;0;0;0;0;25
01;Stockholms län;38;Tyresö;8834;Huvudbiblioteket Tyresö Centrum;231;293;229;183;0;244;280;327;266;278;235;0;506;496;557;619;679;465;0;5888
01;Stockholms län;38;Tyresö;8835;Biblioteket Trollbäcken;80;109;69;76;0;119;83;76;120;71;97;0;215;169;142;274;184;223;0;2107
01;Stockholms län;38;Tyresö;8837;Biblioteket Tyresö Strand;48;27;33;34;0;51;42;37;43;34;67;0;101;66;172;110;122;164;0;1151
01;Stockholms län;39;Upplands-Bro;15036;Upplands-Brogymnasiet;0;0;0;0;0;0;0;0;0;0;0;0;0;0;0;0;52;0;0;52
01;Stockholms län;39;Upplands-Bro;9836;Dagcentralen Kungsängen;109;168;125;0;103;124;121;122;169;118;0;165;199;217;405;346;467;287;144;3389
01;Stockholms län;39;Upplands-Bro;9837;Dagcentralen Bro;79;53;42;45;0;71;58;72;38;84;49;0;138;180;81;120;151;306;52;1619
01;Stockholms län;40;Nykvarn;9712;Nykvarns bibliotek;79;136;113;57;0;109;114;108;140;102;76;0;200;187;196;338;129;151;0;2235
01;Stockholms län;60;Täby;13837;Kommunhuset;114;100;76;39;86;105;129;69;147;110;65;209;243;299;285;346;364;211;182;3179
01;Stockholms län;60;Täby;5913;Allégården;0;0;0;0;0;0;0;0;0;0;0;26;0;0;0;0;0;0;0;26
01;Stockholms län;60;Täby;5914;Tibblehemmet;0;0;0;0;0;0;0;0;0;0;0;15;0;0;0;0;0;0;0;15
01;Stockholms län;60;Täby;5915;Lyktan;0;0;0;0;0;0;0;0;0;0;0;45;0;0;0;0;0;0;0;45
01;Stockholms län;60;Täby;8945;Hörsalen/huvudbiblioteket;272;278;246;171;171;353;375;302;299;275;223;266;578;616;676;668;670;573;314;7326
01;Stockholms län;60;Täby;8954;Gribbylunds bibliotek;45;49;25;47;0;48;49;50;57;33;44;0;125;87;142;172;113;161;0;1247
01;Stockholms län;60;Täby;8956;Hägernäs centrum;62;42;43;57;0;66;44;49;45;49;50;0;107;108;86;153;130;162;0;1253
01;Stockholms län;60;Täby;8957;Ångarens vårdboende;75;54;45;31;0;0;88;94;57;57;62;0;0;182;141;151;141;142;0;1320
01;Stockholms län;60;Täby;8960;Skarpängs bibliotek;27;33;32;40;0;45;41;45;41;28;64;0;90;102;125;126;103;122;0;1064
01;Stockholms län;60;Täby;8962;Täby kyrkbys bibliotek;37;34;23;52;0;85;56;68;48;43;63;0;108;144;115;161;147;183;0;1367
01;Stockholms län;62;Danderyd;12799;Danderyds sjukhus;0;0;0;0;0;0;0;0;0;0;0;49;0;0;0;0;0;0;0;49
01;Stockholms län;62;Danderyd;12801;Blomsterfonden;0;0;0;0;0;0;0;0;0;0;0;96;0;0;0;0;0;0;0;96
01;Stockholms län;62;Danderyd;12819;Birgittasystrarna;0;0;0;0;0;0;0;0;0;0;0;27;0;0;0;0;0;0;0;27
01;Stockholms län;62;Danderyd;12825;Djursholms bibliotek;97;96;58;58;0;82;68;68;95;71;96;0;187;142;158;186;144;145;0;1751
01;Stockholms län;62;Danderyd;12827;Information Danderyd;196;208;214;94;0;218;221;259;240;248;183;0;439;506;512;569;676;461;289;5533
01;Stockholms län;62;Danderyd;12828;Enebybergs bibliotek;49;47;27;24;0;66;60;55;61;42;58;0;131;133;115;149;101;119;0;1237
01;Stockholms län;62;Danderyd;14786;Annebergsgården;0;0;0;0;0;0;0;0;0;0;0;33;0;0;0;0;0;0;0;33
01;Stockholms län;62;Danderyd;14787;Stocksundgården;0;0;0;0;0;0;0;0;0;0;0;32;0;0;0;0;0;0;0;32
01;Stockholms län;62;Danderyd;14788;Tallgårdens Äldreboende;0;0;0;0;0;0;0;0;0;0;0;40;0;0;0;0;0;0;0;40
01;Stockholms län;62;Danderyd;9663;Stocksunds bibliotek;32;39;23;27;0;30;48;45;29;39;48;0;47;90;112;82;85;95;0;871
01;Stockholms län;63;Sollentuna;12623;Rådans äldreboende;0;0;0;0;0;0;0;11;0;0;0;0;0;0;0;0;0;0;0;11
01;Stockholms län;63;Sollentuna;13964;Gillegården;0;0;0;0;0;37;58;40;51;30;0;0;51;75;46;110;59;0;0;557
01;Stockholms län;63;Sollentuna;13967;Minerva;0;0;0;0;0;0;0;0;0;0;0;0;0;0;0;11;0;0;0;11
01;Stockholms län;63;Sollentuna;14891;Edsbergs äldreboende, Ulrikas gård;0;0;0;0;0;0;0;0;24;0;0;0;0;0;0;0;0;0;0;24
01;Stockholms län;63;Sollentuna;14950;Häktet Sollentuna;0;0;0;0;0;0;0;0;0;0;0;109;0;0;0;0;0;0;0;109
01;Stockholms län;63;Sollentuna;15020;Helenelunds centrum;0;0;0;0;0;53;68;68;90;56;0;0;112;158;120;158;131;0;0;1014
01;Stockholms län;63;Sollentuna;5920;Bergkälla;0;0;0;0;0;0;0;0;0;17;0;0;0;0;0;0;0;0;0;17
01;Stockholms län;63;Sollentuna;5921;Norrgården;0;0;0;0;0;0;0;0;0;0;0;0;0;0;29;0;0;0;0;29
01;Stockholms län;63;Sollentuna;5922;Nytorpshemmet;0;0;0;0;0;0;0;0;0;0;0;0;0;0;0;0;13;0;0;13
01;Stockholms län;63;Sollentuna;5923;Lenalundsgården;0;0;0;0;0;0;9;0;0;0;0;0;0;0;0;0;0;0;0;9
01;Stockholms län;63;Sollentuna;5925;Ribbings backe;0;0;0;0;0;0;0;0;0;0;0;0;0;7;0;0;0;0;0;7
01;Stockholms län;63;Sollentuna;5926;Tors backe;0;0;0;0;0;0;0;0;0;0;0;0;39;0;0;0;0;0;0;39
01;Stockholms län;63;Sollentuna;8907;Stinsens köpcentrum, norra entrén;200;252;196;253;291;251;276;235;264;273;430;616;464;587;641;684;699;1068;0;7680
01;Stockholms län;63;Sollentuna;8911;Edsbergs bibliotek;0;0;0;0;0;142;175;117;121;94;0;0;187;250;208;285;182;0;0;1761
01;Stockholms län;63;Sollentuna;8915;Huvudbiblioteket;247;269;258;131;107;270;227;227;256;295;222;238;385;425;579;600;770;617;793;6916
01;Stockholms län;80;Stockholm;10193;Stora Sköndal, Johannesgården;0;0;0;0;31;0;0;0;0;0;0;0;0;0;0;0;0;0;0;31
01;Stockholms län;80;Stockholm;10231;Du kan rösta på alla bibliotek;0;0;0;0;0;0;0;0;0;0;0;0;0;0;0;0;0;0;0;0
01;Stockholms län;80;Stockholm;10979;Europahuset;51;69;53;0;0;72;70;100;88;88;0;0;186;244;246;360;488;0;0;2115
01;Stockholms län;80;Stockholm;10980;KTH Biblioteket;68;69;70;0;0;164;130;154;172;121;81;0;266;358;470;629;801;0;0;3553
01;Stockholms län;80;Stockholm;10982;Frälsningsarmén Söderkåren;144;107;102;115;0;136;105;142;116;108;142;0;180;202;397;390;479;496;0;3361
01;Stockholms län;80;Stockholm;10984;Spårvägsmuseet;68;65;68;83;106;67;97;84;71;77;94;141;130;158;178;199;252;0;0;1938
01;Stockholms län;80;Stockholm;10985;Stadsmuseet;54;76;41;51;49;0;72;53;85;38;90;106;0;121;141;268;227;266;0;1738
01;Stockholms län;80;Stockholm;10991;Kungliga biblioteket;165;179;112;104;0;205;163;157;182;150;156;0;325;459;488;530;667;404;0;4446
01;Stockholms län;80;Stockholm;11323;Josephinahemmet;0;0;0;0;0;0;0;31;0;0;0;0;0;0;0;0;0;0;0;31
01;Stockholms län;80;Stockholm;11325;Fredhällshusen SVPH;0;0;0;0;0;0;52;0;0;0;0;0;0;0;0;0;0;0;0;52
01;Stockholms län;80;Stockholm;11327;Rio V&O / Rio Trygghetsboende;0;0;0;0;0;0;0;0;0;0;0;0;0;0;0;71;0;0;0;71
01;Stockholms län;80;Stockholm;11328;Kattrumpstullens vård- och omsorgsbo;0;0;0;0;0;0;0;0;0;0;36;0;0;0;0;0;0;0;0;36
01;Stockholms län;80;Stockholm;11329;Löjtnantsgården;0;0;0;0;0;0;0;0;0;0;62;0;0;0;0;0;0;0;0;62
01;Stockholms län;80;Stockholm;11624;Postiljonens vård- och omsorgsboende;0;0;0;0;8;0;0;0;0;0;0;0;0;0;0;0;0;0;0;8
01;Stockholms län;80;Stockholm;11625;Edsätra äldreboende;22;0;0;0;0;0;0;0;0;0;0;0;0;0;0;0;0;0;0;22
01;Stockholms län;80;Stockholm;12647;Husby medborgarkontor;21;8;0;0;0;0;15;15;15;0;0;0;33;43;23;19;0;0;0;192
01;Stockholms län;80;Stockholm;13027;Sture bibliotek;44;39;33;67;55;119;102;150;147;87;114;148;250;299;387;460;501;579;0;3581
01;Stockholms län;80;Stockholm;13048;Rinkeby bibliotek;0;0;48;20;36;26;15;0;0;46;39;45;41;54;0;0;358;386;296;1410
01;Stockholms län;80;Stockholm;13595;Riksdagshuset;114;114;100;0;0;113;100;105;111;144;0;0;203;236;272;337;376;332;0;2657
01;Stockholms län;80;Stockholm;13596;Rågsveds servicehus;17;25;31;0;0;27;30;29;29;29;0;0;54;62;57;60;91;0;0;541
01;Stockholms län;80;Stockholm;13598;Lindhagens Handelsplats;151;223;191;238;197;243;236;219;309;312;298;421;434;570;557;771;979;1123;0;7472
01;Stockholms län;80;Stockholm;13601;Globen Shopping;236;310;329;208;221;293;269;296;313;333;300;399;472;640;680;859;1005;997;0;8160
01;Stockholms län;80;Stockholm;13607;Jobbtorg Fokus Unga Kista;10;14;19;0;0;23;23;22;18;10;0;0;36;41;49;31;89;0;0;385
01;Stockholms län;80;Stockholm;13614;Jobbtorg Farsta Centrum;16;19;24;0;0;22;32;25;25;23;0;0;44;63;56;62;100;0;0;511
01;Stockholms län;80;Stockholm;13898;Brahem;0;0;0;0;0;0;0;0;0;0;39;0;0;0;0;0;0;0;0;39
01;Stockholms län;80;Stockholm;13899;Dalahöjdens/Sabbatsbergbyn;0;0;0;0;0;0;0;0;0;33;0;0;0;0;0;0;0;0;0;33
01;Stockholms län;80;Stockholm;13905;Föreningen Blomsterfonden, Östermalm;0;0;0;0;0;0;0;0;27;0;0;0;0;0;0;0;0;0;0;27
01;Stockholms län;80;Stockholm;13906;Hornstulls servicehus/v. -ob.;0;0;0;0;0;0;0;0;0;0;0;0;0;0;0;0;0;0;0;0
01;Stockholms län;80;Stockholm;13936;Nymilens äldreboende;0;0;0;0;0;16;0;0;0;0;0;0;0;0;0;0;0;0;0;16
01;Stockholms län;80;Stockholm;13944;Sjöstadsgårdens vård- och omsorgsbo.;0;0;0;0;0;0;0;0;0;0;0;0;0;0;0;0;0;0;0;0
01;Stockholms län;80;Stockholm;13950;Sätra v.- ob.;21;0;0;0;0;0;0;0;0;0;0;0;0;0;0;0;0;0;0;21
01;Stockholms län;80;Stockholm;13951;Tussmötegårdens vård- och omsorgsbo.;0;0;0;11;0;0;0;0;0;0;0;0;0;0;0;0;0;0;0;11
01;Stockholms län;80;Stockholm;14179;Långbrobergs vård-och omsorgsboende;0;0;0;0;0;0;0;0;0;0;0;0;0;0;0;0;0;0;0;0
01;Stockholms län;80;Stockholm;14688;Arlanda Express;168;176;207;63;113;198;234;209;252;275;145;234;461;539;640;901;1220;1047;1677;8759
01;Stockholms län;80;Stockholm;14690;Bromma Blocks Galleria;174;228;205;310;390;264;289;255;273;258;481;733;476;679;763;839;929;528;0;8074
01;Stockholms län;80;Stockholm;14691;Brommaplans bibliotek;134;205;127;116;0;189;113;174;182;155;146;0;359;296;512;432;434;490;0;4064
01;Stockholms län;80;Stockholm;14692;Cityterminalen;206;237;228;138;161;212;211;222;229;266;126;247;374;473;534;720;1100;1108;2185;8977
01;Stockholms län;80;Stockholm;14693;Fjärde Bassängvägen, Värtahamnen;20;22;31;0;0;46;43;59;49;35;0;0;80;76;84;125;162;0;0;832
01;Stockholms län;80;Stockholm;14695;Jobbtorg Rosenlundsgatan;47;88;55;0;0;83;59;57;72;78;0;0;103;138;172;221;258;0;0;1431
01;Stockholms län;80;Stockholm;14700;Tullmuseet;58;91;34;0;53;67;60;58;56;65;0;110;109;148;179;153;218;0;0;1459
01;Stockholms län;80;Stockholm;14702;Spånga-Tensta Medborgarkontor;69;160;28;0;0;102;105;120;115;32;66;101;152;153;187;263;64;0;0;1717
01;Stockholms län;80;Stockholm;14703;Liljeholmstorget Galleria;313;416;360;349;387;402;454;422;451;511;522;653;727;914;1049;1181;1195;1169;0;11475
01;Stockholms län;80;Stockholm;14704;Konradsbergshallen;44;39;33;0;0;44;58;39;46;54;0;0;93;82;123;141;0;0;0;796
01;Stockholms län;80;Stockholm;14705;Generatorn, Telefonplan;22;47;50;0;0;38;38;34;31;66;0;0;69;117;101;142;284;0;0;1039
01;Stockholms län;80;Stockholm;14707;Eriksdalsbadet;88;175;113;132;135;178;169;151;146;194;178;299;273;316;389;428;531;681;922;5498
01;Stockholms län;80;Stockholm;14710;Garnisonen, Karlavägen 100;192;192;161;0;0;200;189;177;191;187;0;0;282;352;469;496;676;0;0;3764
01;Stockholms län;80;Stockholm;14712;Birkagården;70;84;56;0;0;70;87;81;80;70;0;0;161;192;202;259;316;0;0;1728
01;Stockholms län;80;Stockholm;14713;Stureby vård- och omsorgsboende;42;41;42;0;0;43;57;74;41;49;0;0;84;63;137;91;149;0;0;913
01;Stockholms län;80;Stockholm;14715;Hässelby gårds Bibbleria;73;167;89;72;0;136;185;152;143;106;88;0;214;253;244;283;294;347;0;2846
01;Stockholms län;80;Stockholm;14843;Vindragarens vård och omsorg;0;0;0;0;0;0;0;0;0;0;0;0;0;0;0;0;0;0;0;0
01;Stockholms län;80;Stockholm;14849;Björksätra vård och omsorg;16;0;0;0;0;0;0;0;0;0;0;0;0;0;0;0;0;0;0;16
01;Stockholms län;80;Stockholm;14851;Kista äldreboende;0;0;0;0;0;0;0;0;0;0;0;0;0;0;0;0;0;0;0;0
01;Stockholms län;80;Stockholm;14852;Stora Sköndal Solgården;0;0;0;0;17;0;0;0;0;0;0;0;0;0;0;0;0;0;0;17
01;Stockholms län;80;Stockholm;14853;Tallbacken vård och omsorgsboende;0;0;0;0;0;46;0;0;0;0;0;0;0;0;0;0;0;0;0;46
01;Stockholms län;80;Stockholm;14859;Finskt äldrecentrum;0;0;0;0;0;15;0;0;0;0;0;0;0;0;0;0;0;0;0;15
01;Stockholms län;80;Stockholm;14860;Bromma Lindegård;0;0;0;0;0;0;0;11;0;0;0;0;0;0;0;0;0;0;0;11
01;Stockholms län;80;Stockholm;14861;Solbacken Attendo;0;0;0;0;0;0;0;0;0;0;0;0;0;0;0;0;0;0;0;0
01;Stockholms län;80;Stockholm;14862;Dianagårdens vård- och omsorgsboende;0;0;0;0;0;0;0;0;0;0;36;0;0;0;0;0;0;0;0;36
01;Stockholms län;80;Stockholm;14863;Koppargårdens vård- och omsorgsbo.;0;0;0;0;0;0;0;0;0;0;0;48;0;0;0;0;0;0;0;48
01;Stockholms län;80;Stockholm;14864;Magdalenagården;0;0;0;0;0;0;0;0;0;0;0;0;0;0;0;0;0;0;0;0
01;Stockholms län;80;Stockholm;14865;Attendo Valborgsmässovägen;0;0;0;0;0;0;0;0;0;0;0;0;0;0;23;0;0;0;0;23
01;Stockholms län;80;Stockholm;15052;Hjorthagens bibliotek;0;0;0;0;0;0;0;0;0;0;0;0;0;0;0;0;0;0;127;127
01;Stockholms län;80;Stockholm;5928;Pilträdet/Serafen;0;0;0;0;0;0;95;0;0;0;0;0;0;0;0;0;0;0;0;95
01;Stockholms län;80;Stockholm;5929;Axelsbergs servicehus och seniorbo.;0;0;0;0;0;0;0;0;0;0;0;0;0;0;39;0;0;0;0;39
01;Stockholms län;80;Stockholm;5930;Fruängsgårdens äldreboende;0;0;0;0;0;0;0;0;0;0;0;0;0;0;105;0;0;0;0;105
01;Stockholms län;80;Stockholm;5933;Rinkeby servicehus och äldreboende;0;0;0;0;0;0;0;0;0;0;0;0;0;0;0;0;0;0;0;0
01;Stockholms län;80;Stockholm;5935;Vasens vård- och omsorgsboende;0;0;0;0;0;0;0;0;0;28;0;0;0;0;0;0;0;0;0;28
01;Stockholms län;80;Stockholm;5939;Föreningen Blomsterfonden, Norrmalm;0;0;0;0;0;0;0;42;0;0;0;0;0;0;0;0;0;0;0;42
01;Stockholms län;80;Stockholm;5942;Väderkvarnens vård- och omsorgsbo.;0;0;0;0;0;0;0;0;0;44;0;0;0;0;0;0;0;0;0;44
01;Stockholms län;80;Stockholm;5944;Vintertullens V&B;78;0;0;0;0;0;0;0;0;0;0;0;0;0;0;0;0;0;0;78
01;Stockholms län;80;Stockholm;5945;Mariahemmet;0;0;24;0;0;0;0;0;0;0;0;0;0;0;0;0;0;0;0;24
01;Stockholms län;80;Stockholm;5947;Katarinagårdens vård- och omsorgsbo.;0;0;22;0;0;0;0;0;0;0;0;0;0;0;0;0;0;0;0;22
01;Stockholms län;80;Stockholm;5950;Föreningen Blomsterfonden, Södermalm;0;0;0;0;0;0;0;0;0;0;0;0;148;0;0;0;0;0;0;148
01;Stockholms län;80;Stockholm;5951;Borgerskapets enkehus och gubbhus;0;0;0;0;0;0;0;0;0;0;0;0;0;0;0;0;0;0;0;0
01;Stockholms län;80;Stockholm;5962;Stiftelsen Konung Oscar I:s minne;0;0;0;14;0;0;0;0;0;0;0;0;0;0;0;0;0;0;0;14
01;Stockholms län;80;Stockholm;5964;Skarpnäcksgården, Hus E;0;0;0;0;0;0;0;0;0;0;0;0;0;0;0;0;0;0;0;0
01;Stockholms län;80;Stockholm;5965;Skarpnäcksgården, Hus F;0;0;0;0;0;0;0;0;0;0;0;0;0;0;0;0;0;0;0;0
01;Stockholms län;80;Stockholm;5966;Skarpnäcksgården, Hus G;0;0;0;0;0;0;0;0;0;0;0;0;0;0;0;0;0;0;0;0
01;Stockholms län;80;Stockholm;5967;Skarpnäcksgården, Hus H;0;0;0;0;0;0;0;0;0;0;0;0;0;0;0;0;0;0;0;0
01;Stockholms län;80;Stockholm;5969;Bergsunds vård- och omsorgsboende;0;0;0;0;0;0;0;0;0;0;0;0;55;0;0;0;0;0;0;55
01;Stockholms län;80;Stockholm;5975;Borgargården;0;0;0;0;0;0;0;0;0;0;0;0;0;0;50;0;0;0;0;50
01;Stockholms län;80;Stockholm;5977;Föreningen Judiska hemmet;0;0;0;0;0;0;0;0;0;0;0;0;0;39;0;0;0;0;0;39
01;Stockholms län;80;Stockholm;5978;Hemmet för gamla;0;0;0;0;0;0;0;0;0;0;0;0;0;74;0;0;0;0;0;74
01;Stockholms län;80;Stockholm;5979;Årsta vård- och omsorgsboende;0;0;0;0;0;35;0;0;0;0;0;0;0;0;0;0;0;0;0;35
01;Stockholms län;80;Stockholm;5984;Borgarhemmet;0;0;0;0;0;0;0;0;0;0;0;0;0;0;47;0;0;0;0;47
01;Stockholms län;80;Stockholm;5988;Linnégårdens vård- och omsorgsboende;0;0;0;26;0;0;0;0;0;0;0;0;0;0;0;0;0;0;0;26
01;Stockholms län;80;Stockholm;5994;Stiftelsen Stockholms sjukhem;0;0;0;0;0;0;0;0;0;0;0;0;0;0;0;0;0;0;0;0
01;Stockholms län;80;Stockholm;5995;Fridhemmet och Alströmerhemmet;0;0;0;0;0;0;74;0;0;0;0;0;0;0;0;0;0;0;0;74
01;Stockholms län;80;Stockholm;6004;Nockebyhöjdens äldreboende SVPH;0;0;0;0;0;0;0;0;0;0;0;0;0;0;55;0;0;0;0;55
01;Stockholms län;80;Stockholm;6007;Tensta servicehus och äldreboende;0;0;0;0;0;0;0;0;0;0;0;0;44;0;0;0;0;0;0;44
01;Stockholms län;80;Stockholm;6009;Nockebyhem SVPH;0;0;0;0;0;0;0;0;0;0;0;0;0;0;0;0;0;0;0;0
01;Stockholms län;80;Stockholm;6010;Nockebyhus SVPH;0;0;0;0;0;0;0;0;0;0;0;0;0;182;0;0;0;0;0;182
01;Stockholms län;80;Stockholm;6013;Mälarbackens vård- och omsorgsboende;0;0;0;0;0;44;0;0;0;0;0;0;0;0;0;0;0;0;0;44
01;Stockholms län;80;Stockholm;6014;Brommagårdens vård- och omsorgsbo.;0;0;0;0;0;0;0;27;0;0;0;0;0;0;0;0;0;0;0;27
01;Stockholms län;80;Stockholm;6016;Hässelgårdens vård- och omsorgsbo.;0;0;0;0;0;0;0;0;0;0;0;24;0;0;0;0;0;0;0;24
01;Stockholms län;80;Stockholm;6018;Trekantens servicehus;0;0;0;0;0;0;0;0;0;0;0;0;0;0;0;58;0;0;0;58
01;Stockholms län;80;Stockholm;6019;Föreningen Blomsterfonden, Älvsjö;0;0;0;0;107;0;0;0;0;0;0;0;0;0;0;0;0;0;0;107
01;Stockholms län;80;Stockholm;6020;Älvsjö servicehus/Kristallgården;0;46;0;0;0;0;0;0;0;0;0;0;0;0;0;0;0;0;0;46
01;Stockholms län;80;Stockholm;7908;Kista bibliotek;157;154;157;117;158;218;260;204;195;216;202;258;386;508;528;715;907;1158;0;6498
01;Stockholms län;80;Stockholm;8032;Husby bibliotek;60;47;33;22;0;55;0;73;57;50;44;0;70;0;122;122;192;216;0;1163
01;Stockholms län;80;Stockholm;8035;Rinkeby Medborgarkontor;55;77;22;0;0;65;69;99;101;24;0;0;114;165;169;303;93;0;0;1356
01;Stockholms län;80;Stockholm;8036;Spånga bibliotek;160;0;194;105;0;199;0;259;0;246;194;0;342;0;688;0;577;435;0;3399
01;Stockholms län;80;Stockholm;8043;Tensta bibliotek;64;36;48;64;0;81;26;59;45;80;57;0;132;85;146;113;275;419;0;1730
01;Stockholms län;80;Stockholm;8046;Hässelby Villastads bibliotek;89;178;170;141;0;248;178;262;215;223;211;0;448;370;569;457;515;412;0;4686
01;Stockholms län;80;Stockholm;8052;Vällingby bibliotek;218;316;225;185;176;320;273;315;302;273;260;326;519;512;709;822;716;413;420;7300
01;Stockholms län;80;Stockholm;8054;Alviks bibliotek;121;143;155;89;0;189;139;147;173;155;143;0;351;286;500;375;564;440;0;3970
01;Stockholms län;80;Stockholm;8055;Blackebergs bibliotek;90;141;95;0;76;119;122;139;102;128;0;154;194;175;298;220;324;0;0;2377
01;Stockholms län;80;Stockholm;8058;Kungsholmens bibliotek;400;442;284;218;232;404;386;426;404;387;375;447;782;777;1046;1182;1192;932;0;10316
01;Stockholms län;80;Stockholm;8060;Stora Essingens bibliotek;0;47;0;0;62;57;26;0;43;0;0;71;88;62;104;0;0;0;0;560
01;Stockholms län;80;Stockholm;8061;Tekniska Nämndhuset;79;105;73;0;0;85;100;102;106;84;0;0;155;205;252;267;366;0;0;1979
01;Stockholms län;80;Stockholm;8062;Stadshuset;99;113;89;0;0;112;98;106;122;102;196;0;196;180;268;319;352;396;652;3400
01;Stockholms län;80;Stockholm;8067;Norrmalms Stadsdelsförvaltning;77;74;43;0;0;102;88;57;73;59;0;0;133;136;165;191;266;0;0;1464
01;Stockholms län;80;Stockholm;8069;Stadsbiblioteket;568;568;412;344;375;603;630;597;601;518;495;732;1102;1335;1285;2043;1867;1148;0;15223
01;Stockholms län;80;Stockholm;8070;Kulturhuset;317;353;282;194;184;305;380;317;405;428;326;381;615;838;1009;1207;1566;1135;0;10242
01;Stockholms län;80;Stockholm;8074;Östermalms bibliotek;548;491;377;299;279;524;453;516;533;405;405;526;857;888;1094;1182;1310;1016;898;12601
01;Stockholms län;80;Stockholm;8076;Hornstulls bibliotek;184;241;192;137;150;273;232;254;242;223;205;269;445;516;650;742;814;510;0;6279
01;Stockholms län;80;Stockholm;8077;Tranströmerbibl. Medborgarplat;443;499;399;236;272;548;554;523;512;486;454;472;1007;1304;1495;1734;1996;1203;0;14137
01;Stockholms län;80;Stockholm;8085;Luma bibliotek;81;82;72;88;96;83;0;142;83;108;173;261;163;0;362;307;409;443;0;2953
01;Stockholms län;80;Stockholm;8088;Foajén vid Enskede bibliotek;55;105;48;70;0;114;91;89;88;66;94;0;183;132;242;212;224;360;0;2173
01;Stockholms län;80;Stockholm;8090;Årsta Centrumhuset och bibliotek;109;128;89;0;132;189;137;148;129;96;0;230;305;209;304;326;0;0;0;2531
01;Stockholms län;80;Stockholm;8095;Bagarmossens Bibliotek;91;99;102;65;0;134;0;196;112;109;115;0;240;0;379;311;382;420;0;2755
01;Stockholms län;80;Stockholm;8096;Björkh bibl/Skarpnäcks sdf;84;111;47;0;47;100;112;98;91;52;0;111;159;199;271;286;228;0;0;1996
01;Stockholms län;80;Stockholm;8097;Skarpnäcks bibliotek;59;71;0;104;0;101;66;100;61;0;133;0;187;136;248;191;0;347;0;1804
01;Stockholms län;80;Stockholm;8100;Gubbängens bibliotek;85;112;90;0;118;136;0;173;129;97;0;164;219;0;344;249;376;0;0;2292
01;Stockholms län;80;Stockholm;8102;Farsta bibliotek;290;372;329;194;0;412;335;425;355;377;273;311;474;662;758;825;915;688;0;7995
01;Stockholms län;80;Stockholm;8104;Sköndals bibliotek;63;108;0;91;0;164;0;144;117;0;115;0;219;0;233;200;0;289;0;1743
01;Stockholms län;80;Stockholm;8105;Hagsätra bibliotek;71;93;80;0;87;0;0;187;154;95;0;131;0;0;385;258;278;0;0;1819
01;Stockholms län;80;Stockholm;8106;Högdalens bibliotek;176;268;167;100;90;239;208;262;280;234;178;224;406;451;516;654;711;664;605;6433
01;Stockholms län;80;Stockholm;8108;Örby bibliotek;37;34;0;30;0;51;0;57;32;0;80;0;115;0;125;86;0;153;0;800
01;Stockholms län;80;Stockholm;8110;Älvsjö Medborgarkontor och bibliotek;146;137;108;72;0;190;154;192;169;154;141;0;284;253;451;314;538;389;0;3692
01;Stockholms län;80;Stockholm;8111;Aspuddens bibliotek;99;94;95;0;130;143;106;143;124;139;269;0;266;172;421;315;552;0;0;3068
01;Stockholms län;80;Stockholm;8112;Gröndals bibliotek;68;92;60;50;0;77;63;66;69;76;65;0;144;119;205;163;234;265;0;1816
01;Stockholms län;80;Stockholm;8114;Telefonplans bibliotek;66;91;0;101;0;116;0;138;89;0;121;0;197;0;324;248;0;496;0;1987
01;Stockholms län;80;Stockholm;8115;Fruängens bibliotek;155;255;0;172;0;256;194;262;251;0;296;0;478;0;548;529;0;523;0;3919
01;Stockholms län;80;Stockholm;8117;Hägerstensåsens Medborgarhus;42;80;76;0;0;67;61;63;58;83;0;0;118;117;146;177;244;0;0;1332
01;Stockholms län;80;Stockholm;8120;Bredängs bibliotek;76;162;0;84;0;112;145;152;154;0;139;0;221;207;258;359;0;460;0;2529
01;Stockholms län;80;Stockholm;8121;Skärholmens bibliotek;141;186;166;100;101;185;158;187;167;210;142;222;368;351;388;526;515;654;642;5409
01;Stockholms län;80;Stockholm;8124;Skärholmens Medborgarkontor;49;70;37;0;0;110;92;78;72;63;0;0;106;167;113;150;219;0;0;1326
01;Stockholms län;80;Stockholm;8891;Stockholms Universitet;73;74;68;0;0;155;152;144;177;167;0;0;321;380;411;532;759;0;0;3413
01;Stockholms län;80;Stockholm;8944;Kista servicehus;0;0;0;18;0;0;0;0;0;0;0;0;0;0;0;0;0;0;0;18
01;Stockholms län;80;Stockholm;8977;Kampementets vård- och omsorgsboende;0;0;0;0;0;0;0;0;0;0;0;0;0;0;0;45;0;0;0;45
01;Stockholms län;81;Södertälje;10004;Mötesplats Enhörna;0;0;85;0;0;0;0;104;0;0;0;0;128;0;0;119;128;0;0;564
01;Stockholms län;81;Södertälje;10005;Biblioteket Mölnbo;0;22;0;0;0;0;40;0;0;21;0;0;0;0;61;0;0;0;0;144
01;Stockholms län;81;Södertälje;10006;Hölöskolan;30;0;0;0;0;51;0;0;80;0;0;0;0;108;0;0;0;0;0;269
01;Stockholms län;81;Södertälje;10007;Hovsjö Hub;22;23;14;0;0;31;23;48;35;40;0;0;41;54;49;62;88;0;0;530
01;Stockholms län;81;Södertälje;10010;Bergviks servicehus;60;90;84;0;0;109;99;87;98;67;0;0;148;131;178;170;209;0;0;1530
01;Stockholms län;81;Södertälje;10011;Coop Forum;130;216;177;145;105;164;195;232;202;200;186;210;320;384;400;502;539;747;0;5054
01;Stockholms län;81;Södertälje;12914;fd Slåttergården;25;24;40;0;0;28;16;25;32;27;0;0;40;29;45;38;73;0;0;442
01;Stockholms län;81;Södertälje;12916;Stadshuset;52;75;70;0;0;71;75;80;77;97;0;0;137;168;178;207;281;0;0;1568
01;Stockholms län;81;Södertälje;12918;Järna bibliotek;113;123;126;0;0;128;114;116;120;132;0;0;198;264;265;299;414;0;0;2412
01;Stockholms län;81;Södertälje;12919;Biblioteket Luna;239;291;266;180;0;351;322;391;312;294;241;0;523;537;580;647;616;730;0;6520
01;Stockholms län;81;Södertälje;12920;Fornhöjdens vårdcentral;62;53;25;0;0;43;58;49;39;47;0;0;69;72;83;97;176;0;0;873
01;Stockholms län;81;Södertälje;14995;Festen Rock the Vote;0;0;0;0;0;0;0;0;0;0;0;0;0;0;0;0;0;0;0;0
01;Stockholms län;82;Nacka;10142;Nacka stadshus;0;0;0;0;0;0;0;0;0;0;0;0;0;0;0;0;0;0;329;329
01;Stockholms län;82;Nacka;10143;Orminge bibliotek;161;215;166;130;115;211;231;238;204;257;209;227;416;561;538;573;741;706;0;5899
01;Stockholms län;82;Nacka;10146;Nacka Forum bibliotek;239;328;251;240;217;345;381;390;327;318;347;345;606;709;852;919;888;923;0;8625
01;Stockholms län;82;Nacka;10147;Dieselverkstadens bibliotek;107;169;112;157;122;159;157;170;163;156;155;321;340;382;425;459;614;692;0;4860
01;Stockholms län;82;Nacka;10149;Älta bibliotek;65;88;85;55;0;124;93;114;88;94;97;0;161;206;244;275;276;258;0;2323
01;Stockholms län;82;Nacka;10150;Fisksätra bibliotek;66;49;55;23;25;63;66;66;69;53;47;56;109;115;152;133;166;178;0;1491
01;Stockholms län;82;Nacka;10151;Saltsjöbaden bibliotek;186;155;192;129;0;195;160;181;155;221;198;0;325;338;368;363;425;373;0;3964
01;Stockholms län;82;Nacka;15024;Båthöjden Plaza;0;11;0;0;0;0;0;0;0;0;0;0;0;0;0;0;0;0;0;11
01;Stockholms län;82;Nacka;15025;Sarvträsk äldreboende;0;0;12;0;0;0;0;0;0;0;0;0;0;0;0;0;0;0;0;12
01;Stockholms län;82;Nacka;15026;Nacka Seniorcenter Ektorp;0;0;0;0;0;59;0;0;0;0;0;0;0;0;0;0;0;0;0;59
01;Stockholms län;82;Nacka;15027;Nacka Seniorcenter Älta;0;0;0;0;0;0;3;0;0;0;0;0;0;0;0;0;0;0;0;3
01;Stockholms län;82;Nacka;15028;Danvikshem;0;0;0;0;0;0;0;97;0;0;0;0;0;0;0;0;0;0;0;97
01;Stockholms län;82;Nacka;15029;Nacka Seniorcenter Talliden;0;0;0;0;0;0;0;0;12;0;0;0;0;0;0;0;0;0;0;12
01;Stockholms län;82;Nacka;15030;Saltsjöbadens sjukhus;0;0;0;0;0;0;0;0;0;31;0;0;0;0;0;0;0;0;0;31
01;Stockholms län;82;Nacka;15031;Lillängen;0;0;0;0;0;0;0;0;0;0;0;0;22;0;0;0;0;0;0;22
01;Stockholms län;82;Nacka;15032;Attendo Kungshamn;0;0;0;0;0;0;0;0;0;0;0;0;0;13;0;0;0;0;0;13
01;Stockholms län;82;Nacka;15033;Gammeluddshemmet;0;0;0;0;0;0;0;0;0;0;0;0;0;0;16;0;0;0;0;16
01;Stockholms län;82;Nacka;15034;Nacka Seniorcenter Sjötäppan;0;0;0;0;0;0;0;0;0;0;0;0;0;0;0;32;0;0;0;32
01;Stockholms län;82;Nacka;15035;Nacka Seniorcenter Sofiero;0;0;0;0;0;0;0;0;0;0;0;0;0;0;0;0;23;0;0;23
01;Stockholms län;83;Sundbyberg;6038;Ekbackens äldreboende;0;0;0;0;0;0;0;0;0;0;0;0;0;0;0;80;0;0;0;80
01;Stockholms län;83;Sundbyberg;6039;Lötsjögårdens äldreboende;0;0;0;0;0;0;0;0;30;0;0;0;0;0;0;0;0;0;0;30
01;Stockholms län;83;Sundbyberg;8813;Rissne närpolisstation;45;0;52;0;0;64;64;56;0;46;69;0;105;101;108;0;241;164;0;1115
01;Stockholms län;83;Sundbyberg;8814;Sundbybergs stadshus;93;0;131;0;0;101;138;147;66;93;115;0;186;190;400;292;356;307;281;2896
01;Stockholms län;83;Sundbyberg;8815;Biblioteket i Signalfabriken;195;0;295;0;0;315;317;323;211;212;372;0;494;619;679;693;988;753;0;6466
01;Stockholms län;84;Solna;12221;Skoga;0;0;0;0;0;64;81;65;45;36;0;0;70;75;85;108;106;0;0;735
01;Stockholms län;84;Solna;13686;Ankaret seniorträff;0;0;0;0;0;33;35;30;26;32;0;0;37;29;55;70;78;0;0;425
01;Stockholms län;84;Solna;13688;Gunnarbo seniorträff;0;0;0;0;0;20;16;5;7;12;0;0;17;17;21;23;34;0;0;172
01;Stockholms län;84;Solna;13727;Sockerbiten i Ritorp;0;0;0;0;0;33;46;23;34;24;0;0;61;69;80;87;80;0;0;537
01;Stockholms län;84;Solna;9334;Solna stadshus;182;185;178;0;0;208;209;184;161;138;0;0;288;344;458;770;832;601;1083;5821
01;Stockholms län;84;Solna;9335;Huvudbiblioteket  Solna centrum;300;373;279;354;0;331;349;437;353;327;487;0;653;741;784;758;702;609;0;7837
01;Stockholms län;84;Solna;9337;Biblioteket Bergshamra;91;136;68;71;0;0;119;123;114;82;109;0;0;184;296;279;192;274;0;2138
01;Stockholms län;84;Solna;9340;Seniorstaden Hallen;0;0;0;0;0;60;57;55;60;42;0;0;73;75;84;79;92;0;0;677
01;Stockholms län;86;Lidingö;10976;Hemköp Brevik;0;0;0;0;0;82;85;85;49;86;0;0;149;140;163;170;169;0;0;1178
01;Stockholms län;86;Lidingö;14983;Villa Agadir;0;0;0;0;0;0;0;0;0;0;0;41;0;0;0;0;0;0;0;41
01;Stockholms län;86;Lidingö;14984;Silverhöjden;0;0;0;0;0;0;0;0;0;0;0;54;0;0;0;0;0;0;0;54
01;Stockholms län;86;Lidingö;15048;Ektorpsgården;0;0;0;0;0;0;0;0;0;0;0;22;0;0;0;0;0;0;0;22
01;Stockholms län;86;Lidingö;6048;Baggeby Gård;0;0;0;0;0;0;0;0;0;0;0;46;0;0;0;0;0;0;0;46
01;Stockholms län;86;Lidingö;6049;Högsätra servicehus;0;0;0;0;0;0;0;0;0;0;0;65;0;0;0;0;0;0;0;65
01;Stockholms län;86;Lidingö;6050;Siggebogården;0;0;0;0;0;0;0;0;0;0;0;42;0;0;0;0;0;0;0;42
01;Stockholms län;86;Lidingö;9091;Tor seniorboende;0;0;0;0;0;0;0;0;0;0;0;35;0;0;0;0;0;0;0;35
01;Stockholms län;86;Lidingö;9093;Föreningsgården Larsberg;0;0;0;0;0;71;66;72;67;63;0;0;112;102;126;126;149;0;0;954
01;Stockholms län;86;Lidingö;9488;Stadshuset;235;340;298;261;0;441;392;401;413;376;528;0;790;847;881;915;1099;905;297;9419
01;Stockholms län;87;Vaxholm;14006;Borgmästaregården;0;0;0;0;0;0;0;0;0;0;0;9;0;0;0;0;0;0;0;9
01;Stockholms län;87;Vaxholm;14007;Cyrillus;0;0;0;0;0;0;0;0;0;0;0;19;0;0;0;0;0;0;0;19
01;Stockholms län;87;Vaxholm;14439;Rådhuset;74;83;64;77;77;78;91;71;100;102;102;162;189;229;239;288;256;245;69;2596
01;Stockholms län;88;Norrtälje;12724;Norrtälje stadsbibliotek;189;234;171;62;0;240;283;279;256;270;139;0;438;500;467;533;505;321;0;4887
01;Stockholms län;88;Norrtälje;12725;Gräddö skärgårdshandel;22;16;13;20;7;18;21;19;28;39;24;27;28;41;49;45;70;71;0;558
01;Stockholms län;88;Norrtälje;13594;Rodengymnasiet;0;0;0;0;0;14;9;11;6;14;0;0;23;31;25;24;44;0;0;201
01;Stockholms län;88;Norrtälje;14721;ICA Kvantum Flygfyren;98;158;161;117;109;146;182;173;199;236;183;265;260;296;368;455;633;607;0;4646
01;Stockholms län;88;Norrtälje;14723;Biblioteksbussen;7;0;2;0;0;1;0;0;0;29;0;0;13;33;16;10;0;0;0;111
01;Stockholms län;88;Norrtälje;14725;Hotell Havsbaden;5;14;10;12;5;13;4;14;21;11;12;6;22;11;23;19;28;50;0;280
01;Stockholms län;88;Norrtälje;6054;Kriminalvårdsanstalten Norrtälje;0;0;0;0;0;0;0;0;0;0;0;67;0;0;0;0;0;0;0;67
01;Stockholms län;88;Norrtälje;9500;Rosenlundskyrkan;16;22;40;0;0;28;28;33;47;42;0;0;50;59;72;74;129;0;0;640
01;Stockholms län;88;Norrtälje;9513;Kommunhuset Ankaret;71;56;40;0;0;47;60;62;50;56;0;0;111;97;134;149;146;142;322;1543
01;Stockholms län;88;Norrtälje;9523;Folkets Hus, Hallstavik;113;120;94;34;0;115;113;116;111;129;94;0;149;234;247;245;333;199;0;2446
01;Stockholms län;88;Norrtälje;9524;Rimbo Bibliotek;73;120;95;80;0;100;125;71;179;120;109;0;160;301;156;326;227;268;0;2510
01;Stockholms län;88;Norrtälje;9526;ICA Supermarket, Älmsta;47;51;61;45;33;92;116;97;94;90;92;78;116;160;147;175;263;213;0;1970
01;Stockholms län;88;Norrtälje;9527;Skärgårdsmacken i Furusund;17;18;21;6;9;13;14;20;26;23;17;31;24;33;28;48;56;48;27;479
01;Stockholms län;91;Sigtuna;13076;Kommunhuset;53;54;50;0;0;61;50;74;38;42;0;0;95;93;94;108;186;152;471;1621
01;Stockholms län;91;Sigtuna;13604;Märsta Station;53;46;37;0;0;65;84;54;74;59;0;0;128;174;148;200;317;0;0;1439
01;Stockholms län;91;Sigtuna;13609;Coop Extra;27;34;62;53;0;52;74;77;92;88;90;0;132;132;221;219;382;0;0;1735
01;Stockholms län;91;Sigtuna;13617;Ymer;0;0;0;0;0;0;0;17;0;0;0;0;0;0;0;0;0;0;0;17
01;Stockholms län;91;Sigtuna;14091;Valbuss;12;33;13;43;0;13;37;40;37;11;19;16;47;66;32;103;89;103;0;714
01;Stockholms län;91;Sigtuna;14988;Valsta Bibliotek;22;25;20;0;0;32;32;50;36;27;0;0;61;62;99;62;157;0;0;685
01;Stockholms län;91;Sigtuna;6064;Arhem;0;0;0;0;0;0;0;0;19;0;0;0;0;0;0;0;0;0;0;19
01;Stockholms län;91;Sigtuna;6065;Storboda Kriminalvårdsanstalt;0;0;0;0;0;0;36;0;0;0;0;0;0;0;0;0;0;0;0;36
01;Stockholms län;91;Sigtuna;6067;Hemskogens sjukhem;0;0;0;0;0;0;0;27;0;0;0;0;0;0;0;0;0;0;0;27
01;Stockholms län;91;Sigtuna;6068;Ärlinghem;0;0;0;0;0;0;0;0;23;0;0;0;0;0;0;0;0;0;0;23
01;Stockholms län;91;Sigtuna;8047;Märsta bibliotek;104;121;117;78;0;148;154;173;131;126;131;0;256;245;252;320;437;342;0;3135
01;Stockholms län;91;Sigtuna;8049;Sigtuna bibliotek;110;120;92;93;0;114;100;99;127;120;102;0;193;192;205;234;279;310;0;2490
01;Stockholms län;91;Sigtuna;9141;Rosersbergs bibliotek;37;15;17;0;0;33;25;32;11;17;0;0;59;23;113;32;61;0;0;475
01;Stockholms län;92;Nynäshamn;12953;Folkets Hus Nynäshamn;207;189;141;64;82;155;119;158;138;130;95;120;208;212;212;202;271;216;143;3062
01;Stockholms län;92;Nynäshamn;12954;Centrumhuset Ösmo Centrum;47;44;37;0;0;39;38;35;63;33;0;0;32;59;78;105;51;0;0;661
01;Stockholms län;92;Nynäshamn;13593;ICA Kvantum Nynäshamn;130;135;115;68;0;115;155;138;131;140;106;0;171;211;235;281;309;300;0;2740
01;Stockholms län;92;Nynäshamn;14100;Nynäshamns gymnasium;0;0;0;0;0;0;0;0;0;0;0;0;0;0;6;9;0;0;0;15
01;Stockholms län;92;Nynäshamn;14765;Sjötelegrafen Nynäshamn;0;0;0;0;0;0;0;0;0;0;84;129;92;114;104;141;177;217;0;1058
01;Stockholms län;92;Nynäshamn;7900;Sorunda församlingshem;0;0;0;0;0;0;0;0;0;0;0;0;84;68;82;70;48;0;0;352
03;Uppsala län;05;Håbo;10260;Kommunhuset;112;136;102;120;0;216;197;192;210;187;170;212;358;399;394;525;508;432;157;4627
03;Uppsala län;05;Håbo;10263;Slottsskolan;0;0;0;0;0;0;54;35;0;0;0;0;0;0;0;0;0;0;0;89
03;Uppsala län;05;Håbo;6074;Äldreboendet Pomona;0;0;0;0;0;0;0;0;0;0;0;37;0;0;0;0;0;0;0;37
03;Uppsala län;19;Älvkarleby;14450;Folkets hus Marma;0;0;0;0;0;0;0;29;0;0;0;0;0;0;63;0;0;0;91;183
03;Uppsala län;19;Älvkarleby;14451;F.d. Förskolan Ankaret;0;0;0;0;0;0;0;15;0;0;0;0;0;0;10;0;0;0;13;38
03;Uppsala län;19;Älvkarleby;14535;Kommunhuset;0;0;0;0;0;0;0;0;0;0;0;0;0;0;0;0;0;0;30;30
03;Uppsala län;19;Älvkarleby;6075;Fyrklövern;0;0;0;0;0;0;0;0;0;0;0;0;0;24;0;0;0;0;0;24
03;Uppsala län;19;Älvkarleby;9924;Biblioteket Skutskär;140;112;117;47;42;136;165;151;119;135;73;65;271;258;270;194;292;217;77;2881
03;Uppsala län;30;Knivsta;9826;Knivsta kommunhus;120;150;84;0;0;133;106;135;129;111;173;0;315;287;341;416;417;319;169;3405
03;Uppsala län;31;Heby;14728;Biblioteket, Morgongåva;22;0;13;0;0;0;0;30;0;16;0;0;0;0;54;0;23;0;0;158
03;Uppsala län;31;Heby;14730;Biblioteket, Tärnsjö;23;0;31;0;0;26;0;29;0;46;0;0;81;0;101;0;105;0;0;442
03;Uppsala län;31;Heby;14731;Biblioteket, Vittinge;0;19;0;0;0;16;0;0;31;0;0;0;16;0;0;70;0;0;66;218
03;Uppsala län;31;Heby;14732;Birgittagården, Harbo;0;0;0;0;0;0;28;0;0;0;0;0;0;91;0;0;0;0;0;119
03;Uppsala län;31;Heby;14733;Enåkers Bygdegård;0;20;0;0;0;0;0;0;48;0;0;0;0;0;0;0;0;0;132;200
03;Uppsala län;31;Heby;14734;Församlingshemmet, Huddunge;0;0;0;0;0;0;19;0;0;0;0;0;0;21;0;0;0;0;161;201
03;Uppsala län;31;Heby;14735;Medborgarkontoret, Östervåla;22;64;0;0;0;81;0;58;117;0;0;0;139;0;158;246;0;132;0;1017
03;Uppsala län;31;Heby;9798;Kommunkontoret, Heby;34;50;25;35;28;31;61;44;53;62;33;67;72;101;105;176;156;133;72;1338
03;Uppsala län;60;Tierp;12547;Mehede skola;0;0;0;0;0;0;0;0;0;0;0;0;0;0;0;0;0;0;201;201
03;Uppsala län;60;Tierp;8723;Kommunhuset, Tierps köping;102;124;105;0;0;140;155;144;186;171;0;0;224;256;341;362;399;179;164;3052
03;Uppsala län;60;Tierp;8724;Biblioteket, Karlholm;36;21;13;0;0;24;23;17;30;18;0;0;42;59;55;54;63;0;0;455
03;Uppsala län;60;Tierp;8725;Biblioteket, Skärplinge;20;24;21;0;0;22;39;35;26;24;0;0;51;91;72;106;104;0;0;635
03;Uppsala län;60;Tierp;8726;Hembygdsgården, Söderfors;23;37;21;0;0;27;32;41;30;28;0;0;51;48;47;42;69;0;0;496
03;Uppsala län;60;Tierp;8727;Biblioteket, Örbyhus;37;31;27;0;0;63;58;53;63;51;0;0;103;90;101;114;105;0;0;896
03;Uppsala län;80;Uppsala;10259;Vängebiblioteket;17;13;0;0;0;17;0;18;36;0;0;0;23;0;50;69;0;0;0;243
03;Uppsala län;80;Uppsala;10285;Akademiska sjukhuset, biblioteket;20;32;29;0;0;51;54;60;76;69;0;0;82;126;173;206;157;0;0;1135
03;Uppsala län;80;Uppsala;12662;Björkgården;0;15;0;0;0;0;0;0;48;0;0;0;0;0;0;83;0;0;0;146
03;Uppsala län;80;Uppsala;12663;Gränby Centrum;268;409;365;299;371;330;435;454;464;438;612;764;655;847;1056;1240;1487;1149;0;11643
03;Uppsala län;80;Uppsala;12742;Ekonomikum;116;111;105;68;0;133;131;105;144;133;162;0;227;362;433;577;828;723;0;4358
03;Uppsala län;80;Uppsala;12743;Stenhagens bibliotek;48;61;37;39;0;83;62;62;65;69;101;0;106;122;159;101;159;301;0;1575
03;Uppsala län;80;Uppsala;12748;Balders vårdboende;0;0;0;0;0;0;0;0;0;0;0;20;0;0;0;0;0;0;0;20
03;Uppsala län;80;Uppsala;12749;Stiftelsen Andreas Ands Minne;0;0;0;0;0;0;0;0;0;0;0;11;0;0;0;0;0;0;0;11
03;Uppsala län;80;Uppsala;13771;Fyrishov;138;134;83;72;146;135;143;158;144;123;148;323;244;274;330;423;476;598;351;4443
03;Uppsala län;80;Uppsala;13772;SLU Sveriges Lantbruksuniversitet;9;14;23;0;0;27;28;57;64;59;0;0;82;122;128;200;281;0;0;1094
03;Uppsala län;80;Uppsala;13773;Uppsala Konsert & Kongress;160;179;170;0;0;140;147;149;147;181;0;0;243;285;370;424;574;0;0;3169
03;Uppsala län;80;Uppsala;13908;Ebbagården/Kungsängsgården;0;0;0;0;0;0;0;0;0;0;0;9;0;0;0;0;0;0;0;9
03;Uppsala län;80;Uppsala;13909;Bernadotte vårdboende;0;0;0;0;0;0;0;0;0;0;0;25;0;0;0;0;0;0;0;25
03;Uppsala län;80;Uppsala;13910;Björklingegården;0;0;0;0;0;0;0;0;0;0;0;5;0;0;0;0;0;0;0;5
03;Uppsala län;80;Uppsala;13911;Eriksdalsgården;0;0;0;0;0;0;0;0;0;0;0;24;0;0;0;0;0;0;0;24
03;Uppsala län;80;Uppsala;13912;Ferlins vårdboende;0;0;0;0;0;0;0;0;0;0;0;17;0;0;0;0;0;0;0;17
03;Uppsala län;80;Uppsala;13917;Granbommen;0;0;0;0;0;0;0;0;0;0;0;14;0;0;0;0;0;0;0;14
03;Uppsala län;80;Uppsala;13918;Hasselparken;0;0;0;0;0;0;0;0;0;0;0;5;0;0;0;0;0;0;0;5
03;Uppsala län;80;Uppsala;13919;Höganäs vårdboende;0;0;0;0;0;0;0;0;0;0;0;16;0;0;0;0;0;0;0;16
03;Uppsala län;80;Uppsala;13920;Västergårdens vårdboende;0;0;0;0;0;0;0;0;0;0;0;25;0;0;0;0;0;0;0;25
03;Uppsala län;80;Uppsala;13921;Linné vårdboende;0;0;0;0;0;0;0;0;0;0;0;28;0;0;0;0;0;0;0;28
03;Uppsala län;80;Uppsala;13923;Skogsgården;0;0;0;0;0;0;0;0;0;0;0;8;0;0;0;0;0;0;0;8
03;Uppsala län;80;Uppsala;13924;Stenhagens vårdboende;0;0;0;0;0;0;0;0;0;0;0;8;0;0;0;0;0;0;0;8
03;Uppsala län;80;Uppsala;13925;Sävjahus;0;0;0;0;0;0;0;0;0;0;0;6;0;0;0;0;0;0;0;6
03;Uppsala län;80;Uppsala;13926;Tavastehus vårdboende;0;0;0;0;0;0;0;0;0;0;0;1;0;0;0;0;0;0;0;1
03;Uppsala län;80;Uppsala;13927;Tunåsen;0;0;0;0;0;0;0;0;0;0;0;18;0;0;0;0;0;0;0;18
03;Uppsala län;80;Uppsala;13928;Vigmund;0;0;0;0;0;0;0;0;0;0;0;5;0;0;0;0;0;0;0;5
03;Uppsala län;80;Uppsala;14480;Attendo Fortuna-Onnela;0;0;0;0;0;0;0;0;0;0;0;5;0;0;0;0;0;0;0;5
03;Uppsala län;80;Uppsala;14483;Ekebylund-Östfora behandlingshem;0;0;0;0;0;0;0;0;0;0;0;15;0;0;0;0;0;0;0;15
03;Uppsala län;80;Uppsala;14484;Karl Johansgården;0;0;0;0;0;0;0;0;0;0;0;14;0;0;0;0;0;0;0;14
03;Uppsala län;80;Uppsala;14485;Kronparksgården;26;8;0;0;0;14;9;53;17;0;0;0;30;21;99;37;0;0;0;314
03;Uppsala län;80;Uppsala;14486;Liljeforstorg;0;0;0;0;0;0;0;0;0;0;0;15;0;0;0;0;0;0;0;15
03;Uppsala län;80;Uppsala;14488;Lillsjögården;0;0;0;0;0;0;0;0;0;0;0;12;0;0;0;0;0;0;0;12
03;Uppsala län;80;Uppsala;14489;Länna IF;0;0;0;0;0;0;22;0;0;0;0;0;0;46;0;0;0;0;0;68
03;Uppsala län;80;Uppsala;14490;Polishuset Blanka;0;0;0;0;0;0;0;0;0;0;0;27;0;0;0;0;0;0;0;27
03;Uppsala län;80;Uppsala;14491;Sandelska huset;0;0;0;0;0;0;0;0;0;0;0;22;0;0;0;0;0;0;0;22
03;Uppsala län;80;Uppsala;14496;Topelius;0;0;0;0;0;0;0;0;0;0;0;15;0;0;0;0;0;0;0;15
03;Uppsala län;80;Uppsala;14509;Årstagården;0;0;0;0;0;0;0;0;0;0;0;8;0;0;0;0;0;0;0;8
03;Uppsala län;80;Uppsala;6076;Hagundagården;0;0;0;0;0;0;0;0;0;0;0;16;0;0;0;0;0;0;0;16
03;Uppsala län;80;Uppsala;6077;Myrbergska gården;0;0;0;0;0;0;0;0;0;0;0;12;0;0;0;0;0;0;0;12
03;Uppsala län;80;Uppsala;6079;Dalbyhemmet;0;0;0;0;0;0;0;0;0;0;0;5;0;0;0;0;0;0;0;5
03;Uppsala län;80;Uppsala;6082;Björngårdens Äldreboende;0;0;0;0;0;0;0;0;0;0;0;15;0;0;0;0;0;0;0;15
03;Uppsala län;80;Uppsala;6090;Glimmervägens vårdboende;0;0;0;0;0;0;0;0;0;0;0;12;0;0;0;0;0;0;0;12
03;Uppsala län;80;Uppsala;8681;Stadsbiblioteket;227;228;195;121;62;278;290;307;282;267;229;182;536;682;838;979;862;438;0;7003
03;Uppsala län;80;Uppsala;9293;Almungebiblioteket;0;0;0;0;0;78;0;0;0;0;0;0;182;0;0;0;0;0;0;260
03;Uppsala län;80;Uppsala;9294;Björklingebiblioteket;0;89;0;0;0;94;85;0;111;0;0;0;92;188;0;279;0;0;0;938
03;Uppsala län;80;Uppsala;9295;Brantingsbiblioteket;74;89;65;39;0;123;79;96;105;65;32;0;151;174;148;208;193;126;0;1767
03;Uppsala län;80;Uppsala;9296;Bälingebiblioteket;36;0;0;30;0;30;36;50;0;0;89;0;69;112;71;0;0;105;0;628
03;Uppsala län;80;Uppsala;9297;Eriksbergsbiblioteket;75;89;65;0;0;109;98;122;88;79;0;0;138;230;234;193;211;0;0;1731
03;Uppsala län;80;Uppsala;9299;Gottsundabiblioteket;185;185;146;111;0;208;216;109;218;195;190;0;366;396;440;520;523;479;0;4487
03;Uppsala län;80;Uppsala;9301;Gränbybiblioteket;21;15;0;0;0;17;22;33;23;0;0;0;31;24;63;29;0;0;0;278
03;Uppsala län;80;Uppsala;9303;Nyby Servicehus;30;0;35;0;0;38;0;85;0;56;0;0;53;0;80;0;83;0;0;460
03;Uppsala län;80;Uppsala;9304;Gåvsta skola;0;17;0;0;0;0;31;0;14;0;0;0;0;32;0;16;0;0;0;110
03;Uppsala län;80;Uppsala;9305;Storvretabiblioteket;30;58;0;32;0;37;63;56;84;0;60;0;88;152;109;208;0;161;0;1138
03;Uppsala län;80;Uppsala;9306;Sävjabiblioteket;46;74;0;0;0;61;77;60;97;0;0;0;94;156;105;257;0;0;0;1027
03;Uppsala län;80;Uppsala;9760;Godtemplargården;5;0;0;0;0;0;0;38;0;0;0;0;0;0;48;0;0;0;0;91
03;Uppsala län;80;Uppsala;9761;Järlåsabiblioteket;33;0;0;0;0;0;0;46;0;0;0;0;0;0;67;0;0;0;0;146
03;Uppsala län;80;Uppsala;9763;Vattholmabiblioteket;0;26;0;0;0;26;16;0;49;0;0;0;43;19;0;103;0;0;0;282
03;Uppsala län;80;Uppsala;9781;Stadshuset;99;105;83;102;146;119;117;115;113;132;194;275;319;345;404;464;780;1035;1243;6190
03;Uppsala län;81;Enköping;14042;Westerlundska Gymnasiet;0;0;0;0;0;0;0;0;0;0;0;0;0;18;17;16;0;0;0;51
03;Uppsala län;81;Enköping;14406;Resecentrum, lilla väntsalen;0;0;0;0;0;131;125;136;118;108;0;0;191;251;286;284;419;0;0;2049
03;Uppsala län;81;Enköping;14407;Hornö behandlingshem;0;0;0;0;0;0;0;0;0;0;0;0;32;0;0;0;0;0;0;32
03;Uppsala län;81;Enköping;14408;Lasarettet;0;0;0;0;0;0;0;0;0;0;0;0;0;19;0;0;0;0;0;19
03;Uppsala län;81;Enköping;14409;Lasarettet, närvården;0;0;0;0;0;0;0;0;0;0;0;0;0;0;19;0;0;0;0;19
03;Uppsala län;81;Enköping;14410;Regementet;0;0;0;0;0;0;0;0;0;0;0;0;0;0;47;123;0;0;0;170
03;Uppsala län;81;Enköping;9478;Filialbibliotek i Fjärdhundra;0;23;10;0;0;0;59;0;17;25;0;0;0;70;0;66;40;0;0;310
03;Uppsala län;81;Enköping;9479;Tallgårdens omvårdnadsboende;0;0;17;24;0;0;37;0;0;17;33;0;0;52;0;0;35;35;0;250
03;Uppsala län;81;Enköping;9481;Filialbibliotek i Örsundsbro;0;36;0;47;0;41;52;0;75;0;62;0;72;107;0;171;0;149;0;812
03;Uppsala län;81;Enköping;9741;Kommunhuset;175;262;211;159;175;293;318;291;241;221;208;321;420;482;580;615;722;644;326;6664
03;Uppsala län;82;Östhammar;13728;Granhälla Bygdegård;0;0;0;0;0;0;0;0;0;0;145;0;0;0;0;0;0;0;0;145
03;Uppsala län;82;Östhammar;14269;Biografen Öregrund;0;0;0;0;0;0;84;103;64;0;0;0;98;105;124;0;93;0;0;671
03;Uppsala län;82;Östhammar;14270;Bruksgymnasiet Gimo;0;0;0;0;0;0;25;0;39;0;0;0;15;0;39;0;47;0;0;165
03;Uppsala län;82;Östhammar;14271;Ekeby skolan;0;0;0;0;0;0;0;0;0;0;121;0;0;0;0;0;0;0;0;121
03;Uppsala län;82;Östhammar;14272;Lärkbacken;0;0;0;0;0;98;0;133;0;0;0;0;119;0;127;114;0;0;0;591
03;Uppsala län;82;Östhammar;7916;Biblioteket, Österbybruk;0;0;0;0;0;79;0;141;0;81;0;0;162;89;200;0;141;0;0;893
03;Uppsala län;82;Östhammar;7918;Kommunkontoret, Östhammar;84;80;0;0;0;116;119;149;0;0;153;0;180;193;229;242;179;178;127;2029
03;Uppsala län;82;Östhammar;9772;Biblioteket, Alunda;0;0;0;0;0;52;0;124;0;60;0;0;69;59;216;0;104;0;0;684
04;Södermanlands län;28;Vingåker;6092;Humlegården;0;0;0;0;0;0;0;0;0;0;0;25;0;0;0;0;0;0;0;25
04;Södermanlands län;28;Vingåker;8588;Vingåkers Bibliotek;109;101;67;51;0;152;104;121;100;125;65;0;169;232;272;245;216;158;0;2287
04;Södermanlands län;28;Vingåker;8589;Kommunhuset Vingåker;0;0;2;0;0;0;1;0;2;0;0;0;2;1;2;1;4;0;38;53
04;Södermanlands län;61;Gnesta;9486;Medborgarkontoret;89;116;134;59;0;128;131;125;170;127;99;0;233;233;259;350;359;272;96;2980
04;Södermanlands län;80;Nyköping;14255;Pål Jungahage Affärscentrum;0;0;0;0;0;290;304;253;310;272;229;0;486;494;514;572;641;442;0;4807
04;Södermanlands län;80;Nyköping;14256;Centrumlokalen Jönåker;0;0;0;0;0;31;22;29;53;17;0;0;37;37;47;58;74;0;0;405
04;Södermanlands län;80;Nyköping;8141;S:ta Katarina församlingshem;0;0;0;0;0;43;48;42;40;42;0;0;81;114;77;91;115;0;0;693
04;Södermanlands län;80;Nyköping;8142;Stigtomtagården;0;0;0;0;0;37;29;28;19;39;0;0;81;70;87;91;85;0;0;566
04;Södermanlands län;80;Nyköping;8155;Brukslokalen, Nävekvarn;0;0;0;0;0;31;32;34;33;42;0;0;55;61;60;63;50;0;0;461
04;Södermanlands län;80;Nyköping;8163;Vrena församlingshem;0;0;0;0;0;24;23;17;22;12;0;0;30;30;38;22;31;0;0;249
04;Södermanlands län;80;Nyköping;8164;S:t Botvidsgården;0;0;0;0;0;23;17;32;23;32;0;0;54;51;69;58;77;0;0;436
04;Södermanlands län;80;Nyköping;8165;Stadshuset, Nyköpings centrum;386;396;367;204;0;380;400;447;342;399;268;0;445;598;707;665;926;493;431;7854
04;Södermanlands län;81;Oxelösund;14102;Oxelösunds bibliotek;191;198;167;89;63;266;275;195;205;214;106;123;261;339;346;337;366;221;84;4046
04;Södermanlands län;81;Oxelösund;6111;Björntorp;0;0;0;0;0;0;0;0;0;0;0;0;0;0;33;0;0;0;0;33
04;Södermanlands län;81;Oxelösund;6112;Sjötångens äldreboende;0;0;0;0;0;0;0;0;0;0;0;0;0;0;15;0;0;0;0;15
04;Södermanlands län;82;Flen;9568;Flen Biblioteket;151;160;128;65;0;158;203;176;163;174;122;0;271;347;281;347;278;239;0;3263
04;Södermanlands län;82;Flen;9576;Folkets Hus, Hälleforsnäs;53;0;0;0;0;59;0;56;0;0;66;0;0;0;129;0;0;0;0;363
04;Södermanlands län;82;Flen;9586;Malmköping  Biblioteket;0;0;71;0;0;0;83;0;99;0;61;0;118;0;0;190;0;0;0;622
04;Södermanlands län;82;Flen;9597;Flen  Stadshuset;0;0;0;0;0;0;0;0;0;0;0;0;0;0;0;0;0;0;75;75
04;Södermanlands län;83;Katrineholm;11077;Strångsjö skola;0;0;0;0;0;0;0;0;0;0;0;0;0;0;62;58;49;0;0;169
04;Södermanlands län;83;Katrineholm;11078;Glindrans skola;0;0;0;0;0;0;0;0;0;0;0;0;0;0;35;21;28;0;0;84
04;Södermanlands län;83;Katrineholm;11079;Floda, sockenstuga;0;0;0;0;0;0;0;0;0;0;0;0;0;0;78;63;94;0;0;235
04;Södermanlands län;83;Katrineholm;11683;Duveholmsgymnasiet;0;0;0;0;0;0;0;0;0;0;0;0;0;0;19;53;56;0;0;128
04;Södermanlands län;83;Katrineholm;13438;Kullbergska sjukhuset;0;0;0;0;0;0;0;0;0;0;0;2;0;0;0;0;0;0;0;2
04;Södermanlands län;83;Katrineholm;6116;Karsuddens sjukhus;0;0;0;0;0;0;0;0;0;0;0;40;0;0;0;0;0;0;0;40
04;Södermanlands län;83;Katrineholm;6117;Igelkottens servicehus;0;0;0;0;0;0;0;0;0;0;0;46;0;0;0;0;0;0;0;46
04;Södermanlands län;83;Katrineholm;6118;Panterns servicehus;0;0;0;0;0;0;0;0;0;0;0;22;0;0;0;0;0;0;0;22
04;Södermanlands län;83;Katrineholm;6119;Furulidens ålderdomshem;0;0;0;0;0;0;0;0;0;0;0;19;0;0;0;0;0;0;0;19
04;Södermanlands län;83;Katrineholm;6121;Lövåsens sjukhem;0;0;0;0;0;0;0;0;0;0;0;23;0;0;0;0;0;0;0;23
04;Södermanlands län;83;Katrineholm;9284;Bibliotek/kulturhuset Ängeln;339;337;385;218;0;420;432;423;380;404;273;0;533;599;693;707;846;664;318;7971
04;Södermanlands län;83;Katrineholm;9298;Nyhemsskolan;0;0;0;0;0;23;29;19;18;27;0;0;19;24;53;34;60;0;0;306
04;Södermanlands län;83;Katrineholm;9300;Valla skola;0;0;0;0;0;0;0;0;0;0;0;0;83;52;71;70;92;0;0;368
04;Södermanlands län;83;Katrineholm;9308;Julita skola;0;0;0;0;0;0;0;0;0;0;0;0;31;25;27;35;20;0;0;138
04;Södermanlands län;83;Katrineholm;9310;Björkviks skola;0;0;0;0;0;0;0;0;0;0;0;0;49;61;38;45;33;0;0;226
04;Södermanlands län;83;Katrineholm;9318;Strandgårdens äldreboende;0;0;0;0;0;0;0;0;0;0;0;40;0;0;0;0;0;0;0;40
04;Södermanlands län;84;Eskilstuna;10815;Mälarsjukhuset;48;90;91;0;0;115;95;99;107;110;0;0;173;171;177;163;243;0;0;1682
04;Södermanlands län;84;Eskilstuna;11671;Hällbybrunns IF;10;65;22;0;0;51;47;29;108;27;0;0;59;81;71;262;55;0;0;887
04;Södermanlands län;84;Eskilstuna;11881;Rekarnegymnasiet;0;0;0;0;0;0;0;0;0;0;0;0;0;0;60;0;0;0;0;60
04;Södermanlands län;84;Eskilstuna;11882;Rinmangymnasiet;0;0;0;0;0;0;0;0;0;0;0;0;17;0;0;0;0;0;0;17
04;Södermanlands län;84;Eskilstuna;11883;St Eskils gymnasium;0;0;0;0;0;0;0;0;0;0;0;0;0;0;0;28;0;0;0;28
04;Södermanlands län;84;Eskilstuna;13626;Lagersbergs bibliotek;5;49;0;0;0;53;39;18;35;0;0;0;89;13;46;105;0;0;0;452
04;Södermanlands län;84;Eskilstuna;13629;Skogstorps IF;28;58;0;0;0;57;56;56;61;0;0;0;65;98;81;159;0;0;0;719
04;Södermanlands län;84;Eskilstuna;13634;Måsta Äng;16;20;45;0;0;38;37;33;37;50;0;0;47;62;76;49;46;0;0;556
04;Södermanlands län;84;Eskilstuna;13704;Torshälla finska förening;7;18;11;0;0;15;22;18;12;18;0;0;17;30;29;35;45;0;0;277
04;Södermanlands län;84;Eskilstuna;14353;Mötesplats Fröslunda Fröet;28;114;0;0;0;75;80;53;115;0;0;0;107;109;111;150;0;0;0;942
04;Södermanlands län;84;Eskilstuna;14354;Mötesplats Söder Skogsängen;8;55;0;0;0;64;46;47;46;0;0;0;58;51;72;77;0;0;0;524
04;Södermanlands län;84;Eskilstuna;6126;Hällbyanstalten;0;0;0;0;0;0;0;0;0;0;0;0;0;0;0;0;0;72;0;72
04;Södermanlands län;84;Eskilstuna;8273;Stadshuset;138;208;156;102;77;162;191;159;185;206;114;154;206;259;267;361;501;303;721;4470
04;Södermanlands län;84;Eskilstuna;8275;Stadsbiblioteket;109;168;183;135;0;205;191;222;227;237;176;0;307;418;485;480;631;445;0;4619
04;Södermanlands län;84;Eskilstuna;8276;Mötesplats Nyfors Underhund;41;60;0;0;0;63;65;52;68;0;0;0;83;109;101;148;0;0;0;790
04;Södermanlands län;84;Eskilstuna;8277;Mälardalens Högskola;11;15;15;0;0;19;27;30;25;34;0;0;34;56;93;85;125;0;0;569
04;Södermanlands län;84;Eskilstuna;8281;Torshälla medborgarkontor;68;83;90;0;0;101;154;131;111;106;143;101;177;221;193;223;243;130;0;2275
04;Södermanlands län;84;Eskilstuna;8283;Årby bibliotek;37;78;0;0;0;70;52;43;41;0;0;0;78;82;62;102;0;0;0;645
04;Södermanlands län;84;Eskilstuna;8284;Mötesplats Kjula Tallgläntan;15;0;21;0;0;0;27;35;0;22;0;0;0;32;65;0;35;0;0;252
04;Södermanlands län;84;Eskilstuna;8712;Oxen;21;23;30;0;0;25;21;31;30;38;0;0;56;68;42;46;77;0;0;508
04;Södermanlands län;84;Eskilstuna;8713;Mötesplats Skiftinge Palatzet;32;48;0;0;0;60;37;40;73;0;98;0;102;64;79;86;0;0;0;719
04;Södermanlands län;84;Eskilstuna;8715;ICA Bron Kvicksund;12;13;17;15;10;17;14;36;10;25;18;40;48;51;72;71;101;0;0;570
04;Södermanlands län;84;Eskilstuna;8716;Mötesplats Alberga;14;9;11;0;0;26;8;34;11;25;0;0;65;16;64;31;48;0;0;362
04;Södermanlands län;84;Eskilstuna;8717;Coop Nära Ärla;11;21;12;19;18;19;23;29;27;17;33;34;30;48;59;60;81;0;0;541
04;Södermanlands län;86;Strängnäs;13621;Campus Thomasgymnasiet;0;0;0;0;0;0;0;0;1;2;0;0;0;0;0;3;10;0;0;16
04;Södermanlands län;86;Strängnäs;13694;Europaskolan;0;0;0;0;0;0;0;0;1;1;0;0;0;0;0;8;7;0;0;17
04;Södermanlands län;86;Strängnäs;6132;Kristinagården;0;0;0;0;0;0;0;0;0;0;0;27;0;0;0;0;0;0;0;27
04;Södermanlands län;86;Strängnäs;6133;Isabellagården, sjukhem;0;0;0;0;0;0;0;0;0;0;0;36;0;0;0;0;0;0;0;36
04;Södermanlands län;86;Strängnäs;6134;Mariagården;0;0;0;0;0;0;0;0;0;0;0;20;0;0;0;0;0;0;0;20
04;Södermanlands län;86;Strängnäs;6135;Thomasgården;0;0;0;0;0;0;0;0;0;0;0;28;0;0;0;0;0;0;0;28
04;Södermanlands län;86;Strängnäs;6136;Sictoniagården;0;0;0;0;0;0;0;0;0;0;0;15;0;0;0;0;0;0;0;15
04;Södermanlands län;86;Strängnäs;6137;Riagården;0;0;0;0;0;0;0;0;0;0;0;19;0;0;0;0;0;0;0;19
04;Södermanlands län;86;Strängnäs;6138;Mariefredsanstalten;0;0;0;0;0;0;0;0;0;0;0;26;0;0;0;0;0;0;0;26
04;Södermanlands län;86;Strängnäs;6139;Solvändan, sjukhem;0;0;0;0;0;0;0;0;0;0;0;10;0;0;0;0;0;0;0;10
04;Södermanlands län;86;Strängnäs;6140;Hammargården/Nypongården;0;0;0;0;0;0;0;0;0;0;0;25;0;0;0;0;0;0;0;25
04;Södermanlands län;86;Strängnäs;8695;Medborgarkontoret Stallarholmen;10;20;32;12;0;44;46;31;31;25;46;0;72;129;95;100;118;57;0;868
04;Södermanlands län;86;Strängnäs;8696;Medborgarkontoret Mariefred;78;71;82;39;0;64;70;78;70;78;75;0;125;133;164;178;209;145;0;1659
04;Södermanlands län;86;Strängnäs;8697;Medborgarkontoret Åker;20;38;14;11;0;57;29;35;28;24;16;0;94;70;77;62;66;55;0;696
04;Södermanlands län;86;Strängnäs;8698;Kommunhuset;151;311;205;135;0;292;250;265;340;295;211;0;459;475;474;674;658;412;117;5724
04;Södermanlands län;88;Trosa;13999;Ängsgården;0;0;0;0;0;0;0;0;0;0;0;0;0;7;0;0;0;0;0;7
04;Södermanlands län;88;Trosa;14235;Kommunhuset;0;0;0;0;0;0;0;0;0;0;0;0;0;0;0;0;0;0;58;58
04;Södermanlands län;88;Trosa;6141;Trosagården;0;0;0;0;0;0;0;0;45;0;0;0;0;0;0;0;0;0;0;45
04;Södermanlands län;88;Trosa;6143;Häradsgården;0;0;0;0;0;0;18;0;0;0;0;0;0;0;0;0;0;0;0;18
04;Södermanlands län;88;Trosa;9688;Trosa stadsbibliotek;132;141;149;65;0;107;123;129;143;128;105;94;118;297;248;285;288;219;0;2771
04;Södermanlands län;88;Trosa;9689;Vagnhärads bibliotek;85;44;52;0;65;39;48;105;57;73;37;0;105;94;190;93;123;123;0;1333
05;Östergötlands län;09;Ödeshög;14352;Ödeshögs bibliotek;30;65;57;0;0;75;76;69;103;77;44;0;145;134;141;167;159;124;61;1527
05;Östergötlands län;09;Ödeshög;6144;Solgårdens äldrecentrum;0;0;0;0;0;0;0;0;0;0;0;22;0;0;0;0;0;0;0;22
05;Östergötlands län;12;Ydre;6146;Solängen Österbymo;0;0;0;0;0;0;0;0;0;0;0;18;0;0;0;0;0;0;0;18
05;Östergötlands län;12;Ydre;9427;Kommunkontoret i Österbymo;13;31;29;20;0;17;44;31;31;44;25;0;66;60;60;63;102;26;14;676
05;Östergötlands län;13;Kinda;12609;Biblioteket, Horn;10;23;0;0;0;0;45;17;34;0;0;0;0;83;28;58;0;27;0;325
05;Östergötlands län;13;Kinda;8633;Biblioteket, Rimforsa;27;0;46;0;0;42;0;87;0;98;0;0;84;0;162;0;183;82;0;811
05;Östergötlands län;13;Kinda;8634;Medborgarkontoret;56;48;77;19;0;72;69;94;89;104;36;0;151;148;167;210;244;157;0;1741
05;Östergötlands län;60;Boxholm;6152;Servicehuset Bjursdalen;0;0;0;0;0;0;0;0;0;0;0;50;0;0;0;0;0;0;0;50
05;Östergötlands län;60;Boxholm;9417;Biblioteket;29;72;45;16;15;61;88;60;92;74;30;29;157;136;110;185;146;89;35;1469
05;Östergötlands län;61;Åtvidaberg;6153;Östergården, Rosengården, Björkbacke;0;0;0;0;0;0;0;0;0;0;0;40;0;0;0;0;0;0;0;40
05;Östergötlands län;61;Åtvidaberg;6155;Koppargården;0;0;0;0;0;0;0;0;0;0;0;11;0;0;0;0;0;0;0;11
05;Östergötlands län;61;Åtvidaberg;9455;Nya kommunhuset;86;108;129;40;52;127;150;134;179;212;63;64;247;290;306;312;395;135;99;3128
05;Östergötlands län;62;Finspång;10098;Hällestadgården;0;0;0;0;0;0;0;0;0;0;0;0;66;34;116;22;87;51;0;376
05;Östergötlands län;62;Finspång;14036;Medley Arena Grosvad;79;103;70;0;0;230;147;185;145;156;90;98;281;315;324;360;453;165;0;3201
05;Östergötlands län;62;Finspång;9752;Berggården;0;0;0;0;0;0;0;0;0;0;0;0;68;32;79;32;71;16;0;298
05;Östergötlands län;62;Finspång;9753;Kommunhuset;59;61;53;0;0;103;88;78;110;82;0;0;120;105;125;130;152;0;93;1359
05;Östergötlands län;63;Valdemarsvik;10289;Långrådna Bygdegård;0;0;0;0;0;0;0;0;0;0;0;0;0;0;0;0;0;0;72;72
05;Östergötlands län;63;Valdemarsvik;10715;Kommunhuset Strömsvik;51;75;47;0;0;73;72;70;89;51;0;0;168;128;208;184;79;84;34;1413
05;Östergötlands län;63;Valdemarsvik;6164;Vammarhöjden Geria;0;0;0;0;0;0;0;0;0;0;0;22;0;0;0;0;0;0;0;22
05;Östergötlands län;63;Valdemarsvik;6165;Karbasen;0;0;0;0;0;0;0;0;0;0;0;24;0;0;0;0;0;0;0;24
05;Östergötlands län;63;Valdemarsvik;6166;Gusums äldreboende;0;0;0;0;0;0;0;0;0;0;0;4;0;0;0;0;0;0;0;4
05;Östergötlands län;63;Valdemarsvik;6167;Åldersro;0;0;0;0;0;0;0;0;0;0;0;8;0;0;0;0;0;0;0;8
05;Östergötlands län;63;Valdemarsvik;6168;Ringgården;0;0;0;0;0;0;0;0;0;0;0;7;0;0;0;0;0;0;0;7
05;Östergötlands län;63;Valdemarsvik;9930;Matöppet Ringarum;6;15;3;8;0;12;22;19;18;19;7;0;34;30;40;36;14;0;0;283
05;Östergötlands län;63;Valdemarsvik;9934;ICA Birgersson Gusums Elservice;16;35;16;12;0;30;33;27;37;44;25;30;51;67;50;55;23;0;0;551
05;Östergötlands län;80;Linköping;12794;Östergötlands museum;66;64;33;38;0;74;87;85;85;62;51;91;87;236;201;349;170;190;52;2021
05;Östergötlands län;80;Linköping;14019;Passagen;149;139;110;106;128;0;170;184;178;152;149;184;0;269;412;477;424;477;147;3855
05;Östergötlands län;80;Linköping;14085;Linköpings Universitet;0;0;0;0;0;0;0;0;0;0;0;0;120;300;562;0;0;0;0;982
05;Östergötlands län;80;Linköping;14086;Bokbussen;21;0;4;0;0;12;6;21;16;6;0;0;15;1;32;21;20;41;0;216
05;Östergötlands län;80;Linköping;14193;Åleryd;0;0;0;0;0;0;0;0;37;0;0;0;0;0;0;0;0;0;0;37
05;Östergötlands län;80;Linköping;14808;Aspen hemtjänst;0;0;0;0;0;0;0;0;0;0;0;15;0;0;0;0;0;0;0;15
05;Östergötlands län;80;Linköping;14809;Solrosens servicehus;0;0;0;0;0;0;0;0;0;0;0;36;0;0;0;0;0;0;0;36
05;Östergötlands län;80;Linköping;14810;Kärna vårdby;0;0;0;0;0;0;0;0;0;0;0;10;0;0;0;0;0;0;0;10
05;Östergötlands län;80;Linköping;15049;Kanalgården;0;0;0;0;0;0;0;0;0;0;0;9;0;0;0;0;0;0;0;9
05;Östergötlands län;80;Linköping;15053;Stiglötsgatans äldreboende;0;0;0;0;0;0;0;0;0;0;0;0;0;0;0;0;4;0;0;4
05;Östergötlands län;80;Linköping;6169;Hagalunds Sjukhem;0;0;0;0;0;0;0;0;0;0;0;12;0;0;0;0;0;0;0;12
05;Östergötlands län;80;Linköping;6172;Universitetssjukhuset;0;0;0;0;0;0;0;0;0;0;0;0;0;0;0;163;0;0;0;163
05;Östergötlands län;80;Linköping;8640;Stadsbiblioteket;239;239;238;167;0;378;376;345;310;379;370;459;744;845;914;1160;1382;1061;877;10483
05;Östergötlands län;80;Linköping;8641;Kyrkans hus;33;17;16;0;0;0;82;40;38;28;0;0;75;93;116;102;92;0;0;732
05;Östergötlands län;80;Linköping;8642;Johannelunds bibliotek;72;89;77;0;0;121;113;108;127;98;0;0;196;177;270;288;356;0;0;2092
05;Östergötlands län;80;Linköping;8643;Lambohovs bibliotek;58;53;62;65;0;97;74;83;79;96;88;0;132;179;219;266;330;258;0;2139
05;Östergötlands län;80;Linköping;8646;Linghems bibliotek;29;0;42;0;0;95;41;72;0;69;0;0;166;102;199;0;167;0;0;982
05;Östergötlands län;80;Linköping;8648;Ljungsbro bibliotek;78;72;56;0;0;129;97;91;105;151;0;0;191;216;218;230;318;0;0;1952
05;Östergötlands län;80;Linköping;8649;Malmslätts bibliotek;47;59;57;0;0;79;101;95;72;103;0;0;152;180;187;156;238;0;0;1526
05;Östergötlands län;80;Linköping;8650;Ryds bibliotek;43;0;78;0;129;69;0;80;0;91;0;0;157;0;208;0;456;0;0;1311
05;Östergötlands län;80;Linköping;8651;Skäggetorps bibliotek;124;138;146;67;0;120;127;118;104;116;58;0;183;212;188;203;314;226;0;2444
05;Östergötlands län;80;Linköping;8653;Sturefors bibliotek;8;0;21;0;0;64;0;35;0;24;0;0;94;0;68;0;79;0;0;393
05;Östergötlands län;80;Linköping;8655;Berga församlingsgård;104;122;102;0;0;115;126;113;112;118;0;0;205;187;219;241;286;0;0;2050
05;Östergötlands län;80;Linköping;8658;Ekholmens bibliotek;151;187;171;134;0;283;232;259;248;252;248;0;363;443;535;446;524;481;0;4957
05;Östergötlands län;81;Norrköping;13539;Coop Forum;72;64;88;74;53;89;88;102;125;106;111;120;136;152;189;217;272;310;0;2368
05;Östergötlands län;81;Norrköping;13540;Lindens Köpcentrum;162;139;140;108;108;160;173;176;202;182;228;230;241;391;477;531;714;637;0;4999
05;Östergötlands län;81;Norrköping;14335;Mirum Galleria nedre plan;145;140;163;131;98;154;165;188;138;217;135;212;228;298;390;367;485;486;0;4140
05;Östergötlands län;81;Norrköping;6178;Häktet Norrköping;0;0;0;0;0;0;0;0;0;0;0;0;0;18;0;0;0;0;0;18
05;Östergötlands län;81;Norrköping;6187;Kriminalvårdsanstalten Skenäs;0;0;0;0;0;0;0;0;0;0;0;0;0;20;0;0;0;0;0;20
05;Östergötlands län;81;Norrköping;9076;Rosen;40;49;39;0;0;37;92;80;50;60;0;0;102;108;145;147;212;0;177;1338
05;Östergötlands län;81;Norrköping;9080;Arbetets Museum, Strykjärnet;42;45;59;64;67;59;96;66;61;64;68;123;77;162;190;250;304;320;0;2117
05;Östergötlands län;81;Norrköping;9081;Stadsbiblioteket;269;314;243;107;0;288;292;286;274;268;199;0;422;489;556;635;694;531;773;6640
05;Östergötlands län;81;Norrköping;9082;Eneby bibliotek;76;72;70;0;0;128;136;87;74;76;0;0;177;197;213;145;194;0;0;1645
05;Östergötlands län;81;Norrköping;9083;Mirum Galleria övre plan;168;194;197;150;156;187;252;252;240;209;155;261;225;299;360;380;495;578;0;4758
05;Östergötlands län;81;Norrköping;9084;Ingelsta Shopping;136;219;171;192;169;231;373;239;333;346;315;427;404;592;545;625;888;961;0;7166
05;Östergötlands län;81;Norrköping;9085;Vilbergens bibliotek;134;162;89;0;0;180;161;200;174;124;0;0;230;188;361;357;251;0;0;2611
05;Östergötlands län;81;Norrköping;9087;Åbyknuten;55;57;88;0;0;81;75;73;62;81;0;0;92;109;132;160;220;0;0;1285
05;Östergötlands län;81;Norrköping;9088;Träffpunkt Valhalla;45;51;47;0;0;33;57;54;50;48;0;0;72;83;89;88;97;0;0;814
05;Östergötlands län;81;Norrköping;9089;Östra Husby bibliotek;20;37;20;0;0;27;43;31;62;31;0;0;50;81;86;134;134;0;0;756
05;Östergötlands län;81;Norrköping;9090;Ica Skärblacka;47;70;52;0;0;111;110;97;100;98;0;0;126;176;152;182;257;0;0;1578
05;Östergötlands län;81;Norrköping;9769;Anstalten Kolmården;0;0;0;0;0;0;0;0;0;0;0;0;43;0;0;0;0;0;0;43
05;Östergötlands län;82;Söderköping;11905;Infokontoret Stinsen;167;187;158;62;57;196;195;232;214;221;119;125;269;379;472;367;470;270;0;4160
05;Östergötlands län;82;Söderköping;12522;Kommunhuset;0;0;0;0;0;0;0;0;0;0;0;0;0;0;0;0;0;0;61;61
05;Östergötlands län;82;Söderköping;14023;Mogata bibliotek;0;0;0;0;0;0;0;27;0;0;0;0;0;0;32;0;0;0;0;59
05;Östergötlands län;82;Söderköping;14029;Östra Ryd bibliotek;0;0;0;0;0;0;18;0;0;0;0;0;0;38;0;0;0;0;0;56
05;Östergötlands län;82;Söderköping;14031;Nyströmska skolan;0;0;0;0;0;0;0;0;0;0;0;0;7;0;0;0;0;0;0;7
05;Östergötlands län;82;Söderköping;6196;Stenbrinken;0;0;0;0;0;0;0;0;0;0;0;12;0;0;0;0;0;0;0;12
05;Östergötlands län;82;Söderköping;6197;Aspgården;0;0;0;0;0;0;0;0;0;0;0;15;0;0;0;0;0;0;0;15
05;Östergötlands län;82;Söderköping;6198;Birkagården;0;0;0;0;0;0;0;0;0;0;4;0;0;0;0;0;0;0;0;4
05;Östergötlands län;82;Söderköping;6199;Blå Porten;0;0;0;0;0;0;0;0;0;0;16;0;0;0;0;0;0;0;0;16
05;Östergötlands län;82;Söderköping;6200;Tallgården och Gläntan;0;0;0;0;0;0;0;0;0;0;6;0;0;0;0;0;0;0;0;6
05;Östergötlands län;82;Söderköping;6201;Dalgården;0;0;0;0;0;0;0;0;0;0;7;0;0;0;0;0;0;0;0;7
05;Östergötlands län;83;Motala;10555;Maxi-huset Bråstorp;0;0;0;0;0;205;284;258;244;334;0;0;439;480;468;492;654;0;0;3858
05;Östergötlands län;83;Motala;8016;Motala Bibliotek;97;223;189;144;0;249;258;219;237;214;160;0;363;321;448;462;451;472;0;4507
05;Östergötlands län;83;Motala;8017;Borensbergs Bibliotek;0;0;0;0;0;83;119;47;123;66;0;0;89;233;104;228;154;0;0;1246
05;Östergötlands län;83;Motala;8018;Kommunhuset;0;0;0;0;119;58;83;58;51;62;0;334;81;95;93;100;152;0;177;1463
05;Östergötlands län;83;Motala;8020;Tjällmo Handel;3;6;12;3;2;10;7;26;15;21;5;3;14;39;34;16;90;0;0;306
05;Östergötlands län;84;Vadstena;13037;Kommunhuset;44;40;42;0;0;72;55;43;66;58;0;0;113;119;117;137;184;0;34;1124
05;Östergötlands län;84;Vadstena;13839;Biblioteket i Borghamn;0;0;0;0;0;0;0;0;39;0;0;0;0;0;0;32;0;0;0;71
05;Östergötlands län;84;Vadstena;6211;Rättspsykiatriska enheten;0;0;0;0;0;0;18;0;0;0;0;0;0;0;0;0;0;0;0;18
05;Östergötlands län;84;Vadstena;6213;Wasagården;0;0;0;0;0;0;0;25;0;0;0;0;0;0;0;0;0;0;0;25
05;Östergötlands län;84;Vadstena;8582;Biblioteket i Vadstena;0;0;0;0;0;0;0;212;0;0;144;116;0;0;345;0;0;245;0;1062
05;Östergötlands län;86;Mjölby;10373;Kolonigatans äldreboende;0;0;0;0;0;0;0;0;0;0;0;0;0;9;0;0;0;0;0;9
05;Östergötlands län;86;Mjölby;6214;Dackes äldreboende;0;0;0;0;0;0;0;0;0;0;0;0;0;13;0;0;0;0;0;13
05;Östergötlands län;86;Mjölby;6215;Slomarps äldreboende;0;0;0;0;0;0;0;0;0;0;0;0;0;19;0;0;0;0;0;19
05;Östergötlands län;86;Mjölby;6216;Kungshöga äldreboende;0;0;0;0;0;0;0;0;0;0;0;0;0;18;0;0;0;0;0;18
05;Östergötlands län;86;Mjölby;6217;Bokens äldreboende;0;0;0;0;0;0;0;0;0;0;0;0;0;29;0;0;0;0;0;29
05;Östergötlands län;86;Mjölby;6218;Vifolkagårdens servicehus;0;0;0;0;0;0;0;0;0;0;0;0;0;17;0;0;0;0;0;17
05;Östergötlands län;86;Mjölby;6219;Änggårdens äldreboende;0;0;0;0;0;0;0;0;0;0;0;0;0;12;0;0;0;0;0;12
05;Östergötlands län;86;Mjölby;6220;Kriminalvårdsanstalten;0;0;0;0;0;0;0;0;0;0;0;0;0;131;0;0;0;0;0;131
05;Östergötlands län;86;Mjölby;6221;Folkungagårdens äldreboende;0;0;0;0;0;0;0;0;0;0;0;0;0;7;0;0;0;0;0;7
05;Östergötlands län;86;Mjölby;9581;Skänninge Bilbliotek;23;54;37;0;0;80;42;40;71;19;0;0;97;62;70;150;89;0;0;834
05;Östergötlands län;86;Mjölby;9582;ICA Nära Marcus Väderstad;5;6;17;9;0;12;15;13;18;19;12;0;40;28;29;36;48;0;0;307
05;Östergötlands län;86;Mjölby;9587;Stadshuset i Mjölby;63;116;121;0;0;145;150;173;138;186;0;0;350;313;373;391;398;227;127;3271
05;Östergötlands län;86;Mjölby;9598;Gulf Mantorp;29;58;48;36;37;50;53;62;61;81;50;106;140;162;169;167;258;0;0;1567
06;Jönköpings län;04;Aneby;9724;Kommunhuset, Aneby;37;38;62;25;26;65;71;96;81;115;52;70;152;188;176;209;258;208;111;2040
06;Jönköpings län;17;Gnosjö;13422;Nissafors skola;0;0;0;0;0;0;0;0;0;0;0;0;0;0;0;0;0;0;188;188
06;Jönköpings län;17;Gnosjö;6222;Rosendals servicehus;0;0;0;0;0;0;0;0;0;0;0;25;0;0;0;0;0;0;0;25
06;Jönköpings län;17;Gnosjö;6223;Bäckgårdens vårdbostäder;0;0;0;0;0;0;0;0;0;0;0;5;0;0;0;0;0;0;0;5
06;Jönköpings län;17;Gnosjö;6224;Hamngårdens Vårdbostäder;0;0;0;0;0;0;0;0;0;0;0;3;0;0;0;0;0;0;0;3
06;Jönköpings län;17;Gnosjö;7913;Eivinds Allbutik;13;20;25;10;12;12;38;46;30;45;30;34;72;86;103;96;129;80;67;948
06;Jönköpings län;17;Gnosjö;8899;Gnosjö Bibliotek;33;34;35;27;0;54;78;84;52;76;40;0;128;161;169;215;231;110;0;1527
06;Jönköpings län;42;Mullsjö;10283;Infocenter/Biblioteket;39;33;43;0;0;37;34;36;40;51;0;0;90;91;94;89;77;0;0;754
06;Jönköpings län;42;Mullsjö;14089;Björkgården;0;0;0;0;0;0;0;0;0;0;0;0;0;18;0;0;0;0;0;18
06;Jönköpings län;42;Mullsjö;14155;Gunnarsbosalen;0;0;0;0;0;0;0;0;0;0;0;0;0;0;0;0;0;0;26;26
06;Jönköpings län;42;Mullsjö;6225;Servicehuset Margaretas Park;0;0;0;0;0;0;0;0;0;0;0;0;0;64;0;0;0;0;0;64
06;Jönköpings län;42;Mullsjö;9117;ICA Supermarket;0;0;0;0;0;0;0;0;126;79;56;0;0;0;0;288;222;120;0;891
06;Jönköpings län;42;Mullsjö;9118;Träffpunkten;23;0;0;0;0;0;0;47;0;0;0;0;0;0;72;0;0;0;0;142
06;Jönköpings län;43;Habo;13669;Brandstorps förskola;0;0;0;0;0;0;0;0;0;0;0;0;0;0;0;0;0;0;118;118
06;Jönköpings län;43;Habo;13670;Furusjö Allianskyrka;0;0;0;0;0;0;0;0;0;0;0;0;0;0;0;0;0;0;159;159
06;Jönköpings län;43;Habo;9630;Habo bibliotek;71;126;71;0;0;139;107;107;194;103;0;0;214;215;212;422;284;201;49;2515
06;Jönköpings län;62;Gislaved;12682;Gislaveds gymnasium;0;0;0;0;0;0;0;0;0;0;0;0;32;0;0;19;0;0;0;51
06;Jönköpings län;62;Gislaved;13395;Motorsportgymnasiet;0;0;0;0;0;0;0;0;0;0;0;0;0;9;0;0;0;0;0;9
06;Jönköpings län;62;Gislaved;13396;Stora Segerstad Naturbruksgymnasium;0;0;0;0;0;0;0;0;0;0;0;0;0;0;10;0;0;0;0;10
06;Jönköpings län;62;Gislaved;13397;Gislows dagcentral;0;0;0;0;0;0;0;28;0;0;0;0;0;0;0;0;0;0;0;28
06;Jönköpings län;62;Gislaved;13426;Anderstorps Bibliotek;21;35;46;18;0;44;65;50;70;76;35;0;144;149;170;189;183;49;0;1344
06;Jönköpings län;62;Gislaved;14434;Arenum;0;0;0;0;0;0;0;0;0;0;0;0;4;12;2;13;14;0;0;45
06;Jönköpings län;62;Gislaved;6228;Hestragården;0;0;0;0;0;21;0;0;0;0;0;0;0;0;0;0;0;0;0;21
06;Jönköpings län;62;Gislaved;6231;Vitsippan;0;0;0;0;0;28;0;0;0;0;0;0;0;0;0;0;0;0;0;28
06;Jönköpings län;62;Gislaved;6232;Östergården;0;0;0;0;0;0;8;0;0;0;0;0;0;0;0;0;0;0;0;8
06;Jönköpings län;62;Gislaved;6233;Klockaregården;0;0;0;0;0;0;34;0;0;0;0;0;0;0;0;0;0;0;0;34
06;Jönköpings län;62;Gislaved;6234;Solbacka;0;0;0;0;0;0;0;38;0;0;0;0;0;0;0;0;0;0;0;38
06;Jönköpings län;62;Gislaved;6235;Lugnet;0;0;0;0;0;0;0;0;24;0;0;0;0;0;0;0;0;0;0;24
06;Jönköpings län;62;Gislaved;6236;Ekbacken;0;0;0;0;0;0;0;0;25;0;0;0;0;0;0;0;0;0;0;25
06;Jönköpings län;62;Gislaved;6237;Hagagården;0;0;0;0;0;0;0;0;0;11;0;0;0;0;0;0;0;0;0;11
06;Jönköpings län;62;Gislaved;6238;Mariagården;0;0;0;0;0;0;0;0;0;15;0;0;0;0;0;0;0;0;0;15
06;Jönköpings län;62;Gislaved;9023;Turistbyrån Tummetotten;50;102;78;24;0;129;159;130;120;131;75;0;219;226;240;274;411;207;177;2752
06;Jönköpings län;62;Gislaved;9426;AB Hestra Radio & Sport (Preem);11;19;9;9;0;14;18;20;19;25;27;0;37;46;53;68;80;45;0;500
06;Jönköpings län;62;Gislaved;9430;Torghuset Smålandsstenar;36;50;70;16;0;64;86;75;99;112;22;0;165;162;195;213;253;73;0;1691
06;Jönköpings län;62;Gislaved;9431;Burseryds Lantmän;3;11;11;11;0;29;20;22;17;38;15;0;37;53;35;61;65;40;0;468
06;Jönköpings län;62;Gislaved;9432;Reftele Lantmannaförening;7;12;13;3;0;20;35;27;39;49;13;0;60;59;95;77;79;17;0;605
06;Jönköpings län;65;Vaggeryd;8563;Vaggeryds bibliotek, Fenix;34;62;54;0;0;78;75;78;56;86;0;0;161;209;203;142;194;106;0;1538
06;Jönköpings län;65;Vaggeryd;8564;Biblioteket, Skillingehus;34;35;65;0;0;59;48;99;115;116;0;0;97;89;206;186;225;68;63;1505
06;Jönköpings län;65;Vaggeryd;9433;Särskild röstmottagning i Bondstorp;0;0;0;0;0;0;0;0;0;0;0;0;0;0;0;0;0;0;0;0
06;Jönköpings län;65;Vaggeryd;9434;Särskild röstmottagning i Tofteryd;0;0;0;0;0;0;0;0;0;0;0;0;0;0;0;0;0;0;0;0
06;Jönköpings län;65;Vaggeryd;9435;Särskild röstmottagning i Åker;0;0;0;0;0;0;0;0;0;0;0;0;0;0;0;0;0;0;0;0
06;Jönköpings län;65;Vaggeryd;9438;Särskild röstmottagning i Hagshult;0;0;0;0;0;0;0;0;0;0;0;0;0;0;0;0;0;0;0;0
06;Jönköpings län;80;Jönköping;10343;Solstickegatans äldreboende;0;0;0;0;0;0;0;0;0;0;0;32;0;0;0;0;0;0;0;32
06;Jönköpings län;80;Jönköping;12722;Länssjukhuset Ryhov;11;33;20;0;0;40;50;48;41;60;0;0;81;100;115;108;179;0;0;886
06;Jönköpings län;80;Jönköping;13187;Tornets äldreboende;0;0;0;0;0;0;0;0;0;0;0;13;0;0;0;0;0;0;0;13
06;Jönköpings län;80;Jönköping;13188;Solgårdens äldreboende;0;0;0;0;0;0;0;0;0;0;0;21;0;0;0;0;0;0;0;21
06;Jönköpings län;80;Jönköping;13746;A6 köpcenter;79;128;150;112;139;136;145;186;163;211;194;339;295;411;422;476;641;745;0;4972
06;Jönköpings län;80;Jönköping;13761;Idas Skola;85;93;0;0;0;133;118;114;139;0;0;0;204;230;257;363;0;0;0;1736
06;Jönköpings län;80;Jönköping;14476;Högskolan;0;0;0;0;0;0;0;0;0;0;0;0;124;188;229;218;342;0;0;1101
06;Jönköpings län;80;Jönköping;14773;Bruksgatans äldreboende;0;0;0;0;0;0;0;0;0;0;0;22;0;0;0;0;0;0;0;22
06;Jönköpings län;80;Jönköping;14989;Rådhuset;0;0;0;0;0;0;0;0;0;0;0;0;0;0;0;0;0;0;325;325
06;Jönköpings län;80;Jönköping;6242;Annero äldreboende;0;0;0;0;0;0;0;0;0;0;0;15;0;0;0;0;0;0;0;15
06;Jönköpings län;80;Jönköping;6243;Bondbergets äldreboende;0;0;0;0;0;0;0;0;0;0;0;22;0;0;0;0;0;0;0;22
06;Jönköpings län;80;Jönköping;6244;Vilhelmsro äldreboende;0;0;0;0;0;0;0;0;0;0;0;31;0;0;0;0;0;0;0;31
06;Jönköpings län;80;Jönköping;6245;Stattutgatans äldreboende;0;0;0;0;0;0;0;0;0;0;0;39;0;0;0;0;0;0;0;39
06;Jönköpings län;80;Jönköping;6246;Dundrets äldreboende;0;0;0;0;0;0;0;0;0;0;0;26;0;0;0;0;0;0;0;26
06;Jönköpings län;80;Jönköping;6247;Ekåsens seniorboende;0;0;0;0;0;0;0;0;0;0;0;20;0;0;0;0;0;0;0;20
06;Jönköpings län;80;Jönköping;6248;Fridhälls äldreboende;0;0;0;0;0;0;0;0;0;0;0;25;0;0;0;0;0;0;0;25
06;Jönköpings län;80;Jönköping;6249;Gjutarens äldreboende;0;0;0;0;0;0;0;0;0;0;0;22;0;0;0;0;0;0;0;22
06;Jönköpings län;80;Jönköping;6250;Gränna äldreboende;0;0;0;0;0;0;0;0;0;0;0;19;0;0;0;0;0;0;0;19
06;Jönköpings län;80;Jönköping;6251;Hammargårdens äldreboende;0;0;0;0;0;0;0;0;0;0;0;14;0;0;0;0;0;0;0;14
06;Jönköpings län;80;Jönköping;6252;Havsörnens äldreboende;0;0;0;0;0;0;0;0;0;0;0;14;0;0;0;0;0;0;0;14
06;Jönköpings län;80;Jönköping;6254;Junegårdens äldreboende;0;0;0;0;0;0;0;0;0;0;0;24;0;0;0;0;0;0;0;24
06;Jönköpings län;80;Jönköping;6255;Kavlagårdens äldreboende;0;0;0;0;0;0;0;0;0;0;0;17;0;0;0;0;0;0;0;17
06;Jönköpings län;80;Jönköping;6256;Kristinedals äldreboende;0;0;0;0;0;0;0;0;0;0;0;30;0;0;0;0;0;0;0;30
06;Jönköpings län;80;Jönköping;6257;Kärrhökens äldreboende;0;0;0;0;0;0;0;0;0;0;0;20;0;0;0;0;0;0;0;20
06;Jönköpings län;80;Jönköping;6258;Kålgårdens servicehus;0;0;0;0;0;0;0;0;0;0;0;43;0;0;0;0;0;0;0;43
06;Jönköpings län;80;Jönköping;6259;Lindgården;0;0;0;0;0;0;0;0;0;0;0;53;0;0;0;0;0;0;0;53
06;Jönköpings län;80;Jönköping;6260;Lärlingens äldreboende;0;0;0;0;0;0;0;0;0;0;0;29;0;0;0;0;0;0;0;29
06;Jönköpings län;80;Jönköping;6261;Mogården;0;0;0;0;0;0;0;0;0;0;0;15;0;0;0;0;0;0;0;15
06;Jönköpings län;80;Jönköping;6262;Rosendala äldreboende;0;0;0;0;0;0;0;0;0;0;0;28;0;0;0;0;0;0;0;28
06;Jönköpings län;80;Jönköping;6263;Rosengårdens äldreboende;0;0;0;0;0;0;0;0;0;0;0;32;0;0;0;0;0;0;0;32
06;Jönköpings län;80;Jönköping;6264;Skärstadals äldreboende;0;0;0;0;0;0;0;0;0;0;0;12;0;0;0;0;0;0;0;12
06;Jönköpings län;80;Jönköping;6265;Smedjegården;0;0;0;0;0;0;0;0;0;0;0;15;0;0;0;0;0;0;0;15
06;Jönköpings län;80;Jönköping;6266;Torpa seniorboende;0;0;0;0;0;0;0;0;0;0;0;41;0;0;0;0;0;0;0;41
06;Jönköpings län;80;Jönköping;6267;Trädgårdens äldreboende;0;0;0;0;0;0;0;0;0;0;0;23;0;0;0;0;0;0;0;23
06;Jönköpings län;80;Jönköping;6269;Västerhälls äldreboende;0;0;0;0;0;0;0;0;0;0;0;13;0;0;0;0;0;0;0;13
06;Jönköpings län;80;Jönköping;6271;Österängens äldreboende;0;0;0;0;0;0;0;0;0;0;0;16;0;0;0;0;0;0;0;16
06;Jönköpings län;80;Jönköping;6272;Öxnebacka äldreboende;0;0;0;0;0;0;0;0;0;0;0;32;0;0;0;0;0;0;0;32
06;Jönköpings län;80;Jönköping;6273;Öxnehaga seniorboende;0;0;0;0;0;0;0;0;0;0;0;7;0;0;0;0;0;0;0;7
06;Jönköpings län;80;Jönköping;9142;Stadsbiblioteket;125;180;196;127;147;229;251;197;224;218;221;283;435;449;520;655;766;467;223;5913
06;Jönköpings län;80;Jönköping;9143;Juneporten;171;204;197;0;0;196;216;195;205;225;0;0;302;344;418;520;661;468;0;4322
06;Jönköpings län;80;Jönköping;9145;Biblioteket Huskvarna;151;222;170;151;0;256;260;274;253;266;212;0;516;515;523;641;551;453;0;5414
06;Jönköpings län;80;Jönköping;9147;Biblioteket Bankeryd;64;61;41;0;0;86;90;100;109;82;0;0;207;182;216;221;161;0;0;1620
06;Jönköpings län;80;Jönköping;9149;Bottnaryds skola;0;17;0;0;0;0;40;0;30;0;0;0;0;58;0;71;0;0;0;216
06;Jönköpings län;80;Jönköping;9151;Biblioteket Gränna;40;45;30;0;0;79;62;77;75;34;0;0;172;149;190;158;85;0;0;1196
06;Jönköpings län;80;Jönköping;9152;Landsjöskolans huvudentré;0;0;0;0;0;37;0;51;0;0;0;0;78;0;62;0;0;0;0;228
06;Jönköpings län;80;Jönköping;9156;Biblioteket Lekeryd;7;0;15;0;0;13;0;48;0;15;0;0;61;0;78;0;62;0;0;299
06;Jönköpings län;80;Jönköping;9163;Biblioteket Norrahammar;56;0;48;0;0;66;0;116;0;47;0;0;130;0;198;0;88;0;0;749
06;Jönköpings län;80;Jönköping;9164;Biblioteket Råslätt;77;82;64;56;0;106;97;75;91;50;88;0;151;176;178;209;159;252;0;1911
06;Jönköpings län;80;Jönköping;9165;Biblioteket Taberg;39;0;38;0;0;79;0;109;0;64;0;0;170;0;210;0;107;0;0;816
06;Jönköpings län;80;Jönköping;9166;Biblioteket Tenhult;18;32;14;0;0;43;30;59;38;23;0;0;119;87;144;93;65;0;0;765
06;Jönköpings län;80;Jönköping;9167;Biblioteket Visingsö;0;10;0;0;0;38;0;0;12;0;0;0;82;0;0;47;0;0;0;189
06;Jönköpings län;80;Jönköping;9168;Biblioteket Ödestugu;0;0;0;0;0;16;0;10;0;2;0;0;9;0;13;0;3;0;0;53
06;Jönköpings län;80;Jönköping;9169;Biblioteket Österängen;35;31;41;8;0;49;39;67;30;26;0;0;72;58;101;76;77;0;0;710
06;Jönköpings län;80;Jönköping;9381;Örserums skola;0;0;0;0;0;0;0;0;0;0;0;0;0;0;0;0;0;0;220;220
06;Jönköpings län;80;Jönköping;9382;Järsnäs gamla skola;0;0;0;0;0;0;0;0;0;0;0;0;0;0;0;0;0;0;178;178
06;Jönköpings län;80;Jönköping;9384;Svarttorps församlingsgård;0;0;0;0;0;0;0;0;0;0;0;0;0;0;0;0;0;0;243;243
06;Jönköpings län;80;Jönköping;9391;Ödestugu skola;0;0;0;0;0;0;0;0;0;0;0;0;0;0;0;0;0;0;166;166
06;Jönköpings län;80;Jönköping;9394;Öggestorps församlingsgård;0;0;0;0;0;0;0;0;0;0;0;0;0;0;0;0;0;0;128;128
06;Jönköpings län;80;Jönköping;9395;Järstorps församlingshem;0;0;0;0;0;0;0;0;0;0;0;0;0;0;0;0;0;0;120;120
06;Jönköpings län;80;Jönköping;9396;N Unnaryds församlingshem;0;0;0;0;0;0;0;0;0;0;0;0;0;0;0;0;0;0;158;158
06;Jönköpings län;80;Jönköping;9407;Biblioteket Öxnehaga;29;37;32;0;0;50;52;49;57;21;0;0;125;72;82;73;74;0;0;753
06;Jönköpings län;82;Nässjö;10819;Stadshuset, Nässjö;0;0;0;0;0;0;0;0;0;0;0;0;0;0;0;0;0;0;197;197
06;Jönköpings län;82;Nässjö;10922;Parkgården;0;0;0;0;0;0;0;0;0;0;0;21;0;0;0;0;0;0;0;21
06;Jönköpings län;82;Nässjö;12789;Brinellgymnasiet;0;0;0;0;0;0;0;0;0;0;0;0;0;0;0;32;25;0;0;57
06;Jönköpings län;82;Nässjö;13514;Sandsjöfors skola;0;0;0;0;0;0;0;0;0;0;0;0;0;0;0;0;0;0;90;90
06;Jönköpings län;82;Nässjö;13515;Ängs skola;0;0;0;0;0;0;0;0;0;0;0;0;0;0;0;0;0;0;196;196
06;Jönköpings län;82;Nässjö;6280;Björkliden;0;0;0;0;0;0;0;0;0;0;0;20;0;0;0;0;0;0;0;20
06;Jönköpings län;82;Nässjö;6281;Ekbackagården;0;0;0;0;0;0;0;0;0;0;0;11;0;0;0;0;0;0;0;11
06;Jönköpings län;82;Nässjö;6282;Skogsborg;0;0;0;0;0;0;0;0;0;0;0;18;0;0;0;0;0;0;0;18
06;Jönköpings län;82;Nässjö;6283;Malmåkra;0;0;0;0;0;0;0;0;0;0;0;19;0;0;0;0;0;0;0;19
06;Jönköpings län;82;Nässjö;6284;Forsbacka;0;0;0;0;0;0;0;0;0;0;0;15;0;0;0;0;0;0;0;15
06;Jönköpings län;82;Nässjö;8705;Medborgarkontoret Nässjö;183;231;162;0;0;324;289;226;387;253;0;0;539;518;460;540;651;483;0;5246
06;Jönköpings län;82;Nässjö;8706;Medborgarkontoret Anneberg;15;26;10;0;0;15;21;20;27;17;0;0;49;32;41;42;44;52;0;411
06;Jönköpings län;82;Nässjö;8707;Medborgarkontoret Bodafors;21;17;35;0;0;27;50;45;38;46;0;0;79;99;106;98;112;77;0;850
06;Jönköpings län;82;Nässjö;8708;Medborgarkontoret Forserum;26;19;15;0;0;45;42;43;37;28;0;0;63;90;65;85;77;77;0;712
06;Jönköpings län;82;Nässjö;8709;Medborgarkontoret Malmbäck;6;10;13;0;0;22;12;20;14;19;0;0;29;44;33;47;41;25;0;335
06;Jönköpings län;82;Nässjö;9206;34:an, Ormaryd;0;0;0;0;0;0;0;0;0;0;0;0;0;0;0;0;0;0;130;130
06;Jönköpings län;82;Nässjö;9207;Stubben, Solberga;0;0;0;0;0;0;0;0;0;0;0;0;0;0;0;0;0;0;120;120
06;Jönköpings län;82;Nässjö;9208;Bringetofta församlingshem;0;0;0;0;0;0;0;0;0;0;0;0;0;0;0;0;0;0;88;88
06;Jönköpings län;82;Nässjö;9209;Regnbågens förskola;0;0;0;0;0;0;0;0;0;0;0;0;0;0;0;0;0;0;122;122
06;Jönköpings län;82;Nässjö;9210;Almesåkra församlingshem;0;0;0;0;0;0;0;0;0;0;0;0;0;0;0;0;0;0;25;25
06;Jönköpings län;82;Nässjö;9211;Mumindalens förskola;0;0;0;0;0;0;0;0;0;0;0;0;0;0;0;0;0;0;111;111
06;Jönköpings län;83;Värnamo;13311;Rörstorpsgården;0;0;0;0;0;0;0;0;0;0;0;26;0;0;0;0;0;0;0;26
06;Jönköpings län;83;Värnamo;14122;Värnamo kommuns Bokbuss;0;0;0;0;0;11;11;15;7;0;0;0;13;15;15;9;0;0;0;96
06;Jönköpings län;83;Värnamo;14711;Swedbank i Bredaryd;0;0;0;0;0;0;0;0;0;0;0;0;68;95;0;212;0;0;0;375
06;Jönköpings län;83;Värnamo;6285;Västrabo;0;0;0;0;0;0;0;0;0;0;0;10;0;0;0;0;0;0;0;10
06;Jönköpings län;83;Värnamo;6287;Värnamo Sjukhus;0;0;0;0;0;0;0;0;0;0;0;18;0;0;0;0;0;0;0;18
06;Jönköpings län;83;Värnamo;6296;Östrabo;0;0;0;0;0;0;0;0;0;0;0;10;0;0;0;0;0;0;0;10
06;Jönköpings län;83;Värnamo;6297;Linneberg;0;0;0;0;0;0;0;0;0;0;0;24;0;0;0;0;0;0;0;24
06;Jönköpings län;83;Värnamo;7962;Värnamo stadsbibliotek;134;185;222;99;0;250;217;252;275;268;187;0;478;555;545;665;750;431;172;5685
06;Jönköpings län;83;Värnamo;9808;Biblioteket i Rydaholm;0;0;0;0;0;46;0;74;18;0;0;0;86;0;113;57;0;0;0;394
06;Jönköpings län;84;Sävsjö;12824;Kulturhuset;0;0;0;0;0;0;0;0;0;0;0;0;0;0;0;0;0;0;8;8
06;Jönköpings län;84;Sävsjö;13546;Rörviks skola;2;10;10;0;0;5;6;11;8;6;0;0;20;12;24;22;31;0;0;167
06;Jönköpings län;84;Sävsjö;14366;Mötesplats Sävsjö (Turistbyrån);13;35;78;24;0;62;83;73;45;90;59;0;202;204;157;190;270;143;0;1728
06;Jönköpings län;84;Sävsjö;8264;Vrigstad Wärdshus;4;20;9;0;0;16;11;13;14;21;0;0;25;31;34;70;56;0;0;324
06;Jönköpings län;84;Sävsjö;8265;Södergården;0;1;8;0;0;15;13;13;10;11;0;0;30;22;34;43;30;0;0;230
06;Jönköpings län;85;Vetlanda;10319;ICA Nära Korsberga;1;8;15;1;0;13;15;5;11;16;7;0;38;37;28;47;33;29;0;304
06;Jönköpings län;85;Vetlanda;10320;ICA Nära Brobyhallen;12;9;0;6;12;12;10;20;15;20;15;18;46;41;39;71;57;57;48;508
06;Jönköpings län;85;Vetlanda;10380;Vetlanda stadshus;102;139;155;91;0;172;228;219;209;279;145;105;354;447;514;573;656;261;166;4815
06;Jönköpings län;85;Vetlanda;13071;Nävelsjö röstmottagningsställe;0;0;0;0;0;0;0;0;0;0;0;0;0;0;0;0;0;0;0;0
06;Jönköpings län;85;Vetlanda;13073;Fröderyds röstmottagningsställe;0;0;0;0;0;0;0;0;0;0;0;0;0;0;0;0;0;0;0;0
06;Jönköpings län;85;Vetlanda;13074;Karlstorps röstmottagningsställe;0;0;0;0;0;0;0;0;0;0;0;0;0;0;0;0;0;0;1;1
06;Jönköpings län;85;Vetlanda;13622;Ramkvilla röstmottagningsställe;0;0;0;0;0;0;0;0;0;0;0;0;0;0;0;0;0;0;0;0
06;Jönköpings län;85;Vetlanda;13747;Näshult röstmottagningsställe;0;0;0;0;0;0;0;0;0;0;0;0;0;0;0;0;0;0;2;2
06;Jönköpings län;85;Vetlanda;13755;Konsum Ekenässjön;13;8;9;3;11;19;22;9;22;23;20;14;34;40;52;36;47;43;33;458
06;Jönköpings län;85;Vetlanda;13848;Ädelfors folkhögskola;3;8;6;3;2;2;1;7;10;9;15;9;10;21;24;26;44;0;0;200
06;Jönköpings län;85;Vetlanda;13849;Njudungsgymnasiet;0;0;0;0;0;0;0;0;0;0;0;0;0;0;0;0;26;0;0;26
06;Jönköpings län;85;Vetlanda;14342;Myresjö röstmottagningsställe;0;0;0;0;0;0;0;0;0;0;0;0;0;0;0;0;0;0;0;0
06;Jönköpings län;85;Vetlanda;14343;Skede röstmottagningsställe;0;0;0;0;0;0;0;0;0;0;0;0;0;0;0;0;0;0;1;1
06;Jönköpings län;85;Vetlanda;14887;Bokbussen;0;0;3;0;0;0;0;0;0;6;0;0;0;0;0;0;5;0;0;14
06;Jönköpings län;85;Vetlanda;6309;Norrgårdens äldreboende;0;0;0;0;0;0;0;0;0;0;0;1;0;0;0;0;0;0;0;1
06;Jönköpings län;85;Vetlanda;6310;Kvarngården;0;0;0;0;0;0;0;0;0;0;0;6;0;0;0;0;0;0;0;6
06;Jönköpings län;85;Vetlanda;6312;Ekebogårdens äldreboende;0;0;0;0;0;0;0;0;0;0;0;11;0;0;0;0;0;0;0;11
06;Jönköpings län;85;Vetlanda;6313;Brobygårdens äldreboende;0;0;0;0;0;0;0;0;0;0;0;6;0;0;0;0;0;0;0;6
06;Jönköpings län;85;Vetlanda;6314;Bäckagården;0;0;0;0;0;0;0;0;0;0;0;10;0;0;0;0;0;0;0;10
06;Jönköpings län;85;Vetlanda;6315;Österängs äldreboende;0;0;0;0;0;0;0;0;0;0;0;8;0;0;0;0;0;0;0;8
06;Jönköpings län;85;Vetlanda;6316;Österlidens äldreboende;0;0;0;0;0;0;0;0;0;0;0;19;0;0;0;0;0;0;0;19
06;Jönköpings län;85;Vetlanda;6317;Vilans äldreboende;0;0;0;0;0;0;0;0;0;0;0;21;0;0;0;0;0;0;0;21
06;Jönköpings län;85;Vetlanda;6318;Mogärde äldreboende;0;0;0;0;0;0;0;0;0;0;0;17;0;0;0;0;0;0;0;17
06;Jönköpings län;85;Vetlanda;8380;Tomasgårdens Äldreboende;0;0;0;0;0;0;0;0;0;0;0;17;0;0;0;0;0;0;0;17
06;Jönköpings län;85;Vetlanda;8381;Bäckaby röstmottagningsställe;0;0;0;0;0;0;0;0;0;0;0;0;0;0;0;0;0;0;0;0
06;Jönköpings län;86;Eksjö;14069;Marieberg;0;0;0;0;0;0;0;0;0;0;0;31;0;0;0;0;0;0;0;31
06;Jönköpings län;86;Eksjö;14070;Mogården;0;0;0;0;0;0;0;0;0;0;0;26;0;0;0;0;0;0;0;26
06;Jönköpings län;86;Eksjö;14979;Hjältevad Brandstation;0;0;15;0;0;14;0;0;0;19;0;0;31;0;11;0;32;0;0;122
06;Jönköpings län;86;Eksjö;6319;Almgården;0;0;0;0;0;0;0;0;0;0;0;32;0;0;0;0;0;0;0;32
06;Jönköpings län;86;Eksjö;6324;Höglandssjukhuset;0;0;0;0;0;0;0;0;0;0;0;30;0;0;0;0;0;0;0;30
06;Jönköpings län;86;Eksjö;9642;Eksjö Stadshus;72;0;122;0;0;191;167;171;146;198;0;0;287;277;300;483;366;207;0;2987
06;Jönköpings län;86;Eksjö;9643;Emilkraften;0;0;23;0;0;28;0;40;0;69;0;0;0;129;47;92;77;43;0;548
06;Jönköpings län;86;Eksjö;9644;Ingatorp, Solgården;0;0;1;0;0;5;0;0;0;22;0;0;16;0;33;0;23;0;0;100
06;Jönköpings län;86;Eksjö;9646;Bruzaholms Folkets Hus;0;0;22;0;0;9;0;0;0;16;0;0;22;0;14;0;39;0;0;122
06;Jönköpings län;87;Tranås;12978;Stadshuset;64;151;74;0;0;67;84;62;62;65;60;87;131;154;170;141;180;153;98;1803
06;Jönköpings län;87;Tranås;14714;Tranås Direkt;61;131;169;103;0;168;218;224;148;218;118;56;273;334;335;375;497;216;0;3644
07;Kronobergs län;60;Uppvidinge;10167;Kommunhuset, Åseda;20;12;14;0;0;18;21;29;25;26;0;0;45;59;64;48;95;44;10;530
07;Kronobergs län;60;Uppvidinge;10168;Biblioteket, Norrhult;0;25;0;0;0;38;0;0;39;0;0;0;94;0;0;71;0;0;0;267
07;Kronobergs län;60;Uppvidinge;10174;Fröseke Folkets Hus och park;0;0;0;0;0;0;0;0;0;0;0;0;0;0;0;0;0;0;111;111
07;Kronobergs län;60;Uppvidinge;10300;Biblioteket, Lenhovda;25;20;0;0;0;40;0;109;43;0;0;0;90;0;179;47;0;0;0;553
07;Kronobergs län;60;Uppvidinge;10301;Biblioteket, Alstermo;13;0;0;0;0;32;0;25;0;0;0;0;45;0;0;0;0;0;0;115
07;Kronobergs län;60;Uppvidinge;12968;Degeln, Älghult;0;0;0;0;0;0;0;0;0;0;0;0;0;0;0;0;0;0;252;252
07;Kronobergs län;60;Uppvidinge;12971;Biblioteket, Åseda;4;13;0;0;0;7;11;13;38;0;0;0;17;32;30;70;0;0;0;235
07;Kronobergs län;60;Uppvidinge;14059;Biblioteket Älghult;0;0;0;0;0;0;23;0;0;0;0;0;0;50;111;0;0;0;0;184
07;Kronobergs län;60;Uppvidinge;14487;Smedsgård;0;0;0;0;0;0;0;0;0;0;0;12;0;0;0;0;0;0;0;12
07;Kronobergs län;60;Uppvidinge;14965;Gymnasiebiblioteket;0;0;0;0;0;1;0;0;1;0;0;0;2;0;0;3;0;0;0;7
07;Kronobergs län;60;Uppvidinge;6328;Lingården;0;0;0;0;0;0;0;0;0;0;0;9;0;0;0;0;0;0;0;9
07;Kronobergs län;60;Uppvidinge;6330;Olofsgården;0;0;0;0;0;0;0;0;0;0;0;16;0;0;0;0;0;0;0;16
07;Kronobergs län;60;Uppvidinge;6331;Solgården;0;0;0;0;0;0;0;0;0;0;0;23;0;0;0;0;0;0;0;23
07;Kronobergs län;60;Uppvidinge;6332;Storgården;0;0;0;0;0;0;0;0;0;0;0;19;0;0;0;0;0;0;0;19
07;Kronobergs län;61;Lessebo;12325;Lessebo Bibliotek;34;50;43;29;0;66;49;68;47;66;35;0;101;129;78;69;117;61;0;1042
07;Kronobergs län;61;Lessebo;6333;Berghälla Servicehus;0;0;0;0;0;0;0;0;0;0;0;22;0;0;0;0;0;0;0;22
07;Kronobergs län;61;Lessebo;6334;Sjöglimten;0;0;0;0;0;0;0;0;0;0;0;20;0;0;0;0;0;0;0;20
07;Kronobergs län;61;Lessebo;6335;Kosta Servichus;0;0;0;0;0;0;0;0;0;0;0;24;0;0;0;0;0;0;0;24
07;Kronobergs län;61;Lessebo;6336;Furugårdens Servicehus;0;0;0;0;0;0;0;0;0;0;0;15;0;0;0;0;0;0;0;15
07;Kronobergs län;61;Lessebo;8677;Kommunhuset Lessebo;0;0;0;0;0;0;0;0;0;0;0;0;0;0;0;0;0;0;21;21
07;Kronobergs län;61;Lessebo;9429;Hovmantorps Bibliotek;32;38;26;0;0;62;48;25;39;48;0;0;104;90;42;80;96;0;0;730
07;Kronobergs län;61;Lessebo;9436;Kosta Bibliotek;0;17;0;0;0;0;49;0;25;0;0;0;0;44;0;28;0;0;0;163
07;Kronobergs län;61;Lessebo;9437;Skruvs Bibliotek;9;0;0;0;0;19;0;22;0;0;0;0;30;0;18;0;0;0;0;98
07;Kronobergs län;63;Tingsryd;10085;ICA Nära Ryd;11;11;17;12;0;27;34;20;24;29;15;34;39;51;57;76;88;29;0;574
07;Kronobergs län;63;Tingsryd;10086;Lindgrens Bygg & Järn;9;19;0;14;0;19;20;22;20;44;4;0;45;55;44;56;51;32;0;454
07;Kronobergs län;63;Tingsryd;10087;ICA Nära Väckelsång;8;10;6;2;3;14;13;16;15;18;6;10;17;24;24;43;38;29;0;296
07;Kronobergs län;63;Tingsryd;10088;Matöppet Linneryd;10;11;16;7;3;6;15;14;14;15;9;3;25;31;28;39;35;13;0;294
07;Kronobergs län;63;Tingsryd;10089;Matöppet Rävemåla;0;6;5;0;1;6;7;6;12;6;9;2;26;18;21;32;33;19;0;209
07;Kronobergs län;63;Tingsryd;10090;Bil- & Husvagnsservice i Konga AB;0;5;7;0;0;7;18;4;1;10;7;6;23;20;29;14;25;17;0;193
07;Kronobergs län;63;Tingsryd;10099;Kommunhuset;17;32;38;0;0;83;58;58;58;62;0;0;154;102;105;104;179;110;21;1181
07;Kronobergs län;63;Tingsryd;13149;Linnerydskolan;0;0;0;0;0;0;0;0;0;0;0;0;0;0;0;0;0;0;0;0
07;Kronobergs län;63;Tingsryd;14168;Tingsryds kommuns mobila vallokal;0;0;0;0;2;0;0;0;0;0;0;0;0;14;0;0;0;0;0;16
07;Kronobergs län;63;Tingsryd;6338;Ekeliden;0;0;0;0;0;0;0;0;0;0;0;6;0;0;0;0;0;0;0;6
07;Kronobergs län;63;Tingsryd;6339;Lindegården;0;0;0;0;0;0;0;0;0;0;0;6;0;0;0;0;0;0;0;6
07;Kronobergs län;63;Tingsryd;6340;Äppelgården;0;0;0;0;0;0;0;0;0;0;0;12;0;0;0;0;0;0;0;12
07;Kronobergs län;63;Tingsryd;6341;Solängen;0;0;0;0;0;0;0;0;0;0;0;8;0;0;0;0;0;0;0;8
07;Kronobergs län;63;Tingsryd;6342;Ekbacka Sjukhem;0;0;0;0;0;0;0;0;0;0;0;21;0;0;0;0;0;0;0;21
07;Kronobergs län;63;Tingsryd;6343;Älmegården;0;0;0;0;0;0;0;0;0;0;0;2;0;0;0;0;0;0;0;2
07;Kronobergs län;63;Tingsryd;6344;Solhaga;0;0;0;0;0;0;0;0;0;0;0;18;0;0;0;0;0;0;0;18
07;Kronobergs län;63;Tingsryd;6345;Tingsgården;0;0;0;0;0;0;0;0;0;0;0;25;0;0;0;0;0;0;0;25
07;Kronobergs län;64;Alvesta;8151;Moheda bibliotek;0;45;26;0;0;68;56;0;83;31;0;0;106;85;0;215;80;0;0;795
07;Kronobergs län;64;Alvesta;8152;Vislanda bibliotek;27;34;19;0;0;56;17;47;62;28;0;0;123;39;100;155;69;0;0;776
07;Kronobergs län;64;Alvesta;8153;Alvesta bibliotek;70;84;21;60;0;129;127;123;134;59;71;0;254;244;248;340;234;191;57;2446
07;Kronobergs län;65;Älmhult;12548;Solhem;0;0;0;0;0;0;0;0;0;0;0;0;0;0;9;0;0;0;0;9
07;Kronobergs län;65;Älmhult;6351;Almgården;0;0;0;0;0;0;0;0;0;0;0;0;0;0;39;0;0;0;0;39
07;Kronobergs län;65;Älmhult;6352;Solgården;0;0;0;0;0;0;0;0;0;0;0;0;0;0;43;0;0;0;0;43
07;Kronobergs län;65;Älmhult;6353;Ekebo;0;0;0;0;0;0;0;0;0;0;0;0;0;0;15;0;0;0;0;15
07;Kronobergs län;65;Älmhult;6354;Nicklagården;0;0;0;0;0;0;0;0;0;0;0;0;0;0;35;0;0;0;0;35
07;Kronobergs län;65;Älmhult;6355;Per Hörbergsgården;0;0;0;0;0;0;0;0;0;0;0;0;0;0;3;0;0;0;0;3
07;Kronobergs län;65;Älmhult;9509;Kommunhuset;80;85;87;0;0;129;108;90;128;108;0;0;116;129;150;191;322;0;91;1814
07;Kronobergs län;65;Älmhult;9512;Älmhults bibliotek;46;65;34;0;0;106;74;90;82;65;91;0;126;164;188;212;143;205;0;1691
07;Kronobergs län;65;Älmhult;9514;Diö filialbibliotek;0;0;0;0;0;0;0;0;0;0;0;0;77;0;0;0;0;0;0;77
07;Kronobergs län;65;Älmhult;9517;Eneryda filialbibliotek;0;0;0;0;0;0;0;0;0;0;0;0;0;0;0;136;0;0;0;136
07;Kronobergs län;65;Älmhult;9682;Hallaryds filialbibliotek;0;0;0;0;0;98;0;0;0;0;0;0;0;0;0;0;0;0;0;98
07;Kronobergs län;65;Älmhult;9683;Handelsboden i Häradsbäck;0;0;0;0;0;0;0;0;0;0;0;0;0;96;0;0;0;0;0;96
07;Kronobergs län;65;Älmhult;9684;Pjätteryds filialbibliotek;0;0;0;0;0;0;0;0;0;0;0;0;0;0;0;121;0;0;0;121
07;Kronobergs län;65;Älmhult;9685;Liatorps filialbibliotek;0;0;0;0;0;0;47;0;0;0;0;0;0;0;0;0;0;0;0;47
07;Kronobergs län;65;Älmhult;9687;Virestads filialbibliotek;0;0;0;0;0;65;0;0;0;0;0;0;0;0;0;0;0;0;0;65
07;Kronobergs län;67;Markaryd;13856;Coop Konsum Markaryd;40;42;42;26;20;45;55;32;56;56;36;49;58;74;85;85;104;98;64;1067
07;Kronobergs län;67;Markaryd;13857;ICA Kvantum;22;23;29;16;21;32;47;40;42;44;36;62;57;114;106;135;111;113;62;1112
07;Kronobergs län;67;Markaryd;13858;ICA Nära;10;20;21;9;5;27;32;43;34;23;15;16;35;39;29;42;55;59;39;553
07;Kronobergs län;67;Markaryd;13859;Coop Nära;3;5;6;6;5;9;14;11;13;8;3;16;14;24;14;11;29;23;16;230
07;Kronobergs län;67;Markaryd;13963;Fyrklövern;0;0;0;0;0;0;0;0;0;0;0;0;4;0;0;0;0;0;0;4
07;Kronobergs län;67;Markaryd;14684;Kunskapscentrum Markaryd;0;0;0;0;0;0;0;0;0;0;0;0;0;0;0;0;0;0;0;0
07;Kronobergs län;67;Markaryd;6357;Ekliden;0;0;0;0;0;0;0;0;0;0;0;0;9;0;0;0;0;0;0;9
07;Kronobergs län;67;Markaryd;6358;Sjögården;0;0;0;0;0;0;0;0;0;0;0;0;5;0;0;0;0;0;0;5
07;Kronobergs län;67;Markaryd;6359;Utsikten;0;0;0;0;0;0;0;0;0;0;0;0;11;0;0;0;0;0;0;11
07;Kronobergs län;80;Växjö;11644;Evelid;0;0;0;0;0;0;0;0;0;0;0;19;0;0;0;0;0;0;0;19
07;Kronobergs län;80;Växjö;11744;Stadsbiblioteket, Växjö;256;318;306;215;0;399;432;384;384;435;379;0;760;737;845;990;1159;713;761;9473
07;Kronobergs län;80;Växjö;13557;Åbovägen;0;0;0;0;0;0;0;0;0;0;0;15;0;0;0;0;0;0;0;15
07;Kronobergs län;80;Växjö;13558;Centrallasarettet;0;0;0;0;0;0;0;0;0;0;0;0;0;0;0;0;0;0;49;49
07;Kronobergs län;80;Växjö;14961;Hagalund äldreboende;0;0;0;0;0;0;0;0;0;0;0;8;0;0;0;0;0;0;0;8
07;Kronobergs län;80;Växjö;14962;Hovslund äldreboende;0;0;0;0;0;0;0;0;0;0;0;44;0;0;0;0;0;0;0;44
07;Kronobergs län;80;Växjö;14963;Lammengatans boende;0;0;0;0;0;0;0;0;0;0;0;15;0;0;0;0;0;0;0;15
07;Kronobergs län;80;Växjö;14964;Toftagården äldreboende;0;0;0;0;0;0;0;0;0;0;0;6;0;0;0;0;0;0;0;6
07;Kronobergs län;80;Växjö;15054;Braås församlingshem;0;0;0;0;0;0;0;0;0;0;0;0;0;0;0;0;0;0;2;2
07;Kronobergs län;80;Växjö;6363;Rättspsykiatriska regionkliniken;0;0;0;0;0;0;0;0;0;0;0;39;0;0;0;0;0;0;0;39
07;Kronobergs län;80;Växjö;6364;Vuxenpsyk.kliniken, andaktsrummet;0;0;0;0;0;0;0;0;0;0;0;9;0;0;0;0;0;0;0;9
07;Kronobergs län;80;Växjö;6366;Mekans dagcentral;0;0;0;0;0;0;0;0;0;0;0;13;0;0;0;0;0;0;0;13
07;Kronobergs län;80;Växjö;6367;Häktet;0;0;0;0;0;0;0;0;0;0;0;11;0;0;0;0;0;0;0;11
07;Kronobergs län;80;Växjö;6369;Östregården;0;0;0;0;0;0;0;0;0;0;0;19;0;0;0;0;0;0;0;19
07;Kronobergs län;80;Växjö;6370;Bågen;0;0;0;0;0;0;0;0;0;0;0;26;0;0;0;0;0;0;0;26
07;Kronobergs län;80;Växjö;6371;Hov Västregård;0;0;0;0;0;0;0;0;0;0;0;17;0;0;0;0;0;0;0;17
07;Kronobergs län;80;Växjö;6373;Dalbo servicehus,;0;0;0;0;0;0;0;0;0;0;0;20;0;0;0;0;0;0;0;20
07;Kronobergs län;80;Växjö;6377;Solgården;0;0;0;0;0;0;0;0;0;0;0;14;0;0;0;0;0;0;0;14
07;Kronobergs län;80;Växjö;6378;Kvarngården;0;0;0;0;0;0;0;0;0;0;0;15;0;0;0;0;0;0;0;15
07;Kronobergs län;80;Växjö;6379;Kinnevaldsgården;0;0;0;0;0;0;0;0;0;0;0;7;0;0;0;0;0;0;0;7
07;Kronobergs län;80;Växjö;9191;Valpaviljong, Stortorget;0;97;107;70;0;142;155;169;129;152;131;0;256;242;408;419;554;315;0;3346
07;Kronobergs län;80;Växjö;9192;Teleborgs centrum;57;57;44;0;0;81;69;84;73;54;0;0;322;258;301;370;468;0;0;2238
07;Kronobergs län;80;Växjö;9193;Hovshaga Bibliotek;50;40;50;0;0;55;46;53;99;60;0;0;189;165;209;215;299;0;0;1530
07;Kronobergs län;80;Växjö;9194;Öster, Birka vårdboende;10;14;5;0;0;33;19;36;58;21;0;0;79;87;126;156;146;0;0;790
07;Kronobergs län;80;Växjö;9195;Lammhult, biblioteket;10;14;5;0;0;33;19;36;58;21;0;0;79;52;52;91;116;0;0;586
07;Kronobergs län;80;Växjö;9196;Braås, Sjöliden;10;16;9;0;0;16;15;20;23;25;0;0;60;68;76;77;80;0;0;495
07;Kronobergs län;80;Växjö;9197;Ingelstad, biblioteket;22;11;20;0;0;27;24;30;37;17;0;0;105;64;93;95;79;0;0;624
07;Kronobergs län;80;Växjö;9198;Sörgården, Rottne;30;25;24;0;0;51;28;15;25;42;0;0;114;89;115;132;96;0;0;786
07;Kronobergs län;80;Växjö;9199;Öjaby, Tofsmesen;16;11;13;0;0;28;24;15;21;24;0;0;62;61;86;71;87;0;0;519
07;Kronobergs län;80;Växjö;9200;Araby, Tallgården;17;41;21;0;0;31;39;27;35;34;0;0;55;37;72;100;125;0;0;634
07;Kronobergs län;80;Växjö;9212;Tolgs föreningslokal;0;0;0;0;0;0;0;0;0;0;0;0;0;0;0;0;0;0;157;157
07;Kronobergs län;80;Växjö;9218;Möllekullas församlingshem;0;0;0;0;0;0;0;0;0;0;0;0;0;0;0;0;0;0;78;78
07;Kronobergs län;80;Växjö;9221;Asa Vandrarhem;0;0;0;0;0;0;0;0;0;0;0;0;0;0;0;0;0;0;75;75
07;Kronobergs län;80;Växjö;9227;Jäts Folkets Hus;0;0;0;0;0;0;0;0;0;0;0;0;0;0;0;0;0;0;138;138
07;Kronobergs län;80;Växjö;9228;Kalvsviks bygdegård;0;0;0;0;0;0;0;0;0;0;0;0;0;0;0;0;0;0;199;199
07;Kronobergs län;80;Växjö;9229;Öhrtagården;0;0;0;0;0;0;0;0;0;0;0;0;0;0;0;0;0;0;178;178
07;Kronobergs län;81;Ljungby;13120;Annerstad;0;0;0;0;0;0;0;0;0;0;0;0;0;0;0;0;0;0;0;0
07;Kronobergs län;81;Ljungby;13121;Bolmsö;0;0;0;0;0;0;0;0;0;0;0;0;0;0;0;0;0;0;0;0
07;Kronobergs län;81;Ljungby;13122;Vittaryd;0;0;0;0;0;0;0;0;0;0;0;0;0;0;0;0;0;0;0;0
07;Kronobergs län;81;Ljungby;13123;Hamneda;0;0;0;0;0;0;0;0;0;0;0;0;0;0;0;0;0;0;0;0
07;Kronobergs län;81;Ljungby;13124;Södra Ljunga;0;0;0;0;0;0;0;0;0;0;0;0;0;0;0;0;0;0;0;0
07;Kronobergs län;81;Ljungby;13125;Torpa Bystuga;0;0;0;0;0;0;0;0;0;0;0;0;0;0;0;0;0;0;0;0
07;Kronobergs län;81;Ljungby;13126;Vrå;0;0;0;0;0;0;0;0;0;0;0;0;0;0;0;0;0;0;0;0
07;Kronobergs län;81;Ljungby;13127;Agunnaryd;0;0;0;0;0;0;0;0;0;0;0;0;0;0;0;0;0;0;0;0
07;Kronobergs län;81;Ljungby;14370;Garvaren Nöje, rum Tripp;92;129;131;64;0;186;209;246;202;178;140;0;424;386;497;474;558;257;244;4417
07;Kronobergs län;81;Ljungby;9552;ICA Nära Bergahallen, Lagan;16;19;31;24;19;26;32;28;43;20;28;29;42;66;83;76;100;73;0;755
07;Kronobergs län;81;Ljungby;9650;ICA Nära Ryssby;7;6;8;5;5;12;14;10;9;14;3;12;21;26;23;30;39;28;0;272
07;Kronobergs län;81;Ljungby;9651;ICA Nära Lidhult;10;7;7;3;5;7;6;22;21;19;26;14;25;36;31;35;32;38;0;344
08;Kalmar län;21;Högsby;11790;Misteln - bibliotek/turistbyrå;32;52;56;18;0;78;89;63;112;115;43;0;155;155;160;187;215;117;32;1679
08;Kalmar län;34;Torsås;12802;Kalmar lantmän;14;12;15;31;0;17;26;25;30;15;34;0;38;31;49;50;56;28;0;471
08;Kalmar län;34;Torsås;6394;Mariahemmet;0;0;0;0;0;0;0;0;0;0;0;11;0;0;0;0;0;0;0;11
08;Kalmar län;34;Torsås;6395;Solgläntan;0;0;0;0;0;0;0;0;0;0;0;3;0;0;0;0;0;0;0;3
08;Kalmar län;34;Torsås;9794;Torsås Bibliotek;34;48;38;0;0;86;47;76;71;61;27;0;117;84;148;117;134;85;47;1220
08;Kalmar län;34;Torsås;9796;ICA Möre Livs AB;7;22;10;7;13;13;16;12;20;12;17;25;41;37;27;29;48;59;0;415
08;Kalmar län;40;Mörbylånga;10092;Biblioteket, Färjestaden;84;121;102;44;0;184;176;143;149;173;113;0;288;306;334;203;335;211;0;2966
08;Kalmar län;40;Mörbylånga;10096;Biblioteket, Mörbylånga;28;41;29;17;0;48;49;42;52;45;27;0;101;113;143;79;82;70;0;966
08;Kalmar län;40;Mörbylånga;10103;Biblioteket, Degerhamn;0;28;0;0;0;58;0;0;74;0;0;0;72;0;0;79;0;0;0;311
08;Kalmar län;40;Mörbylånga;14854;Kommunkontoret, Mörbylånga;0;0;0;0;0;0;0;0;0;0;0;0;0;0;0;0;0;0;21;21
08;Kalmar län;60;Hultsfred;10282;LTV-Sparbanken i Silverdalen;7;12;12;0;0;10;10;17;23;10;0;0;29;19;31;34;33;0;0;247
08;Kalmar län;60;Hultsfred;10577;Violen, Järnforsen;5;6;0;0;0;0;0;17;22;0;0;0;0;0;41;20;0;0;0;111
08;Kalmar län;60;Hultsfred;14390;Hultsfreds gymnasium;0;0;0;0;0;0;0;0;0;0;0;0;0;0;0;0;4;0;0;4
08;Kalmar län;60;Hultsfred;14391;Rosenfors Medborgarhus;22;0;0;0;0;0;0;0;25;0;0;0;0;0;30;19;0;0;0;96
08;Kalmar län;60;Hultsfred;8917;Lundagården Mörlunda;3;16;0;0;0;0;0;28;32;0;0;0;0;0;64;63;0;0;0;206
08;Kalmar län;60;Hultsfred;8918;Skeppet Målilla;23;15;22;0;0;34;26;32;30;24;0;0;75;88;59;79;79;0;0;586
08;Kalmar län;60;Hultsfred;8919;Virserums Bibliotek;21;0;43;0;0;50;33;44;0;70;0;0;96;67;109;133;0;0;0;666
08;Kalmar län;60;Hultsfred;8921;Kommunhuset Hultsfred;43;58;77;0;0;65;55;67;72;130;0;0;137;185;179;216;244;78;45;1651
08;Kalmar län;61;Mönsterås;10187;Biblioteket Ålem;0;44;0;0;0;40;19;0;67;0;0;0;67;31;0;117;0;0;0;385
08;Kalmar län;61;Mönsterås;10188;Biblioteket;78;74;88;48;0;118;106;152;111;120;74;0;259;256;278;254;263;153;35;2467
08;Kalmar län;61;Mönsterås;10190;Biblioteket Fliseryd;41;0;0;0;0;31;0;69;0;0;0;0;88;0;80;0;0;0;0;309
08;Kalmar län;61;Mönsterås;10191;Biblioteket Timmernabben;0;31;0;0;0;41;19;0;81;0;0;0;96;46;0;106;0;0;0;420
08;Kalmar län;61;Mönsterås;14355;Blomstermåla Bibliotek;0;45;0;0;0;27;19;0;57;0;0;0;98;31;0;104;0;0;0;381
08;Kalmar län;62;Emmaboda;13687;Vilhelm Mobergsgymnasiet;0;0;0;0;0;0;0;0;0;0;0;0;0;0;0;35;0;0;0;35
08;Kalmar län;62;Emmaboda;8189;Eriksmåla skola;0;0;0;0;0;0;0;0;0;0;0;0;0;0;0;0;0;0;83;83
08;Kalmar län;62;Emmaboda;8190;Boda Bildningscentrum;0;0;0;0;0;0;0;0;0;0;0;0;0;0;0;0;0;0;82;82
08;Kalmar län;62;Emmaboda;8191;Kommunförvaltningen/Kommunhuset;44;43;50;52;42;60;70;70;74;86;73;71;184;193;199;188;198;115;45;1857
08;Kalmar län;80;Kalmar;12957;Läckeby Livs;2;7;13;2;7;6;6;8;13;8;4;10;16;26;28;23;38;23;0;240
08;Kalmar län;80;Kalmar;12964;Huvudbiblioteket Kalmar;113;174;119;103;0;200;198;193;176;215;130;147;338;403;501;509;604;441;137;4701
08;Kalmar län;80;Kalmar;14181;Coop Konsum Norrliden;13;40;26;28;23;53;47;39;60;54;39;70;63;83;96;105;144;154;0;1137
08;Kalmar län;80;Kalmar;14186;Möregården;0;0;0;0;0;0;0;0;0;9;0;0;0;0;0;0;0;0;0;9
08;Kalmar län;80;Kalmar;14187;Ljungbyhemmet;0;0;0;0;0;0;0;0;0;11;0;0;0;0;0;0;0;0;0;11
08;Kalmar län;80;Kalmar;14189;Smedängen;0;0;0;0;0;0;0;0;0;0;0;0;0;0;0;0;0;0;0;0
08;Kalmar län;80;Kalmar;14190;Björkhaga;0;0;0;0;0;0;0;0;0;0;0;0;0;16;0;0;0;0;0;16
08;Kalmar län;80;Kalmar;14191;KOSMO Vasallparken;0;0;0;0;0;0;0;0;0;0;0;0;0;0;12;0;0;0;0;12
08;Kalmar län;80;Kalmar;14192;Norrlidshemmet;0;0;0;0;0;0;0;0;0;0;0;0;0;0;22;0;0;0;0;22
08;Kalmar län;80;Kalmar;15011;ICA Nära Påryd;7;6;7;6;3;11;7;9;6;9;8;11;20;22;16;21;20;20;0;209
08;Kalmar län;80;Kalmar;15012;Berga Backe;0;0;0;0;0;0;0;0;0;0;0;0;0;12;0;0;0;0;0;12
08;Kalmar län;80;Kalmar;6412;Häktet Kalmar;0;0;0;0;0;0;0;0;0;0;0;18;0;0;0;0;0;0;0;18
08;Kalmar län;80;Kalmar;6413;Länssjukhuset Kalmar, Huvudentrén;0;0;0;0;0;0;0;0;0;0;0;0;0;0;0;0;0;61;0;61
08;Kalmar län;80;Kalmar;6415;Kriminalvårdsanstalten;0;0;0;0;0;0;0;0;0;0;0;25;0;0;0;0;0;0;0;25
08;Kalmar län;80;Kalmar;9774;Stadshuset;23;51;39;0;0;41;41;43;29;47;0;0;70;80;75;94;102;86;196;1017
08;Kalmar län;80;Kalmar;9775;ICA Nära Rockneby;22;18;32;28;15;15;26;23;24;35;28;26;38;49;64;62;101;97;0;703
08;Kalmar län;80;Kalmar;9780;ICA Supermarket Magneten, Lindsdal;35;52;69;17;50;58;49;72;88;72;51;116;129;139;180;172;197;148;0;1694
08;Kalmar län;80;Kalmar;9782;ICA Supermarket, Berga Centrum;61;100;98;53;66;123;119;115;117;118;111;139;203;230;239;289;304;256;0;2741
08;Kalmar län;80;Kalmar;9783;ICA Södercentrum Supermarket;49;59;37;42;78;74;107;84;90;78;90;112;143;200;211;262;323;265;0;2304
08;Kalmar län;80;Kalmar;9784;ICA Smedby Supermarket;11;27;25;18;25;30;27;30;25;60;39;52;66;80;79;86;110;167;0;957
08;Kalmar län;80;Kalmar;9785;ICA Nära Trekanten;13;10;11;10;13;11;19;22;18;16;11;27;30;35;34;55;80;51;0;466
08;Kalmar län;80;Kalmar;9786;Preem Rinkabyholm;14;26;21;22;32;25;33;31;26;38;42;46;62;65;98;79;100;81;0;841
08;Kalmar län;80;Kalmar;9787;ICA Supermarket Stinsen, Ljungbyholm;12;20;16;26;42;39;31;27;37;39;38;53;77;95;96;133;119;76;0;976
08;Kalmar län;81;Nybro;13045;Strandvägens äldreboende;0;0;0;0;0;0;0;0;0;0;0;24;0;0;0;0;0;0;0;24
08;Kalmar län;81;Nybro;13046;Stallgården;0;0;0;0;0;0;0;0;0;0;0;14;0;0;0;0;0;0;0;14
08;Kalmar län;81;Nybro;13933;Åkrahällskolan;0;0;0;0;0;0;0;0;0;0;0;0;0;0;0;8;0;0;0;8
08;Kalmar län;81;Nybro;6423;Kvarnbacken;0;0;0;0;0;0;0;0;0;0;0;15;0;0;0;0;0;0;0;15
08;Kalmar län;81;Nybro;6424;Fröjdekulla;0;0;0;0;0;0;0;0;0;0;0;17;0;0;0;0;0;0;0;17
08;Kalmar län;81;Nybro;6426;Madesjögläntan;0;0;0;0;0;0;0;0;0;0;0;22;0;0;0;0;0;0;0;22
08;Kalmar län;81;Nybro;8783;Almen, äldreboende;0;0;0;0;0;0;0;0;0;0;0;15;0;0;0;0;0;0;0;15
08;Kalmar län;81;Nybro;8802;Biblioteket i Nybro;135;205;163;93;93;229;292;279;245;289;177;202;456;515;569;580;553;376;126;5577
08;Kalmar län;82;Oskarshamn;13795;Oscarsgymnasiet;0;0;0;0;0;0;0;45;0;46;0;0;0;0;0;0;0;0;0;91
08;Kalmar län;82;Oskarshamn;14972;Stadshuset, Oskarshamn;116;127;139;99;79;196;146;174;157;246;179;179;331;386;424;506;628;353;132;4597
08;Kalmar län;82;Oskarshamn;14973;Figeholms bibliotek;0;25;0;0;0;35;20;0;72;0;0;0;87;37;0;94;40;0;0;410
08;Kalmar län;82;Oskarshamn;14974;Kristdala bibliotek;0;14;16;0;0;26;19;0;49;17;0;0;69;33;0;70;35;0;0;348
08;Kalmar län;82;Oskarshamn;14975;Påskallaviks bibliotek;0;26;8;0;0;37;26;0;55;23;0;0;58;33;0;75;32;0;0;373
08;Kalmar län;82;Oskarshamn;14976;Kristinebergs bibliotek;0;0;0;0;0;0;0;0;0;0;0;0;147;47;0;75;55;0;0;324
08;Kalmar län;82;Oskarshamn;14977;Bockaraskolan;0;0;0;0;0;0;0;0;0;0;0;0;0;0;0;0;0;179;0;179
08;Kalmar län;82;Oskarshamn;14978;Misterhults skola;0;0;0;0;0;0;0;0;0;0;0;0;0;0;0;0;0;113;0;113
08;Kalmar län;83;Västervik;13809;Odensvi lanthandel;5;2;7;7;2;1;1;6;6;13;7;0;13;17;13;22;18;0;0;140
08;Kalmar län;83;Västervik;13810;Tant Gul Livs & Catering;1;6;2;4;0;8;14;4;6;9;14;11;15;11;21;15;32;0;0;173
08;Kalmar län;83;Västervik;13811;Ukna Diversehandel;2;7;6;1;0;8;7;7;8;9;8;0;18;14;14;28;14;0;0;151
08;Kalmar län;83;Västervik;13844;Edshöjden;0;0;0;0;0;0;0;0;0;0;0;7;0;0;0;0;0;0;0;7
08;Kalmar län;83;Västervik;14967;Coop Nära Ankarsrum;16;35;14;0;0;34;39;35;38;32;0;0;61;42;64;69;58;0;0;537
08;Kalmar län;83;Västervik;14968;ICA Nära Kusten;8;19;2;4;4;10;21;31;11;16;9;15;25;47;44;46;32;0;0;344
08;Kalmar län;83;Västervik;15046;Västerviks Gymnasium;0;0;0;0;0;0;0;0;0;0;0;0;0;49;0;0;0;0;0;49
08;Kalmar län;83;Västervik;6427;Gertrudsgården, särskilt boende;0;0;0;0;0;0;0;0;0;0;0;15;0;0;0;0;0;0;0;15
08;Kalmar län;83;Västervik;6428;Annagården, särskilt boende;0;0;0;0;0;0;0;0;0;0;0;6;0;0;0;0;0;0;0;6
08;Kalmar län;83;Västervik;6429;Västerviks Sjukhus;0;0;0;0;0;0;0;0;0;0;0;7;0;0;0;0;0;0;0;7
08;Kalmar län;83;Västervik;6430;Vapengränd, särskilt boende;0;0;0;0;0;0;0;0;0;0;0;13;0;0;0;0;0;0;0;13
08;Kalmar län;83;Västervik;6433;Tjustgården, särskilt boende;0;0;0;0;0;0;0;0;0;0;0;11;0;0;0;0;0;0;0;11
08;Kalmar län;83;Västervik;6436;Dalsgården, särskilt boende;0;0;0;0;0;0;0;0;0;0;0;7;0;0;0;0;0;0;0;7
08;Kalmar län;83;Västervik;6437;Hagnäsgården, särskilt boende;0;0;0;0;0;0;0;0;0;0;0;8;0;0;0;0;0;0;0;8
08;Kalmar län;83;Västervik;6438;Erneborg, särskilt boende;0;0;0;0;0;0;0;0;0;0;0;11;0;0;0;0;0;0;0;11
08;Kalmar län;83;Västervik;6440;Sundsgården, särskilt boende;0;0;0;0;0;0;0;0;0;0;0;6;0;0;0;0;0;0;0;6
08;Kalmar län;83;Västervik;6441;Nynäsgården, särskilt boende;0;0;0;0;0;0;0;0;0;0;0;10;0;0;0;0;0;0;0;10
08;Kalmar län;83;Västervik;6442;Kungshöjden, särskilt boende;0;0;0;0;0;0;0;0;0;0;0;8;0;0;0;0;0;0;0;8
08;Kalmar län;83;Västervik;6443;Ekhamra, särskilt boende;0;0;0;0;0;0;0;0;0;0;0;9;0;0;0;0;0;0;0;9
08;Kalmar län;83;Västervik;7924;Stadsbiblioteket, Västervik;189;288;286;150;0;370;431;400;421;367;262;0;555;660;598;720;719;443;0;6859
08;Kalmar län;83;Västervik;7925;Biblioteket, Gamleby;17;45;48;0;0;111;94;87;98;71;0;0;203;123;128;159;127;0;0;1311
08;Kalmar län;83;Västervik;7926;Kommunhuset, Valnämnden;0;0;0;0;0;0;0;0;0;0;0;0;0;0;0;0;0;0;58;58
08;Kalmar län;83;Västervik;7928;Coop Nära Edsbruk;7;3;14;9;6;8;19;14;16;16;13;13;24;29;17;22;24;0;0;254
08;Kalmar län;83;Västervik;7929;Coop Konsum Överum;13;12;13;0;0;20;37;30;30;22;0;0;35;55;48;39;51;0;0;405
08;Kalmar län;83;Västervik;7931;Matöppet Gunnebo;4;20;22;10;0;19;28;22;17;24;23;0;27;46;28;32;44;0;0;366
08;Kalmar län;83;Västervik;8316;Anstalten, Västervik Norra;0;0;0;0;0;0;0;0;0;0;0;78;0;0;0;0;0;0;0;78
08;Kalmar län;84;Vimmerby;14652;Röda Tvättstugan;0;0;0;0;0;6;0;19;0;0;0;0;21;14;7;9;8;11;0;95
08;Kalmar län;84;Vimmerby;9170;Vimmerby, huvudbiblioteket;114;132;195;0;0;196;240;225;208;198;142;0;317;395;418;372;492;243;130;4017
08;Kalmar län;84;Vimmerby;9171;Storebro, filialbibliotek;0;0;0;0;0;74;0;0;0;0;0;0;96;0;0;0;0;0;0;170
08;Kalmar län;84;Vimmerby;9172;Södra Vi, filialbibliotek;25;0;0;0;0;0;0;123;0;0;0;0;0;0;180;0;0;0;0;328
08;Kalmar län;85;Borgholm;8877;Huvudbiblioteket i Borgholm;77;101;126;59;0;169;167;152;176;146;118;0;285;318;305;306;313;225;92;3135
08;Kalmar län;85;Borgholm;8878;Biblioteket, Åkerboskolan;12;22;15;0;0;0;70;16;77;49;0;0;0;132;58;93;51;0;0;595
08;Kalmar län;85;Borgholm;8879;ICA Byxelkrokshallen;5;14;16;9;0;11;18;9;10;16;15;8;35;38;19;42;37;35;0;337
09;Gotlands län;80;Gotland;10024;ICA Malmahallen, Stånga;6;5;14;9;6;10;18;25;17;28;17;12;26;36;40;56;31;0;0;356
09;Gotlands län;80;Gotland;10027;ICA Sudrets Livs, Havdhem;6;12;7;3;5;17;15;9;16;11;10;14;30;37;37;39;32;0;0;300
09;Gotlands län;80;Gotland;10030;ICA Nära, Vibble;21;20;10;23;19;22;23;31;36;36;24;43;51;68;80;65;46;0;0;618
09;Gotlands län;80;Gotland;10032;Coop Konsum Klintehamn;41;24;32;11;26;38;53;55;56;57;31;35;92;104;106;91;74;0;0;926
09;Gotlands län;80;Gotland;10033;Ljugarns Handels AB;8;6;10;5;0;17;13;9;19;17;7;0;19;28;10;40;24;0;0;232
09;Gotlands län;80;Gotland;10034;ICA Supermarket, Fårösund;15;22;19;20;10;25;38;19;25;21;39;29;36;77;72;82;59;0;0;608
09;Gotlands län;80;Gotland;10036;Coop Konsum, Lärbro;4;11;7;10;6;12;13;16;12;20;11;17;29;44;40;40;23;0;0;315
09;Gotlands län;80;Gotland;10038;Coop Konsum, Slite;25;32;35;15;10;34;56;48;62;61;38;25;69;94;108;95;109;103;28;1047
09;Gotlands län;80;Gotland;10040;Coop Öster, Visby;128;130;126;70;73;155;160;196;149;164;123;135;220;293;371;422;553;274;0;3742
09;Gotlands län;80;Gotland;10042;ICA Nära Roma;25;16;16;12;17;23;32;43;47;49;36;43;57;78;69;93;43;0;0;699
09;Gotlands län;80;Gotland;10052;Tempo, Katthammarsvik;4;6;3;0;2;11;13;10;13;14;9;13;25;16;15;29;17;0;0;200
09;Gotlands län;80;Gotland;13786;Åkermanska;0;0;0;0;34;0;0;0;0;0;0;0;0;0;0;0;0;0;0;34
09;Gotlands län;80;Gotland;14057;ICA Nära Wisborg;73;66;58;30;60;68;99;113;115;98;78;88;154;201;216;241;118;0;0;1876
09;Gotlands län;80;Gotland;14058;Region Gotland, Visborg;10;17;15;0;0;21;19;21;16;13;0;0;39;51;48;69;82;57;155;633
09;Gotlands län;80;Gotland;14172;Kilåkern senior & säbo;0;0;0;0;9;0;0;0;0;0;0;0;0;0;0;0;0;0;0;9
09;Gotlands län;80;Gotland;14857;Korttidsenheten, Visby;0;0;0;0;16;0;0;0;0;0;0;0;0;0;0;0;0;0;0;16
09;Gotlands län;80;Gotland;14858;Gråbo seniorboende;0;0;0;0;41;0;0;0;0;0;0;0;0;0;0;0;0;0;0;41
09;Gotlands län;80;Gotland;14866;Tempo Stenkyrka;3;5;6;5;5;14;16;7;12;21;10;13;25;23;41;30;25;0;0;261
09;Gotlands län;80;Gotland;14867;ICA Maxi Stormarknad;103;85;63;84;81;69;161;100;94;146;108;155;204;348;305;355;404;526;193;3584
09;Gotlands län;80;Gotland;15044;Tingsbrogården;0;0;0;0;0;0;0;3;0;0;0;0;0;0;0;0;0;0;0;3
09;Gotlands län;80;Gotland;6456;Fältgatan 75,77 och 79;0;0;0;0;25;0;0;0;0;0;0;0;0;0;0;0;0;0;0;25
09;Gotlands län;80;Gotland;6457;Stiftelsen Gotlands Sjukhem;0;0;0;0;12;0;0;0;0;0;0;0;0;0;0;0;0;0;0;12
09;Gotlands län;80;Gotland;6463;Kriminalvården VO Gotland;0;0;0;0;7;0;0;0;0;0;0;0;0;0;0;0;0;0;0;7
09;Gotlands län;80;Gotland;6466;Kråkans seniorboende;0;0;0;9;0;0;0;0;0;0;0;0;0;0;0;0;0;0;0;9
09;Gotlands län;80;Gotland;6467;Åvallegården;0;0;0;0;22;0;0;0;0;0;0;0;0;0;0;0;0;0;0;22
09;Gotlands län;80;Gotland;6468;Hemse äldreboende;0;0;0;0;17;0;0;0;0;0;0;0;0;0;0;0;0;0;0;17
09;Gotlands län;80;Gotland;6469;Attendo Sudergården;0;0;0;0;10;0;0;0;0;0;0;0;0;0;0;0;0;0;0;10
09;Gotlands län;80;Gotland;9668;Shells Bensinstation Burgsvik;16;12;11;8;6;8;11;19;19;16;19;8;14;25;25;39;48;0;0;304
09;Gotlands län;80;Gotland;9670;Coop Konsum, Hemse;22;34;40;23;23;38;36;45;55;48;27;57;84;96;86;130;116;117;42;1119
09;Gotlands län;80;Gotland;9728;Pjäsen;0;0;0;0;32;0;0;0;0;0;0;0;0;0;0;0;0;0;0;32
09;Gotlands län;80;Gotland;9730;Roma äldreboende;0;0;0;0;25;0;0;0;0;0;0;0;0;0;0;0;0;0;0;25
10;Blekinge län;60;Olofström;11203;Hemsjö Samlingslokal;0;0;0;0;0;0;0;0;0;0;0;0;0;0;0;0;0;0;99;99
10;Blekinge län;60;Olofström;11205;Vilshults skola;0;0;0;0;0;0;0;0;0;0;0;0;0;0;0;0;0;0;223;223
10;Blekinge län;60;Olofström;11206;Gränums skola;0;0;0;0;0;0;0;0;0;0;0;0;0;0;0;0;0;0;232;232
10;Blekinge län;60;Olofström;14481;Skogsbacken;0;0;0;0;0;0;0;0;0;0;0;3;0;0;0;0;0;0;0;3
10;Blekinge län;60;Olofström;14482;Folkets hus;0;0;0;0;0;0;0;0;0;0;0;0;0;0;0;0;0;0;46;46
10;Blekinge län;60;Olofström;6472;Brännaregårdens dagcentral;0;0;0;0;0;0;0;0;0;0;0;13;0;0;0;0;0;0;0;13
10;Blekinge län;60;Olofström;6473;Kyrkhults dagcentral;0;0;0;0;0;0;0;0;0;0;0;24;0;0;0;0;0;0;0;24
10;Blekinge län;60;Olofström;6474;Västralid;0;0;0;0;0;0;0;0;0;0;0;2;0;0;0;0;0;0;0;2
10;Blekinge län;60;Olofström;8272;Olofströms Bibliotek;105;120;127;78;0;148;209;147;120;137;111;0;293;276;301;326;324;210;0;3032
10;Blekinge län;60;Olofström;8274;Kyrkhults Bibliotek;0;30;0;0;0;0;0;0;87;0;0;0;0;0;0;121;0;0;0;238
10;Blekinge län;60;Olofström;8288;Jämshögs Bibliotek;0;0;0;0;0;92;0;0;0;0;0;0;184;0;0;0;0;0;0;276
10;Blekinge län;80;Karlskrona;10016;Hasslö PRO lokal;14;0;0;0;0;19;0;31;0;0;0;0;55;0;58;0;0;0;0;177
10;Blekinge län;80;Karlskrona;10017;Fridlevstads skola;18;0;0;0;0;6;0;19;0;0;0;0;22;0;15;0;0;0;0;80
10;Blekinge län;80;Karlskrona;10018;Allhallen i Holmsjö;0;0;0;0;0;29;0;0;0;0;0;0;49;0;0;0;0;0;0;78
10;Blekinge län;80;Karlskrona;10019;Jämjö bibliotek;38;0;0;0;0;70;66;51;0;0;0;0;172;161;129;0;0;0;0;687
10;Blekinge län;80;Karlskrona;10021;Nättraby skola;20;0;0;0;0;37;0;25;0;0;0;0;57;0;45;0;0;0;0;184
10;Blekinge län;80;Karlskrona;10022;Rödeby centrumhus;43;0;0;0;0;23;46;59;0;0;0;0;108;72;97;0;0;0;0;448
10;Blekinge län;80;Karlskrona;10023;Sturköskolan;7;0;0;0;0;45;0;23;0;0;0;0;86;0;60;0;0;0;0;221
10;Blekinge län;80;Karlskrona;10284;Fågelmara skola;5;0;0;0;0;28;0;28;0;0;0;0;38;0;44;0;0;0;0;143
10;Blekinge län;80;Karlskrona;10366;Konserthuset;172;192;144;103;64;181;176;193;204;213;172;148;284;302;363;418;544;530;312;4715
10;Blekinge län;80;Karlskrona;12767;Amiralens köpcentrum;148;241;232;171;150;257;186;326;380;433;273;302;507;572;616;737;712;550;0;6793
10;Blekinge län;80;Karlskrona;12960;Tvings skola;6;0;0;0;0;10;0;18;0;0;0;0;24;0;23;0;0;0;0;81
10;Blekinge län;80;Karlskrona;12962;Lyckeby Medborgarhus;31;0;0;0;0;74;0;57;0;0;0;0;59;0;90;0;0;0;0;311
10;Blekinge län;80;Karlskrona;13079;Flymen;0;0;0;0;0;0;0;0;0;0;0;0;0;0;0;0;0;0;87;87
10;Blekinge län;80;Karlskrona;13080;Nävragöl;0;0;0;0;0;0;0;0;0;0;0;0;0;0;0;0;0;0;57;57
10;Blekinge län;80;Karlskrona;13081;Blåningsmåla;0;0;0;0;0;0;0;0;0;0;0;0;0;0;0;0;0;0;72;72
10;Blekinge län;80;Karlskrona;13091;Fridlevstads servicecenter;0;0;0;0;0;0;0;0;0;0;0;7;0;0;0;0;0;0;0;7
10;Blekinge län;80;Karlskrona;13293;Blekinge Tekniska Högskola;0;0;0;0;0;0;0;0;0;0;0;0;47;62;74;101;156;0;0;440
10;Blekinge län;80;Karlskrona;13946;City Gross;110;146;157;97;118;185;190;161;203;203;139;227;292;340;410;473;636;458;0;4545
10;Blekinge län;80;Karlskrona;14774;Handelsträdgården;0;0;0;0;0;0;0;0;0;0;0;15;0;0;0;0;0;0;0;15
10;Blekinge län;80;Karlskrona;14775;Vittus Elena;0;0;0;0;0;0;0;0;0;0;0;12;0;0;0;0;0;0;0;12
10;Blekinge län;80;Karlskrona;6476;af Klint;0;0;0;0;0;0;0;0;0;0;0;24;0;0;0;0;0;0;0;24
10;Blekinge län;80;Karlskrona;6479;Häktet;0;0;0;0;0;0;0;0;0;0;0;10;0;0;0;0;0;0;0;10
10;Blekinge län;80;Karlskrona;6480;Fregatten;0;0;0;0;0;0;0;0;0;0;0;26;0;0;0;0;0;0;0;26
10;Blekinge län;80;Karlskrona;6484;Kungshöjden;0;0;0;0;0;0;0;0;0;0;0;10;0;0;0;0;0;0;0;10
10;Blekinge län;80;Karlskrona;6485;Ekliden;0;0;0;0;0;0;0;0;0;0;0;5;0;0;0;0;0;0;0;5
10;Blekinge län;80;Karlskrona;6494;Hammarbygården;0;0;0;0;0;0;0;0;0;0;0;15;0;0;0;0;0;0;0;15
10;Blekinge län;80;Karlskrona;6496;Fredriksdal;0;0;0;0;0;0;0;0;0;0;0;18;0;0;0;0;0;0;0;18
10;Blekinge län;80;Karlskrona;6498;Mogården;0;0;0;0;0;0;0;0;0;0;0;3;0;0;0;0;0;0;0;3
10;Blekinge län;80;Karlskrona;9802;Adlersten;0;0;0;0;0;0;0;0;0;0;0;3;0;0;0;0;0;0;0;3
10;Blekinge län;80;Karlskrona;9814;Björkbacken;0;0;0;0;0;0;0;0;0;0;0;13;0;0;0;0;0;0;0;13
10;Blekinge län;80;Karlskrona;9815;Björkhaga;0;0;0;0;0;0;0;0;0;0;0;7;0;0;0;0;0;0;0;7
10;Blekinge län;80;Karlskrona;9829;Mölleberg;0;0;0;0;0;0;0;0;0;0;0;2;0;0;0;0;0;0;0;2
10;Blekinge län;80;Karlskrona;9830;Pantern;0;0;0;0;0;0;0;0;0;0;0;21;0;0;0;0;0;0;0;21
10;Blekinge län;80;Karlskrona;9834;Vedebylund;0;0;0;0;0;0;0;0;0;0;0;8;0;0;0;0;0;0;0;8
10;Blekinge län;80;Karlskrona;9843;Kommunhus Ruthensparre;22;18;14;0;0;24;18;25;19;24;0;0;31;25;44;40;62;0;0;366
10;Blekinge län;80;Karlskrona;9846;Torhamnsgården;16;0;0;0;0;0;25;12;0;0;0;0;0;60;35;0;0;0;0;148
10;Blekinge län;81;Ronneby;13098;Eringsboda skola;0;0;0;0;0;0;0;0;0;0;0;0;0;0;0;0;0;0;0;0
10;Blekinge län;81;Ronneby;13099;Bräknegården;0;0;0;0;0;0;0;0;0;0;0;0;0;0;0;0;0;0;0;0
10;Blekinge län;81;Ronneby;13101;Leråkra bygdegård;0;0;0;0;0;0;0;0;0;0;0;0;0;0;0;0;0;0;20;20
10;Blekinge län;81;Ronneby;9135;Konsum Kallinge;19;58;69;0;0;70;73;63;45;72;0;0;113;98;130;100;189;0;0;1099
10;Blekinge län;81;Ronneby;9136;Ica Nära, Bräkne Hoby;17;30;19;14;16;27;51;32;41;32;41;39;48;62;72;80;94;92;0;807
10;Blekinge län;81;Ronneby;9137;Ica Nära, Johannishus;11;23;10;14;11;5;13;18;26;23;17;29;27;27;44;39;57;44;0;438
10;Blekinge län;81;Ronneby;9138;Ica Nära/Träffpunkten, Backaryd;8;11;13;2;9;9;8;12;26;24;11;20;36;36;45;38;29;27;0;364
10;Blekinge län;81;Ronneby;9139;Stadshuset;96;157;166;72;99;192;219;188;188;272;145;162;331;408;356;465;769;308;129;4722
10;Blekinge län;81;Ronneby;9358;Hallagården;0;0;0;0;0;0;0;0;0;0;0;0;0;0;0;0;0;0;0;0
10;Blekinge län;82;Karlshamn;12790;Konsum Mörrum;26;33;52;21;0;67;49;65;81;84;44;0;113;130;126;129;175;123;0;1318
10;Blekinge län;82;Karlshamn;12791;Coop Konsum, Svängsta;12;26;14;14;0;23;18;28;28;39;16;0;44;38;57;70;83;69;0;579
10;Blekinge län;82;Karlshamn;14403;Ica Kvantum Asarum;34;38;62;17;0;54;78;69;50;80;34;0;105;115;141;120;150;130;0;1277
10;Blekinge län;82;Karlshamn;14405;Rådhuset, medborgarkontoret;101;123;115;68;0;154;128;138;145;143;87;0;272;267;318;307;379;224;192;3161
10;Blekinge län;82;Karlshamn;15047;Väggaskolan;0;0;0;0;0;0;0;0;0;0;0;0;0;0;38;0;0;0;0;38
10;Blekinge län;82;Karlshamn;9559;Coop Konsum, Asarum;7;31;17;14;0;57;50;35;51;63;33;0;114;88;100;141;121;84;0;1006
10;Blekinge län;82;Karlshamn;9564;Coop Forum;49;95;92;50;0;92;102;89;114;134;94;0;185;232;220;251;329;237;0;2365
10;Blekinge län;82;Karlshamn;9580;Matöppet i Hällaryd;13;8;22;9;0;21;18;18;18;23;26;0;31;41;44;39;57;33;0;421
10;Blekinge län;83;Sölvesborg;6518;Tärnan;0;0;0;0;0;0;0;0;0;0;0;16;0;0;0;0;0;0;0;16
10;Blekinge län;83;Sölvesborg;6519;Svalan;0;0;0;0;0;0;0;0;0;0;0;20;0;0;0;0;0;0;0;20
10;Blekinge län;83;Sölvesborg;6520;Duvan;0;0;0;0;0;0;0;0;0;0;0;21;0;0;0;0;0;0;0;21
10;Blekinge län;83;Sölvesborg;6521;Falkalyckan;0;0;0;0;0;0;0;0;0;0;0;16;0;0;0;0;0;0;0;16
10;Blekinge län;83;Sölvesborg;6522;Slottsgården;0;0;0;0;0;0;0;0;0;0;0;29;0;0;0;0;0;0;0;29
10;Blekinge län;83;Sölvesborg;6523;Gerbogården;0;0;0;0;0;0;0;0;0;0;0;15;0;0;0;0;0;0;0;15
10;Blekinge län;83;Sölvesborg;9657;Medborgarkontoret i Stadshuset;82;150;132;52;0;176;144;142;182;159;136;0;258;365;257;262;618;179;100;3394
10;Blekinge län;83;Sölvesborg;9658;Biblioteket i Mjällby;0;0;0;0;0;90;0;112;0;0;0;0;160;0;181;0;0;0;0;543
10;Blekinge län;83;Sölvesborg;9659;Norje Hembygdsgård (f d Tingshuset);0;0;0;0;0;0;56;0;47;0;0;0;0;89;0;86;0;0;0;278
12;Skåne län;14;Svalöv;11924;Stenestads bibliotek;0;0;0;0;0;0;0;0;0;0;0;0;0;0;0;0;0;0;104;104
12;Skåne län;14;Svalöv;12320;F d skolan i Ask;0;0;0;0;0;0;0;0;0;0;0;0;0;0;0;0;0;0;0;0
12;Skåne län;14;Svalöv;12321;Billeberga bibliotek;0;10;12;0;0;31;0;0;26;13;0;0;33;0;0;43;20;0;5;193
12;Skåne län;14;Svalöv;13695;Fridhems Folkhögskola;0;0;9;0;0;0;0;0;0;37;0;0;0;0;0;0;109;0;0;155
12;Skåne län;14;Svalöv;14559;Heleneborgsskolan;0;0;0;0;0;0;0;0;0;0;0;0;0;0;0;0;0;0;17;17
12;Skåne län;14;Svalöv;8384;Svalövs huvudbibliotek;36;81;51;0;0;99;64;58;115;58;61;0;159;120;114;225;182;134;0;1557
12;Skåne län;14;Svalöv;8386;Kågeröds bibliotek;19;0;0;0;0;64;0;74;0;0;0;0;85;0;118;0;0;0;18;378
12;Skåne län;14;Svalöv;8387;Röstånga bibliotek;0;12;0;0;0;0;23;0;26;0;0;0;0;67;0;71;0;0;4;203
12;Skåne län;14;Svalöv;8388;Teckomatorps bibliotek;41;0;0;0;0;30;15;69;0;0;0;0;71;29;85;0;0;0;5;345
12;Skåne län;14;Svalöv;8389;Tågarps församlingshem;0;6;0;0;0;0;6;0;28;0;0;0;0;4;0;31;0;0;9;84
12;Skåne län;30;Staffanstorp;6527;Magnoliagården;0;0;0;0;0;0;0;0;0;0;0;27;0;0;0;0;0;0;0;27
12;Skåne län;30;Staffanstorp;6528;Pilegården;0;0;0;0;0;0;0;0;0;0;0;16;0;0;0;0;0;0;0;16
12;Skåne län;30;Staffanstorp;6529;Klöverlyckan Centrumgården i Hjärup;0;0;0;0;0;0;0;0;0;0;0;8;0;0;0;0;0;0;0;8
12;Skåne län;30;Staffanstorp;9626;Rådhuset;115;135;131;0;0;193;170;181;209;173;0;0;337;321;513;490;446;386;122;3922
12;Skåne län;30;Staffanstorp;9627;Hjärups bibliotek;42;25;21;0;0;50;15;39;59;25;0;0;102;55;104;143;57;0;0;737
12;Skåne län;31;Burlöv;13547;Arlövs bibliotek;59;107;78;59;0;110;92;119;86;95;69;0;169;137;222;173;214;241;0;2030
12;Skåne län;31;Burlöv;13548;Möllegården;24;56;44;0;62;0;53;44;55;63;0;105;0;114;98;175;105;0;0;998
12;Skåne län;31;Burlöv;9988;Medborgarhuset;0;0;0;0;0;0;0;0;0;0;0;0;0;0;0;0;0;0;17;17
12;Skåne län;33;Vellinge;14250;Höllvikens bibliotek;138;160;120;84;81;206;178;191;169;105;150;184;359;368;462;447;280;349;177;4208
12;Skåne län;33;Vellinge;14251;Skanörs bibliotek;85;95;67;66;0;143;128;92;110;61;89;0;259;232;215;210;126;231;0;2209
12;Skåne län;33;Vellinge;14252;Västra Ingelstads bibliotek;11;9;10;4;0;9;8;13;16;9;13;0;21;34;44;49;15;34;0;299
12;Skåne län;33;Vellinge;14404;Bäckagården;0;0;0;0;0;0;0;0;0;0;0;16;0;0;0;0;0;0;0;16
12;Skåne län;33;Vellinge;9544;Vellinge bibliotek;50;73;62;74;0;86;108;48;118;80;111;0;166;231;114;268;187;211;0;1987
12;Skåne län;33;Vellinge;9553;Månstorps Ängar;0;0;0;0;0;0;0;0;0;0;0;20;0;0;0;0;0;0;0;20
12;Skåne län;33;Vellinge;9555;Eskilsgården;0;0;0;0;0;0;0;0;0;0;0;25;0;0;0;0;0;0;0;25
12;Skåne län;33;Vellinge;9558;Almgården;0;0;0;0;0;0;0;0;0;0;0;17;0;0;0;0;0;0;0;17
12;Skåne län;33;Vellinge;9560;Kronodalsgården;0;0;0;0;0;0;0;0;0;0;0;8;0;0;0;0;0;0;0;8
12;Skåne län;33;Vellinge;9561;Postgården;0;0;0;0;0;0;0;0;0;0;0;12;0;0;0;0;0;0;0;12
12;Skåne län;33;Vellinge;9565;St Knut;0;0;0;0;0;0;0;0;0;0;0;15;0;0;0;0;0;0;0;15
12;Skåne län;56;Östra Göinge;10855;Sibbhults Bibliotek;0;32;0;0;0;41;7;0;35;0;0;0;49;8;0;50;0;0;0;222
12;Skåne län;56;Östra Göinge;12820;Kommunhuset, Göinge Direkt;24;16;18;0;0;18;13;19;26;27;0;0;45;42;54;41;62;0;9;414
12;Skåne län;56;Östra Göinge;6534;Servicehuset Lindgården;0;0;0;0;0;0;0;0;0;0;0;23;0;0;0;0;0;0;0;23
12;Skåne län;56;Östra Göinge;6535;Servicehuset Västanvid;0;0;0;0;0;0;0;0;0;0;0;12;0;0;0;0;0;0;0;12
12;Skåne län;56;Östra Göinge;6537;Servicehuset Skogsbrynet;0;0;0;0;0;0;0;0;0;0;0;9;0;0;0;0;0;0;0;9
12;Skåne län;56;Östra Göinge;8760;Broby Bibliotek;21;21;16;0;0;52;56;44;49;44;35;0;90;72;111;112;93;88;0;904
12;Skåne län;56;Östra Göinge;8761;Glimåkra Bibliotek;19;24;0;0;0;21;0;44;56;0;0;0;55;0;96;102;0;0;0;417
12;Skåne län;56;Östra Göinge;8762;Hanaskogs Bibliotek;0;39;0;0;0;12;69;0;38;0;0;0;12;61;0;45;0;0;0;276
12;Skåne län;56;Östra Göinge;8763;Knislinge Bibliotek;27;40;0;0;0;57;36;41;65;0;0;0;80;50;75;138;0;0;0;609
12;Skåne län;57;Örkelljunga;10155;Huvudbiblioteket;72;82;97;59;0;139;127;126;123;143;75;0;220;248;174;228;275;151;0;2339
12;Skåne län;57;Örkelljunga;13044;Solberga/Solhaga;0;0;0;0;0;0;0;0;0;0;0;0;0;10;0;0;0;0;0;10
12;Skåne län;57;Örkelljunga;14752;Skolrestaurangen Gyllet;0;0;0;0;0;0;0;0;0;0;0;0;0;0;0;0;0;0;14;14
12;Skåne län;57;Örkelljunga;14883;Kommunhuset;0;0;0;0;0;0;0;0;0;0;0;0;0;1;0;0;0;0;0;1
12;Skåne län;57;Örkelljunga;6538;Servicehuset Södergården;0;0;0;0;0;0;0;0;0;0;0;0;0;16;0;0;0;0;0;16
12;Skåne län;57;Örkelljunga;6539;Servicehuset Tallgården;0;0;0;0;0;0;0;0;0;0;0;0;0;10;0;0;0;0;0;10
12;Skåne län;60;Bjuv;12744;7 - Ekhaga;0;0;0;0;0;0;0;0;0;0;12;0;0;0;0;0;0;0;0;12
12;Skåne län;60;Bjuv;14060;2 - ALMLIDEN;7;15;14;0;0;16;13;15;14;10;0;0;32;21;33;28;34;0;0;252
12;Skåne län;60;Bjuv;14743;8 - Solhemmet;0;0;0;0;0;0;0;0;0;0;24;0;0;0;0;0;0;0;0;24
12;Skåne län;60;Bjuv;14966;Norra Vrams vårdboende;0;0;0;0;0;0;0;0;0;0;5;0;0;0;0;0;0;0;0;5
12;Skåne län;60;Bjuv;6542;6 - Varagården;0;0;0;0;0;0;0;0;0;0;12;0;0;0;0;0;0;0;0;12
12;Skåne län;60;Bjuv;8859;3 - Biblioteket, Bjuv;45;61;35;25;0;63;48;73;64;34;57;0;114;96;130;109;114;120;0;1188
12;Skåne län;60;Bjuv;8860;4 - Biblioteket, Billesholm;19;52;28;0;0;28;57;26;50;25;0;0;29;54;52;113;82;0;0;615
12;Skåne län;60;Bjuv;8861;5 - Biblioteket, Ekeby;18;53;17;0;0;51;13;18;64;18;0;0;86;36;29;130;43;0;0;576
12;Skåne län;60;Bjuv;8862;1 - Valnämndens kansli;6;11;3;0;0;6;10;1;11;10;0;0;10;24;20;16;24;30;44;226
12;Skåne län;61;Kävlinge;13822;Dösjebroskolan, Dösjebro;0;0;0;0;0;0;27;0;0;0;0;0;0;39;0;0;0;0;0;66
12;Skåne län;61;Kävlinge;13827;Ligustern, Furulund;0;0;0;0;0;0;0;33;0;0;0;0;0;0;73;0;0;0;0;106
12;Skåne län;61;Kävlinge;13828;Skönadalsskolan, Hofterup;0;0;0;0;0;0;0;0;44;0;0;0;0;0;0;93;0;0;0;137
12;Skåne län;61;Kävlinge;8828;Löddeköpinge bibliotek;110;126;107;91;0;179;187;144;149;137;98;0;397;386;250;277;344;271;77;3330
12;Skåne län;61;Kävlinge;8831;Kommunhuset, Kävlinge;122;130;86;0;71;136;149;230;179;113;0;110;183;259;394;429;271;0;96;2958
12;Skåne län;62;Lomma;10053;Kommunhuset;78;79;75;50;30;96;127;84;113;79;49;115;165;291;222;237;236;195;82;2403
12;Skåne län;62;Lomma;10057;Biblioteket;59;76;61;17;21;93;120;104;98;80;41;91;225;240;239;272;238;159;42;2276
12;Skåne län;63;Svedala;10475;Kommunhuset;122;88;81;46;72;143;137;127;157;135;100;102;304;278;307;382;335;283;68;3267
12;Skåne län;63;Svedala;10476;Biblioteket Klågerup;0;0;0;0;0;0;0;0;0;0;0;0;67;40;0;0;0;0;0;107
12;Skåne län;63;Svedala;8587;Biblioteket Bara;22;0;0;0;0;65;56;54;0;0;71;0;119;102;197;0;0;124;0;810
12;Skåne län;64;Skurup;12768;Kommunhuset;95;109;134;0;0;157;169;172;147;195;0;0;266;270;283;323;434;283;32;3069
12;Skåne län;64;Skurup;6552;Flintebrohemmet;0;0;0;0;0;0;0;0;0;0;0;20;0;0;0;0;0;0;0;20
12;Skåne län;64;Skurup;6553;Lillgården;0;0;0;0;0;0;0;0;0;0;0;11;0;0;0;0;0;0;0;11
12;Skåne län;64;Skurup;6554;Bruksgården;0;0;0;0;0;0;0;0;0;0;0;10;0;0;0;0;0;0;0;10
12;Skåne län;65;Sjöbo;10409;Sandbäcksgården;0;0;0;0;0;0;0;0;0;0;0;3;0;0;0;0;0;0;0;3
12;Skåne län;65;Sjöbo;6555;Björkbacken i Sjöbo;0;0;0;0;0;0;0;0;0;0;0;13;0;0;0;0;0;0;0;13
12;Skåne län;65;Sjöbo;6556;Ängsgården;0;0;0;0;0;0;0;0;0;0;0;7;0;0;0;0;0;0;0;7
12;Skåne län;65;Sjöbo;6557;Solkullen;0;0;0;0;0;0;0;0;0;0;0;17;0;0;0;0;0;0;0;17
12;Skåne län;65;Sjöbo;6558;Blentarpsgården;0;0;0;0;0;0;0;0;0;0;0;5;0;0;0;0;0;0;0;5
12;Skåne län;65;Sjöbo;6559;Rosenlund;0;0;0;0;0;0;0;0;0;0;0;9;0;0;0;0;0;0;0;9
12;Skåne län;65;Sjöbo;6560;Nämndemansgården;0;0;0;0;0;0;0;0;0;0;0;14;0;0;0;0;0;0;0;14
12;Skåne län;65;Sjöbo;9921;Biblioteket, Sjöbo;66;103;106;56;0;143;114;130;173;136;81;0;245;223;268;366;347;198;46;2801
12;Skåne län;65;Sjöbo;9928;Tempo;14;21;25;9;30;16;18;28;31;0;57;23;39;46;58;50;84;86;42;677
12;Skåne län;65;Sjöbo;9929;ICA Nära;10;10;13;5;18;10;19;17;21;19;27;25;35;30;48;51;57;65;47;527
12;Skåne län;65;Sjöbo;9949;Malmgrens Lotteriservice;15;15;19;0;0;20;15;20;17;40;6;60;4;80;40;0;66;0;0;417
12;Skåne län;66;Hörby;13682;Lyby församlingsgård;0;0;0;0;0;0;0;0;0;0;0;0;0;0;43;0;0;0;0;43
12;Skåne län;66;Hörby;14744;Kommunhuset;77;93;99;52;0;118;124;124;142;167;92;0;229;222;321;302;377;198;126;2863
12;Skåne län;66;Hörby;14992;Husaren;0;0;0;0;0;0;0;0;0;0;0;0;0;121;0;0;0;0;0;121
12;Skåne län;66;Hörby;14993;De la Gardieskolan;0;0;0;0;0;0;0;0;0;0;0;0;0;0;0;27;0;0;0;27
12;Skåne län;67;Höör;14689;Biblioteket, Höör;0;0;0;0;0;66;49;29;73;30;64;0;194;185;177;289;209;128;0;1493
12;Skåne län;67;Höör;14694;Norra Rörum, prästgården;0;0;0;0;0;0;21;0;16;0;0;0;0;51;0;51;0;0;0;139
12;Skåne län;67;Höör;8614;Kommunhuset Höör;131;108;93;0;0;188;132;169;103;97;94;0;227;186;296;167;250;265;175;2681
12;Skåne län;67;Höör;8615;Tjörnarps biblioteksfilial;0;0;0;0;0;0;26;0;26;0;0;0;0;28;0;31;0;0;0;111
12;Skåne län;67;Höör;8617;Snogeröds biblioteksfilial;0;0;0;0;0;0;18;0;16;0;0;0;0;41;0;40;0;0;0;115
12;Skåne län;70;Tomelilla;13512;Onslunda bibliotek;0;0;0;0;0;0;34;0;0;0;0;0;0;55;0;0;0;0;0;89
12;Skåne län;70;Tomelilla;13513;Biblioteket Brösarp;0;0;0;0;0;60;0;0;62;0;0;0;84;0;0;148;0;0;0;354
12;Skåne län;70;Tomelilla;14055;Medborgarhuset, Smedstorp;0;0;0;0;0;0;0;28;0;0;0;0;0;0;71;0;0;0;0;99
12;Skåne län;70;Tomelilla;9809;Kommunhuset Tomelilla;96;91;99;0;0;131;145;125;137;163;0;0;242;233;437;444;316;247;89;2995
12;Skåne län;72;Bromölla;9824;Bromölla Bibliotek;69;141;157;82;0;222;205;254;236;229;130;0;402;367;429;435;460;324;115;4257
12;Skåne län;72;Bromölla;9967;Öllerbackas äldreboende;0;14;0;10;0;0;22;0;20;0;20;0;0;38;0;46;0;29;0;199
12;Skåne län;73;Osby;6570;Bergfast vårdboende;0;0;0;0;0;0;0;0;0;0;0;14;0;0;0;0;0;0;0;14
12;Skåne län;73;Osby;6571;Rönnebacken vårdboende;0;0;0;0;0;0;0;0;0;0;0;10;0;0;0;0;0;0;0;10
12;Skåne län;73;Osby;6572;Lindhem vårdboende;0;0;0;0;0;0;0;0;0;0;0;6;0;0;0;0;0;0;0;6
12;Skåne län;73;Osby;6573;Soldalen vårdboende;0;0;0;0;0;0;0;0;0;0;0;6;0;0;0;0;0;0;0;6
12;Skåne län;73;Osby;9804;Biblioteket Osby;59;73;53;71;0;119;93;78;144;90;88;0;207;158;275;203;243;186;36;2176
12;Skåne län;73;Osby;9806;Hemgården Killeberg;0;0;0;0;0;0;46;0;30;0;0;0;0;55;0;51;0;0;0;182
12;Skåne län;73;Osby;9807;Medborgarhuset Lönsboda;0;0;0;0;0;54;71;60;66;36;0;0;108;106;111;112;116;0;5;845
12;Skåne län;75;Perstorp;7956;Biblioteket i Perstorp;91;83;81;24;0;113;112;103;110;135;69;0;156;162;206;188;253;108;0;1994
12;Skåne län;75;Perstorp;9150;Centralskolan;0;0;0;0;0;0;0;0;0;0;0;0;0;0;0;0;0;0;19;19
12;Skåne län;76;Klippan;10000;Biblioteket i Östra Ljungby;15;29;0;0;0;52;0;24;45;0;0;0;80;0;39;74;0;0;0;358
12;Skåne län;76;Klippan;9839;Biblioteket Klippan;106;110;92;41;58;181;155;112;133;101;46;112;233;222;188;268;264;180;82;2684
12;Skåne län;76;Klippan;9979;Biblioteket i Ljungbyhed;0;68;56;0;0;57;34;0;106;44;0;0;85;52;0;165;80;0;0;747
12;Skåne län;77;Åstorp;13097;Åstorps bibliotek;79;97;64;38;0;114;127;118;87;82;46;0;191;162;167;212;223;159;0;1966
12;Skåne län;77;Åstorp;13573;Medborgarkontoret;13;21;9;0;0;18;15;18;18;16;0;0;38;36;27;34;34;0;74;371
12;Skåne län;77;Åstorp;13636;Nyvångs bibliotek;0;5;0;0;0;4;0;0;14;0;0;0;0;0;0;28;0;0;0;51
12;Skåne län;77;Åstorp;13637;Astern;0;0;0;0;0;0;0;0;0;0;0;0;0;0;0;0;0;0;0;0
12;Skåne län;77;Åstorp;6576;Backsippan;0;0;0;0;0;0;0;0;0;0;0;4;0;0;0;0;0;0;0;4
12;Skåne län;77;Åstorp;6578;Rönnåsen;0;0;0;0;0;0;0;0;0;0;0;21;0;0;0;0;0;0;0;21
12;Skåne län;77;Åstorp;6579;Vidåsen;0;0;0;0;0;0;0;0;0;0;0;6;0;0;0;0;0;0;0;6
12;Skåne län;77;Åstorp;9805;Kvidinge bibliotek;0;48;0;0;0;0;41;0;60;0;0;0;0;76;0;108;0;0;0;333
12;Skåne län;77;Åstorp;9810;Hyllinge bibliotek;0;24;0;0;0;41;0;0;39;0;0;0;51;0;0;78;0;0;0;233
12;Skåne län;78;Båstad;14716;ICA GREVIE;0;0;31;39;0;0;0;0;0;68;88;0;0;0;0;0;124;0;0;350
12;Skåne län;78;Båstad;6580;Åsliden;0;0;0;0;0;0;0;0;0;0;0;24;0;0;0;0;0;0;0;24
12;Skåne län;78;Båstad;6581;Vårliden;0;0;0;0;0;0;0;0;0;0;0;18;0;0;0;0;0;0;0;18
12;Skåne län;78;Båstad;6582;Skogsliden;0;0;0;0;0;0;0;0;0;0;0;14;0;0;0;0;0;0;0;14
12;Skåne län;78;Båstad;6583;Bjärehemmet;0;0;0;0;0;0;0;0;0;0;0;19;0;0;0;0;0;0;0;19
12;Skåne län;78;Båstad;6585;Ängahällan;0;0;0;0;0;0;0;0;0;0;0;17;0;0;0;0;0;0;0;17
12;Skåne län;78;Båstad;8746;Kommunkontoret;101;120;120;60;66;111;109;108;136;115;88;71;249;260;240;250;313;179;115;2811
12;Skåne län;78;Båstad;8747;Förslövs bygdegård;50;34;0;0;0;40;0;50;0;63;0;0;71;78;50;95;86;0;0;617
12;Skåne län;78;Båstad;8748;Torekovs bibliotek;32;0;59;0;0;65;0;48;0;56;0;0;82;0;42;0;104;0;0;488
12;Skåne län;80;Malmö;10354;Skogshill;0;0;0;0;0;0;28;0;0;0;0;0;0;0;0;0;0;0;0;28
12;Skåne län;80;Malmö;10355;Marietorp;0;0;0;0;0;0;19;0;0;0;0;0;0;0;0;0;0;0;0;19
12;Skåne län;80;Malmö;10356;Jylland;0;0;0;0;0;0;0;0;0;0;0;0;0;0;0;0;30;0;0;30
12;Skåne län;80;Malmö;10362;Storskarven;0;0;0;0;0;0;0;0;0;17;0;0;0;0;0;0;0;0;0;17
12;Skåne län;80;Malmö;10363;Vittlingen;0;0;0;0;0;0;0;0;31;0;0;0;0;0;0;0;0;0;0;31
12;Skåne län;80;Malmö;10364;Rönnbäret;0;0;0;0;0;0;0;0;0;0;0;0;0;0;0;27;0;0;0;27
12;Skåne län;80;Malmö;10365;Hyllie Park;0;0;0;0;0;0;0;0;0;0;0;0;0;0;42;0;0;0;0;42
12;Skåne län;80;Malmö;11035;Biblioteket i Garaget;14;29;14;0;11;17;46;15;29;46;0;31;41;66;74;102;119;0;0;654
12;Skåne län;80;Malmö;11056;Stadsbiblioteket;110;124;88;85;74;180;194;160;148;113;168;171;297;302;361;440;405;474;0;3894
12;Skåne län;80;Malmö;11057;Bellevuegårdsbiblioteket;84;94;49;0;0;135;139;140;129;76;0;91;165;193;235;162;159;0;0;1851
12;Skåne län;80;Malmö;11666;Lekattens vårdboende;0;0;0;0;0;0;0;0;13;0;0;0;0;0;0;0;0;0;0;13
12;Skåne län;80;Malmö;11667;Sjöstjärnan;0;0;0;0;0;0;0;0;0;19;0;0;0;0;0;0;0;0;0;19
12;Skåne län;80;Malmö;11668;Bunkeflogården;0;0;0;0;0;0;0;0;0;12;0;0;0;0;0;0;0;0;0;12
12;Skåne län;80;Malmö;11669;Nattsländan;0;0;0;0;0;0;0;0;0;8;0;0;0;0;0;0;0;0;0;8
12;Skåne län;80;Malmö;11941;Rönnens vårdboende;0;0;0;0;0;0;14;0;0;0;0;0;0;0;0;0;0;0;0;14
12;Skåne län;80;Malmö;12142;Kriminalvårdsanstalten Kirseberg;0;0;0;0;0;0;0;63;0;0;0;0;0;0;0;0;0;0;0;63
12;Skåne län;80;Malmö;12327;Vårdboendet Heleneholm;0;0;0;0;0;0;0;0;0;19;0;0;0;0;0;0;0;0;0;19
12;Skåne län;80;Malmö;12328;Fosietorp;0;0;0;0;0;0;0;0;0;8;0;0;0;0;0;0;0;0;0;8
12;Skåne län;80;Malmö;12331;Särskilt boende, Danska vägen;0;25;0;0;0;0;0;0;0;0;0;0;0;0;0;0;0;0;0;25
12;Skåne län;80;Malmö;12332;Mötesplats Kirseberg;0;0;0;0;0;0;0;0;0;0;0;0;25;0;0;0;0;0;0;25
12;Skåne län;80;Malmö;12335;SUS;0;0;0;0;0;21;0;0;0;0;0;0;0;0;0;0;0;0;0;21
12;Skåne län;80;Malmö;12336;Lindängelund;0;0;0;0;0;0;0;0;0;0;0;0;16;0;0;0;0;0;0;16
12;Skåne län;80;Malmö;12339;Vårdboendet Rosenholm;0;0;0;0;0;0;0;0;0;0;0;0;0;13;0;0;0;0;0;13
12;Skåne län;80;Malmö;12340;Lindängenbiblioteket;36;58;73;0;0;45;83;58;72;0;30;0;111;121;130;128;143;56;0;1144
12;Skåne län;80;Malmö;12823;Segevångsgården;0;0;0;0;0;0;0;0;0;0;0;0;7;0;0;0;0;0;0;7
12;Skåne län;80;Malmö;13295;Vårdboendet Kryddgården;0;22;0;0;0;0;0;0;0;0;0;0;0;0;0;0;0;0;0;22
12;Skåne län;80;Malmö;13733;Nya Lönngården;0;0;15;0;0;0;0;0;0;0;0;0;0;0;0;0;0;0;0;15
12;Skåne län;80;Malmö;13734;Celsiusgatans vårdboende;0;0;0;0;0;0;19;0;0;0;0;0;0;0;0;0;0;0;0;19
12;Skåne län;80;Malmö;13737;Havsuttern;0;0;0;0;0;0;0;0;15;0;0;0;0;0;0;0;0;0;0;15
12;Skåne län;80;Malmö;13890;Södertorpsgården, Neptuna;0;0;0;0;0;0;0;0;0;0;0;0;31;0;0;0;0;0;0;31
12;Skåne län;80;Malmö;13891;Södertorpsgården;0;0;0;0;0;0;0;0;0;0;0;0;0;0;0;180;0;0;0;180
12;Skåne län;80;Malmö;14392;Kockum Fritid;33;56;51;49;31;66;48;87;81;73;84;141;119;160;203;236;296;284;0;2098
12;Skåne län;80;Malmö;14393;Kv. Caroli;138;157;141;166;111;211;251;199;209;205;221;299;341;412;557;708;797;966;0;6089
12;Skåne län;80;Malmö;14394;Malmö högskola Orkanen;33;27;24;0;0;46;71;68;57;70;16;0;120;159;170;232;304;46;0;1443
12;Skåne län;80;Malmö;14464;Vårdboendet Fridhemmet;0;0;0;0;0;0;0;0;0;0;0;0;0;17;0;0;0;0;0;17
12;Skåne län;80;Malmö;14465;Vårdboendet Husiegård;0;0;0;0;0;0;0;0;0;0;0;0;0;14;0;0;0;0;0;14
12;Skåne län;80;Malmö;14466;Vårdboendet Päronskogen;0;0;0;0;0;0;0;0;0;0;0;0;0;0;0;19;0;0;0;19
12;Skåne län;80;Malmö;14492;Vårdboendet Pildammsvägen 1 och 2;0;0;0;0;0;0;0;0;0;0;0;0;0;0;0;16;0;0;0;16
12;Skåne län;80;Malmö;14493;Vårdboendet Basen;0;0;9;0;0;0;0;0;0;0;0;0;0;0;0;0;0;0;0;9
12;Skåne län;80;Malmö;14494;Vårdboendet Dekoren 1 och 2;0;0;0;0;0;5;0;0;0;0;0;0;0;0;0;0;0;0;0;5
12;Skåne län;80;Malmö;14495;Bellevuegårdens vårdboende;0;0;0;0;0;0;0;0;0;10;0;0;0;0;0;0;0;0;0;10
12;Skåne län;80;Malmö;14497;Vårdboendet Lindborgs gård;0;0;0;0;0;0;0;0;0;0;0;0;14;0;0;0;0;0;0;14
12;Skåne län;80;Malmö;14498;Vårdboendet Bellisgården;0;0;0;0;0;0;0;0;0;0;0;0;0;8;0;0;0;0;0;8
12;Skåne län;80;Malmö;14499;Vårdboendet Hylliehemmet;0;0;0;0;0;0;0;0;0;0;0;0;0;0;15;0;0;0;0;15
12;Skåne län;80;Malmö;14500;Vårdboendet Annetorpsgården;0;0;0;0;0;0;0;0;0;0;0;0;0;0;13;0;0;0;0;13
12;Skåne län;80;Malmö;14501;Vårdboendet Stensjögatan 1 och 2;0;0;0;0;0;4;0;0;0;0;0;0;0;0;0;0;0;0;0;4
12;Skåne län;80;Malmö;14503;Vårdboendet Lotsgården;0;0;0;0;0;0;0;0;18;0;0;0;0;0;0;0;0;0;0;18
12;Skåne län;80;Malmö;14504;Victoria vårdboende;0;0;0;0;0;0;0;0;0;26;0;0;0;0;0;0;0;0;0;26
12;Skåne län;80;Malmö;14505;Vårdboendet Fosieborg;0;0;0;0;0;0;0;0;0;0;0;0;7;0;0;0;0;0;0;7
12;Skåne län;80;Malmö;14506;Malmö Centralstation;267;250;217;167;98;284;260;260;224;253;227;269;374;455;590;769;1003;1029;1336;8332
12;Skåne län;80;Malmö;14507;Stadsområdesförvaltning Söder;11;18;13;0;0;28;29;18;22;21;0;0;35;21;45;42;65;0;0;368
12;Skåne län;80;Malmö;14508;Oxiebiblioteket;32;33;25;16;0;58;46;70;36;0;28;0;109;109;113;82;102;57;0;916
12;Skåne län;80;Malmö;14510;Triangeln Köpcenter;217;187;159;214;101;197;243;254;301;281;371;404;389;554;735;865;1206;1170;0;7848
12;Skåne län;80;Malmö;14747;Sege Park;0;0;42;0;0;0;0;0;0;0;0;0;0;0;0;0;0;0;0;42
12;Skåne län;80;Malmö;14925;Värnhemstorget;48;78;77;57;31;65;77;99;110;118;104;121;173;191;233;337;497;531;0;2947
12;Skåne län;80;Malmö;14926;Rosengårdsbiblioteket;70;40;85;39;0;155;116;145;99;130;74;0;250;166;280;251;297;243;0;2440
12;Skåne län;80;Malmö;14927;Emporia;70;104;96;148;100;131;105;155;169;166;263;355;225;308;419;503;658;986;0;4961
12;Skåne län;80;Malmö;14928;Tegelhuset i Rosengård;0;0;0;38;42;0;0;0;0;0;82;65;0;0;0;0;0;229;0;456
12;Skåne län;80;Malmö;14929;Medborgarkontor Varda;6;26;10;0;0;27;34;25;35;27;0;0;18;20;16;100;13;0;0;357
12;Skåne län;80;Malmö;14930;Stadsområdesförvaltning Öster;19;24;28;0;0;40;41;44;43;36;0;0;72;58;70;77;77;0;0;629
12;Skåne län;80;Malmö;14931;Limhamnsbiblioteket;135;211;189;0;0;309;307;222;247;245;137;0;412;496;395;427;491;261;0;4484
12;Skåne län;80;Malmö;6589;Tryggheten;0;0;9;0;0;0;0;0;0;0;0;0;0;0;0;0;0;0;0;9
12;Skåne län;80;Malmö;6592;Högsåkers vårdboende;0;0;0;0;0;0;0;0;0;0;0;0;0;0;19;0;0;0;0;19
12;Skåne län;80;Malmö;6593;Gyllebogårdens vårdboende;0;0;0;0;0;0;48;0;0;0;0;0;0;0;0;0;0;0;0;48
12;Skåne län;80;Malmö;6595;Basunen;0;0;0;0;0;0;13;0;0;0;0;0;0;0;0;0;0;0;0;13
12;Skåne län;80;Malmö;6599;Mathildenborgs vårdboende;0;0;0;0;0;0;0;0;38;0;0;0;0;0;0;0;0;0;0;38
12;Skåne län;80;Malmö;6600;Tygelsjöanstalten;0;0;0;0;0;40;0;0;0;0;0;0;0;0;0;0;0;0;0;40
12;Skåne län;80;Malmö;6601;Tygelsjögårdens vårdboende;0;0;0;0;0;22;0;0;0;0;0;0;0;0;0;0;0;0;0;22
12;Skåne län;80;Malmö;6602;Häktet;0;0;0;0;0;0;32;0;0;0;0;0;0;0;0;0;0;0;0;32
12;Skåne län;80;Malmö;6606;Blomstergården;0;0;0;0;0;0;0;0;0;0;0;0;0;17;0;0;0;0;0;17
12;Skåne län;80;Malmö;6607;Vishetens vårdboende;0;22;0;0;0;0;0;0;0;0;0;0;0;0;0;0;0;0;0;22
12;Skåne län;80;Malmö;6609;Fosieanstalten;0;0;0;0;0;0;0;56;0;0;0;0;0;0;0;0;0;0;0;56
12;Skåne län;80;Malmö;6610;Oxie Vårdhem;0;0;0;0;0;0;0;0;0;0;0;0;0;55;0;0;0;0;0;55
12;Skåne län;80;Malmö;8809;Mobilia;536;614;514;462;225;566;673;640;635;571;664;836;942;1011;1220;1347;1652;1763;1027;15898
12;Skåne län;80;Malmö;8843;Dammfrigården;0;0;0;0;0;0;0;0;13;0;0;0;0;0;0;0;0;0;0;13
12;Skåne län;80;Malmö;8844;Kirsebergsbiblioteket;26;30;28;0;0;61;56;76;34;38;0;0;99;86;140;76;130;0;0;880
12;Skåne län;80;Malmö;8846;Kronprinsen Köpcenter;182;245;236;174;66;14;253;300;279;281;273;294;493;554;655;768;941;1249;0;7257
12;Skåne län;80;Malmö;8849;Jägersro Center;143;248;207;222;132;260;352;292;455;409;350;393;571;569;724;831;1057;973;0;8188
12;Skåne län;80;Malmö;8857;Malmö högskola SUS;18;14;23;0;0;28;35;38;46;44;0;0;61;79;97;143;186;0;0;812
12;Skåne län;80;Malmö;8863;Stadshuset;223;156;147;0;0;159;147;168;175;186;0;0;312;329;364;427;493;0;653;3939
12;Skåne län;81;Lund;13776;Eden, huvudingången;12;23;14;0;0;29;35;33;43;34;0;0;72;145;127;201;291;0;0;1059
12;Skåne län;81;Lund;14275;Navet;15;14;27;0;0;16;19;30;36;43;0;0;121;141;228;358;531;0;0;1579
12;Skåne län;81;Lund;14276;Holger Crafoords Ekonomicentrum;31;26;34;0;0;52;42;53;71;45;0;0;113;152;202;283;354;0;0;1458
12;Skåne län;81;Lund;14364;LVM-hemmet Lunden;0;0;0;0;0;0;0;0;0;0;0;0;0;13;0;0;0;0;0;13
12;Skåne län;81;Lund;14365;Råby Ungdomshem;0;0;0;0;0;0;0;0;0;0;0;0;0;6;0;0;0;0;0;6
12;Skåne län;81;Lund;14669;Torngården;15;13;15;0;0;13;26;3;24;30;0;0;15;59;19;67;64;0;0;363
12;Skåne län;81;Lund;6622;Skånes universitetssjukhus, Lund;50;58;70;0;0;83;96;108;200;98;0;0;202;192;266;346;472;391;210;2842
12;Skåne län;81;Lund;7935;Stadsbiblioteket;292;312;277;219;175;372;396;348;411;419;374;446;767;884;982;1209;1446;1144;905;11378
12;Skåne län;81;Lund;7936;Bibliotek Väster;89;75;0;0;0;79;98;80;128;0;0;0;148;159;141;278;0;0;0;1275
12;Skåne län;81;Lund;7937;Bibliotek Klostergården;53;66;54;0;0;88;74;50;78;55;0;0;99;168;114;167;110;0;0;1176
12;Skåne län;81;Lund;7938;Bibliotek Norra Fäladen;47;76;47;0;0;85;62;62;103;64;0;0;195;121;130;304;299;0;0;1595
12;Skåne län;81;Lund;7939;Bibliotek Linero;50;62;46;0;0;75;57;48;86;55;0;0;119;88;133;211;153;0;0;1183
12;Skåne län;81;Lund;7940;Bibliotek Dalby;53;65;50;29;0;85;52;80;70;95;73;0;176;125;226;244;178;182;0;1783
12;Skåne län;81;Lund;7941;Bibliotek Genarp;22;37;0;34;0;56;35;33;41;0;49;0;91;104;49;134;0;125;0;810
12;Skåne län;81;Lund;7942;Bibliotek Södra Sandby;52;66;40;34;0;48;72;91;75;68;85;0;170;189;231;240;172;155;0;1788
12;Skåne län;81;Lund;7943;Bibliotek Veberöd;30;32;31;17;0;42;37;56;76;60;49;0;144;153;117;170;123;119;0;1256
12;Skåne län;81;Lund;7944;Bibliotek Nöbbelöv;58;33;17;0;0;74;33;63;40;50;0;0;146;64;179;69;82;0;0;908
12;Skåne län;82;Landskrona;10835;Linc;31;26;32;41;0;50;32;36;38;40;50;0;69;88;90;78;96;79;0;876
12;Skåne län;82;Landskrona;14147;S:t Ibbs prästgård;0;0;0;0;0;0;0;0;0;0;0;0;0;0;0;0;0;0;11;11
12;Skåne län;82;Landskrona;9065;Stadshuset;45;50;56;0;0;60;56;48;62;78;0;0;105;137;132;125;183;0;161;1298
12;Skåne län;82;Landskrona;9066;Stadsbiblioteket;122;151;99;147;0;169;136;196;176;145;185;0;300;265;334;357;322;353;0;3457
12;Skåne län;82;Landskrona;9067;Västra Fäladens Träffpunkt;44;65;78;64;0;94;95;90;78;62;69;0;109;80;109;95;82;72;0;1286
12;Skåne län;82;Landskrona;9069;Glumslövs bibliotek;0;37;0;0;0;46;13;0;60;0;0;0;90;64;0;115;0;0;0;425
12;Skåne län;82;Landskrona;9070;Häljarps bibliotek;33;0;0;0;0;63;0;77;0;0;0;0;144;0;135;0;0;0;0;452
12;Skåne län;82;Landskrona;9071;Asmundtorps Församlingshem;38;0;0;0;0;26;0;58;0;0;0;0;40;0;110;0;0;0;0;272
12;Skåne län;83;Helsingborg;12814;Stadsbiblioteket;147;165;165;97;76;189;174;133;171;170;96;149;247;294;355;403;575;370;0;3976
12;Skåne län;83;Helsingborg;12816;Helsingborgs lasarett;74;138;104;78;66;150;163;147;154;143;111;159;207;205;270;329;383;350;0;3231
12;Skåne län;83;Helsingborg;13707;Linneaträdgården;0;0;0;0;0;38;0;0;37;0;24;0;0;30;0;115;0;0;0;244
12;Skåne län;83;Helsingborg;13708;Kattarps fd bibliotek;0;0;0;0;0;22;0;15;0;0;0;20;0;0;29;0;27;0;0;113
12;Skåne län;83;Helsingborg;13709;Adolfsberg Träffpunkt 56:an;0;0;0;0;0;43;0;58;0;0;0;0;0;77;0;58;0;0;0;236
12;Skåne län;83;Helsingborg;13710;Planteringen Träffpunkt Rosenknoppen;0;0;0;0;0;0;42;0;0;46;0;0;43;0;68;0;65;0;0;264
12;Skåne län;83;Helsingborg;13714;Tuvehagen;0;0;0;0;9;0;0;0;0;0;0;0;0;0;0;0;0;0;0;9
12;Skåne län;83;Helsingborg;13715;Romares stiftelse;0;0;0;0;0;0;0;0;25;0;0;0;0;0;0;0;0;0;0;25
12;Skåne län;83;Helsingborg;13716;Fullriggaren;0;0;0;0;0;0;0;0;0;0;0;9;0;0;0;0;0;0;0;9
12;Skåne län;83;Helsingborg;13717;Fregatten;0;0;0;0;0;0;0;0;11;0;0;0;0;0;0;0;0;0;0;11
12;Skåne län;83;Helsingborg;13718;Lussebäcksgården;0;0;0;9;0;0;0;0;0;0;0;0;0;0;0;0;0;0;0;9
12;Skåne län;83;Helsingborg;13719;Jordbodalen;0;0;0;0;0;0;0;0;0;0;0;19;0;0;0;0;0;0;0;19
12;Skåne län;83;Helsingborg;13720;Murteglet;0;0;0;14;0;0;0;0;0;0;0;0;0;0;0;0;0;0;0;14
12;Skåne län;83;Helsingborg;13721;Rangvallagården;0;0;0;0;7;0;0;0;0;0;0;0;0;0;0;0;0;0;0;7
12;Skåne län;83;Helsingborg;13722;Fredriksdalshemmet;0;0;0;0;0;0;0;0;0;0;0;27;0;0;0;0;0;0;0;27
12;Skåne län;83;Helsingborg;13723;Bergalidens vårdboende;0;0;0;0;0;0;0;0;0;0;0;18;0;0;0;0;0;0;0;18
12;Skåne län;83;Helsingborg;13724;Valltorp;0;0;0;0;0;0;0;0;0;0;29;0;0;0;0;0;0;0;0;29
12;Skåne län;83;Helsingborg;13725;Stattenahemmet;0;0;0;0;0;0;0;0;40;0;0;0;0;0;0;0;0;0;0;40
12;Skåne län;83;Helsingborg;13732;Valkansliet, Stadsbyggnadshuset;0;0;0;0;0;0;0;0;0;0;0;0;0;0;0;0;0;0;317;317
12;Skåne län;83;Helsingborg;13863;Kriminalvårdsanstalten, häktet;0;0;0;0;0;0;0;0;0;0;0;0;0;49;0;0;0;0;0;49
12;Skåne län;83;Helsingborg;14454;Bårslöv träffpunkt;0;0;0;0;29;18;0;0;19;26;11;0;30;56;17;0;48;0;0;254
12;Skåne län;83;Helsingborg;14455;Helsingborg kontaktcenter;125;166;111;77;0;161;177;135;117;118;124;0;215;209;274;302;296;225;0;2832
12;Skåne län;83;Helsingborg;14456;Laröd Helsingborgsghem;23;0;0;58;0;0;46;0;39;0;44;0;43;45;0;72;0;65;0;435
12;Skåne län;83;Helsingborg;14457;Mörarp Helsingborgshem;0;0;12;11;0;0;10;0;0;0;25;19;0;0;38;0;43;0;0;158
12;Skåne län;83;Helsingborg;14458;Vallåkra bygdegård;0;0;0;17;0;0;0;0;0;24;0;17;0;28;0;31;0;0;0;117
12;Skåne län;83;Helsingborg;14459;Väla Centrum 5;0;0;0;0;0;259;247;272;287;246;297;470;427;478;534;600;694;605;0;5416
12;Skåne län;83;Helsingborg;14460;Dunkerska huset;0;0;0;0;30;0;0;0;0;0;0;0;0;0;0;0;0;0;0;30
12;Skåne län;83;Helsingborg;14461;Elinebo;0;0;0;0;0;0;0;0;0;0;17;0;0;0;0;0;0;0;0;17
12;Skåne län;83;Helsingborg;14462;Pålsjö park boende för äldre;0;0;0;0;0;0;0;0;34;0;0;0;0;0;0;0;0;0;0;34
12;Skåne län;83;Helsingborg;14463;Åbrädden;0;0;0;20;0;0;0;0;0;0;0;0;0;0;0;0;0;0;0;20
12;Skåne län;83;Helsingborg;14761;Bokliden vårdboende;0;0;0;0;0;0;0;0;0;0;13;0;0;0;0;0;0;0;0;13
12;Skåne län;83;Helsingborg;14762;Borgvalla vårdboende;0;0;0;13;0;0;0;0;0;0;0;0;0;0;0;0;0;0;0;13
12;Skåne län;83;Helsingborg;14763;Lundhagen vårdboende;0;0;0;0;12;0;0;0;0;0;0;0;0;0;0;0;0;0;0;12
12;Skåne län;83;Helsingborg;6651;Kriminalvårdsanstalten Berga;0;0;0;0;0;0;0;0;0;0;0;0;0;24;0;0;0;0;0;24
12;Skåne län;83;Helsingborg;9243;Drottninghögs Bibliotek;79;67;50;0;0;111;74;60;58;67;0;0;134;98;88;83;119;0;0;1088
12;Skåne län;83;Helsingborg;9244;Elinebergs Bibliotek;0;0;105;0;0;139;77;0;80;80;0;0;209;82;0;125;102;0;0;999
12;Skåne län;83;Helsingborg;9246;Påarps Bibliotek;28;0;36;0;0;35;0;69;0;38;0;0;80;0;66;0;42;0;0;394
12;Skåne län;83;Helsingborg;9247;Ringstorps Bibliotek;112;103;91;0;0;155;102;149;83;118;0;0;185;0;262;167;185;0;0;1712
12;Skåne län;83;Helsingborg;9248;Rosengårdens Bibliotek;53;0;72;0;0;80;63;67;0;59;0;0;112;60;111;0;88;0;0;765
12;Skåne län;83;Helsingborg;9249;Råå Bibliotek;54;0;0;107;0;136;113;65;92;0;90;0;174;185;90;153;0;153;0;1412
12;Skåne län;83;Helsingborg;9251;Rydebäcks Bibliotek;48;0;0;69;0;94;60;84;57;0;77;0;188;102;134;86;0;150;0;1149
12;Skåne län;83;Helsingborg;9252;Ödåkra Bibliotek;0;0;46;0;0;42;25;0;41;16;0;0;48;19;0;74;18;0;0;329
12;Skåne län;83;Helsingborg;9254;Campus Helsingborg;7;15;19;0;0;21;47;55;39;40;0;0;70;92;99;147;182;0;0;833
12;Skåne län;83;Helsingborg;9259;Söderpunkten;0;0;0;0;0;120;148;138;92;104;94;0;161;190;247;249;293;254;0;2090
12;Skåne län;83;Helsingborg;9261;Väla Centrum 1;0;0;0;0;0;278;275;254;252;275;330;485;408;494;492;561;725;712;0;5541
12;Skåne län;84;Höganäs;13829;Mölle stationshus;0;0;0;0;0;0;0;113;0;0;0;0;0;82;0;0;0;0;0;195
12;Skåne län;84;Höganäs;9027;Höganäs Stadshus;123;144;130;115;70;131;143;186;172;171;210;196;275;323;295;396;405;320;100;3905
12;Skåne län;84;Höganäs;9028;Biblioteket i Jonstorp;0;97;0;0;0;0;91;0;0;0;0;0;0;215;0;0;0;0;0;403
12;Skåne län;84;Höganäs;9029;Biblioteket i Viken;0;0;0;0;0;213;0;0;0;145;0;0;0;0;279;0;0;0;0;637
12;Skåne län;84;Höganäs;9030;Biblioteket i Nyhamnsläge;0;0;0;0;0;0;0;0;148;0;0;0;164;0;0;0;0;0;0;312
12;Skåne län;85;Eslöv;14339;Karlsrobadet;10;18;22;0;0;24;12;18;29;25;0;0;20;38;28;53;40;0;0;337
12;Skåne län;85;Eslöv;14998;Röstningsbod, Netto;19;26;15;24;0;0;44;24;35;30;39;0;0;102;68;100;63;111;0;700
12;Skåne län;85;Eslöv;14999;Röstningsbod, Willys;14;11;11;11;0;0;18;34;27;49;31;0;0;49;73;73;133;98;0;632
12;Skåne län;85;Eslöv;9096;Stadshuset;20;23;39;0;0;23;30;29;25;24;0;0;34;38;46;77;61;0;0;469
12;Skåne län;85;Eslöv;9097;Stadsbiblioteket;170;176;140;86;0;216;220;180;200;200;133;0;421;337;374;366;467;373;195;4254
12;Skåne län;85;Eslöv;9098;Flyinge filialbibliotek;14;24;0;0;0;38;0;19;11;0;0;0;54;0;66;15;0;0;0;241
12;Skåne län;85;Eslöv;9099;Harlösa filialbibliotek;0;33;0;0;0;0;36;0;55;0;0;0;0;71;0;96;0;0;0;291
12;Skåne län;85;Eslöv;9100;Löberöds filialbibliotek;22;27;0;0;0;22;0;29;23;0;0;0;65;0;61;55;0;0;0;304
12;Skåne län;85;Eslöv;9101;Marieholms filialbibliotek;0;32;9;0;0;38;0;0;52;25;0;0;56;0;0;88;47;0;0;347
12;Skåne län;85;Eslöv;9102;Stehags filialbibliotek;0;22;0;0;0;27;0;0;33;0;0;0;44;0;0;62;0;0;0;188
12;Skåne län;86;Ystad;13789;Löderups Bibliotek;0;0;0;0;0;48;0;0;0;0;0;0;79;0;0;0;0;0;0;127
12;Skåne län;86;Ystad;13790;Glemminge bibliotek;0;0;0;0;0;22;0;21;0;0;0;0;31;0;67;0;0;0;0;141
12;Skåne län;86;Ystad;13792;Svarte bibliotek;0;0;0;0;0;0;44;0;18;0;0;0;0;58;0;39;0;0;0;159
12;Skåne län;86;Ystad;14987;Köpingebros Mötesplats;0;0;0;0;0;0;49;0;0;0;0;0;0;93;0;0;0;0;0;142
12;Skåne län;86;Ystad;15037;Kriminalvården anstalten Ystad;0;0;0;0;0;0;0;0;0;0;0;12;0;0;0;0;0;0;0;12
12;Skåne län;86;Ystad;15038;Boendet Ljuskällan;0;0;0;0;0;0;0;0;0;0;0;27;0;0;0;0;0;0;0;27
12;Skåne län;86;Ystad;15039;Särskilt boende Bellevue;0;0;0;0;0;0;0;0;0;0;0;26;0;0;0;0;0;0;0;26
12;Skåne län;86;Ystad;15040;Boendet Vigs Ängar;0;0;0;0;0;0;0;0;0;0;0;14;0;0;0;0;0;0;0;14
12;Skåne län;86;Ystad;15041;Boendet Löderupsgården;0;0;0;0;0;0;0;0;0;0;0;8;0;0;0;0;0;0;0;8
12;Skåne län;86;Ystad;15042;Lasarettet i Ystad;0;0;0;0;0;0;0;0;0;0;0;0;0;0;0;16;0;0;0;16
12;Skåne län;86;Ystad;15043;Väderleksvägens särskilda boende;0;0;0;0;0;0;0;0;0;0;0;0;41;0;0;0;0;0;0;41
12;Skåne län;86;Ystad;15050;Solbackens äldreboende;0;0;0;0;0;0;0;0;0;0;0;0;11;0;0;0;0;0;0;11
12;Skåne län;86;Ystad;8798;Nya Rådhuset Ystad;197;266;344;262;0;333;374;328;341;362;286;0;601;572;615;596;762;468;177;6884
12;Skåne län;87;Trelleborg;11860;Willys;56;131;93;0;0;100;106;88;160;203;0;0;237;190;218;378;427;0;0;2387
12;Skåne län;87;Trelleborg;11861;City Gross;67;140;113;0;0;100;94;96;193;150;0;0;213;200;220;354;518;0;0;2458
12;Skåne län;87;Trelleborg;11862;ICA Maxi;50;123;93;0;0;78;56;68;162;153;0;0;129;127;159;249;277;0;0;1724
12;Skåne län;87;Trelleborg;8928;Biblioteket;169;164;120;52;0;163;194;220;156;136;165;0;305;296;308;267;370;399;107;3591
12;Skåne län;87;Trelleborg;8930;Smygehem;22;29;19;0;0;43;22;23;23;33;0;0;51;72;55;62;40;0;0;494
12;Skåne län;87;Trelleborg;8931;Gröningens servicecentrum;16;30;17;0;0;30;33;42;31;28;0;0;37;26;66;44;54;0;0;454
12;Skåne län;90;Kristianstad;11023;Huaröds församlingshem;0;0;0;0;0;0;0;0;0;0;0;0;0;0;0;0;0;0;0;0
12;Skåne län;90;Kristianstad;11024;Maglehems Bygdegård;0;0;0;0;0;0;0;0;0;0;0;0;0;0;0;0;0;0;0;0
12;Skåne län;90;Kristianstad;11026;Vånga församlingshem;0;0;0;0;0;0;0;0;0;0;0;0;0;0;0;0;0;0;0;0
12;Skåne län;90;Kristianstad;11027;Linderöds Bygdegård;0;0;0;0;0;0;0;0;0;0;0;0;0;0;0;0;0;0;0;0
12;Skåne län;90;Kristianstad;11028;Yngsjö Kyrkstuga;0;0;0;0;0;0;0;0;0;0;0;0;0;0;0;0;0;0;0;0
12;Skåne län;90;Kristianstad;11029;Fjälkestads skola;0;0;0;0;0;0;0;0;0;0;0;0;0;0;0;0;0;0;0;0
12;Skåne län;90;Kristianstad;11283;Äsphult bibliotek;0;0;0;0;0;17;0;0;0;0;0;0;34;0;0;0;0;0;0;51
12;Skåne län;90;Kristianstad;11303;Linderöds bibliotek;0;0;0;0;0;0;36;0;0;0;0;0;0;62;0;0;0;0;0;98
12;Skåne län;90;Kristianstad;14726;Högskolan Kristianstad;7;17;14;0;0;22;15;32;23;31;0;0;48;47;64;95;126;0;0;541
12;Skåne län;90;Kristianstad;14738;Medborgarcenter, Rådhus Skåne;122;313;263;53;0;323;256;309;413;271;130;0;534;432;592;867;752;475;408;6513
12;Skåne län;90;Kristianstad;6694;Anstalten Kristianstad;0;0;0;0;0;0;0;0;0;0;0;48;0;0;0;0;0;0;0;48
12;Skåne län;90;Kristianstad;6695;Häktet;0;0;0;0;0;0;0;0;0;0;0;10;0;0;0;0;0;0;0;10
12;Skåne län;90;Kristianstad;9050;Arkelstorps bibliotek;40;28;0;0;0;51;0;45;34;0;0;0;85;0;92;53;0;0;0;428
12;Skåne län;90;Kristianstad;9051;Degeberga bibliotek;34;27;0;0;0;48;0;68;30;0;0;0;111;0;110;89;0;0;0;517
12;Skåne län;90;Kristianstad;9052;Everöds Bibliotek;18;19;0;0;0;18;0;24;17;0;0;0;17;0;44;24;0;0;0;181
12;Skåne län;90;Kristianstad;9053;Fjälkinge Bibliotek;35;23;0;0;0;48;24;59;24;0;0;0;82;70;98;55;0;0;0;518
12;Skåne län;90;Kristianstad;9054;Färlövs bibliotek;0;0;28;0;0;28;35;0;0;31;0;0;60;66;0;0;92;0;0;340
12;Skåne län;90;Kristianstad;9055;Gamlegårdens bibliotek;109;85;96;0;0;115;83;82;72;78;0;0;144;99;111;131;203;0;0;1408
12;Skåne län;90;Kristianstad;9056;Tollarps bibliotek;48;55;0;0;0;85;111;64;73;0;0;0;147;177;130;133;0;0;0;1023
12;Skåne län;90;Kristianstad;9058;Vä bibliotek;67;69;41;0;0;124;26;133;61;69;0;0;189;65;216;186;244;0;0;1490
12;Skåne län;90;Kristianstad;9059;Åhus bibliotek;100;130;154;93;0;213;218;193;159;229;118;0;363;377;397;259;415;268;0;3686
12;Skåne län;90;Kristianstad;9060;Önnestads bibliotek;29;14;0;0;0;27;0;39;13;0;0;0;50;0;70;69;0;0;0;311
12;Skåne län;90;Kristianstad;9061;Österängs bibliotek;63;54;0;0;0;78;80;44;61;0;0;0;118;103;87;98;0;0;0;786
12;Skåne län;90;Kristianstad;9072;Trolle Ljungby skola;0;0;0;0;0;0;0;0;0;0;0;0;0;0;0;0;0;0;0;0
12;Skåne län;90;Kristianstad;9073;Ivö Föreningsgård;0;0;0;0;0;0;0;0;0;0;0;0;0;0;0;0;0;0;0;0
12;Skåne län;90;Kristianstad;9079;Rinkaby församlingshem;0;0;0;0;0;0;0;0;0;0;0;0;0;0;0;0;0;0;0;0
12;Skåne län;91;Simrishamn;10076;Stadshuset i Simrishamn;82;113;124;40;0;147;177;141;206;157;92;0;241;292;274;354;311;271;332;3354
12;Skåne län;91;Simrishamn;10079;Borrby församlingshem;24;0;0;0;0;0;0;72;0;0;0;0;59;0;67;0;82;0;0;304
12;Skåne län;91;Simrishamn;10080;Gärsnäs allaktivitetshus;0;36;0;0;0;0;58;0;39;0;0;0;0;63;0;64;0;0;0;260
12;Skåne län;91;Simrishamn;10082;Hammenhögs skola;8;0;0;0;0;26;0;30;0;0;0;0;38;0;52;0;0;0;0;154
12;Skåne län;91;Simrishamn;10084;Kivik Äppelgården;0;45;0;0;0;0;51;0;44;0;0;0;0;57;0;88;0;0;0;285
12;Skåne län;91;Simrishamn;10093;Medborgarhuset i S:t Olof;0;32;0;0;0;0;39;0;22;0;0;0;49;0;69;0;0;0;0;211
12;Skåne län;91;Simrishamn;10094;Skillinge Skola;0;29;0;0;0;0;27;0;24;0;0;0;0;50;0;86;0;0;0;216
12;Skåne län;91;Simrishamn;14400;Servicehuset Solgläntan;0;0;0;0;0;0;0;0;0;0;0;6;0;0;0;0;0;0;0;6
12;Skåne län;91;Simrishamn;6705;Servicehuset Ankaret;0;0;0;0;0;0;0;0;0;0;0;4;0;0;0;0;0;0;0;4
12;Skåne län;91;Simrishamn;6706;Sankt Olofshemmet;0;0;0;0;0;0;0;0;0;0;0;4;0;0;0;0;0;0;0;4
12;Skåne län;91;Simrishamn;6708;Servicehuset Tulpanen;0;0;0;0;0;0;0;0;0;0;0;11;0;0;0;0;0;0;0;11
12;Skåne län;91;Simrishamn;6709;Lillevångshemmet;0;0;0;0;0;0;0;0;0;0;0;12;0;0;0;0;0;0;0;12
12;Skåne län;91;Simrishamn;6710;Rosenborg;0;0;0;0;0;0;0;0;0;0;0;13;0;0;0;0;0;0;0;13
12;Skåne län;91;Simrishamn;6711;Borrbyhemmet;0;0;0;0;0;0;0;0;0;0;0;11;0;0;0;0;0;0;0;11
12;Skåne län;91;Simrishamn;6712;Simrishamns sjukhus;0;0;0;0;0;0;0;0;0;0;0;6;0;0;0;0;0;0;0;6
12;Skåne län;91;Simrishamn;6713;Skönadalshemmet;0;0;0;0;0;0;0;0;0;0;0;8;0;0;0;0;0;0;0;8
12;Skåne län;92;Ängelholm;11670;Munka-Ljungby bibliotek;38;50;0;44;0;81;49;82;132;0;64;0;154;112;124;186;0;156;0;1272
12;Skåne län;92;Ängelholm;14445;Strövelstorps bibliotek;0;30;0;0;0;12;0;0;23;0;0;0;43;0;0;73;0;0;0;181
12;Skåne län;92;Ängelholm;7971;Stadshuset;74;84;65;0;58;81;83;103;92;102;0;172;195;129;204;178;221;0;142;1983
12;Skåne län;92;Ängelholm;7972;Stadsbiblioteket;179;254;204;176;0;284;305;286;341;256;300;0;510;507;574;603;572;524;0;5875
12;Skåne län;92;Ängelholm;7974;Hjärnarps bibliotek;0;37;23;0;0;49;33;0;64;36;0;0;64;73;0;125;76;0;0;580
12;Skåne län;92;Ängelholm;7975;Vejbystrands bibliotek;38;52;0;25;0;68;50;42;64;0;54;0;91;111;98;147;0;96;0;936
12;Skåne län;93;Hässleholm;12684;Hässleholms Stadsbibliotek;197;227;197;145;79;249;295;276;261;277;224;164;453;602;589;702;737;556;250;6480
12;Skåne län;93;Hässleholm;9316;Bjärnums bibliotek;14;36;37;0;0;66;52;23;46;48;0;0;100;114;50;63;111;0;0;760
12;Skåne län;93;Hässleholm;9317;Sösdala bibliotek;25;19;9;0;0;36;9;42;35;9;0;0;67;37;107;84;50;0;0;529
12;Skåne län;93;Hässleholm;9319;Tyringe bibliotek;69;71;79;0;0;116;88;94;105;110;0;0;193;149;210;177;163;0;0;1624
12;Skåne län;93;Hässleholm;9320;Vinslövs bibliotek;39;72;32;0;0;96;44;44;129;70;0;0;160;91;105;206;112;0;0;1200
12;Skåne län;93;Hässleholm;9321;Servicekontoret i Hästveda;24;37;0;0;0;23;47;43;93;0;0;0;50;81;66;143;0;0;0;607
12;Skåne län;93;Hässleholm;9322;Servicekontoret i Vittsjö;0;48;24;0;0;23;58;0;69;22;0;0;40;113;0;152;57;0;0;606
13;Hallands län;15;Hylte;14205;Kommunhuset;14;43;27;0;0;92;53;67;71;46;44;0;126;72;118;147;206;93;53;1272
13;Hallands län;15;Hylte;9955;ICA Målet Matbutiken;0;0;17;0;0;11;0;18;10;16;0;0;14;24;20;18;25;0;29;202
13;Hallands län;15;Hylte;9964;Torups Byggshop;15;19;38;23;0;18;26;38;23;38;23;0;74;122;56;80;100;45;0;738
13;Hallands län;15;Hylte;9973;Unnaryds Servicecenter;6;7;9;0;0;6;14;24;13;22;0;0;26;27;35;32;34;11;0;266
13;Hallands län;80;Halmstad;13026;Medborgarservice Andersberg;80;53;72;0;0;61;54;86;46;42;0;0;57;62;116;102;118;0;0;949
13;Hallands län;80;Halmstad;13042;Haverdalshallen;41;0;0;0;0;72;0;99;0;0;85;0;122;0;193;0;0;106;0;718
13;Hallands län;80;Halmstad;14868;Bokbussen;2;0;0;0;0;7;8;0;10;2;0;0;0;7;11;2;0;0;0;49
13;Hallands län;80;Halmstad;14869;Kåren;6;1;0;0;0;8;13;19;20;0;0;0;41;52;69;121;0;0;0;350
13;Hallands län;80;Halmstad;14886;Valambassadörernas röstvagn;0;0;27;0;0;9;13;9;0;23;0;0;22;56;0;0;0;0;0;159
13;Hallands län;80;Halmstad;14913;Alla hjärtans hus;0;0;0;0;0;0;0;0;0;0;0;0;0;0;0;0;0;0;0;0
13;Hallands län;80;Halmstad;8393;Stadsbiblioteket;160;235;226;195;0;322;290;335;304;255;349;0;491;618;855;943;996;876;0;7450
13;Hallands län;80;Halmstad;8423;Fyllinge bibliotek;13;16;0;0;0;65;0;77;23;0;0;0;94;0;155;42;0;0;0;485
13;Hallands län;80;Halmstad;8429;Getinge bibliotek;0;18;11;0;0;48;20;0;81;36;0;0;82;55;134;0;0;0;0;485
13;Hallands län;80;Halmstad;8436;Gullbrandstorps skolbibliotek;0;38;0;31;0;0;58;0;65;0;56;0;0;105;0;103;46;81;0;583
13;Hallands län;80;Halmstad;8441;Harplinge bibliotek;0;23;16;0;0;24;19;0;49;17;0;0;82;21;0;115;46;0;0;412
13;Hallands län;80;Halmstad;8464;Oskarströms bibliotek;0;78;29;0;0;69;83;0;149;0;53;0;122;150;0;228;87;134;0;1182
13;Hallands län;80;Halmstad;8470;Simlångsdalens bibliotek;0;28;0;0;0;0;24;0;34;0;0;0;0;62;0;95;0;0;0;243
13;Hallands län;80;Halmstad;8471;Söndrums bibliotek;94;176;138;0;0;237;254;183;214;180;126;0;388;423;299;400;406;361;0;3879
13;Hallands län;80;Halmstad;8480;Gula villan fritidsgård;20;0;24;0;0;68;0;54;0;57;0;0;136;0;102;0;93;0;0;554
13;Hallands län;80;Halmstad;8488;Vallås bibliotek;57;124;78;0;0;172;113;159;155;101;110;0;264;271;259;354;248;249;0;2714
13;Hallands län;80;Halmstad;8494;Hemvärnsgården i Åled;13;0;28;0;0;35;0;43;0;39;28;0;50;0;59;0;59;0;0;354
13;Hallands län;80;Halmstad;8507;Kvibille bibliotek;0;14;0;0;0;0;23;0;41;0;25;0;0;71;0;59;0;0;0;233
13;Hallands län;80;Halmstad;8513;Stentorpshallen vid Kärleken;16;0;11;0;0;24;0;43;0;22;0;0;71;0;59;0;50;0;0;296
13;Hallands län;80;Halmstad;8517;Holms bygdegård;0;9;0;2;0;0;15;12;18;0;0;0;0;21;25;24;0;0;0;126
13;Hallands län;80;Halmstad;9095;Rådhuset;102;140;140;87;0;144;193;133;143;213;139;0;221;221;365;370;435;372;0;3418
13;Hallands län;81;Laholm;9518;Medborgarservice, Stadshuset;50;113;81;39;0;114;105;117;111;98;61;0;169;280;245;273;252;141;104;2353
13;Hallands län;81;Laholm;9579;Mellby Center;15;83;104;105;128;105;107;130;193;156;150;247;204;283;267;314;325;368;0;3284
13;Hallands län;81;Laholm;9591;Knäreds bibliotek, Knäredsskolan;5;0;0;20;0;31;0;26;0;0;32;0;58;0;59;0;0;43;0;274
13;Hallands län;81;Laholm;9594;Veinge bibliotek, Veingeskolan;1;14;0;9;0;12;0;12;37;0;17;0;29;0;17;65;0;38;0;251
13;Hallands län;81;Laholm;9604;Våxtorps bibliotek, Våxtorpsskolan;0;13;0;4;0;20;17;0;31;0;26;0;49;21;0;74;0;36;0;291
13;Hallands län;81;Laholm;9703;Bokbussen;1;5;0;0;0;9;8;5;3;8;0;0;6;6;5;9;0;0;0;65
13;Hallands län;82;Falkenberg;13821;Falkenbergs huvudbibliotek;66;98;98;71;0;140;147;173;152;160;91;0;296;297;360;398;372;249;0;3168
13;Hallands län;82;Falkenberg;13823;Navigatorscentrum;0;0;0;0;0;0;0;0;0;0;0;0;0;0;0;0;0;0;0;0
13;Hallands län;82;Falkenberg;13826;Mobila biblioteket (Bokbussen);0;0;0;0;0;10;0;0;21;0;0;0;0;5;18;0;0;0;0;54
13;Hallands län;82;Falkenberg;9492;Stadshuset, Falkenberg;116;147;147;143;0;210;170;196;204;206;161;0;319;313;351;320;449;313;374;4139
13;Hallands län;82;Falkenberg;9493;Handlar'n, Glommen;12;12;8;1;8;11;12;10;9;14;9;23;23;28;32;28;23;28;16;307
13;Hallands län;82;Falkenberg;9494;Handlar'n, Långås;3;8;8;4;0;14;13;17;26;11;19;0;28;44;28;35;63;30;0;351
13;Hallands län;82;Falkenberg;9570;ICA Supermarket, Ullared;15;39;35;13;19;21;50;47;59;69;50;51;83;83;114;121;154;183;93;1299
13;Hallands län;82;Falkenberg;9572;Handlar'n, Ätran;1;4;6;0;2;6;6;7;4;24;2;8;10;13;31;27;21;16;5;193
13;Hallands län;82;Falkenberg;9573;Vessigebro Byggmarknad;9;16;29;12;0;14;26;16;33;35;19;0;62;39;46;55;95;46;0;552
13;Hallands län;82;Falkenberg;9574;Netto, Heberg;8;16;12;6;13;26;20;18;14;23;9;31;44;51;40;57;69;43;30;530
13;Hallands län;82;Falkenberg;9575;Matöppet i Slöinge;7;5;12;8;8;6;20;14;19;26;3;13;49;30;25;53;60;43;16;417
13;Hallands län;82;Falkenberg;9736;Stenfalken, Falkagård;0;0;0;0;0;0;0;0;0;0;0;0;0;0;0;0;0;0;143;143
13;Hallands län;83;Varberg;13605;Galleria Trädgården Varberg;173;166;195;180;98;216;211;243;198;199;295;0;330;371;445;525;546;644;0;5035
13;Hallands län;83;Varberg;13618;Peder Skrivares skola;9;4;5;0;0;6;13;6;9;7;0;0;11;20;15;26;17;0;0;148
13;Hallands län;83;Varberg;9038;Bua bibliotek;60;51;57;0;0;70;36;81;51;50;0;0;90;61;149;108;103;0;0;967
13;Hallands län;83;Varberg;9039;Kungsäters bibliotek;0;0;0;0;0;25;0;0;0;0;0;0;34;0;0;0;0;0;0;59
13;Hallands län;83;Varberg;9040;Rolfstorps bibliotek;12;2;0;0;0;13;5;5;24;0;0;0;32;8;9;36;0;0;0;146
13;Hallands län;83;Varberg;9041;Träslövsläges bibliotek;20;44;12;0;0;32;20;19;39;34;0;0;108;44;27;96;65;0;0;560
13;Hallands län;83;Varberg;9042;Tvååkers bibliotek;39;31;39;0;0;49;31;66;58;44;0;0;110;59;144;82;67;0;0;819
13;Hallands län;83;Varberg;9043;Veddige bibliotek;16;39;19;0;0;30;32;17;62;27;0;0;82;85;35;123;48;0;0;615
13;Hallands län;83;Varberg;9044;Varbergs huvudbibliotek;237;243;181;171;157;258;247;259;206;257;210;272;397;472;526;532;672;538;0;5835
13;Hallands län;83;Varberg;9045;Skällinge skola;4;15;4;0;0;15;9;11;9;13;0;0;27;17;33;23;21;0;0;201
13;Hallands län;83;Varberg;9046;Kommunens informationstorg;40;52;39;0;0;29;32;45;44;36;0;0;47;45;65;89;91;0;0;654
13;Hallands län;83;Varberg;9047;Kommunkansliets expedition;0;0;0;0;0;0;0;0;0;0;0;0;0;0;0;0;0;0;196;196
13;Hallands län;84;Kungsbacka;10575;Tölö Smedja äldreboende;0;0;0;0;0;0;0;0;0;0;0;13;0;0;0;0;0;0;0;13
13;Hallands län;84;Kungsbacka;10755;Vickan äldreboende;0;0;0;0;0;0;0;0;0;0;0;24;0;0;0;0;0;0;0;24
13;Hallands län;84;Kungsbacka;10756;Onsala båt och Sjöfartsmuseet;71;79;74;0;0;78;75;71;86;95;0;0;160;172;192;197;226;0;0;1576
13;Hallands län;84;Kungsbacka;10757;Kungsmässan;300;323;392;386;405;444;445;394;480;545;543;687;803;1003;1158;1193;1421;1468;667;13057
13;Hallands län;84;Kungsbacka;10758;Älvsåkersskolan;3;8;6;0;0;8;10;15;17;7;0;0;12;15;21;31;40;0;0;193
13;Hallands län;84;Kungsbacka;13960;Elof Lindälvs gymnasium;0;0;0;0;0;0;12;0;0;0;0;0;0;34;0;0;0;0;0;46
13;Hallands län;84;Kungsbacka;13961;Aranäsgymnasiet;0;0;0;0;0;21;0;0;0;0;0;0;47;0;0;0;0;0;0;68
13;Hallands län;84;Kungsbacka;14431;Bokbussen;4;5;0;0;0;14;5;10;16;11;0;0;9;16;15;10;0;0;0;115
13;Hallands län;84;Kungsbacka;14432;Blåvingevägen 33;0;0;0;0;0;0;0;0;0;0;0;29;0;0;0;0;0;0;0;29
13;Hallands län;84;Kungsbacka;14433;Löftadalens Folkhögskola;0;0;0;0;0;0;0;0;0;0;0;0;0;0;65;0;0;0;0;65
13;Hallands län;84;Kungsbacka;6765;Måhaga äldreboende;0;0;0;0;0;0;0;0;0;0;0;16;0;0;0;0;0;0;0;16
13;Hallands län;84;Kungsbacka;6767;Kolla äldreboende;0;0;0;0;0;0;0;0;0;0;0;30;0;0;0;0;0;0;0;30
13;Hallands län;84;Kungsbacka;6768;Ekhaga äldreboende;0;0;0;0;0;0;0;0;0;0;0;39;0;0;0;0;0;0;0;39
13;Hallands län;84;Kungsbacka;6769;Löftagårdens äldreboende;0;0;0;0;0;0;0;0;0;0;0;10;0;0;0;0;0;0;0;10
13;Hallands län;84;Kungsbacka;6773;Signeshus;0;0;0;0;0;0;0;0;0;0;0;31;0;0;0;0;0;0;0;31
13;Hallands län;84;Kungsbacka;6774;Bukärrsgården;0;0;0;0;0;0;0;0;0;0;0;25;0;0;0;0;0;0;0;25
13;Hallands län;84;Kungsbacka;9265;Frillesåsskolan elevcafé;24;24;10;0;0;31;26;29;33;26;0;0;32;66;70;72;109;0;0;552
13;Hallands län;84;Kungsbacka;9269;Åsaskolan, "Teatern";46;59;23;0;0;44;33;35;54;50;0;0;117;81;107;118;164;0;0;931
13;Hallands län;84;Kungsbacka;9270;Fjärås fritidsgård;20;31;27;0;0;30;13;32;37;50;0;0;59;71;68;72;118;0;0;628
13;Hallands län;84;Kungsbacka;9271;Kungsbacka, Stadshuset;80;103;72;0;0;127;114;73;82;73;76;87;141;180;161;210;217;312;220;2328
13;Hallands län;84;Kungsbacka;9272;Toråsskolan, biblioteket;38;34;30;0;0;16;37;25;36;45;0;0;61;87;82;103;109;0;0;703
13;Hallands län;84;Kungsbacka;9274;Kullaviksskolan;89;65;0;0;0;108;0;126;114;0;0;0;203;0;313;233;0;0;0;1251
14;Västra Götalands län;01;Härryda;14593;Mölnlycke bibliotek;100;131;138;70;0;138;161;165;187;162;130;0;370;376;461;501;462;417;0;3969
14;Västra Götalands län;01;Härryda;14601;Hönekulla gård;0;0;0;0;0;0;0;0;0;0;0;25;0;0;0;0;0;0;0;25
14;Västra Götalands län;01;Härryda;6777;Rådahemmet;0;0;0;0;0;0;0;0;0;0;0;17;0;0;0;0;0;0;0;17
14;Västra Götalands län;01;Härryda;6779;Björkelid;0;0;0;0;0;0;0;0;0;0;0;19;0;0;0;0;0;0;0;19
14;Västra Götalands län;01;Härryda;6780;Bygården;0;0;0;0;0;0;0;0;0;0;0;14;0;0;0;0;0;0;0;14
14;Västra Götalands län;01;Härryda;7958;Kommunhuset;33;57;28;0;0;44;45;39;43;32;0;0;61;39;52;72;59;0;98;702
14;Västra Götalands län;01;Härryda;7959;Landvetter bibliotek;62;110;83;67;0;146;145;89;148;124;99;0;247;317;146;439;329;273;0;2824
14;Västra Götalands län;01;Härryda;7997;Hindås bibliotek;25;0;17;0;0;23;22;36;0;46;0;0;96;57;80;0;96;0;0;498
14;Västra Götalands län;01;Härryda;7998;Rävlanda bibliotek;17;30;15;0;0;15;35;18;43;21;0;0;28;59;42;77;52;0;0;452
14;Västra Götalands län;02;Partille;13510;Allum;220;264;236;265;284;282;330;321;310;300;283;416;467;629;632;630;707;601;0;7177
14;Västra Götalands län;02;Partille;8966;Kulturum;67;109;104;0;0;165;158;146;144;99;91;114;222;284;297;339;373;374;0;3086
14;Västra Götalands län;02;Partille;9026;Partille kommunhus;0;0;0;0;0;0;0;0;0;0;0;0;0;0;0;0;0;0;172;172
14;Västra Götalands län;07;Öckerö;10156;Öckerö Bibliotek;49;108;58;83;0;97;117;118;138;85;99;0;199;264;237;260;245;273;36;2466
14;Västra Götalands län;07;Öckerö;10158;Björkö Västergårds By;0;0;0;0;0;0;0;0;0;0;0;0;47;0;59;0;61;0;0;167
14;Västra Götalands län;07;Öckerö;10159;Turistbyrån Hönö Klåva;0;0;0;0;0;0;0;0;0;0;0;0;101;105;140;120;151;0;0;617
14;Västra Götalands län;07;Öckerö;10160;Centrumlivs;0;0;0;0;0;0;0;0;0;0;0;0;7;7;11;11;5;0;0;41
14;Västra Götalands län;07;Öckerö;10161;Rörö Strandkassa;0;0;0;0;0;0;0;0;0;0;0;0;12;6;6;13;13;0;0;50
14;Västra Götalands län;07;Öckerö;12549;Solhöjden (äldreboende på Öckerö);0;0;0;0;0;0;0;0;0;0;0;35;0;0;0;0;0;0;0;35
14;Västra Götalands län;15;Stenungsund;8290;Stenungsunds kommunhus;70;84;55;0;0;93;84;74;85;89;0;0;147;133;169;139;180;116;198;1716
14;Västra Götalands län;15;Stenungsund;8291;Kulturhuset Fregatten;197;231;166;0;0;231;245;229;231;225;159;0;373;495;536;516;649;445;0;4928
14;Västra Götalands län;19;Tjörn;10108;Tjörns kommunkontor;106;103;91;54;72;152;160;140;170;150;98;128;257;272;314;316;338;211;101;3233
14;Västra Götalands län;19;Tjörn;10109;Åstols gamla skola;0;0;0;0;0;0;0;0;0;0;0;0;0;0;0;15;0;0;0;15
14;Västra Götalands län;19;Tjörn;10111;Långekärrs skola;0;0;0;0;0;0;0;0;0;0;0;0;0;0;0;66;0;0;0;66
14;Västra Götalands län;19;Tjörn;10112;Kållekärrs skola;0;0;0;0;0;0;0;0;0;0;0;0;0;0;0;77;0;0;0;77
14;Västra Götalands län;19;Tjörn;10113;Rönnäng skola;0;0;0;0;0;0;0;0;0;0;0;0;0;0;0;39;0;0;0;39
14;Västra Götalands län;19;Tjörn;10114;Myggenäs skola;0;0;0;0;0;0;0;0;0;0;0;0;0;0;0;41;0;0;0;41
14;Västra Götalands län;19;Tjörn;10115;Häggvallskolan;0;0;0;0;0;0;0;0;0;0;0;0;0;0;0;159;0;0;0;159
14;Västra Götalands län;19;Tjörn;13111;Dyröns EFS;0;0;0;0;0;0;0;0;0;0;0;0;0;0;0;17;0;0;0;17
14;Västra Götalands län;19;Tjörn;14104;Klädesholmen, biblioteket;0;0;0;0;0;0;0;0;0;0;0;0;0;0;0;49;0;0;0;49
14;Västra Götalands län;19;Tjörn;14208;Kvarnbackens äldreboende;0;0;0;0;0;0;0;0;0;0;0;0;0;0;0;21;0;0;0;21
14;Västra Götalands län;21;Orust;12469;Mollösunds affär, Tempo;0;0;0;0;7;0;0;0;0;20;0;16;14;10;17;12;34;9;0;139
14;Västra Götalands län;21;Orust;14440;Käringöns Matbod;5;6;5;1;2;5;4;3;7;2;1;2;9;23;8;3;9;1;0;96
14;Västra Götalands län;21;Orust;9328;Ågården;0;0;0;0;0;0;0;0;0;0;0;0;0;0;0;0;0;0;0;0
14;Västra Götalands län;21;Orust;9330;Kaprifolgården;0;0;0;0;0;0;0;0;0;0;0;0;0;0;0;0;0;0;0;0
14;Västra Götalands län;21;Orust;9331;Ängsviken;0;0;0;0;0;0;0;0;0;0;0;0;0;0;0;0;0;0;0;0
14;Västra Götalands län;21;Orust;9332;Strandgården;0;0;0;0;0;0;0;0;0;0;0;0;0;0;0;0;0;0;0;0
14;Västra Götalands län;21;Orust;9333;Fyrklövern;0;0;0;0;0;0;0;0;0;0;0;0;0;0;0;0;0;0;0;0
14;Västra Götalands län;21;Orust;9336;Huvudbiblioteket Henån;83;58;90;53;0;0;142;132;113;128;111;0;0;372;304;277;236;234;103;2436
14;Västra Götalands län;21;Orust;9338;Biblioteket Svanesund;30;31;18;0;0;0;72;31;69;24;0;0;0;153;38;120;65;0;0;651
14;Västra Götalands län;21;Orust;9345;Biblioteket Ellös;16;36;20;0;0;0;73;28;58;38;0;0;0;133;43;87;69;0;0;601
14;Västra Götalands län;21;Orust;9346;Biblioteket Varekil;6;10;0;0;0;0;11;14;13;0;0;0;0;17;45;22;0;0;0;138
14;Västra Götalands län;21;Orust;9348;Biblioteket Gullholmen;0;0;0;6;0;0;0;0;0;0;19;0;0;0;0;0;0;10;0;35
14;Västra Götalands län;27;Sotenäs;13481;Askums församl. hem, valdag 9-12;0;0;0;0;0;0;0;0;0;0;0;0;0;0;0;0;0;0;76;76
14;Västra Götalands län;27;Sotenäs;13508;Hovenäsets vandrarhem valdag 9-12;0;0;0;0;0;0;0;0;0;0;0;0;0;0;0;0;0;0;67;67
14;Västra Götalands län;27;Sotenäs;14196;Kungshamn, Folkets Hus;51;54;58;35;0;71;87;82;96;71;84;0;140;146;151;154;161;121;0;1562
14;Västra Götalands län;27;Sotenäs;14374;Hunnebostrand, Folkets Hus;38;49;51;27;0;41;43;83;76;54;40;0;134;115;151;138;170;92;0;1302
14;Västra Götalands län;27;Sotenäs;6789;Hunnebostrand, Hunnebohemmet;0;0;0;0;0;0;0;0;0;0;0;0;0;0;0;6;0;0;0;6
14;Västra Götalands län;27;Sotenäs;6790;Hunnebostrand, Bankeberg;0;0;0;0;0;0;0;0;0;0;0;0;0;0;0;10;0;0;0;10
14;Västra Götalands län;27;Sotenäs;6791;Kungshamn, Kvarnberget;0;0;0;0;0;0;0;0;0;0;0;0;0;0;0;39;0;0;0;39
14;Västra Götalands län;27;Sotenäs;8779;Smögen, Spruthuset;20;21;19;22;0;27;53;16;27;42;12;0;53;56;45;54;66;71;0;604
14;Västra Götalands län;27;Sotenäs;8782;Väjern, Tumlaren, valdag 10-18;0;0;0;0;0;0;0;0;0;0;0;0;0;0;0;0;0;0;164;164
14;Västra Götalands län;27;Sotenäs;8796;Malmön, Biblioteket, valdag 9-12;0;0;0;0;0;0;0;0;0;0;0;0;0;0;0;0;0;0;118;118
14;Västra Götalands län;27;Sotenäs;8799;Bovallstrands skola, valdag 9-12;0;0;0;0;0;0;0;0;0;0;0;0;0;0;0;0;0;0;128;128
14;Västra Götalands län;30;Munkedal;8922;Biblioteket Munkedal;23;72;76;0;0;72;118;114;135;102;0;0;149;230;205;256;210;144;25;1931
14;Västra Götalands län;30;Munkedal;8923;Biblioteket Hällevadsholm;10;0;13;0;0;18;0;24;0;22;0;0;71;0;38;0;34;0;0;230
14;Västra Götalands län;30;Munkedal;8924;Biblioteket Dingle;0;10;0;0;0;17;29;0;31;0;0;0;25;70;0;53;0;0;0;235
14;Västra Götalands län;30;Munkedal;8925;Bygdegården Hedekas;9;0;15;0;0;18;0;33;0;26;0;0;32;0;56;0;33;0;0;222
14;Västra Götalands län;35;Tanum;10014;Kommunhuset Tanumshede;45;45;47;59;0;88;106;78;110;70;105;0;144;154;124;242;124;151;166;1858
14;Västra Götalands län;35;Tanum;12987;Skärgårdssalen;0;61;0;0;0;0;0;0;154;0;0;0;0;0;0;178;0;0;0;393
14;Västra Götalands län;35;Tanum;12988;Hamburgsunds bibliotek;0;0;110;0;0;0;0;0;0;143;0;0;0;0;0;0;139;0;0;392
14;Västra Götalands län;35;Tanum;6792;Hedegården;0;0;0;0;0;0;0;0;0;0;0;22;0;0;0;0;0;0;0;22
14;Västra Götalands län;35;Tanum;6794;Tärnegården;0;0;0;0;0;0;0;0;0;0;0;19;0;0;0;0;0;0;0;19
14;Västra Götalands län;35;Tanum;9860;Fjällbacka service;54;0;0;0;0;0;0;140;0;0;0;0;0;0;185;0;0;0;0;379
14;Västra Götalands län;35;Tanum;9873;Östanvind Östad;0;0;0;0;0;0;27;0;0;0;0;0;0;53;0;0;0;0;0;80
14;Västra Götalands län;38;Dals-Ed;10228;Kommunhuset;35;37;30;0;0;55;50;73;94;77;0;0;107;114;120;227;192;50;13;1274
14;Västra Götalands län;38;Dals-Ed;14953;Linden;0;0;0;0;0;0;0;17;0;0;0;0;0;0;0;0;0;0;0;17
14;Västra Götalands län;38;Dals-Ed;6795;Edsgärdets sjukhem;0;0;0;0;0;0;0;0;0;0;0;0;0;0;0;0;0;0;0;0
14;Västra Götalands län;38;Dals-Ed;6796;Hagalid Servicehus;0;0;0;0;0;0;0;0;4;0;0;0;0;0;0;0;0;0;0;4
14;Västra Götalands län;39;Färgelanda;14210;Högsäters bygdegård;11;12;0;0;0;20;8;13;29;0;0;0;39;31;43;45;0;0;0;251
14;Västra Götalands län;39;Färgelanda;8129;Centrumhuset, Medborgarkontoret;30;60;59;24;0;99;96;106;109;117;44;0;157;168;182;154;226;126;7;1764
14;Västra Götalands län;40;Ale;11884;Kommunhus Nödinge;107;127;112;0;0;133;138;134;145;146;0;0;208;247;282;320;357;237;38;2731
14;Västra Götalands län;40;Ale;11885;Surte bibliotek;37;40;0;0;0;0;56;41;34;0;0;0;0;108;41;55;0;0;0;412
14;Västra Götalands län;40;Ale;13400;Skepplanda bibliotek;0;61;0;0;0;68;39;0;64;0;0;0;120;78;0;105;0;0;0;535
14;Västra Götalands län;40;Ale;13625;Medborgarhuset, Alafors;0;0;0;0;0;0;0;0;0;0;0;0;36;90;0;0;68;0;0;194
14;Västra Götalands län;40;Ale;14770;Bohus Servicehus;44;39;46;0;0;47;64;31;53;34;0;0;73;88;62;85;136;0;0;802
14;Västra Götalands län;40;Ale;14771;Dagcentralen, Älvängen;53;67;46;0;0;74;78;79;90;99;0;0;172;198;212;227;278;0;0;1673
14;Västra Götalands län;40;Ale;14772;STC Nol, fd. Sportlife;0;0;0;0;0;0;0;0;0;0;0;0;0;0;63;50;0;0;0;113
14;Västra Götalands län;41;Lerum;12442;Tollereds bibliotek;0;0;0;0;0;32;0;0;0;0;0;0;25;0;0;0;0;0;0;57
14;Västra Götalands län;41;Lerum;12443;Sjövik bibliotek;0;0;0;0;0;0;66;0;0;0;0;0;0;88;0;0;0;0;0;154
14;Västra Götalands län;41;Lerum;8143;Medborgarkontoret;176;180;173;105;0;242;230;263;211;266;182;0;439;507;650;604;915;545;173;5861
14;Västra Götalands län;41;Lerum;8146;Floda bibliotek;68;97;0;0;0;111;97;91;101;0;0;0;198;216;132;299;0;0;0;1410
14;Västra Götalands län;41;Lerum;8147;Gråbo bibliotek;0;131;73;0;0;106;121;0;112;70;0;0;174;153;0;333;133;0;0;1406
14;Västra Götalands län;42;Vårgårda;9424;Vårgårda kommun, Medborgarkontoret;73;67;63;0;0;101;98;95;98;113;57;49;207;205;207;272;211;143;115;2174
14;Västra Götalands län;43;Bollebygd;14294;Röstningsstuga;60;108;89;0;0;92;90;75;170;120;105;0;146;188;148;389;269;160;130;2339
14;Västra Götalands län;43;Bollebygd;14951;Särskild röstningsmottagning;0;0;0;0;0;0;0;0;0;0;0;34;0;0;0;0;0;0;0;34
14;Västra Götalands län;44;Grästorp;10251;Kommunens Hus, Restaurangen;0;0;0;0;0;0;0;0;0;0;0;0;0;0;0;0;0;0;8;8
14;Västra Götalands län;44;Grästorp;9696;Kommunens Hus, Medborgarkontoret;46;56;46;35;0;103;70;70;68;101;59;0;228;114;141;141;200;202;0;1680
14;Västra Götalands län;45;Essunga;13812;Essunga Folkbibliotek;35;53;46;0;0;78;80;38;105;59;0;0;155;153;93;207;137;51;13;1303
14;Västra Götalands län;45;Essunga;6813;Kerstinsås;0;0;0;0;0;0;0;0;0;0;21;0;0;0;0;0;0;0;0;21
14;Västra Götalands län;46;Karlsborg;10250;Karlsborgs kommunhus, växeln;39;61;53;0;0;69;107;116;156;112;0;0;124;160;137;314;217;129;30;1824
14;Västra Götalands län;47;Gullspång;10286;Gullspångs Bibliotek;35;40;47;0;0;48;59;54;74;66;0;0;95;74;79;95;127;0;22;915
14;Västra Götalands län;47;Gullspång;6815;Mogården;0;0;0;0;0;0;0;0;0;0;0;12;0;0;0;0;0;0;0;12
14;Västra Götalands län;47;Gullspång;6816;Amnegården;0;0;0;0;0;0;0;0;0;0;0;3;0;0;0;0;0;0;0;3
14;Västra Götalands län;47;Gullspång;9619;Hova bibliotek;12;20;0;0;0;46;20;43;46;0;0;0;81;78;50;103;0;54;0;553
14;Västra Götalands län;52;Tranemo;12101;Sockenstugan i Ljungsarp;0;0;0;0;0;0;0;0;0;0;0;0;0;0;0;107;0;0;127;234
14;Västra Götalands län;52;Tranemo;13016;Tranemo Gymnasieskola;0;0;0;0;0;0;0;0;0;0;0;0;0;0;12;0;0;0;0;12
14;Västra Götalands län;52;Tranemo;13668;Uddebo Fritidsgård;0;0;0;0;0;0;0;0;0;0;0;0;0;0;0;48;0;0;0;48
14;Västra Götalands län;52;Tranemo;13671;Bygdegården Månstad;0;0;0;0;0;0;0;0;0;0;0;0;0;0;0;115;0;0;0;115
14;Västra Götalands län;52;Tranemo;14038;Tranemo bibliotek;27;17;13;18;0;32;32;48;64;30;24;0;76;105;92;132;128;71;0;909
14;Västra Götalands län;52;Tranemo;14039;Nittorps Bygdegård;0;0;0;0;0;0;0;0;0;0;0;0;0;0;0;140;0;0;0;140
14;Västra Götalands län;52;Tranemo;14204;Sjötofta skola;0;0;0;0;0;0;0;0;0;0;0;0;0;0;0;55;0;0;105;160
14;Västra Götalands län;52;Tranemo;14717;Ängslyckans trygghetsboende;0;0;0;0;0;0;0;31;0;0;0;0;0;27;0;0;0;0;0;58
14;Västra Götalands län;52;Tranemo;14718;Bokbussen;3;2;0;0;0;3;8;14;6;0;0;0;19;19;25;28;0;0;0;127
14;Västra Götalands län;52;Tranemo;9588;Kommunkontoret Tranemo;36;36;46;0;0;48;55;40;41;49;84;0;75;67;76;82;111;0;38;884
14;Västra Götalands län;52;Tranemo;9608;Länghems Trygghetsboende;0;0;0;0;0;49;0;0;0;0;0;0;0;0;0;102;0;0;0;151
14;Västra Götalands län;52;Tranemo;9609;Hjälmå;0;0;0;0;0;0;0;53;0;0;0;0;0;50;0;0;0;0;0;103
14;Västra Götalands län;52;Tranemo;9614;Glimringe;0;0;0;0;0;86;0;0;0;0;0;0;0;0;0;32;0;0;0;118
14;Västra Götalands län;60;Bengtsfors;10043;Biblioteket Bäckefors;31;0;0;0;0;26;0;46;0;0;0;0;33;87;0;0;0;0;0;223
14;Västra Götalands län;60;Bengtsfors;10044;Biblioteket Dals Långed;20;15;0;0;0;39;20;29;44;0;0;0;103;33;85;103;0;0;0;491
14;Västra Götalands län;60;Bengtsfors;12979;Årbols skola;0;0;0;0;0;0;0;0;0;0;0;0;0;0;0;0;0;0;96;96
14;Västra Götalands län;60;Bengtsfors;12980;Folkets hus Gustavsfors;0;3;0;0;0;0;9;0;13;0;0;0;0;28;0;15;0;0;51;119
14;Västra Götalands län;60;Bengtsfors;12982;Torrskogs stom bygdegård;0;0;0;0;0;0;0;0;0;0;0;0;0;0;0;0;0;0;68;68
14;Västra Götalands län;60;Bengtsfors;12983;Skåpafors skola;0;0;0;0;0;0;0;0;0;0;0;0;0;0;0;0;0;0;144;144
14;Västra Götalands län;60;Bengtsfors;12985;Steneby Bygdegård;0;0;0;0;0;0;0;0;0;0;0;0;0;0;0;0;0;0;133;133
14;Västra Götalands län;60;Bengtsfors;12986;Bygdegården Ödskölt;0;0;0;0;0;0;0;0;0;0;0;0;0;0;0;0;0;0;70;70
14;Västra Götalands län;60;Bengtsfors;14112;Biblioteket Bengtsfors;63;79;92;0;0;117;122;80;113;100;0;0;208;216;200;180;258;122;0;1950
14;Västra Götalands län;60;Bengtsfors;14113;Lövåsenskolan;0;5;0;0;0;0;22;0;10;0;0;0;0;37;0;29;0;0;0;103
14;Västra Götalands län;60;Bengtsfors;14149;Kommunhuset i Bengtsfors;0;0;0;0;0;0;0;0;0;0;0;0;0;0;0;0;0;0;11;11
14;Västra Götalands län;61;Mellerud;6827;Bergs äldreboende;0;0;0;0;0;0;0;0;0;0;0;14;0;0;0;0;0;0;0;14
14;Västra Götalands län;61;Mellerud;6828;Servicehuset Älvan;0;0;0;0;0;0;0;0;0;0;0;0;0;0;0;0;0;0;0;0
14;Västra Götalands län;61;Mellerud;6829;Karolinen;0;0;0;0;0;0;0;0;0;0;0;13;0;0;0;0;0;0;0;13
14;Västra Götalands län;61;Mellerud;6830;Skållerudshemmet;0;0;0;0;0;0;0;0;0;0;0;11;0;0;0;0;0;0;0;11
14;Västra Götalands län;61;Mellerud;6831;Kroppefjällshemmet;0;0;0;0;0;0;0;0;0;0;0;0;0;0;0;0;0;0;0;0
14;Västra Götalands län;61;Mellerud;6832;Fagerlidshemmet;0;0;0;0;0;0;0;0;0;0;0;18;0;0;0;0;0;0;0;18
14;Västra Götalands län;61;Mellerud;8307;Medborgarkontoret;96;104;106;24;0;95;126;114;119;148;45;33;178;193;229;231;297;124;39;2301
14;Västra Götalands län;62;Lilla Edet;12969;Lödöse Museum;0;0;0;0;0;0;84;0;72;0;0;0;0;145;0;130;0;84;0;515
14;Västra Götalands län;62;Lilla Edet;9700;Kommunhuset Lilla Edet;96;80;92;0;0;119;105;112;87;109;69;0;183;221;193;256;211;167;38;2138
14;Västra Götalands län;63;Mark;10281;Klockaregårdens Servicehus;0;0;0;0;0;0;0;0;0;0;0;9;0;0;0;0;0;0;0;9
14;Västra Götalands län;63;Mark;10345;Rydals Museum;0;0;0;0;0;0;0;0;0;0;0;0;0;0;0;0;0;0;129;129
14;Västra Götalands län;63;Mark;10346;Karstorps Naturförskola;0;0;0;0;0;0;0;0;0;0;0;0;0;0;0;0;0;0;117;117
14;Västra Götalands län;63;Mark;10347;Älekulla Bygdegård;0;0;0;0;0;0;0;0;0;0;0;0;0;0;0;0;0;0;180;180
14;Västra Götalands län;63;Mark;11815;Björketorps dagcentral;23;0;0;0;0;0;30;25;0;0;0;0;0;39;57;0;0;0;0;174
14;Västra Götalands län;63;Mark;13168;Kunskapens hus, biblioteket;7;3;9;0;0;3;9;8;10;7;0;0;18;13;12;22;46;0;0;167
14;Västra Götalands län;63;Mark;14066;Öxabäckskolan;0;0;0;0;0;0;0;0;0;0;0;0;0;0;0;0;0;0;364;364
14;Västra Götalands län;63;Mark;14105;Olof Markusgården;0;0;0;0;0;0;0;0;0;0;0;8;0;0;0;0;0;0;0;8
14;Västra Götalands län;63;Mark;14108;Hajomskolan;0;0;0;0;0;0;0;0;0;0;0;0;0;0;0;0;0;0;263;263
14;Västra Götalands län;63;Mark;14109;Björketorpskolan;0;0;0;0;0;0;0;0;0;0;0;0;0;0;0;0;0;0;270;270
14;Västra Götalands län;63;Mark;14110;Istorps församlingshem;0;0;0;0;0;0;0;0;0;0;0;0;0;0;0;0;0;0;129;129
14;Västra Götalands län;63;Mark;14234;Kommunhuset Kinnaborgssalen;0;0;0;0;0;0;0;0;0;0;0;0;0;0;0;0;0;79;0;79
14;Västra Götalands län;63;Mark;14996;Almängs servicehus;0;0;0;0;0;0;0;0;0;0;0;10;0;0;0;0;0;0;0;10
14;Västra Götalands län;63;Mark;14997;Stomsåkers servicehus;0;0;0;0;0;0;0;0;0;0;0;9;0;0;0;0;0;0;0;9
14;Västra Götalands län;63;Mark;6838;Rönnäng Servicehus;0;0;0;0;0;0;0;0;0;0;0;2;0;0;0;0;0;0;0;2
14;Västra Götalands län;63;Mark;6840;Solgårds Servicehus;0;0;0;0;0;0;0;0;0;0;0;20;0;0;0;0;0;0;0;20
14;Västra Götalands län;63;Mark;6841;Ekås Servicehus;0;0;0;0;0;0;0;0;0;0;0;11;0;0;0;0;0;0;0;11
14;Västra Götalands län;63;Mark;6842;Kullabyns Servicehus;0;0;0;0;0;0;0;0;0;0;0;32;0;0;0;0;0;0;0;32
14;Västra Götalands län;63;Mark;6843;Lindängs Servicehus;0;0;0;0;0;0;0;0;0;0;0;16;0;0;0;0;0;0;0;16
14;Västra Götalands län;63;Mark;8157;Skene bibliotek;83;70;85;0;0;145;133;150;127;98;0;0;191;296;264;199;283;0;0;2124
14;Västra Götalands län;63;Mark;8158;Horreds bibliotek;0;29;0;0;0;99;52;0;43;0;0;0;125;75;0;172;0;0;0;595
14;Västra Götalands län;63;Mark;8159;Fritsla bibliotek;0;48;0;0;0;0;92;0;57;0;0;0;0;142;0;212;0;0;0;551
14;Västra Götalands län;63;Mark;8160;Sätila bibliotek;19;37;0;0;0;34;0;53;24;0;0;0;47;107;171;144;0;0;0;636
14;Västra Götalands län;63;Mark;8162;Huvudbiblioteket Kinna;108;168;142;95;0;191;214;202;220;243;134;0;331;360;385;557;584;414;0;4348
14;Västra Götalands län;63;Mark;9344;Örby dagcentral;0;34;0;0;0;29;0;0;40;0;0;0;40;0;0;104;0;0;0;247
14;Västra Götalands län;65;Svenljunga;14749;Hillareds skola;0;0;0;0;0;0;0;0;0;0;0;0;0;0;0;0;0;0;283;283
14;Västra Götalands län;65;Svenljunga;14751;Örsåsgården;0;0;0;0;0;0;0;0;0;0;0;0;0;0;0;0;0;0;190;190
14;Västra Götalands län;65;Svenljunga;6845;Klockaregården;0;0;0;0;0;0;0;0;0;0;0;17;0;0;0;0;0;0;0;17
14;Västra Götalands län;65;Svenljunga;6846;Lysjölid;0;0;0;0;0;0;0;0;0;0;0;10;0;0;0;0;0;0;0;10
14;Västra Götalands län;65;Svenljunga;6847;Toftalyckan;0;0;0;0;0;0;0;0;0;0;0;6;0;0;0;0;0;0;0;6
14;Västra Götalands län;65;Svenljunga;6848;Östrabo;0;0;0;0;0;0;0;0;0;0;0;13;0;0;0;0;0;0;0;13
14;Västra Götalands län;65;Svenljunga;8195;Holsljunga Idrottshall;0;0;0;0;0;0;0;0;0;0;0;0;0;0;0;0;0;0;197;197
14;Västra Götalands län;65;Svenljunga;8196;Kalvs Bygdegård;0;0;0;0;0;0;0;0;0;0;0;0;0;0;0;0;0;0;124;124
14;Västra Götalands län;65;Svenljunga;8197;Håcksviks Bygdegård;0;0;0;0;0;0;0;0;0;0;0;0;0;0;0;0;0;0;143;143
14;Västra Götalands län;65;Svenljunga;8198;Mårdaklevs Skola;0;0;0;0;0;0;0;0;0;0;0;0;0;0;0;0;0;0;115;115
14;Västra Götalands län;65;Svenljunga;8898;Svenljunga huvudbibliotek;47;56;54;0;0;105;131;89;101;110;50;0;172;212;177;244;265;124;106;2043
14;Västra Götalands län;65;Svenljunga;8963;Hillareds biblioteksfilial;0;0;0;0;0;0;35;0;0;0;0;0;0;88;0;0;0;0;0;123
14;Västra Götalands län;65;Svenljunga;8971;Östra Frölunda biblioteksfilial;0;0;0;0;0;16;0;0;0;0;0;0;50;0;0;0;0;0;0;66
14;Västra Götalands län;65;Svenljunga;8974;Kalvs biblioteksfilial;0;0;0;0;0;0;13;0;0;0;0;0;0;28;0;0;0;0;0;41
14;Västra Götalands län;65;Svenljunga;8986;Överlida biblioteksfilial;14;0;0;0;0;0;0;51;0;0;0;0;0;0;84;0;0;0;0;149
14;Västra Götalands län;66;Herrljunga;10368;Kommunhuset Herrljunga;0;0;0;0;0;0;0;0;0;0;0;0;0;0;0;0;0;0;115;115
14;Västra Götalands län;66;Herrljunga;14116;Eggvena skola;0;0;0;0;0;0;0;0;0;0;17;0;0;0;0;0;0;0;61;78
14;Västra Götalands län;66;Herrljunga;14117;Vita Huset;0;0;0;0;0;0;0;0;0;0;10;0;0;0;0;0;0;0;33;43
14;Västra Götalands län;66;Herrljunga;14119;Od skola;0;0;0;0;0;0;0;0;0;0;54;0;0;0;0;0;0;0;139;193
14;Västra Götalands län;66;Herrljunga;14120;Molla skola;0;0;0;0;0;0;0;0;0;0;20;0;0;0;0;0;0;0;134;154
14;Västra Götalands län;66;Herrljunga;6849;Hagen;0;0;0;0;0;0;0;0;0;0;0;5;0;0;0;0;0;0;0;5
14;Västra Götalands län;66;Herrljunga;6850;Hemgården;0;0;0;0;0;0;0;0;0;0;0;4;0;0;0;0;0;0;0;4
14;Västra Götalands län;66;Herrljunga;6851;Gäsenegården;0;0;0;0;0;0;0;0;0;0;0;6;0;0;0;0;0;0;0;6
14;Västra Götalands län;66;Herrljunga;8678;Huvudbibliotek Herrljunga;63;63;57;18;0;61;87;88;74;110;46;0;159;202;201;164;180;110;0;1683
14;Västra Götalands län;66;Herrljunga;8679;Biblioteket Ljung;0;0;0;0;0;52;21;31;67;41;0;0;85;58;40;131;50;0;0;576
14;Västra Götalands län;70;Vara;12840;Jungs Bygdegård;0;0;0;0;0;0;0;0;46;0;0;0;0;0;0;81;0;0;0;127
14;Västra Götalands län;70;Vara;14764;Biblioteket Levene;0;0;0;0;0;24;0;0;0;0;0;0;47;0;0;0;0;0;0;71
14;Västra Götalands län;70;Vara;14766;Föreningshuset Tråvad;0;0;0;0;0;0;0;44;0;0;0;0;0;0;101;0;0;0;0;145
14;Västra Götalands län;70;Vara;8775;Biblioteket Vara;131;104;154;42;0;127;187;170;179;151;88;0;251;289;297;366;373;182;0;3091
14;Västra Götalands län;70;Vara;8777;Biblioteket Vedum;7;0;35;0;0;38;0;39;0;36;0;0;55;0;92;0;75;0;0;377
14;Västra Götalands län;70;Vara;8778;Biblioteket Kvänum;28;0;20;0;0;27;0;62;0;22;0;0;80;0;180;0;92;49;0;560
14;Västra Götalands län;70;Vara;9795;Kommunhuset;0;0;0;0;0;0;0;1;0;0;0;0;7;4;2;1;2;0;32;49
14;Västra Götalands län;71;Götene;13885;Träffpunkten Källby;7;6;15;6;9;3;0;19;20;9;20;38;28;47;15;47;22;32;0;343
14;Västra Götalands län;71;Götene;14530;Backlyckan Hällekis;0;0;0;0;0;0;0;0;0;0;0;4;0;0;0;0;0;0;0;4
14;Västra Götalands län;71;Götene;14536;Träffpunkten Hangelösa;0;0;0;0;0;0;0;12;0;0;0;0;0;0;11;0;0;0;0;23
14;Västra Götalands län;71;Götene;14537;Träffpunkten Hällekis;7;0;8;12;8;6;5;4;12;0;21;0;35;4;6;40;24;29;0;221
14;Västra Götalands län;71;Götene;14538;Träffpunkten Lundsbrunn;0;8;0;8;9;0;10;4;7;5;17;0;3;37;46;4;37;0;0;195
14;Västra Götalands län;71;Götene;14555;Café Esperanza;0;4;0;0;0;0;0;0;2;0;0;0;0;0;0;1;0;0;0;7
14;Västra Götalands län;71;Götene;14556;Seniordagen;0;0;0;0;0;0;0;0;0;0;0;0;0;0;30;0;0;0;0;30
14;Västra Götalands län;71;Götene;6860;Mötesplatsen Götene Äldrecenter;0;0;0;0;0;0;0;0;0;0;0;18;0;9;0;0;0;0;0;27
14;Västra Götalands län;71;Götene;6861;Trygghetslägenheter Lundsbrunn;0;0;0;0;0;0;0;0;0;0;0;0;0;0;0;0;0;0;0;0
14;Västra Götalands län;71;Götene;7996;Fridebogården, Källby;0;0;0;0;0;0;0;0;0;0;0;0;0;0;0;0;0;0;0;0
14;Västra Götalands län;71;Götene;8394;Holmestads Bygdegård;0;0;0;0;0;0;0;0;0;0;0;0;0;0;0;0;0;0;68;68
14;Västra Götalands län;71;Götene;8501;Österängs bygdegård;0;0;0;0;0;0;0;0;0;0;0;0;0;0;0;0;0;0;109;109
14;Västra Götalands län;71;Götene;8505;Hembygdsgården Husaby;0;0;0;0;0;0;0;0;0;0;0;0;0;0;0;0;0;0;63;63
14;Västra Götalands län;71;Götene;8512;Medborgarkontoret Götene kommun;86;117;76;36;24;124;114;156;128;144;44;71;244;280;291;326;379;207;42;2889
14;Västra Götalands län;72;Tibro;13025;Kommunhuset;0;0;0;0;0;0;0;0;0;0;0;0;260;227;249;204;304;145;108;1497
14;Västra Götalands län;72;Tibro;14569;Kommunbiblioteket;44;77;39;0;0;119;102;93;71;68;0;0;145;148;156;136;120;0;0;1318
14;Västra Götalands län;73;Töreboda;10144;Älgarås servicehus;1;7;0;0;0;5;10;26;5;10;0;0;16;11;33;10;15;0;0;149
14;Västra Götalands län;73;Töreboda;10145;Moholms skola;13;9;14;0;0;15;16;11;17;27;0;0;41;42;25;56;50;0;0;336
14;Västra Götalands län;73;Töreboda;14841;Kommunhuset;57;79;69;0;0;104;114;102;107;122;0;0;151;201;200;258;290;93;40;1987
14;Västra Götalands län;73;Töreboda;6866;Bergmansgården;0;0;0;0;0;0;0;0;0;0;0;2;0;0;0;0;0;0;0;2
14;Västra Götalands län;73;Töreboda;6867;Krabbängsgården;0;0;0;0;0;0;0;0;0;0;0;7;0;0;0;0;0;0;0;7
14;Västra Götalands län;80;Göteborg;10262;Lundby bibliotek;128;194;146;104;0;229;201;218;220;175;195;0;385;473;572;637;627;526;0;5030
14;Västra Götalands län;80;Göteborg;10351;Toftaåsens äldrecenter;0;0;0;0;0;0;0;0;26;0;0;0;0;0;0;0;0;0;0;26
14;Västra Götalands län;80;Göteborg;12482;Kulturhuset Kåken;193;255;156;182;37;287;260;286;248;209;270;115;501;636;738;864;632;762;0;6631
14;Västra Götalands län;80;Göteborg;13352;Sankt Jörgens Äldreboende;0;0;0;0;0;0;0;0;0;23;0;0;0;0;0;0;0;0;0;23
14;Västra Götalands län;80;Göteborg;13354;Geråshus Äldreboende;0;0;0;0;0;34;0;0;0;0;0;0;0;0;0;0;0;0;0;34
14;Västra Götalands län;80;Göteborg;14145;Äldreboendet Götaholm;0;0;0;0;0;0;0;0;0;0;0;0;7;0;0;0;0;0;0;7
14;Västra Götalands län;80;Göteborg;14223;Stiftelsen Vegahusen 55;0;0;0;0;0;0;0;0;0;0;0;0;0;0;0;111;0;0;0;111
14;Västra Götalands län;80;Göteborg;14228;Gråbergets vård och äldreboende;0;0;0;0;0;14;0;0;0;0;0;0;0;0;0;0;14;0;0;28
14;Västra Götalands län;80;Göteborg;14231;Bagaregårdens äldreboende;0;0;0;0;0;0;0;0;0;0;0;0;27;0;0;0;0;0;0;27
14;Västra Götalands län;80;Göteborg;14903;Nordstan;1136;1520;1425;1160;1246;1701;1647;1663;1682;1816;1708;1999;2462;3009;3144;3334;3509;3232;3022;40415
14;Västra Götalands län;80;Göteborg;15016;Sockenvägen 28 äldreboende;0;0;0;0;0;0;0;0;14;0;0;0;0;0;0;0;0;0;0;14
14;Västra Götalands län;80;Göteborg;15017;Byalagsgatan 3 äldreboende;0;0;0;0;0;0;0;0;0;24;0;0;0;0;0;0;0;0;0;24
14;Västra Götalands län;80;Göteborg;15018;Sehlstedtsgatan 12;0;0;0;0;0;0;0;0;0;0;0;0;0;0;0;22;0;0;0;22
14;Västra Götalands län;80;Göteborg;6868;Altplatsens äldreboende;0;0;0;0;0;0;47;0;0;0;0;0;0;0;0;0;0;0;0;47
14;Västra Götalands län;80;Göteborg;6871;Backahus;0;0;0;0;0;0;18;0;0;0;0;0;0;0;0;0;0;0;0;18
14;Västra Götalands län;80;Göteborg;6873;Bergsjöhöjds boende;0;0;0;0;0;0;0;0;0;0;0;0;0;31;0;0;0;0;0;31
14;Västra Götalands län;80;Göteborg;6876;Björkekärrs hus;0;0;32;0;0;0;0;0;0;0;0;0;0;0;0;0;0;0;0;32
14;Västra Götalands län;80;Göteborg;6877;Björkåshemmet;0;0;0;0;0;0;14;0;0;0;0;0;0;0;0;0;0;0;0;14
14;Västra Götalands län;80;Göteborg;6879;Dicksons hus;0;0;0;0;0;0;0;0;0;0;0;0;59;0;0;0;0;0;0;59
14;Västra Götalands län;80;Göteborg;6882;Fiskebäcks äldreboende/Capio;0;0;0;0;0;0;29;0;0;0;0;0;0;0;0;0;0;0;0;29
14;Västra Götalands län;80;Göteborg;6886;Fridkulla äldreboende;0;0;21;0;0;0;0;0;0;0;0;0;0;0;0;0;0;0;0;21
14;Västra Götalands län;80;Göteborg;6887;Fyrväpplingens äldreboende;0;0;0;0;0;0;0;0;0;31;0;0;0;0;0;0;0;0;0;31
14;Västra Götalands län;80;Göteborg;6888;Gerdas Gård;0;0;0;0;0;35;0;0;0;0;0;0;0;0;0;0;0;0;0;35
14;Västra Götalands län;80;Göteborg;6891;Granlidens äldreboende;0;0;0;0;0;0;31;0;0;0;0;0;0;0;0;0;0;0;0;31
14;Västra Götalands län;80;Göteborg;6892;Grevegårdens äldreboende;0;0;0;0;0;0;20;0;0;0;0;0;0;0;0;0;0;0;0;20
14;Västra Götalands län;80;Göteborg;6894;Gunnareds äldreboende;0;0;0;0;0;0;0;0;0;0;0;0;0;9;0;0;0;0;0;9
14;Västra Götalands län;80;Göteborg;6896;Häktet Polishuset;0;0;0;0;0;0;0;0;0;0;0;0;0;0;0;0;70;0;0;70
14;Västra Götalands län;80;Göteborg;6897;Högsbo sjukhus/SU Geriatrik;0;0;0;0;0;0;0;13;0;0;0;0;0;0;0;0;0;0;0;13
14;Västra Götalands län;80;Göteborg;6899;KVA Högsbo;0;0;0;0;0;0;0;0;0;0;0;0;0;0;0;0;43;0;0;43
14;Västra Götalands län;80;Göteborg;6900;KVA Skogome;0;0;0;0;0;0;0;0;0;0;95;0;0;0;0;0;0;0;0;95
14;Västra Götalands län;80;Göteborg;6903;Kaverös Äng;0;0;0;0;0;0;0;17;0;0;0;0;0;0;0;0;0;0;0;17
14;Västra Götalands län;80;Göteborg;6904;Krokslätts äldreboende/Örgrytehemmet;0;0;15;0;0;0;0;0;0;0;0;0;0;0;0;0;0;0;0;15
14;Västra Götalands län;80;Göteborg;6905;Kvibergs äldreboende;0;0;0;0;0;0;0;0;0;20;0;0;0;0;0;0;0;0;0;20
14;Västra Götalands län;80;Göteborg;6911;Lotsens äldreboende, Attendo Care;0;0;0;0;0;15;0;0;0;0;0;0;0;0;0;0;0;0;0;15
14;Västra Götalands län;80;Göteborg;6912;Lövgärdets äldreboende;0;0;0;0;0;0;0;0;0;0;0;0;0;23;0;0;0;0;0;23
14;Västra Götalands län;80;Göteborg;6915;Nya Varvets äldreboende;0;0;0;0;0;0;0;0;11;0;0;0;0;0;0;0;0;0;0;11
14;Västra Götalands län;80;Göteborg;6916;Rågården;0;0;0;0;0;0;0;0;0;0;0;0;24;0;0;0;0;0;0;24
14;Västra Götalands län;80;Göteborg;6926;Stiftelsen Neuberghska ålderdomshemm;0;0;0;0;0;0;0;30;0;0;0;0;0;0;0;0;0;0;0;30
14;Västra Götalands län;80;Göteborg;6927;Otium, stiftelsen;0;0;26;0;0;0;0;0;0;0;0;0;0;0;0;0;0;0;0;26
14;Västra Götalands län;80;Göteborg;6928;Styrsöhemmet;0;0;0;0;0;0;0;0;0;15;0;0;0;0;0;0;0;0;0;15
14;Västra Götalands län;80;Göteborg;6929;Svaleboskogens  äldreboende;0;0;0;0;0;0;0;23;0;0;0;0;0;0;0;0;0;0;0;23
14;Västra Götalands län;80;Göteborg;6932;Uggledals äldreboende;0;0;0;0;0;0;0;23;0;0;0;0;0;0;0;0;0;0;0;23
14;Västra Götalands län;80;Göteborg;6933;Vasahemmet;0;0;0;0;0;0;0;0;23;0;0;0;0;0;0;0;0;0;0;23
14;Västra Götalands län;80;Göteborg;6939;Åkerhus äldreboende;0;0;0;0;0;0;0;0;0;0;0;0;0;0;0;71;0;0;0;71
14;Västra Götalands län;80;Göteborg;6940;Änggårdsbackens äldreboende tre stif;0;0;0;0;0;0;0;61;0;0;0;0;0;0;0;0;0;0;0;61
14;Västra Götalands län;80;Göteborg;8296;Tuve bibliotek;63;126;97;0;0;169;114;127;191;109;0;0;278;197;231;369;426;0;0;2497
14;Västra Götalands län;80;Göteborg;8324;Kyrkbyns bibliotek;67;154;0;0;0;158;133;115;220;0;0;0;261;218;246;517;0;0;0;2089
14;Västra Götalands län;80;Göteborg;8325;Biskopsgårdens bibliotek;75;169;119;44;0;199;172;192;203;151;144;0;327;248;398;393;418;460;0;3712
14;Västra Götalands län;80;Göteborg;8327;Backa bibliotek;173;203;167;85;0;240;209;285;214;198;141;0;349;279;485;498;518;405;0;4449
14;Västra Götalands län;80;Göteborg;8328;Älvstrandens bibliotek;63;82;74;0;0;101;121;89;87;83;0;0;219;262;266;315;419;0;0;2181
14;Västra Götalands län;80;Göteborg;8329;Torslanda bibliotek;43;110;41;0;0;123;105;39;149;38;214;0;262;273;149;369;108;472;0;2495
14;Västra Götalands län;80;Göteborg;8330;Kulturhuset Vingen;75;69;98;0;0;106;136;103;108;156;0;0;195;239;244;228;345;0;0;2102
14;Västra Götalands län;80;Göteborg;8332;Kärra bibliotek;80;137;80;0;0;183;138;112;216;107;81;0;244;195;198;393;245;0;0;2409
14;Västra Götalands län;80;Göteborg;8338;Kulturhuset Blå Stället;184;176;133;122;0;215;197;193;191;172;150;0;342;320;365;453;460;521;0;4194
14;Västra Götalands län;80;Göteborg;8339;Hammarkullens bibliotek;52;116;45;0;0;53;64;70;69;35;0;0;98;115;111;173;131;0;0;1132
14;Västra Götalands län;80;Göteborg;8340;Hjällbo bibliotek;147;41;49;0;0;82;63;89;58;65;0;0;120;119;164;112;201;0;0;1310
14;Västra Götalands län;80;Göteborg;8341;Bergsjöns bibliotek;55;59;52;40;0;82;75;84;67;47;51;0;124;107;133;137;154;183;0;1450
14;Västra Götalands län;80;Göteborg;8342;Kortedala bibliotek;150;155;111;69;0;214;189;181;186;159;125;0;279;289;380;383;349;322;0;3541
14;Västra Götalands län;80;Göteborg;8343;Gamlestadens bibliotek;63;102;57;57;0;109;104;84;107;66;75;0;180;221;160;396;276;352;0;2409
14;Västra Götalands län;80;Göteborg;8349;Stadsbiblioteket;370;464;382;375;380;501;529;616;600;516;581;773;900;1260;1624;1853;2187;1756;0;15667
14;Västra Götalands län;80;Göteborg;8351;Linnéstadens bibliotek;221;261;178;0;0;336;313;295;261;294;279;0;564;704;900;755;973;606;0;6940
14;Västra Götalands län;80;Göteborg;8352;Guldhedens bibliotek;60;130;78;0;0;150;143;83;115;84;82;0;218;240;187;479;269;392;0;2710
14;Västra Götalands län;80;Göteborg;8355;Styrsö bibliotek;0;29;14;33;0;0;52;0;38;25;44;0;0;117;0;44;39;63;0;498
14;Västra Götalands län;80;Göteborg;8357;Majornas bibliotek;233;243;207;151;0;327;296;277;275;217;216;0;514;656;708;886;756;705;0;6667
14;Västra Götalands län;80;Göteborg;8358;Högsbo bibliotek;103;199;118;107;0;231;215;166;214;180;136;0;344;448;289;569;466;402;0;4187
14;Västra Götalands län;80;Göteborg;8359;Västra Frölunda bibliotek;280;491;407;354;351;573;613;573;581;537;499;680;979;1189;1199;1240;1253;1002;0;12801
14;Västra Götalands län;80;Göteborg;8360;Askims bibliotek;151;232;200;0;0;345;228;223;242;195;0;0;521;398;433;615;495;0;0;4278
14;Västra Götalands län;80;Göteborg;8362;Stadsdelskontor Västra Göteborg;47;111;75;0;0;139;115;103;110;128;0;0;189;263;249;218;330;0;0;2077
14;Västra Götalands län;80;Göteborg;8554;Asperö skola;0;0;0;0;0;0;0;0;0;0;0;0;0;0;0;0;0;0;0;0
14;Västra Götalands län;80;Göteborg;8555;Vrångö skola, Vrångöhuset;0;0;0;0;0;0;0;0;0;0;0;0;0;0;0;0;0;0;0;0
14;Västra Götalands län;80;Göteborg;8991;Östra Sjukhuset;85;145;125;42;67;175;193;148;162;182;100;191;254;284;350;428;558;343;0;3832
14;Västra Götalands län;80;Göteborg;8997;Sahlgrenska sjukhuset;78;110;123;40;55;157;170;198;198;170;33;122;295;393;437;575;652;291;0;4097
14;Västra Götalands län;81;Mölndal;13696;Fagareds ungdomshem;0;0;0;0;0;0;0;0;0;0;0;0;0;0;20;0;0;0;0;20
14;Västra Götalands län;81;Mölndal;13699;Balltorps bibliotek;11;22;0;0;0;0;35;12;46;0;0;0;0;64;21;75;0;0;0;286
14;Västra Götalands län;81;Mölndal;14682;Eklanda äldreboende;0;24;0;0;0;0;0;0;0;0;0;0;0;0;0;0;0;0;0;24
14;Västra Götalands län;81;Mölndal;6941;Berzelius äldreboende;0;0;0;0;0;0;35;0;0;0;0;0;0;0;0;0;0;0;0;35
14;Västra Götalands län;81;Mölndal;6942;Lackarebäcks äldreboende;0;0;15;0;0;0;0;0;0;0;0;0;0;0;0;0;0;0;0;15
14;Västra Götalands län;81;Mölndal;6945;Kriminalvårdsanstalten;0;0;0;0;0;0;0;0;0;0;0;0;0;22;0;0;0;0;0;22
14;Västra Götalands län;81;Mölndal;6947;Fässbergs äldreboende;0;0;0;0;0;0;0;28;0;0;0;0;0;0;0;0;0;0;0;28
14;Västra Götalands län;81;Mölndal;6948;Brogårdens äldreboende;0;0;0;0;0;37;0;0;0;0;0;0;0;0;0;0;0;0;0;37
14;Västra Götalands län;81;Mölndal;9388;Mölndals stadsbibliotek;260;299;267;178;0;395;423;363;304;358;230;0;672;685;828;882;929;550;440;8063
14;Västra Götalands län;81;Mölndal;9389;Kållereds bibliotek;65;78;55;58;0;86;96;87;120;64;79;0;141;180;223;234;150;202;0;1918
14;Västra Götalands län;81;Mölndal;9390;Lindome bibliotek;91;103;96;50;0;166;124;157;119;96;123;0;261;297;288;358;297;274;0;2900
14;Västra Götalands län;82;Kungälv;14396;Hemmakväll;89;80;86;58;0;105;166;157;113;173;134;0;223;225;336;341;404;314;0;3004
14;Västra Götalands län;82;Kungälv;14397;Walls Fotvård, Kode;0;27;33;0;0;31;0;0;36;35;0;0;0;0;0;119;61;0;0;342
14;Västra Götalands län;82;Kungälv;8900;Kungälvs Stadsbibliotek;192;218;157;113;0;249;282;242;265;260;193;0;459;521;542;581;607;450;0;5331
14;Västra Götalands län;82;Kungälv;8902;Kärna Bibliotek;19;30;0;0;0;56;0;38;68;0;0;0;109;0;78;143;0;0;0;541
14;Västra Götalands län;82;Kungälv;8903;Marstrands Bibliotek;0;38;0;0;0;0;39;0;52;0;0;0;0;63;0;56;0;0;0;248
14;Västra Götalands län;82;Kungälv;8904;Diseröds Bibliotek;3;23;0;0;0;25;0;16;30;0;0;0;28;0;19;54;0;0;0;198
14;Västra Götalands län;82;Kungälv;8905;Ytterby Bibliotek;48;47;0;0;0;54;51;73;50;0;0;0;63;88;184;96;0;0;0;754
14;Västra Götalands län;82;Kungälv;9078;Stadshuset;0;0;0;0;0;0;0;0;0;0;0;0;0;0;0;0;0;0;113;113
14;Västra Götalands län;84;Lysekil;8810;Kommunhuset   -  Lysekil;102;118;124;0;0;144;154;137;170;184;0;0;280;282;276;264;358;173;106;2872
14;Västra Götalands län;84;Lysekil;8820;Folkets Hus - Brastad;39;37;53;0;0;67;57;51;61;81;0;0;115;144;136;113;124;0;0;1078
14;Västra Götalands län;84;Lysekil;8822;Församlingshemmet  -  Skaftö;11;21;20;0;0;29;28;18;24;38;0;0;60;60;70;57;63;0;0;499
14;Västra Götalands län;85;Uddevalla;14198;Stadsbiblioteket;110;123;100;44;0;145;168;113;146;126;97;0;257;255;330;331;454;215;0;3014
14;Västra Götalands län;85;Uddevalla;14240;Jaktstugan, Rotviksbro;0;0;0;0;0;0;0;0;0;0;0;0;0;0;0;0;0;0;5;5
14;Västra Götalands län;85;Uddevalla;14246;Ljungskilegården;34;52;41;22;0;66;51;68;68;83;65;0;112;155;161;192;189;202;72;1633
14;Västra Götalands län;85;Uddevalla;14425;Stadshuset;0;0;0;0;0;0;0;0;0;0;0;0;0;0;0;0;0;0;53;53
14;Västra Götalands län;85;Uddevalla;9861;Medborgarkontoret;72;84;87;0;0;124;52;90;81;97;0;0;153;118;160;182;201;0;0;1501
14;Västra Götalands län;85;Uddevalla;9862;Bohusläns museum;116;119;82;61;77;114;142;158;148;116;123;188;123;340;314;355;214;328;0;3118
14;Västra Götalands län;85;Uddevalla;9866;Dalabergs bibliotek;75;76;49;0;0;111;106;104;82;74;0;0;167;160;168;212;151;0;0;1535
14;Västra Götalands län;85;Uddevalla;9884;Torp köpcentrum, Västra Torp;99;105;125;117;118;121;150;149;173;226;162;261;339;380;441;445;647;514;0;4572
14;Västra Götalands län;85;Uddevalla;9939;Agnebergshallen;0;0;0;0;0;0;0;0;0;0;0;0;0;0;0;0;0;0;60;60
14;Västra Götalands län;85;Uddevalla;9952;Dalabergs centrumhus;0;0;0;0;0;0;0;0;0;0;0;0;0;0;0;0;0;0;35;35
14;Västra Götalands län;85;Uddevalla;9975;Bokenäs bygdegård;0;0;0;0;0;0;0;0;0;0;0;0;0;0;0;0;0;0;9;9
14;Västra Götalands län;85;Uddevalla;9978;Herrestadsskolan;0;0;0;0;0;0;0;0;0;0;0;0;0;0;0;0;0;0;10;10
14;Västra Götalands län;85;Uddevalla;9982;Hogstorps skola;0;0;0;0;0;0;0;0;0;0;0;0;0;0;0;0;0;0;0;0
14;Västra Götalands län;85;Uddevalla;9987;Lanegården;0;0;0;0;0;0;0;0;0;0;0;0;0;0;0;0;0;0;2;2
14;Västra Götalands län;86;Strömstad;13861;Strömstads Museum;132;149;110;91;77;151;197;191;158;179;125;132;255;328;389;429;469;277;136;3975
14;Västra Götalands län;86;Strömstad;13862;Strömstad Gymnasium;0;0;0;0;0;0;0;20;0;0;0;0;0;30;56;0;0;0;0;106
14;Västra Götalands län;87;Vänersborg;11704;Vänersborgs bibliotek;269;368;336;148;0;408;366;364;389;394;237;0;593;645;709;660;836;491;0;7213
14;Västra Götalands län;87;Vänersborg;11723;Biblioteket, Frändefors;0;16;0;0;0;39;0;0;24;0;0;0;103;0;0;33;0;0;0;215
14;Västra Götalands län;87;Vänersborg;14237;Brålanda sjukhem;0;0;0;0;0;0;0;0;0;0;0;0;0;0;26;0;0;0;0;26
14;Västra Götalands län;87;Vänersborg;14437;Arena Vänersborg;0;0;0;0;0;0;0;0;0;0;0;0;0;0;0;0;0;0;96;96
14;Västra Götalands län;87;Vänersborg;15005;Björkens Äldreboende;0;0;0;0;0;0;0;0;0;0;0;0;0;0;22;0;0;0;0;22
14;Västra Götalands län;87;Vänersborg;15006;Runnarebo;0;0;0;0;0;0;0;0;0;0;0;0;0;0;14;0;0;0;0;14
14;Västra Götalands län;87;Vänersborg;15007;Ekeliden;0;0;0;0;0;0;0;0;0;0;0;0;0;0;17;0;0;0;0;17
14;Västra Götalands län;87;Vänersborg;15008;Kastanjens äldreboende;0;0;0;0;0;0;0;0;0;0;0;0;0;0;10;0;0;0;0;10
14;Västra Götalands län;87;Vänersborg;15009;Solängen;0;0;0;0;0;0;0;0;0;0;0;0;0;0;20;0;0;0;0;20
14;Västra Götalands län;87;Vänersborg;15010;Pionens Servicehus;0;0;0;0;0;0;0;0;0;0;0;0;0;0;17;0;0;0;0;17
14;Västra Götalands län;87;Vänersborg;6963;Kriminalvårdsanstalten Östragård;0;0;0;0;0;0;0;0;0;0;0;0;0;0;47;0;0;0;0;47
14;Västra Götalands län;87;Vänersborg;6964;Brinkåsen;0;0;0;0;0;0;0;0;0;0;0;0;0;0;26;0;0;0;0;26
14;Västra Götalands län;87;Vänersborg;6965;Kriminalvårdsanstalten Brinkeberg;0;0;0;0;0;0;0;0;0;0;0;0;0;0;52;0;0;0;0;52
14;Västra Götalands län;87;Vänersborg;9287;Biblioteket Brålanda;0;58;0;0;0;0;92;0;78;0;0;0;0;213;0;124;0;0;0;565
14;Västra Götalands län;87;Vänersborg;9290;Biblioteket Vargön;0;160;0;0;0;120;147;0;185;0;0;0;142;264;0;292;0;0;0;1310
14;Västra Götalands län;88;Trollhättan;13836;Edsborg Idrottsplats;106;120;135;0;0;161;172;161;150;137;0;0;285;392;397;192;487;0;0;2895
14;Västra Götalands län;88;Trollhättan;14515;Klockaregården;0;0;0;0;0;0;0;0;0;0;0;0;0;0;0;24;0;0;0;24
14;Västra Götalands län;88;Trollhättan;6966;Stavregården;0;0;0;0;0;0;0;0;0;0;0;0;0;0;32;0;0;0;0;32
14;Västra Götalands län;88;Trollhättan;6967;Källstorpsgården;0;0;0;0;0;0;0;0;0;0;0;0;0;0;56;0;0;0;0;56
14;Västra Götalands län;88;Trollhättan;6969;Nordängen;0;0;0;0;0;0;0;0;0;0;0;0;0;0;0;13;0;0;0;13
14;Västra Götalands län;88;Trollhättan;6971;Landbogården;0;0;0;0;0;0;0;0;0;0;0;0;0;0;0;23;0;0;0;23
14;Västra Götalands län;88;Trollhättan;6973;Tallbacken;0;0;0;0;0;0;0;0;0;0;0;0;0;0;17;0;0;0;0;17
14;Västra Götalands län;88;Trollhättan;6974;Blåvingen;0;0;0;0;0;0;0;0;0;0;0;0;0;0;13;0;0;0;0;13
14;Västra Götalands län;88;Trollhättan;6975;Blomstergården;0;0;0;0;0;0;0;0;0;0;0;0;0;0;0;8;0;0;0;8
14;Västra Götalands län;88;Trollhättan;7953;Stadshuset;51;93;86;0;0;91;96;83;89;79;228;0;143;148;201;192;236;0;231;2047
14;Västra Götalands län;88;Trollhättan;7954;Huvudbiblioteket;240;321;257;171;0;357;327;441;293;306;228;0;567;559;666;644;807;566;0;6750
14;Västra Götalands län;88;Trollhättan;7955;Syltebiblioteket;94;133;150;57;0;177;154;134;108;171;76;0;230;316;267;256;316;238;0;2877
14;Västra Götalands län;89;Alingsås;14088;Tuvegården;0;0;0;0;0;0;0;0;0;0;0;49;0;0;0;0;0;0;0;49
14;Västra Götalands län;89;Alingsås;6977;Noltorpsgården;0;0;0;0;0;0;0;0;0;0;0;24;0;0;0;0;0;0;0;24
14;Västra Götalands län;89;Alingsås;6979;Ängabogården;0;0;0;0;0;0;0;0;0;0;0;16;0;0;0;0;0;0;0;16
14;Västra Götalands län;89;Alingsås;6980;Hemsjögården;0;0;0;0;0;0;0;0;0;0;0;12;0;0;0;0;0;0;0;12
14;Västra Götalands län;89;Alingsås;6982;Mellbygårdens vård- och gruppboende;0;0;0;0;0;0;0;0;0;0;0;18;0;0;0;0;0;0;0;18
14;Västra Götalands län;89;Alingsås;6983;Brunnsgården;0;0;0;0;0;0;0;0;0;0;0;22;0;0;0;0;0;0;0;22
14;Västra Götalands län;89;Alingsås;6984;Bjärkegården;0;0;0;0;0;0;0;0;0;0;0;20;0;0;0;0;0;0;0;20
14;Västra Götalands län;89;Alingsås;9694;Mjörnviksholms sjukhem;0;0;0;0;0;0;0;0;0;0;0;18;0;0;0;0;0;0;0;18
14;Västra Götalands län;89;Alingsås;9695;Alingsås kulturhus;301;305;251;136;0;371;363;394;371;380;310;0;692;696;871;889;904;615;154;8003
14;Västra Götalands län;89;Alingsås;9698;Ingareds bibliotek;36;6;7;0;0;50;11;42;19;16;0;0;65;50;74;45;40;27;0;488
14;Västra Götalands län;89;Alingsås;9699;Sollebrunns bibliotek, Växthuset;24;33;18;0;0;57;44;31;80;41;0;0;144;105;103;151;162;50;0;1043
14;Västra Götalands län;90;Borås;13698;Knallerian Knalleland;105;139;137;180;171;192;177;202;236;257;299;456;367;427;479;551;721;738;0;5834
14;Västra Götalands län;90;Borås;14850;Stadsbiblioteket;82;100;86;0;0;117;109;120;139;147;0;0;229;264;291;331;416;0;0;2431
14;Västra Götalands län;90;Borås;8703;Dalsjöfors Bibliotek;26;71;60;0;0;67;59;71;63;89;0;0;129;125;123;111;159;0;0;1153
14;Västra Götalands län;90;Borås;8710;Sjöbo Bibliotek;68;104;57;0;0;101;87;73;57;82;0;0;109;104;107;104;155;0;0;1208
14;Västra Götalands län;90;Borås;8711;Göta  bibliotek, Jössagården;46;63;55;0;0;77;92;62;72;76;0;0;88;120;105;118;125;0;0;1099
14;Västra Götalands län;90;Borås;8714;Biblioteket Viskafors;23;58;34;0;0;39;54;54;51;64;0;0;89;105;89;70;106;0;0;836
14;Västra Götalands län;90;Borås;8719;Fristads Bibliotek;48;87;61;0;0;60;73;78;87;85;0;0;141;139;118;140;216;0;0;1333
14;Västra Götalands län;90;Borås;8720;Mötesplats Norrby;45;39;39;0;0;34;38;39;40;43;0;0;51;49;79;71;79;0;0;646
14;Västra Götalands län;90;Borås;8730;Sandareds Bibliotek;20;31;45;0;0;40;35;36;32;58;0;0;83;77;95;72;120;0;0;744
14;Västra Götalands län;90;Borås;8759;Stadshuset;0;0;0;0;0;0;0;0;0;0;0;0;0;0;0;0;0;0;395;395
14;Västra Götalands län;90;Borås;8791;Svärdfästet;43;49;44;0;0;69;68;67;67;82;0;0;120;87;85;96;87;0;0;964
14;Västra Götalands län;90;Borås;8795;Stora Torgets valstuga;357;419;433;317;0;486;527;430;631;686;661;0;737;942;997;1223;1361;1105;0;11312
14;Västra Götalands län;90;Borås;8818;VI-Hässleholmen Hässletorg;31;34;40;0;0;57;42;55;59;53;0;0;64;61;82;139;114;0;0;831
14;Västra Götalands län;91;Ulricehamn;13560;Mobil röstningslokal;61;34;21;0;0;41;84;56;52;66;77;48;110;116;129;87;101;96;0;1179
14;Västra Götalands län;91;Ulricehamn;8803;Stadshuset;172;173;161;102;90;208;238;211;224;234;120;184;427;496;515;551;632;405;235;5378
14;Västra Götalands län;92;Åmål;12800;Mo Bygdegård;0;0;0;0;0;0;0;0;0;0;0;0;64;0;0;0;0;0;0;64
14;Västra Götalands län;92;Åmål;13814;Edsleskogs skola;0;0;0;0;0;0;0;0;0;0;0;0;0;68;0;0;0;0;0;68
14;Västra Götalands län;92;Åmål;13815;Fengersfors skola;0;0;0;0;0;0;0;0;0;0;0;0;0;0;0;143;0;0;0;143
14;Västra Götalands län;92;Åmål;7005;Åmålsgården;0;0;0;0;0;0;0;0;0;0;0;0;40;0;0;0;0;0;0;40
14;Västra Götalands län;92;Åmål;8130;Stadshuset;0;0;0;0;0;0;0;0;0;0;0;0;0;0;0;0;0;0;16;16
14;Västra Götalands län;92;Åmål;8135;Biblioteket;129;144;132;86;0;167;179;172;270;212;103;0;310;345;367;450;427;272;0;3765
14;Västra Götalands län;92;Åmål;9515;Ånimskogs Bygdegård;0;0;0;0;0;0;0;0;0;0;0;0;0;0;62;0;0;0;0;62
14;Västra Götalands län;93;Mariestad;13930;Torsö skärgårdsskola;0;0;0;0;0;0;0;0;0;0;0;0;0;0;99;63;0;0;0;162
14;Västra Götalands län;93;Mariestad;13931;Tidavads skola;0;0;0;0;0;0;0;0;0;0;0;0;0;0;119;100;0;0;0;219
14;Västra Götalands län;93;Mariestad;13932;Bygdegården i Sjötorp;0;0;0;0;0;0;0;0;0;0;0;0;0;0;74;89;0;0;0;163
14;Västra Götalands län;93;Mariestad;7012;Kriminalvårdsanstalten Rödjan;0;0;0;0;0;0;0;0;0;0;0;0;35;0;0;0;0;0;0;35
14;Västra Götalands län;93;Mariestad;9258;Stadshuset;272;200;201;81;0;293;290;328;238;275;149;0;489;532;620;587;749;239;143;5686
14;Västra Götalands län;93;Mariestad;9264;Lyrestad skola;5;0;0;0;0;39;0;18;0;0;0;0;86;0;54;0;0;0;0;202
14;Västra Götalands län;93;Mariestad;9266;Kriminalvårdsanläggningen;0;0;0;0;0;0;0;0;0;0;0;0;0;36;0;0;0;0;0;36
14;Västra Götalands län;94;Lidköping;12582;Tuns dagcentral, vävstugan;0;0;0;0;0;23;26;0;27;8;8;0;18;27;0;49;35;0;0;221
14;Västra Götalands län;94;Lidköping;14211;Bräddegården;0;0;0;0;0;0;0;0;0;0;21;0;0;0;0;0;0;0;0;21
14;Västra Götalands län;94;Lidköping;14212;Bäckliden;0;0;0;0;0;0;0;0;0;0;7;0;0;0;0;0;0;0;0;7
14;Västra Götalands län;94;Lidköping;14213;Guldvingens Äldreboende;0;0;0;0;0;0;0;0;0;0;12;0;0;0;0;0;0;0;0;12
14;Västra Götalands län;94;Lidköping;14214;Lugnet;0;0;0;0;0;0;0;0;0;0;26;0;0;0;0;0;0;0;0;26
14;Västra Götalands län;94;Lidköping;14215;Majgården;0;0;0;0;0;0;0;0;0;0;17;0;0;0;0;0;0;0;0;17
14;Västra Götalands län;94;Lidköping;14216;Solhaga;0;0;0;0;0;0;0;0;0;0;6;0;0;0;0;0;0;0;0;6
14;Västra Götalands län;94;Lidköping;14217;Tolsjöhemmet;0;0;0;0;0;0;0;0;0;0;23;0;0;0;0;0;0;0;0;23
14;Västra Götalands län;94;Lidköping;14218;Ågården;0;0;0;0;0;0;0;0;0;0;29;0;0;0;0;0;0;0;0;29
14;Västra Götalands län;94;Lidköping;14219;Östhaga;0;0;0;0;0;0;0;0;0;0;24;0;0;0;0;0;0;0;0;24
14;Västra Götalands län;94;Lidköping;14442;Björkhaga;0;0;0;0;0;0;0;0;0;0;8;0;0;0;0;0;0;0;0;8
14;Västra Götalands län;94;Lidköping;14443;De la Gardiegymnasiet;0;0;0;0;0;0;0;62;0;0;0;0;0;0;0;0;0;0;0;62
14;Västra Götalands län;94;Lidköping;14444;Senior Center;0;0;0;0;0;0;29;0;0;0;0;0;0;0;0;0;0;0;0;29
14;Västra Götalands län;94;Lidköping;9918;Stadshuset;287;334;318;139;0;459;463;503;468;441;219;0;790;944;1029;1022;1216;440;229;9301
14;Västra Götalands län;94;Lidköping;9923;Järpås bygdegård;0;0;0;0;0;26;23;0;21;9;13;0;29;34;0;50;48;0;0;253
14;Västra Götalands län;94;Lidköping;9926;Vinningaskolan;0;0;0;0;0;22;29;0;37;16;34;0;50;59;0;78;57;0;0;382
14;Västra Götalands län;95;Skara;14018;Varnhemsgården;0;0;0;0;0;0;57;0;0;0;0;0;0;0;0;0;0;0;0;57
14;Västra Götalands län;95;Skara;14026;Husaren;0;89;0;0;0;0;0;0;0;0;0;0;0;0;0;0;0;0;0;89
14;Västra Götalands län;95;Skara;14027;Ardalagården;0;0;0;0;0;0;0;0;62;0;0;0;0;0;0;0;0;0;0;62
14;Västra Götalands län;95;Skara;14030;Katedralskolan;0;0;0;0;0;0;0;0;0;0;0;0;0;0;17;0;0;0;0;17
14;Västra Götalands län;95;Skara;14053;Vallegården;0;0;0;0;0;0;0;0;0;0;0;0;0;133;0;0;0;0;0;133
14;Västra Götalands län;95;Skara;14709;mobil röstningslokal;0;0;0;0;0;71;26;33;42;40;0;0;0;0;0;0;0;0;0;212
14;Västra Götalands län;95;Skara;9487;Stifts- och landsbiblioteket;164;208;127;78;0;248;296;226;221;251;122;0;399;453;478;449;598;243;168;4729
14;Västra Götalands län;96;Skövde;10095;Biblioteksfilialen, S:a Ryd;31;0;0;0;0;75;0;61;0;0;0;0;102;0;120;0;0;0;0;389
14;Västra Götalands län;96;Skövde;10097;Frösve skola;0;0;0;0;0;0;100;0;0;0;0;0;0;142;0;0;0;0;0;242
14;Västra Götalands län;96;Skövde;10100;Kyrkan Hus Värsås;9;0;0;0;0;0;0;34;0;0;0;0;0;0;72;0;0;0;0;115
14;Västra Götalands län;96;Skövde;10101;Timmersdala församlingshem;0;53;0;0;0;0;0;0;77;0;0;0;0;0;0;152;0;0;0;282
14;Västra Götalands län;96;Skövde;10102;Tidan PRO-lokalen;0;39;0;0;0;0;0;0;51;0;0;0;0;0;0;164;0;0;0;254
14;Västra Götalands län;96;Skövde;10104;Skultorp Gamla Kommunalhuset;0;0;0;0;0;0;100;0;0;0;0;0;0;188;0;0;0;0;0;288
14;Västra Götalands län;96;Skövde;10106;Stadshuset, entréplan;141;215;188;107;116;213;233;215;209;274;157;218;270;356;427;482;647;388;418;5274
14;Västra Götalands län;96;Skövde;10934;Stadsbiblioteket;153;197;145;61;0;224;188;184;237;247;138;0;397;496;601;698;836;450;0;5252
14;Västra Götalands län;96;Skövde;13077;Västerhöjdsgymnasiet;0;0;0;0;0;0;0;0;0;0;0;0;0;19;0;36;0;0;0;55
14;Västra Götalands län;96;Skövde;13078;Kavelbrogymnasiet;0;0;0;0;0;0;0;0;0;0;0;0;8;0;12;0;0;0;0;20
14;Västra Götalands län;96;Skövde;14634;Högskolan Skövde;0;39;0;0;0;0;0;0;67;0;0;0;0;0;0;205;0;0;0;311
14;Västra Götalands län;96;Skövde;14668;Äldreboendet Billingsdal;0;0;0;0;0;0;9;0;0;0;0;0;0;0;0;0;0;0;0;9
14;Västra Götalands län;96;Skövde;7035;Skaraborgs Sjukhus;0;0;40;0;0;0;0;0;0;45;0;0;0;0;0;0;0;0;0;85
14;Västra Götalands län;96;Skövde;7036;Äldreboende Tomtegården;0;0;0;0;0;0;0;24;0;0;0;0;0;0;0;0;0;0;0;24
14;Västra Götalands län;96;Skövde;7038;Äldreboende Solgården;0;0;0;0;0;0;15;0;0;0;0;0;0;0;0;0;0;0;0;15
14;Västra Götalands län;96;Skövde;7039;Skaraborgs läns sjukhem;7;0;0;0;0;0;0;0;0;0;0;0;0;0;0;0;0;0;0;7
14;Västra Götalands län;96;Skövde;7040;Servicehus Bagaren;40;0;0;0;0;0;0;0;0;0;0;0;0;0;0;0;0;0;0;40
14;Västra Götalands län;96;Skövde;7042;Äldreboende Norrmalm;0;0;0;0;0;0;29;0;0;0;0;0;0;0;0;0;0;0;0;29
14;Västra Götalands län;96;Skövde;7043;Servicehus Käpplunda gärde;25;0;0;0;0;0;0;0;0;0;0;0;0;0;0;0;0;0;0;25
14;Västra Götalands län;96;Skövde;7045;Äldreboende Boken;0;0;0;0;0;0;17;0;0;0;0;0;0;0;0;0;0;0;0;17
14;Västra Götalands län;96;Skövde;7046;Äldreboende Ekedal;0;0;0;0;0;0;0;31;0;0;0;0;0;0;0;0;0;0;0;31
14;Västra Götalands län;96;Skövde;7047;Äldreboende Hentorp;6;0;0;0;0;0;0;0;0;0;0;0;0;0;0;0;0;0;0;6
14;Västra Götalands län;97;Hjo;13057;Stadshuset;63;121;79;0;0;129;111;84;132;131;0;0;235;198;284;311;317;139;67;2401
14;Västra Götalands län;98;Tidaholm;7052;Äldreboende Midgård;0;0;0;0;0;0;0;0;0;0;0;23;0;0;0;0;0;0;0;23
14;Västra Götalands län;98;Tidaholm;7053;Kriminalvårdsanstalten;0;0;0;0;0;0;0;0;0;0;0;62;0;0;0;0;0;0;0;62
14;Västra Götalands län;98;Tidaholm;7054;Äldreboende Lindängen;0;0;0;0;0;0;0;0;0;0;0;15;0;0;0;0;0;0;0;15
14;Västra Götalands län;98;Tidaholm;7055;Äldreboende Solvik;0;0;0;0;0;0;0;0;0;0;0;26;0;0;0;0;0;0;0;26
14;Västra Götalands län;98;Tidaholm;7056;Äldreboende Hellidshemmet;0;0;0;0;0;0;0;0;0;0;0;15;0;0;0;0;0;0;0;15
14;Västra Götalands län;98;Tidaholm;7907;Stadsbiblioteket;118;148;67;49;0;199;158;173;280;102;122;0;406;241;293;531;445;247;39;3618
14;Västra Götalands län;99;Falköping;10403;Biblioteket i Stenstorp;0;0;0;0;0;0;0;0;0;0;0;0;121;102;107;106;105;0;0;541
14;Västra Götalands län;99;Falköping;14904;Biblioteket, Vartofta;0;0;0;0;0;0;0;0;0;0;0;0;45;41;40;46;54;0;0;226
14;Västra Götalands län;99;Falköping;14985;Vallokal Centrum;0;0;0;62;0;0;0;0;0;0;86;0;0;0;0;14;16;109;0;287
14;Västra Götalands län;99;Falköping;7058;Församlingshemmet Gudhem;0;0;0;0;0;0;0;0;0;0;0;0;35;36;25;38;46;0;0;180
14;Västra Götalands län;99;Falköping;7066;Valnämndens kansli;0;0;0;0;0;0;0;0;0;0;0;0;0;0;0;0;0;0;77;77
14;Västra Götalands län;99;Falköping;8023;Biblioteket i Floby;0;0;0;0;0;0;0;0;0;0;0;0;113;81;97;135;100;0;0;526
14;Västra Götalands län;99;Falköping;8025;Biblioteket  i Alvershus;0;0;0;0;0;0;0;0;0;0;0;0;45;43;52;46;48;0;0;234
14;Västra Götalands län;99;Falköping;8026;Medborgarhuset;183;207;177;76;0;222;140;241;317;234;122;0;487;547;299;800;680;400;0;5132
14;Västra Götalands län;99;Falköping;8027;Biblioteket  i Broddetorpsskolan;0;0;0;0;0;0;0;0;0;0;0;0;25;28;21;14;21;0;0;109
14;Västra Götalands län;99;Falköping;8051;Biblioteket i Kinnarpsskolan;0;0;0;0;0;0;0;0;0;0;0;0;51;56;37;38;33;0;0;215
17;Värmlands län;15;Kil;7080;Sannerudshemmet;0;0;0;0;0;0;0;0;0;0;0;23;0;0;0;0;0;0;0;23
17;Värmlands län;15;Kil;7081;Servicehuset Smeden;0;0;0;0;0;0;0;0;0;0;0;7;0;0;0;0;0;0;0;7
17;Värmlands län;15;Kil;8740;Biblioteket;127;155;152;45;0;176;200;192;159;199;98;0;223;328;299;328;387;212;40;3320
17;Värmlands län;30;Eda;14831;Kommunkontorets medborgarkontor;0;0;0;0;0;0;0;0;0;0;0;0;0;0;0;0;0;32;20;52
17;Värmlands län;30;Eda;8038;Biblioteket Charlottenberg;28;45;30;0;0;64;56;66;53;57;35;0;78;131;149;161;137;0;0;1090
17;Värmlands län;30;Eda;8040;Biblioteket Koppom;12;16;8;0;0;22;17;17;27;18;17;0;61;37;56;60;47;0;0;415
17;Värmlands län;30;Eda;8041;Biblioteket Åmotfors;20;25;22;0;0;44;23;41;22;22;21;0;45;73;65;99;53;0;0;575
17;Värmlands län;30;Eda;8042;Gunneruds skola;0;0;0;0;0;0;0;0;0;0;0;0;0;0;0;0;0;0;144;144
17;Värmlands län;37;Torsby;11103;Biblioteket Torsby;79;102;103;51;0;115;97;154;121;136;93;0;231;255;272;259;225;117;0;2410
17;Värmlands län;37;Torsby;11123;Biblioteket Sysslebäck;15;20;25;0;0;38;31;31;27;46;0;0;55;42;56;48;52;0;0;486
17;Värmlands län;37;Torsby;12853;Församlingshemmet Höljes;0;0;0;0;86;0;0;0;0;0;0;0;0;0;0;0;0;0;0;86
17;Värmlands län;37;Torsby;13818;Kommunkontoret Torsby;34;50;44;0;0;40;56;31;26;39;0;0;55;59;63;125;76;82;82;862
17;Värmlands län;37;Torsby;13819;Kommunhuset Sysslebäck;0;0;0;0;0;0;0;0;0;0;0;0;0;0;0;0;0;0;14;14
17;Värmlands län;37;Torsby;14685;Stölletskolan;0;0;0;0;0;0;0;0;0;0;0;0;0;0;0;0;0;0;29;29
17;Värmlands län;37;Torsby;14686;Finnskogahemmet;0;0;0;0;0;0;0;0;0;0;0;68;0;0;0;0;0;0;0;68
17;Värmlands län;60;Storfors;9452;Kommunhuset;35;42;34;0;0;44;49;35;50;45;0;0;92;92;117;155;71;0;23;884
17;Värmlands län;61;Hammarö;14776;Björkhagsgården;0;0;0;0;0;0;0;0;0;0;14;0;0;0;0;0;0;0;0;14
17;Värmlands län;61;Hammarö;14777;Gunnarskärsgården;0;0;0;0;0;0;0;0;0;0;20;0;0;0;0;0;0;0;0;20
17;Värmlands län;61;Hammarö;8680;Biblioteket, Hammarö kommun;167;159;149;110;0;224;195;202;191;176;176;0;359;359;397;432;388;287;40;4011
17;Värmlands län;62;Munkfors;10912;Munkfors kommunkontor;36;36;45;0;0;64;84;68;55;40;0;0;95;111;83;71;103;56;0;947
17;Värmlands län;62;Munkfors;12787;Pastorsexpeditionen Munkfors;0;0;0;0;0;0;0;0;0;0;0;0;0;0;0;0;0;0;11;11
17;Värmlands län;62;Munkfors;14839;Geijerskolan;0;0;0;0;0;0;0;0;0;0;0;0;68;0;0;0;0;0;0;68
17;Värmlands län;62;Munkfors;14840;Gruppboendet Björkbacken;0;0;0;8;0;0;0;0;0;0;0;0;0;0;0;0;0;0;0;8
17;Värmlands län;62;Munkfors;7087;Trygghetsboendet Tallåsen;0;0;0;13;0;0;0;0;0;0;0;0;0;0;0;0;0;0;0;13
17;Värmlands län;63;Forshaga;11763;Kulturhuset;19;41;41;0;0;38;92;59;67;39;0;0;129;110;120;110;135;87;19;1106
17;Värmlands län;63;Forshaga;11764;Forshaga Lärcenter;54;70;66;0;0;67;191;128;140;71;0;0;248;235;241;254;283;181;21;2250
17;Värmlands län;63;Forshaga;12240;Olsätersskolan;0;0;0;0;0;0;0;0;0;0;0;0;0;0;0;0;0;0;220;220
17;Värmlands län;64;Grums;9418;Grums Bibliotek;109;145;94;56;0;156;137;155;169;103;79;0;222;301;273;294;227;196;53;2769
17;Värmlands län;65;Årjäng;10069;Biblioteket Årjäng;45;72;78;27;0;78;80;113;102;124;56;0;173;226;214;208;275;132;59;2062
17;Värmlands län;65;Årjäng;10073;Biblioteket Töcksfors;10;25;0;0;0;29;36;21;49;0;0;0;66;97;109;102;0;0;0;544
17;Värmlands län;65;Årjäng;12854;Blomskogs Församlingshem;0;0;0;0;0;0;0;0;0;0;0;0;0;0;0;0;0;0;124;124
17;Värmlands län;65;Årjäng;12856;Holmedals skola;0;0;0;0;0;0;0;0;0;0;0;0;0;0;0;0;0;0;148;148
17;Värmlands län;65;Årjäng;12857;Böns skola;0;0;0;0;0;0;0;0;0;0;0;0;0;0;0;0;0;0;196;196
17;Värmlands län;65;Årjäng;13982;Ica Nära;5;2;8;6;3;5;8;4;6;13;10;8;13;24;10;28;32;36;0;221
17;Värmlands län;65;Årjäng;14753;Töcksfors Shoppingcenter;0;0;0;0;0;0;0;0;0;23;14;0;0;0;0;0;0;0;0;37
17;Värmlands län;65;Årjäng;14755;Töcksmarks Församlingshem;0;0;0;0;0;0;0;0;0;0;0;0;0;0;0;0;0;0;7;7
17;Värmlands län;66;Sunne;7091;Allégårdens Servicehus;0;0;0;0;0;0;0;0;0;0;0;33;0;0;0;0;0;0;0;33
17;Värmlands län;66;Sunne;7092;Kålsgården servicehus;0;0;0;0;0;0;0;0;0;0;0;11;0;0;0;0;0;0;0;11
17;Värmlands län;66;Sunne;7093;Sjukhemmet Hagen 1-3;0;0;0;0;0;0;0;0;0;0;0;9;0;0;0;0;0;0;0;9
17;Värmlands län;66;Sunne;7094;Uddebo Servicehus;0;0;0;0;0;0;0;0;0;0;0;14;0;0;0;0;0;0;0;14
17;Värmlands län;66;Sunne;9697;Biblioteket;70;122;126;60;35;110;168;144;188;170;108;80;184;344;257;402;351;240;29;3188
17;Värmlands län;80;Karlstad;11906;Väse bibliotek;0;24;0;0;0;27;8;0;36;0;0;0;42;29;0;101;0;0;0;267
17;Värmlands län;80;Karlstad;12649;Stagnellska;0;0;0;0;0;0;0;0;0;0;0;15;0;0;0;0;0;0;0;15
17;Värmlands län;80;Karlstad;12658;Karlstads universitet;0;0;0;0;0;0;0;0;0;0;0;0;88;236;329;373;433;0;0;1459
17;Värmlands län;80;Karlstad;13427;Edsvalla bibliotek;0;21;8;0;0;21;0;0;37;10;0;0;27;0;0;49;30;0;0;203
17;Värmlands län;80;Karlstad;14278;Stadshuset;107;118;107;97;0;152;153;129;150;120;147;0;144;274;299;338;440;303;0;3078
17;Värmlands län;80;Karlstad;14446;Hagaborg servicehus;0;0;0;0;0;0;0;0;0;0;0;22;0;0;0;0;0;0;0;22
17;Värmlands län;80;Karlstad;14447;Källan servicehus;0;0;0;0;0;0;0;0;0;0;0;13;0;0;0;0;0;0;0;13
17;Värmlands län;80;Karlstad;14448;Våxnäs servicehus;0;0;0;0;0;0;0;0;0;0;0;36;0;0;0;0;0;0;0;36
17;Värmlands län;80;Karlstad;14622;Sjukhusbiblioteket;0;0;0;0;0;0;0;0;0;0;0;0;90;108;151;174;254;0;0;777
17;Värmlands län;80;Karlstad;14623;Gamla Wermlandsbanken;0;0;0;0;0;0;0;0;0;0;0;0;0;0;0;0;0;0;378;378
17;Värmlands län;80;Karlstad;7095;Kriminalvården, Häktet;0;0;0;0;0;0;0;0;0;0;0;38;0;0;0;0;0;0;0;38
17;Värmlands län;80;Karlstad;7098;Brattska Gården;0;0;0;0;0;0;0;0;0;0;0;22;0;0;0;0;0;0;0;22
17;Värmlands län;80;Karlstad;9103;Bibliotekshuset;347;478;426;315;306;518;625;554;580;516;500;566;708;1003;1127;1263;1476;1131;0;12439
17;Värmlands län;80;Karlstad;9104;Kronoparkens bibliotek;52;84;76;0;0;92;85;60;108;79;0;0;195;175;182;243;306;155;0;1892
17;Värmlands län;80;Karlstad;9105;Våxnäs bibliotek;101;141;114;0;0;163;199;126;145;119;0;0;282;278;229;259;220;212;0;2588
17;Värmlands län;80;Karlstad;9106;Skåre bibliotek;40;65;70;0;0;117;51;74;69;91;0;0;236;103;153;167;127;0;0;1363
17;Värmlands län;80;Karlstad;9107;Skattkärrs bibliotek;17;45;24;0;0;59;0;42;76;38;0;0;120;0;74;154;74;0;0;723
17;Värmlands län;80;Karlstad;9108;Molkoms bibliotek;0;68;36;0;0;63;67;0;108;43;0;0;131;101;75;175;67;0;0;934
17;Värmlands län;80;Karlstad;9109;Vålbergs bibliotek;51;56;35;0;0;84;0;119;101;49;0;0;115;54;158;89;75;0;0;986
17;Värmlands län;81;Kristinehamn;10222;Turistbyrån - Framtidsrummet;147;173;226;125;0;234;237;289;310;262;153;0;399;414;385;391;482;265;0;4492
17;Värmlands län;81;Kristinehamn;10224;Kommunhuset Uroxen;12;12;21;0;0;17;15;12;8;25;0;0;43;40;33;39;49;0;72;398
17;Värmlands län;81;Kristinehamn;13054;Tapiren;0;0;0;0;0;0;0;0;0;0;0;24;0;0;0;0;0;0;0;24
17;Värmlands län;81;Kristinehamn;13055;Broängen;0;0;0;0;0;0;0;0;0;0;0;5;0;0;0;0;0;0;0;5
17;Värmlands län;81;Kristinehamn;14065;Kristinehamns bibliotek;93;97;120;0;0;161;132;152;158;153;74;0;340;349;339;412;392;241;0;3213
17;Värmlands län;81;Kristinehamn;7102;Skogshyddan 1 och 2;0;0;0;0;0;0;0;0;0;0;0;1;0;0;0;0;0;0;0;1
17;Värmlands län;81;Kristinehamn;7103;Sannagården;0;0;0;0;0;0;0;0;0;0;0;15;0;0;0;0;0;0;0;15
17;Värmlands län;81;Kristinehamn;7104;Kolgården;0;0;0;0;0;0;0;0;0;0;0;11;0;0;0;0;0;0;0;11
17;Värmlands län;81;Kristinehamn;7105;Regnbågen;0;0;0;0;0;0;0;0;0;0;0;8;0;0;0;0;0;0;0;8
17;Värmlands län;82;Filipstad;9326;Folkets Hus;88;110;105;0;0;160;141;185;108;87;0;0;223;224;318;367;360;132;22;2630
17;Värmlands län;82;Filipstad;9327;Servicehuset Ugglan;17;10;12;0;0;11;26;24;34;22;0;0;48;15;40;27;31;0;0;317
17;Värmlands län;82;Filipstad;9329;Åhrlundsgården Nykroppa;16;10;6;0;0;14;21;22;17;6;0;0;25;12;36;17;16;0;0;218
17;Värmlands län;83;Hagfors;10165;Råda församlingshem;0;0;0;0;0;0;45;0;57;0;0;0;147;0;0;0;0;0;0;249
17;Värmlands län;83;Hagfors;12966;Stadshuset i Hagfors;125;121;103;0;0;0;178;171;125;0;0;115;0;365;139;380;354;0;74;2250
17;Värmlands län;83;Hagfors;12967;Sunnemo skola;0;0;0;0;0;56;0;0;0;105;0;0;0;0;140;0;0;0;0;301
17;Värmlands län;83;Hagfors;13904;Ekshärads församlingshem;0;0;0;0;0;62;0;0;168;0;0;0;131;0;0;0;245;0;0;606
17;Värmlands län;83;Hagfors;14373;Älvstranden Bildningscentrum;0;0;0;0;0;0;0;0;0;0;0;0;0;72;0;72;0;0;0;144
17;Värmlands län;83;Hagfors;14914;Bågskytten, Ekshärad;0;0;0;0;0;0;0;0;0;0;0;0;0;0;0;0;0;0;12;12
17;Värmlands län;84;Arvika;10326;Smedberg;0;0;0;0;0;0;0;0;0;0;0;19;0;0;0;0;0;0;0;19
17;Värmlands län;84;Arvika;12958;Biblioteket;141;177;243;142;0;258;226;314;261;286;215;0;383;483;554;605;647;367;0;5302
17;Värmlands län;84;Arvika;12959;Stadshuset, kundtjänst;69;94;80;0;4;119;111;106;105;134;0;17;107;143;200;152;261;138;179;2019
17;Värmlands län;84;Arvika;12961;Bokbussen;8;2;8;0;0;1;12;1;0;10;0;0;13;11;23;5;0;0;0;94
17;Värmlands län;84;Arvika;7117;Tapeten-Korpralen;0;0;0;0;0;0;0;0;0;0;0;10;0;0;0;0;0;0;0;10
17;Värmlands län;85;Säffle;14020;Bokbussen;4;8;0;0;0;8;5;8;11;16;26;21;2;6;31;6;0;0;0;152
17;Värmlands län;85;Säffle;14557;Medborgarhuset;162;135;141;62;0;187;189;202;262;225;88;128;402;391;458;471;486;203;0;4192
17;Värmlands län;85;Säffle;9571;Stadshuset;0;0;0;0;0;0;0;0;0;0;0;0;0;0;0;0;0;0;46;46
18;Örebro län;14;Lekeberg;9708;Information Lekeberg;27;41;52;0;0;80;65;63;77;81;24;0;145;126;127;157;188;60;43;1356
18;Örebro län;60;Laxå;12201;Biblioteket i Laxå;55;81;64;0;0;124;108;63;78;70;0;0;207;165;100;165;150;75;0;1505
18;Örebro län;60;Laxå;14739;Centralskolans matsal;0;0;0;0;0;0;0;0;0;0;0;0;0;0;0;0;0;0;10;10
18;Örebro län;60;Laxå;14740;Tiveds församlingshem;0;0;0;0;0;0;0;0;0;0;0;0;0;0;0;0;0;0;105;105
18;Örebro län;60;Laxå;7125;Björkhagen serviceboende;0;0;0;0;0;0;0;0;0;0;0;10;0;0;0;0;0;0;0;10
18;Örebro län;60;Laxå;7126;Korttidsboende Gläntan;0;0;0;0;0;0;0;0;0;0;0;6;0;0;0;0;0;0;0;6
18;Örebro län;60;Laxå;7127;Ramundergårdens äldreboende;0;0;0;0;0;0;0;0;0;0;0;9;0;0;0;0;0;0;0;9
18;Örebro län;60;Laxå;7128;Edegårdens äldreboende;0;0;0;0;0;0;0;0;0;0;0;12;0;0;0;0;0;0;0;12
18;Örebro län;60;Laxå;7129;Tivedsgårdens äldreboende;0;0;0;0;0;0;0;0;0;0;0;21;0;0;0;0;0;0;0;21
18;Örebro län;61;Hallsberg;12610;Hjortkvarns bibliotek;0;16;0;0;0;0;0;0;8;0;0;0;0;0;0;13;0;0;0;37
18;Örebro län;61;Hallsberg;14171;Alléskolan;0;0;0;0;0;0;0;0;1;0;0;0;0;0;0;5;0;0;0;6
18;Örebro län;61;Hallsberg;14175;Green Cargo;0;0;0;0;0;0;0;0;0;25;0;0;0;0;0;13;0;0;0;38
18;Örebro län;61;Hallsberg;8982;ICA Supermarket Sojas;4;9;12;5;3;14;22;17;15;18;18;10;20;54;32;45;47;26;0;371
18;Örebro län;61;Hallsberg;8983;Pålsboda Järn & Färg;19;24;27;18;0;24;30;30;44;39;24;0;69;81;102;61;78;35;0;705
18;Örebro län;61;Hallsberg;8984;Östansjö Handelsbod;7;14;11;8;6;6;14;11;11;20;8;31;36;20;25;42;53;16;0;339
18;Örebro län;61;Hallsberg;8985;Biblioteket Hallsberg;98;75;71;24;0;102;75;106;96;101;38;0;179;163;186;164;216;123;0;1817
18;Örebro län;61;Hallsberg;8988;Kupan, Röda Korsets lokal;26;43;26;17;0;22;23;30;32;27;23;0;57;54;82;77;81;32;0;652
18;Örebro län;61;Hallsberg;8989;Sköllersta Handlar´n;6;9;4;6;0;10;15;14;11;4;16;0;31;33;23;31;36;18;0;267
18;Örebro län;61;Hallsberg;8990;Vingens vallokal;0;0;0;0;0;0;0;0;0;0;0;0;0;0;0;0;0;0;25;25
18;Örebro län;62;Degerfors;10054;Folkets Hus;79;88;55;58;52;112;96;140;117;101;99;78;174;191;163;231;217;131;26;2208
18;Örebro län;62;Degerfors;10058;Folkets Hus Svartå;0;0;0;0;0;10;9;15;5;8;0;0;29;13;31;11;12;0;0;143
18;Örebro län;62;Degerfors;10117;Åtorps utvecklingsgrupps lokal;0;0;0;0;0;11;17;9;11;7;0;0;9;30;20;33;15;0;0;162
18;Örebro län;62;Degerfors;7132;Västergården;0;0;0;0;0;0;0;0;0;0;0;26;0;0;0;0;0;0;0;26
18;Örebro län;62;Degerfors;7133;Letälvsgården;0;0;0;0;0;0;0;0;0;0;0;22;0;0;0;0;0;0;0;22
18;Örebro län;63;Hällefors;14588;Hjulsjö motionscenter;0;0;0;0;0;0;0;0;0;0;0;0;0;0;0;0;0;0;0;0
18;Örebro län;63;Hällefors;7134;Sörgården (cafeterian);0;0;0;0;0;0;0;0;0;0;0;3;0;0;0;0;0;0;0;3
18;Örebro län;63;Hällefors;7137;Björkhaga (matsalen);0;0;0;0;0;0;0;0;0;0;0;20;0;0;0;0;0;0;0;20
18;Örebro län;63;Hällefors;8766;Kommunkontoret;59;87;69;0;0;91;115;104;94;95;0;0;164;159;170;152;148;116;2;1625
18;Örebro län;63;Hällefors;8767;Tempo;13;13;8;5;0;16;6;15;7;20;10;0;38;25;48;30;78;35;0;367
18;Örebro län;64;Ljusnarsberg;10162;Tingshuset;74;83;51;28;39;59;74;81;92;79;56;48;115;132;153;172;156;92;15;1599
18;Örebro län;80;Örebro;10055;Brevensgården;0;0;0;0;0;0;0;0;0;0;0;0;0;0;0;0;0;0;6;6
18;Örebro län;80;Örebro;10056;Vinöns skola;0;0;0;0;0;0;0;0;0;0;0;0;0;0;0;0;0;0;18;18
18;Örebro län;80;Örebro;13040;Almby seniorboende;43;67;56;0;0;58;57;50;41;59;0;0;78;85;104;92;146;0;0;936
18;Örebro län;80;Örebro;13093;Örebro kommun Servicecenter;0;0;0;0;0;0;0;0;0;0;0;0;0;0;0;0;0;0;563;563
18;Örebro län;80;Örebro;13796;Odensbackens bibliotek;18;37;19;0;0;47;18;26;46;30;0;0;137;24;56;99;59;0;0;616
18;Örebro län;80;Örebro;13797;Marieberg Galleria;163;206;164;127;165;202;201;188;237;248;305;415;440;528;605;632;777;719;0;6322
18;Örebro län;80;Örebro;13798;Adolfsbergs kyrka/församlingshem;30;0;26;0;48;0;39;49;0;22;0;68;0;95;51;0;89;0;0;517
18;Örebro län;80;Örebro;13799;Örebro Universitet;0;0;0;0;0;0;0;0;0;0;0;0;75;160;196;220;255;0;0;906
18;Örebro län;80;Örebro;13808;Lillåns församlingshem;0;45;46;0;0;51;47;0;60;50;0;0;107;142;0;108;125;0;0;781
18;Örebro län;80;Örebro;14044;Rosenlund;0;0;0;0;0;0;0;0;0;0;0;10;0;0;0;0;0;0;0;10
18;Örebro län;80;Örebro;14045;Ädelgården;0;0;0;0;0;0;0;0;0;0;0;0;0;0;0;0;0;0;0;0
18;Örebro län;80;Örebro;14047;Länsmuseet;0;0;0;0;0;0;155;147;112;60;67;121;0;261;273;263;212;227;0;1898
18;Örebro län;80;Örebro;14382;Baronbackarnas bibliotek;26;14;12;0;0;21;18;22;8;27;0;0;23;31;70;45;74;0;0;391
18;Örebro län;80;Örebro;14383;Tegelbrukets bibliotek;28;31;32;0;0;65;52;17;46;31;0;0;61;81;123;110;119;0;0;796
18;Örebro län;80;Örebro;14885;Galleria Oscar C;97;80;71;53;53;99;102;122;124;104;126;71;165;225;334;364;619;438;0;3247
18;Örebro län;80;Örebro;7142;Klosterbacken;0;0;0;0;0;0;0;0;0;0;0;0;16;0;0;0;0;0;0;16
18;Örebro län;80;Örebro;7145;Eken, Rättspsykiatriska avdelningen;0;0;0;0;0;0;0;0;0;0;0;0;6;0;0;0;0;0;0;6
18;Örebro län;80;Örebro;7146;Runnagården;0;0;0;0;0;0;0;0;0;0;0;0;0;30;0;0;0;0;0;30
18;Örebro län;80;Örebro;7148;Häktet;0;0;0;0;0;0;0;0;0;0;0;0;0;23;0;0;0;0;0;23
18;Örebro län;80;Örebro;7150;Löwenhjelmska;0;0;0;0;0;0;0;0;0;0;0;20;0;0;0;0;0;0;0;20
18;Örebro län;80;Örebro;7153;Sirishof;0;0;0;0;0;0;0;0;0;0;0;18;0;0;0;0;0;0;0;18
18;Örebro län;80;Örebro;8033;Brickebackens bibliotek;16;24;16;0;0;34;28;27;27;26;0;0;54;60;80;78;136;0;0;606
18;Örebro län;80;Örebro;9148;Garphyttan - Sankt Josefs kapell;21;14;0;0;0;6;0;23;14;0;0;0;9;0;65;23;0;0;0;175
18;Örebro län;80;Örebro;9153;Glanshammars bygdegård;25;31;0;19;0;25;29;29;31;0;29;0;62;70;73;88;0;81;0;592
18;Örebro län;80;Örebro;9154;Hagabiblioteket;129;170;111;57;0;186;175;163;128;127;85;0;246;321;349;264;284;245;0;3040
18;Örebro län;80;Örebro;9158;Olaus Petriskolan;61;55;47;0;47;0;0;75;45;55;0;110;0;0;186;179;190;0;0;1050
18;Örebro län;80;Örebro;9159;Varberga bibliotek;36;27;42;0;0;48;45;59;42;39;0;0;86;98;94;114;135;0;0;865
18;Örebro län;80;Örebro;9412;Vivalla bibliotek;76;59;56;0;0;93;76;82;55;70;0;0;109;138;122;161;165;0;0;1262
18;Örebro län;80;Örebro;9420;Stadsbiblioteket;312;286;297;146;103;356;348;330;337;307;258;244;477;697;752;834;743;687;0;7514
18;Örebro län;80;Örebro;9422;Patientbiblioteket USÖ;0;0;0;0;0;0;0;0;0;0;0;0;55;92;105;105;156;0;0;513
18;Örebro län;80;Örebro;9425;Vintrosa bibliotek;16;6;0;0;0;23;7;14;18;0;0;0;62;22;23;29;0;0;0;220
18;Örebro län;81;Kumla;10350;Stadshuset;60;71;56;0;0;60;50;55;51;60;0;0;80;112;110;114;164;106;0;1149
18;Örebro län;81;Kumla;14367;Sannahed - Hemgården;0;0;0;0;0;0;0;0;0;0;0;11;0;0;0;0;0;0;0;11
18;Örebro län;81;Kumla;14741;Kumla skofabrik;0;0;0;0;0;0;0;0;0;0;0;0;0;0;21;0;0;0;0;21
18;Örebro län;81;Kumla;7154;Kvarngården;0;0;0;0;0;0;0;0;0;0;0;15;0;0;0;0;0;0;0;15
18;Örebro län;81;Kumla;7155;Solbacka;0;0;0;0;0;0;0;0;0;0;0;7;0;0;0;0;0;0;0;7
18;Örebro län;81;Kumla;7156;Kungsgården;0;0;0;0;0;0;0;0;0;0;0;15;0;0;0;0;0;0;0;15
18;Örebro län;81;Kumla;7157;Sannahed - Bataljonen;0;0;0;0;0;0;0;0;0;0;0;3;0;0;0;0;0;0;0;3
18;Örebro län;81;Kumla;7158;Kriminalvårdsanstalten;0;0;0;0;0;0;0;0;0;0;39;80;21;0;0;0;0;0;0;140
18;Örebro län;81;Kumla;8812;Kumla bibliotek;167;166;107;73;83;150;190;164;138;148;85;148;290;330;404;415;424;291;130;3903
18;Örebro län;82;Askersund;11703;Rådhuset, Askersund;76;97;109;0;0;107;128;109;124;114;0;0;156;140;175;306;241;82;49;2013
18;Örebro län;82;Askersund;14338;Skogslyckan förskola;0;0;0;0;0;0;0;0;0;0;0;0;24;0;0;61;0;0;42;127
18;Örebro län;82;Askersund;14341;Olshammars skola;0;0;0;0;0;0;0;0;0;0;0;0;28;0;0;39;0;0;76;143
18;Örebro län;82;Askersund;9792;ICA Nära, Åsbro;13;22;26;0;0;23;18;25;37;23;0;0;49;47;59;71;78;0;0;491
18;Örebro län;83;Karlskoga;10407;Solbringens servicehus;0;0;0;0;0;0;0;0;0;0;37;0;0;0;0;0;0;0;0;37
18;Örebro län;83;Karlskoga;10422;Skrantahöjdens nya sjukhem;0;0;0;0;0;0;0;0;0;0;37;0;0;0;0;0;0;0;0;37
18;Örebro län;83;Karlskoga;10423;Saxlyckan sjukhem;0;0;0;0;0;0;0;0;0;0;1;0;0;0;0;0;0;0;0;1
18;Örebro län;83;Karlskoga;10425;Torpdalens vårdboende;0;0;0;0;0;0;0;0;0;0;9;0;0;0;0;0;0;0;0;9
18;Örebro län;83;Karlskoga;10452;Anstalten Karlskoga;0;0;0;0;0;0;0;0;0;37;0;0;0;0;0;0;0;0;0;37
18;Örebro län;83;Karlskoga;12745;Karlskoga bibliotek;136;232;161;121;0;184;189;178;227;173;134;0;227;271;288;491;342;247;0;3601
18;Örebro län;83;Karlskoga;14449;Mobil förtidsröstningslokal;0;18;22;0;0;0;0;0;57;26;80;0;0;11;15;72;30;0;0;331
18;Örebro län;83;Karlskoga;9531;Karlskoga lasarett;150;149;170;45;117;211;155;293;131;182;80;196;293;212;477;230;571;254;0;3916
18;Örebro län;83;Karlskoga;9532;Bergmästaren äldreboende;32;49;53;0;0;64;66;81;75;48;0;0;53;80;69;89;77;0;47;883
18;Örebro län;84;Nora;12222;Biblioteket;33;44;29;0;0;59;65;77;56;54;30;0;81;93;115;82;97;51;0;966
18;Örebro län;84;Nora;13511;ICA Supermarket;60;69;52;25;38;52;60;85;79;91;60;110;179;172;193;204;261;261;0;2051
18;Örebro län;84;Nora;7162;Hagby Ängar, Sandtäppan;0;0;0;0;0;0;0;0;0;0;0;19;0;0;0;0;0;0;0;19
18;Örebro län;84;Nora;7163;Älvstorps vårdhem;0;0;0;0;0;0;0;0;0;0;0;23;0;0;0;0;0;0;0;23
18;Örebro län;84;Nora;8833;Tingshuset;11;9;11;0;0;11;17;10;9;20;0;0;19;18;24;20;38;0;51;268
18;Örebro län;85;Lindesberg;14176;Navet i Stråssa;0;0;0;0;0;0;0;0;0;0;0;0;0;0;0;0;0;0;108;108
18;Örebro län;85;Lindesberg;14177;Löa Bygdegård;0;0;0;0;0;0;0;0;0;0;0;0;0;0;0;0;0;0;121;121
18;Örebro län;85;Lindesberg;14389;Lindeskolan;0;0;0;0;0;0;0;0;0;0;0;0;0;0;69;0;0;0;0;69
18;Örebro län;85;Lindesberg;7164;Lindesbergs lasarett;0;0;0;0;0;0;0;0;0;0;0;0;0;18;0;0;0;0;0;18
18;Örebro län;85;Lindesberg;7165;Hinseberg;0;0;0;0;0;0;0;0;0;0;0;0;28;0;0;0;0;0;0;28
18;Örebro län;85;Lindesberg;9624;Tallåsen;0;0;0;0;0;0;0;0;0;0;0;0;15;0;0;0;0;0;0;15
18;Örebro län;85;Lindesberg;9634;Biblioteket i Lindesberg;199;207;195;128;0;229;264;224;218;220;154;0;341;391;411;425;408;298;223;4535
18;Örebro län;85;Lindesberg;9641;Tallen i Frövi;0;0;0;0;0;68;75;90;82;49;0;0;89;126;132;109;92;0;0;912
18;Örebro län;85;Lindesberg;9645;Grönbodahemmet i Storå;0;0;0;0;0;0;0;0;0;0;0;0;85;86;80;60;41;0;0;352
18;Örebro län;85;Lindesberg;9647;Ekgården i Fellingsbro;0;0;0;0;0;37;28;27;39;29;0;0;72;83;85;75;80;0;0;555
19;Västmanlands län;04;Skinnskatteberg;14378;Allaktivitetshuset i Riddarhyttan;0;0;0;0;0;0;0;0;0;0;0;0;0;0;0;0;0;0;199;199
19;Västmanlands län;04;Skinnskatteberg;14379;Hedgården i Hed;0;0;0;0;0;0;0;0;0;0;0;0;0;0;0;0;0;0;233;233
19;Västmanlands län;04;Skinnskatteberg;9490;Kommunhuset;61;48;46;21;0;49;57;69;69;65;32;0;97;78;129;118;164;54;43;1200
19;Västmanlands län;07;Surahammar;12383;Kommunkontoret, Surahammar;0;0;0;0;0;0;0;0;0;0;0;0;0;0;0;0;0;0;16;16
19;Västmanlands län;07;Surahammar;8700;Biblioteket Surahammar;105;70;58;50;0;87;89;118;82;45;39;0;178;185;154;160;193;119;0;1732
19;Västmanlands län;07;Surahammar;8701;Biblioteket Städet;16;26;6;12;0;20;25;14;7;24;9;0;28;26;30;44;23;26;0;336
19;Västmanlands län;07;Surahammar;8702;Biblioteket Virsbo;19;17;11;7;0;21;16;14;19;14;19;0;46;21;20;59;32;24;0;359
19;Västmanlands län;60;Kungsör;10035;Fritidsgården Valskog;18;0;0;0;0;0;0;44;0;0;0;0;0;0;65;0;0;0;0;127
19;Västmanlands län;60;Kungsör;10039;Biblioteket Kungsör;94;85;96;25;0;155;138;127;103;117;55;0;183;217;208;156;207;115;120;2201
19;Västmanlands län;60;Kungsör;10049;Misteln;0;0;0;0;0;0;0;0;0;0;0;38;0;0;0;0;0;0;0;38
19;Västmanlands län;60;Kungsör;13846;Torpa bygdegård;0;0;0;0;0;0;0;0;0;0;0;0;0;0;0;0;0;0;126;126
19;Västmanlands län;60;Kungsör;7177;Södergården;0;0;0;0;0;0;0;0;0;0;0;27;0;0;0;0;0;0;0;27
19;Västmanlands län;60;Kungsör;7178;Tallåsgården;0;0;0;0;0;0;0;0;0;0;0;16;0;0;0;0;0;0;0;16
19;Västmanlands län;61;Hallstahammar;12956;Biblioteket i Hallstahammar;187;223;152;59;0;168;169;182;160;152;80;0;227;248;310;314;396;128;171;3326
19;Västmanlands län;61;Hallstahammar;7179;Ädelstenen;0;0;0;0;0;0;0;0;0;0;0;22;0;0;0;0;0;0;0;22
19;Västmanlands län;61;Hallstahammar;7180;Hästhoven;0;0;0;0;0;0;0;0;0;0;0;28;0;0;0;0;0;0;0;28
19;Västmanlands län;61;Hallstahammar;7181;Lövåsen;0;0;0;0;0;0;0;0;0;0;0;21;0;0;0;0;0;0;0;21
19;Västmanlands län;61;Hallstahammar;7182;Strandgården;0;0;0;0;0;0;0;0;0;0;0;14;0;0;0;0;0;0;0;14
19;Västmanlands län;61;Hallstahammar;9740;Biblioteket (Stationshuset), Kolbäck;58;0;69;0;0;64;0;75;0;86;0;0;80;0;143;0;154;0;0;729
19;Västmanlands län;62;Norberg;14380;Resedan;0;0;0;0;0;0;0;0;0;0;0;13;0;0;0;0;0;0;0;13
19;Västmanlands län;62;Norberg;7183;Granbacken;0;0;0;0;0;0;0;0;0;0;0;2;0;0;0;0;0;0;0;2
19;Västmanlands län;62;Norberg;9853;Biblioteket;58;72;60;35;0;113;60;82;85;80;45;0;166;125;133;155;209;99;61;1638
19;Västmanlands län;80;Västerås;13777;Valbussen - Dingtuna Torg;0;0;0;0;0;32;0;0;0;0;0;0;61;0;0;0;0;0;0;93
19;Västmanlands län;80;Västerås;13778;Valbussen - ICA Hökåsen;0;0;0;0;0;0;0;108;0;0;0;0;0;0;0;140;0;0;0;248
19;Västmanlands län;80;Västerås;13779;Valbussen - ICA Maxi Hälla;62;0;0;144;0;77;0;0;130;0;0;334;0;321;0;0;409;0;0;1477
19;Västmanlands län;80;Västerås;13780;Valbussen - ICA Sjöhagen;116;0;0;0;0;0;0;0;0;140;0;0;0;152;0;0;0;0;0;408
19;Västmanlands län;80;Västerås;13781;Valbussen - Karlfeldtsplatsen;0;66;0;0;0;0;0;0;91;0;0;0;0;0;0;0;145;0;0;302
19;Västmanlands län;80;Västerås;13782;Valbussen - Pettersbergs Centrum;0;0;80;0;0;0;86;0;0;0;0;0;0;0;104;0;0;0;0;270
19;Västmanlands län;80;Västerås;13835;Skallbergets Servicehus;0;0;0;0;0;0;0;0;0;0;0;0;0;0;60;0;0;0;0;60
19;Västmanlands län;80;Västerås;14618;Irsta barn- och ungdomsbibliotek;0;0;0;0;0;0;105;0;0;0;0;0;0;140;0;0;0;0;0;245
19;Västmanlands län;80;Västerås;14619;Stadshuset, Munkgatan;42;37;58;0;0;85;60;61;154;70;220;0;144;156;209;256;354;0;0;1906
19;Västmanlands län;80;Västerås;14620;Karlsgatan2 - ett hus med två museer;25;54;42;0;0;0;88;56;50;53;0;0;0;125;122;216;204;0;0;1035
19;Västmanlands län;80;Västerås;14621;Mötesplats Rönnby;28;58;42;0;0;58;46;44;31;31;0;0;45;74;72;65;92;0;0;686
19;Västmanlands län;80;Västerås;14624;Valbussen - ICA Maxi Erikslund;0;0;74;0;172;0;0;103;0;0;216;0;185;0;0;379;0;0;0;1129
19;Västmanlands län;80;Västerås;14626;Valbussen - COOP Stenby;0;170;0;0;0;0;206;0;0;226;0;0;0;0;470;0;0;707;0;1779
19;Västmanlands län;80;Västerås;14980;Oxbackens servicehus;0;0;0;0;0;0;0;0;0;0;0;0;0;83;0;0;0;0;0;83
19;Västmanlands län;80;Västerås;14981;Ängsklockans ålderdomshem;0;0;0;0;0;0;0;0;0;0;0;0;0;0;0;0;14;0;0;14
19;Västmanlands län;80;Västerås;14990;Psykiatriboende Öster;0;0;0;0;0;0;0;0;0;0;0;0;3;0;0;0;0;0;0;3
19;Västmanlands län;80;Västerås;14991;Fatburens Äldreboende;0;0;0;0;0;0;0;0;0;0;0;0;13;0;0;0;0;0;0;13
19;Västmanlands län;80;Västerås;15014;Valbussen - Vallby Centrum;0;0;17;0;0;0;20;0;0;0;0;0;0;0;37;0;0;0;0;74
19;Västmanlands län;80;Västerås;7186;Västmanlands sjukhus;0;0;0;0;0;0;0;0;0;0;0;0;108;180;186;234;295;88;0;1091
19;Västmanlands län;80;Västerås;7187;Häktet i Västerås;0;0;0;0;0;0;0;0;0;0;0;0;0;0;0;0;0;8;0;8
19;Västmanlands län;80;Västerås;7188;Kriminalvårdsanstalten i Tillberga;0;0;0;0;0;0;0;0;0;0;0;0;0;0;0;0;0;37;0;37
19;Västmanlands län;80;Västerås;7189;Flodinsgården;0;0;0;0;0;0;0;0;0;33;0;0;0;0;0;0;0;0;0;33
19;Västmanlands län;80;Västerås;7190;Gideonsbergs Servicehus;0;0;0;0;0;0;0;0;0;0;0;0;0;0;26;0;0;0;0;26
19;Västmanlands län;80;Västerås;7191;Gryta Korttidsboende;0;0;0;0;0;0;0;0;0;0;0;0;0;0;0;0;18;0;0;18
19;Västmanlands län;80;Västerås;7195;Vallby Servicehus;0;0;0;0;0;0;0;0;0;0;0;0;0;0;0;53;0;0;0;53
19;Västmanlands län;80;Västerås;7196;Karlslunds Servicehus;0;0;0;0;0;0;0;0;0;0;0;0;0;78;0;0;0;0;0;78
19;Västmanlands län;80;Västerås;7197;Vallonen Servicehus;0;0;0;0;0;0;0;0;0;20;0;0;0;0;0;0;0;0;0;20
19;Västmanlands län;80;Västerås;7198;Eriksborgs Ålderdomshem/Änglamarken;0;0;0;0;0;0;0;0;0;0;0;0;0;0;0;35;0;0;0;35
19;Västmanlands län;80;Västerås;9397;Stadshuset, Fiskartorget;118;114;100;0;0;131;137;115;134;109;0;0;200;220;250;289;391;0;557;2865
19;Västmanlands län;80;Västerås;9398;Stadsbiblioteket;185;257;228;186;0;314;268;156;369;298;334;0;412;494;594;661;791;904;0;6451
19;Västmanlands län;80;Västerås;9399;Bäckby bibliotek;183;155;100;0;0;176;176;150;188;146;68;0;253;266;331;279;376;284;0;3131
19;Västmanlands län;80;Västerås;9400;Skiljebo bibliotek;153;118;91;0;0;198;165;187;128;113;0;0;316;263;277;248;244;0;0;2501
19;Västmanlands län;80;Västerås;9401;Viksängs bibliotek;127;177;142;0;0;210;215;191;161;159;0;0;362;275;429;401;506;0;0;3355
19;Västmanlands län;80;Västerås;9402;Önsta-Gryta bibliotek;86;101;81;0;0;125;101;95;93;86;0;0;174;191;166;235;278;0;0;1812
19;Västmanlands län;80;Västerås;9403;Råby bibliotek;103;155;95;0;0;133;175;125;139;95;0;0;209;206;230;233;389;0;0;2287
19;Västmanlands län;80;Västerås;9404;Skultuna bibliotek;51;48;26;0;0;76;52;62;55;38;0;0;87;100;74;159;78;0;0;906
19;Västmanlands län;80;Västerås;9405;Tillberga bibliotek;30;25;22;0;0;36;24;38;27;19;0;0;56;31;100;67;62;0;0;537
19;Västmanlands län;80;Västerås;9411;Mälardalens högskola;20;15;33;0;0;68;46;54;82;35;0;0;134;166;156;236;253;0;0;1298
19;Västmanlands län;81;Sala;12300;Rättspsykiatri Västmanland;0;0;0;0;0;0;28;0;0;0;0;0;0;0;0;0;0;0;0;28
19;Västmanlands län;81;Sala;12302;Jakobsbergsgården;0;0;0;0;0;43;40;34;23;24;15;0;37;48;72;99;96;58;0;589
19;Västmanlands län;81;Sala;12303;Möklintagården;0;0;0;0;0;11;7;4;3;4;2;0;13;24;27;12;28;15;0;150
19;Västmanlands län;81;Sala;12304;Ransta Nästa;0;0;0;0;0;21;20;20;12;14;14;0;43;29;46;40;64;54;0;377
19;Västmanlands län;81;Sala;12306;Norrby församlingshem;0;0;0;0;0;0;0;0;0;0;0;0;0;0;0;0;0;0;67;67
19;Västmanlands län;81;Sala;12307;Kilbo skola;0;0;0;0;0;0;0;0;0;0;0;0;0;0;0;0;0;0;313;313
19;Västmanlands län;81;Sala;12308;Gamla biblioteket;0;0;0;0;0;0;0;0;0;0;0;0;0;0;0;0;0;0;254;254
19;Västmanlands län;81;Sala;12362;Kriminalvårdsanstalten Salberga;0;0;0;0;100;0;0;0;0;0;0;0;0;0;0;0;17;0;0;117
19;Västmanlands län;81;Sala;14054;Tärna folkhögskola;0;0;0;0;0;0;0;0;0;0;0;0;48;0;0;0;0;0;0;48
19;Västmanlands län;81;Sala;9817;Stadsbiblioteket;180;199;153;85;0;218;216;205;220;207;135;0;340;401;409;544;538;386;256;4692
19;Västmanlands län;81;Sala;9818;Prosthagsskolan;3;5;2;4;0;2;7;11;15;3;9;0;21;27;27;24;24;30;0;214
19;Västmanlands län;82;Fagersta;7205;Koltrasten;0;0;0;0;0;0;0;0;0;0;22;0;0;0;0;0;0;0;0;22
19;Västmanlands län;82;Fagersta;7206;Stolpvreten;0;0;0;0;0;0;0;0;0;0;22;0;0;0;0;0;0;0;0;22
19;Västmanlands län;82;Fagersta;7207;Malmen;0;0;0;0;0;0;0;0;0;0;33;0;0;0;0;0;0;0;0;33
19;Västmanlands län;82;Fagersta;7209;Solliden;0;0;0;0;0;0;0;0;0;0;13;0;0;0;0;0;0;0;0;13
19;Västmanlands län;82;Fagersta;8693;Sveasalongen;0;0;0;0;0;60;85;62;53;69;0;0;104;133;108;167;166;0;0;1007
19;Västmanlands län;82;Fagersta;8981;Biblioteket;151;142;124;0;0;148;157;134;134;116;75;0;191;196;194;275;350;188;38;2613
19;Västmanlands län;82;Fagersta;9495;Sockenstugan, Västervåla;0;0;0;0;0;0;0;0;0;0;0;0;0;0;0;0;0;0;139;139
19;Västmanlands län;83;Köping;12746;Biblioteket, Köping;151;185;162;88;0;196;218;214;154;158;115;0;307;385;372;429;486;343;0;3963
19;Västmanlands län;83;Köping;12747;Biblioteket, Kolsva;57;59;64;0;0;75;53;59;47;43;0;0;92;83;102;117;133;0;0;984
19;Västmanlands län;83;Köping;12751;Himmeta skola;0;0;0;0;0;0;0;0;0;0;0;0;0;0;0;0;0;0;209;209
19;Västmanlands län;83;Köping;12752;Odensvigården;0;0;0;0;0;0;0;0;0;0;0;0;0;0;0;0;0;0;210;210
19;Västmanlands län;83;Köping;14152;Ullvigymnasiet;0;0;0;0;0;0;0;0;5;0;0;0;0;0;0;0;0;0;0;5
19;Västmanlands län;83;Köping;14441;Rådhuset;92;108;68;0;0;99;116;88;90;90;0;0;98;123;156;193;196;0;117;1634
19;Västmanlands län;83;Köping;7210;Nygården;0;0;0;0;0;0;0;0;0;0;0;18;0;0;0;0;0;0;0;18
19;Västmanlands län;83;Köping;7212;Sorbygården;0;0;0;0;0;0;0;0;0;0;0;13;0;0;0;0;0;0;0;13
19;Västmanlands län;83;Köping;7213;Ängslund-Hagaberg;0;0;0;0;0;0;0;0;0;0;0;11;0;0;0;0;0;0;0;11
19;Västmanlands län;83;Köping;7214;Västmanlands sjukhus Köping;0;0;0;0;0;0;0;0;0;0;0;8;0;0;0;0;0;0;0;8
19;Västmanlands län;83;Köping;7215;Ekliden;0;0;0;0;0;0;0;0;0;0;0;0;12;0;0;0;0;0;0;12
19;Västmanlands län;83;Köping;9825;Västra Skedvi Bygdegård;0;0;0;0;0;0;0;0;0;0;0;0;0;0;0;0;0;0;100;100
19;Västmanlands län;84;Arboga;11950;Medåkers skola;0;0;0;0;0;0;0;0;0;0;0;0;0;0;0;0;0;0;230;230
19;Västmanlands län;84;Arboga;7216;Trädgården;0;0;0;0;0;0;0;0;0;0;0;22;0;0;0;0;0;0;0;22
19;Västmanlands län;84;Arboga;7217;Hällbacken;0;0;0;0;0;0;0;0;0;0;0;19;0;0;0;0;0;0;0;19
19;Västmanlands län;84;Arboga;7218;Götgården;0;0;0;0;0;0;0;0;0;0;0;21;0;0;0;0;0;0;0;21
19;Västmanlands län;84;Arboga;7219;Strömsborg;0;0;0;0;0;0;0;0;0;0;0;0;13;0;0;0;0;0;0;13
19;Västmanlands län;84;Arboga;7220;Strandgården;0;0;0;0;0;0;0;0;0;0;0;0;16;0;0;0;0;0;0;16
19;Västmanlands län;84;Arboga;7923;Arboga stadsbibliotek;138;170;131;62;0;213;216;199;185;135;108;0;251;320;427;363;496;213;98;3725
20;Dalarnas län;21;Vansbro;14238;Berghedens skola;0;0;0;0;0;0;0;0;0;0;0;0;0;0;0;0;0;0;2;2
20;Dalarnas län;21;Vansbro;14239;Nederborgs nya skola;0;0;0;0;0;0;0;0;0;0;0;0;0;0;0;0;0;0;2;2
20;Dalarnas län;21;Vansbro;9074;Biblioteket Vansbro;50;36;37;0;0;79;61;90;70;74;0;0;136;115;130;131;189;121;24;1343
20;Dalarnas län;21;Vansbro;9075;Biblioteket Dala-Järna;0;0;0;0;0;0;83;0;75;0;0;0;0;133;0;161;0;0;8;460
20;Dalarnas län;23;Malung-Sälen;12723;Tyngsjö bygdegård;0;0;0;0;0;0;0;0;0;0;0;0;0;0;0;0;0;0;54;54
20;Dalarnas län;23;Malung-Sälen;13114;IOGT/NTO-Gården;0;0;0;0;0;0;0;0;0;0;0;0;0;0;0;0;0;0;5;5
20;Dalarnas län;23;Malung-Sälen;13847;Hole Bystuga;0;0;0;0;0;0;0;0;0;0;0;0;0;0;0;0;0;0;0;0
20;Dalarnas län;23;Malung-Sälen;13850;Malungsfors skola;0;0;0;0;0;0;0;0;0;0;0;0;0;0;0;0;0;0;1;1
20;Dalarnas län;23;Malung-Sälen;13851;Yttermalungs skola;0;0;0;0;0;0;0;0;0;0;0;0;0;0;0;0;0;0;1;1
20;Dalarnas län;23;Malung-Sälen;13853;Blomsterbäcksskolan;0;0;0;0;0;0;0;0;0;0;0;0;0;0;0;0;0;0;7;7
20;Dalarnas län;23;Malung-Sälen;14745;Folkets hus Limedsforsen;0;0;0;0;0;0;0;0;0;0;0;0;0;0;0;0;0;0;6;6
20;Dalarnas län;23;Malung-Sälen;14754;Malung-Sälens gymnasieskola;0;0;0;0;0;0;0;0;0;0;0;0;0;0;0;47;0;0;0;47
20;Dalarnas län;23;Malung-Sälen;9453;Malungs bibliotek;89;99;88;72;0;110;112;101;115;129;66;0;189;216;250;267;337;104;0;2344
20;Dalarnas län;23;Malung-Sälen;9456;Skålmogårdens äldreboende;28;0;0;0;0;0;0;0;71;0;0;0;0;0;0;0;46;0;0;145
20;Dalarnas län;23;Malung-Sälen;9460;Rörbäcksnäs skola;0;0;0;0;0;0;0;0;0;0;0;108;0;0;0;0;0;0;0;108
20;Dalarnas län;23;Malung-Sälen;9461;Kooperativet Dalen, Sörsjön;0;0;0;0;0;0;0;0;0;0;0;0;0;0;0;0;0;0;70;70
20;Dalarnas län;23;Malung-Sälen;9462;Öje centrumhus;0;0;0;0;0;0;0;0;0;0;0;0;0;0;0;0;0;0;81;81
20;Dalarnas län;23;Malung-Sälen;9466;Olnispagården;19;20;10;18;0;19;24;32;45;24;29;0;32;52;50;122;45;55;21;617
20;Dalarnas län;26;Gagnef;14453;Aktivitetshuset Gagnef;0;28;0;0;0;0;19;0;27;0;0;0;0;62;0;75;0;0;0;211
20;Dalarnas län;26;Gagnef;8786;Biblioteket Björbo;0;29;0;0;0;0;0;0;54;0;0;0;0;0;0;62;0;0;0;145
20;Dalarnas län;26;Gagnef;8787;Biblioteket Dala-Floda;0;0;0;0;0;0;52;0;0;0;0;0;18;72;0;0;0;0;0;142
20;Dalarnas län;26;Gagnef;8789;Biblioteket Mockfjärd;0;53;0;0;0;0;53;0;45;0;0;0;0;73;0;99;0;0;0;323
20;Dalarnas län;26;Gagnef;8790;OK-Q8  Djurås Centrum;33;57;34;39;36;45;73;57;56;80;48;77;87;113;135;120;193;181;102;1566
20;Dalarnas län;29;Leksand;12859;Leksands bibliotek;73;64;76;44;0;115;88;126;109;97;71;0;178;204;237;263;322;178;0;2245
20;Dalarnas län;29;Leksand;12893;Insjöns bibliotek;0;52;0;0;0;0;81;0;87;0;0;0;0;103;0;154;0;0;0;477
20;Dalarnas län;29;Leksand;12913;OKQ8;47;66;57;58;63;62;67;47;93;80;60;125;105;145;168;185;242;247;153;2070
20;Dalarnas län;29;Leksand;13879;Siljansnäs sockenkontor;12;16;11;0;0;19;9;15;24;34;0;0;24;23;30;71;38;0;0;326
20;Dalarnas län;29;Leksand;14438;Sockenstugan, Djura;0;0;0;0;0;0;0;0;0;0;0;0;0;0;0;0;0;0;273;273
20;Dalarnas län;31;Rättvik;13774;Stiernhööksgymnasiet;0;0;0;0;0;0;0;0;0;0;0;0;0;6;12;0;0;0;0;18
20;Dalarnas län;31;Rättvik;14687;Ore bibliotek;33;0;22;0;0;0;28;43;0;29;0;0;0;54;76;0;33;0;0;318
20;Dalarnas län;31;Rättvik;7233;Enådal Servicehus;0;0;0;0;0;0;0;0;0;0;0;0;12;14;11;5;7;0;0;49
20;Dalarnas län;31;Rättvik;7234;Prästskogen Servicehus;0;0;0;0;0;0;0;0;0;0;0;0;9;10;6;3;5;0;0;33
20;Dalarnas län;31;Rättvik;9004;Söderås skola;0;0;0;0;0;0;0;0;0;0;0;0;0;0;0;0;0;0;126;126
20;Dalarnas län;31;Rättvik;9005;Backa bystuga;0;0;0;0;0;0;0;0;0;0;0;0;0;0;0;0;0;0;152;152
20;Dalarnas län;31;Rättvik;9006;Röjeråsens bystuga;0;0;0;0;0;0;0;0;0;0;0;0;0;0;0;0;0;0;80;80
20;Dalarnas län;31;Rättvik;9007;Stumsnäs bystuga;0;0;0;0;0;0;0;0;0;0;0;0;0;0;0;0;0;0;60;60
20;Dalarnas län;31;Rättvik;9009;Bingsjö bystuga;0;0;0;0;0;0;0;0;0;0;0;0;0;0;0;0;0;0;75;75
20;Dalarnas län;31;Rättvik;9010;Ingels skola;0;0;0;0;0;0;0;0;0;0;0;0;0;0;0;0;0;0;210;210
20;Dalarnas län;31;Rättvik;9011;Dalfors bystuga;0;0;0;0;0;0;0;0;0;0;0;0;0;0;0;0;0;0;26;26
20;Dalarnas län;31;Rättvik;9013;Kulturhuset;111;134;113;67;65;107;109;122;190;130;101;114;216;279;284;320;283;232;154;3131
20;Dalarnas län;34;Orsa;7237;Lillåhem;0;0;0;0;0;0;0;0;0;0;0;24;0;0;0;0;0;0;0;24
20;Dalarnas län;34;Orsa;7238;Orsagården;0;0;0;0;0;0;0;0;0;0;0;16;0;0;0;0;0;0;0;16
20;Dalarnas län;34;Orsa;7909;Kommunhuset/Tingshuset;56;72;71;0;0;98;83;67;92;103;0;0;253;163;185;276;225;81;32;1857
20;Dalarnas län;39;Älvdalen;14398;Idre Simhall;4;0;0;0;0;4;0;4;0;0;0;0;22;0;21;0;0;0;0;55
20;Dalarnas län;39;Älvdalen;14399;Kulturhuset i Idre;0;0;0;0;0;0;0;0;0;0;0;0;0;0;0;0;0;0;0;0
20;Dalarnas län;39;Älvdalen;14982;Flötningens bygdegård;0;0;0;0;0;0;0;0;0;0;0;0;0;0;0;0;0;0;0;0
20;Dalarnas län;39;Älvdalen;9567;Hotell Älvdalen, Porfyrsalen;0;0;0;0;0;0;0;0;0;0;0;0;0;0;0;0;0;0;0;0
20;Dalarnas län;39;Älvdalen;9583;Kyrkbacksgården;0;0;0;0;0;0;0;0;0;0;0;0;0;0;0;0;0;0;0;0
20;Dalarnas län;39;Älvdalen;9590;Restaurang Fjällbjörken;0;0;0;0;0;0;0;0;0;0;0;0;0;0;0;0;0;0;0;0
20;Dalarnas län;39;Älvdalen;9600;Storsäterns skola;0;0;0;0;0;0;0;0;0;0;0;0;0;0;0;0;0;0;0;0
20;Dalarnas län;39;Älvdalen;9601;Gördalens bystuga;0;0;0;0;0;0;0;0;0;0;0;0;0;0;0;0;0;0;0;0
20;Dalarnas län;39;Älvdalen;9602;Blybergs bygdegård;0;0;0;0;0;0;0;0;0;0;0;0;0;0;0;0;0;0;0;0
20;Dalarnas län;39;Älvdalen;9605;Gamla småskolan Evertsberg;0;0;0;0;0;0;0;0;0;0;0;0;0;0;0;0;0;0;0;0
20;Dalarnas län;39;Älvdalen;9610;Klittens bystuga;0;0;0;0;0;0;0;0;0;0;0;0;0;0;0;0;0;0;0;0
20;Dalarnas län;39;Älvdalen;9611;Folkets Hus Nornäs;0;0;0;0;0;0;0;0;0;0;0;0;0;0;0;0;0;0;0;0
20;Dalarnas län;39;Älvdalen;9612;Brunnsbergs bystuga;0;0;0;0;0;0;0;0;0;0;0;0;0;0;0;0;0;0;0;0
20;Dalarnas län;39;Älvdalen;9617;Kommunalhuset i Älvdalen;18;21;21;0;0;16;37;28;36;53;0;0;40;51;50;61;82;28;0;542
20;Dalarnas län;39;Älvdalen;9618;Medborgarkontoret i Särna;14;6;13;0;0;9;9;4;17;30;0;0;38;16;23;16;43;18;0;256
20;Dalarnas län;39;Älvdalen;9620;Kommunalkontoret i Idre;25;19;19;0;0;26;13;18;24;26;0;0;31;59;45;26;80;12;0;423
20;Dalarnas län;39;Älvdalen;9622;Biblioteket i Älvdalen;21;24;23;38;0;44;22;56;45;29;57;0;86;51;104;70;101;116;0;887
20;Dalarnas län;39;Älvdalen;9623;Biblioteket i Särna;0;12;0;0;0;0;15;0;12;0;0;0;0;43;0;38;0;0;0;120
20;Dalarnas län;61;Smedjebacken;13038;Biblioteket Söderbärke;27;14;17;18;0;42;26;47;28;30;24;0;90;38;76;59;65;53;0;654
20;Dalarnas län;61;Smedjebacken;13050;Gubbo Folkets Hus;0;0;0;0;0;0;0;0;0;0;0;0;0;0;0;0;0;0;114;114
20;Dalarnas län;61;Smedjebacken;13065;Biblioteket Smedjebacken;0;0;0;0;0;0;0;0;0;0;0;0;0;0;0;0;0;0;18;18
20;Dalarnas län;61;Smedjebacken;13066;Söderbärke Folkets Hus;0;0;0;0;0;0;0;0;0;0;0;0;0;0;0;0;0;0;9;9
20;Dalarnas län;61;Smedjebacken;13941;Munkbogården;0;0;0;0;0;12;0;0;0;0;0;0;0;0;0;0;0;0;0;12
20;Dalarnas län;61;Smedjebacken;13943;Alllégården;0;0;0;0;0;0;0;15;0;0;0;0;0;0;0;0;0;0;0;15
20;Dalarnas län;61;Smedjebacken;14148;Hedgården Söderbärke;0;0;0;0;0;0;8;0;0;0;0;0;0;0;0;0;0;0;0;8
20;Dalarnas län;61;Smedjebacken;14813;Malingsbo Bygdegård;0;0;0;0;0;0;0;0;0;0;0;0;0;0;0;0;0;0;38;38
20;Dalarnas län;61;Smedjebacken;8292;Kommunhuset Smedjebacken;77;87;101;59;0;149;93;154;106;121;60;0;183;230;264;216;295;114;0;2309
20;Dalarnas län;61;Smedjebacken;8295;Snöåns Bystuga;0;0;0;0;0;0;0;0;0;0;0;0;0;0;0;0;0;0;91;91
20;Dalarnas län;62;Mora;13482;Mora bibliotek;139;172;147;80;0;219;227;189;219;232;137;0;383;464;515;588;637;331;0;4679
20;Dalarnas län;62;Mora;13483;Handlarn i Venjan;3;4;3;2;0;10;8;3;8;5;2;0;14;10;13;13;25;13;0;136
20;Dalarnas län;62;Mora;8742;Handlarn i Våmhus;6;12;14;9;5;11;7;16;14;18;7;24;22;24;38;37;65;33;0;362
20;Dalarnas län;62;Mora;8743;Konsum Sollerön;9;7;7;6;13;9;10;16;13;19;10;20;19;39;32;31;52;53;0;365
20;Dalarnas län;62;Mora;8749;Garsås bygdegård;0;0;0;0;0;0;0;0;0;0;0;0;0;0;0;0;0;0;89;89
20;Dalarnas län;62;Mora;8750;Nusnäs bygdegård;0;0;0;0;0;0;0;0;0;0;0;0;0;0;0;0;0;0;227;227
20;Dalarnas län;62;Mora;8752;Andreasgården;0;0;0;0;0;0;0;0;0;0;0;0;0;0;0;0;0;0;72;72
20;Dalarnas län;62;Mora;8753;Venjans kommunalhus;0;0;0;0;0;0;0;0;0;0;0;0;0;0;0;0;0;0;101;101
20;Dalarnas län;62;Mora;8754;Siknäs bygdegård;0;0;0;0;0;0;0;0;0;0;0;0;0;0;0;0;0;0;87;87
20;Dalarnas län;62;Mora;8756;Oxbergsgården;0;0;0;0;0;0;0;0;0;0;0;0;0;0;0;0;0;0;95;95
20;Dalarnas län;62;Mora;9048;Selja-Långlets bygdegård;0;0;0;0;0;0;0;0;0;0;0;0;0;0;0;0;0;0;138;138
20;Dalarnas län;80;Falun;13658;Kristinehallen;62;73;63;52;0;58;72;67;76;81;91;0;124;130;139;154;237;210;0;1689
20;Dalarnas län;80;Falun;9671;Bjursås Bibliotek;22;18;0;0;0;37;30;48;41;0;0;0;135;45;128;69;0;0;0;573
20;Dalarnas län;80;Falun;9672;Sågmyra Bibliotek;0;44;0;0;0;0;55;0;43;0;0;0;0;51;0;81;0;0;0;274
20;Dalarnas län;80;Falun;9673;Grycksbo Bibliotek;25;30;0;0;0;40;25;29;65;0;0;0;65;36;32;125;0;0;0;472
20;Dalarnas län;80;Falun;9674;Envikens Bibliotek;13;23;0;0;0;48;0;35;24;0;0;0;93;0;49;62;0;0;0;347
20;Dalarnas län;80;Falun;9675;Svärdsjö Bibliotek;39;72;0;0;0;77;43;74;78;0;0;0;141;75;109;187;0;0;0;895
20;Dalarnas län;80;Falun;9676;Sundborns Bibliotek;8;35;0;0;0;19;22;16;42;0;0;0;42;35;51;79;0;0;0;349
20;Dalarnas län;80;Falun;9677;Näs Bibliotek;0;77;0;0;0;32;70;0;73;0;0;0;35;125;0;108;0;0;0;520
20;Dalarnas län;80;Falun;9678;Vika Bibliotek;13;24;0;0;0;38;0;10;32;0;0;0;61;0;26;50;0;0;0;254
20;Dalarnas län;80;Falun;9679;Stadsbiblioteket, Falun;409;459;302;212;0;550;494;539;526;505;273;0;885;973;1143;1216;1313;802;0;10601
20;Dalarnas län;80;Falun;9681;Rådhuset, Falun;0;0;0;0;0;0;0;0;0;0;0;0;0;0;0;0;0;0;242;242
20;Dalarnas län;80;Falun;9985;Åsgården;0;0;0;0;0;0;0;0;0;0;0;0;0;0;0;0;0;0;100;100
20;Dalarnas län;80;Falun;9986;Toftaskolan;0;0;0;0;0;0;0;0;0;0;0;0;0;0;0;0;0;0;142;142
20;Dalarnas län;81;Borlänge;14333;Kungsljuset;0;0;0;0;0;0;0;0;0;0;0;32;0;0;0;0;0;0;0;32
20;Dalarnas län;81;Borlänge;14334;Kupolen köpcentrum;251;218;203;222;220;253;262;231;247;255;198;372;420;492;617;675;777;662;0;6575
20;Dalarnas län;81;Borlänge;14615;Idkerbergets skola;0;0;0;0;0;0;0;0;0;0;0;0;0;36;0;37;0;0;0;73
20;Dalarnas län;81;Borlänge;14616;PRO-lokalen, Domnarvets centrum;0;0;0;0;0;0;0;0;0;0;0;0;19;37;23;28;41;0;0;148
20;Dalarnas län;81;Borlänge;14617;Tjärnahuset, entréhallen;0;0;0;0;0;0;0;0;0;0;0;0;17;12;8;12;13;0;0;62
20;Dalarnas län;81;Borlänge;7246;Hagahuset;0;0;0;0;0;0;0;0;0;0;0;51;0;0;0;0;0;0;0;51
20;Dalarnas län;81;Borlänge;7247;Hällsjöhemmet;0;0;0;0;0;0;0;0;0;0;0;36;0;0;0;0;0;0;0;36
20;Dalarnas län;81;Borlänge;7248;Tunagården;0;0;0;0;0;0;0;0;0;0;0;29;0;0;0;0;0;0;0;29
20;Dalarnas län;81;Borlänge;7249;Åkershem;0;0;0;0;0;0;0;0;0;0;0;43;0;0;0;0;0;0;0;43
20;Dalarnas län;81;Borlänge;9547;Stadshuset Borlänge kommun;119;156;136;0;0;152;156;177;148;142;62;0;222;192;267;241;397;302;204;3073
20;Dalarnas län;81;Borlänge;9549;Huvudbiblioteket;187;204;185;0;0;292;227;204;206;223;102;0;354;384;431;418;597;228;0;4242
20;Dalarnas län;81;Borlänge;9551;Forum Kvarnsveden;0;0;0;0;0;131;94;77;76;82;0;0;130;111;134;153;149;0;0;1137
20;Dalarnas län;82;Säter;13996;Stora Skedvi bibliotek;22;44;0;0;0;0;26;35;54;0;0;0;0;44;42;129;0;0;0;396
20;Dalarnas län;82;Säter;13997;Gustafs bibliotek;30;27;0;0;0;75;0;44;13;0;0;0;95;0;115;74;0;0;0;473
20;Dalarnas län;82;Säter;14699;Skenshyttans Bygdegård;0;0;0;0;0;0;0;0;0;0;0;0;0;0;0;0;0;0;124;124
20;Dalarnas län;82;Säter;14701;Rådhuset i Säter;63;73;85;0;0;109;107;105;111;125;63;0;175;250;240;257;327;168;75;2333
20;Dalarnas län;83;Hedemora;12830;Vikmanshyttans Folket Hus;0;0;0;0;0;0;0;0;0;0;0;0;0;0;111;33;0;0;0;144
20;Dalarnas län;83;Hedemora;13831;Långshyttans Folket Hus;0;0;0;0;0;0;0;0;0;0;0;0;0;202;0;203;0;0;0;405
20;Dalarnas län;83;Hedemora;8826;Receptionen Tjädernhuset;120;142;121;0;0;153;152;169;257;160;77;0;237;290;311;534;521;195;101;3540
20;Dalarnas län;83;Hedemora;8830;Församlingshemmet Garpenberg;0;0;0;0;0;0;0;0;0;0;0;0;0;37;10;0;0;0;0;47
20;Dalarnas län;84;Avesta;7266;Balders;0;0;0;0;0;0;0;0;0;0;0;39;0;0;0;0;0;0;0;39
20;Dalarnas län;84;Avesta;7269;Framnäs;0;0;0;0;0;0;0;0;0;0;0;11;0;0;0;0;0;0;0;11
20;Dalarnas län;84;Avesta;7270;Björkhagen;0;0;0;0;0;0;0;0;0;0;0;15;0;0;0;0;0;0;0;15
20;Dalarnas län;84;Avesta;7271;Tallbacken;0;0;0;0;0;0;0;0;0;0;0;21;0;0;0;0;0;0;0;21
20;Dalarnas län;84;Avesta;9629;Avesta bibliotek;241;318;261;107;0;327;302;302;299;317;154;0;456;461;509;601;717;355;0;5727
20;Dalarnas län;84;Avesta;9631;Krylbo bibliotek;23;0;24;0;0;35;0;62;0;30;0;0;40;37;58;0;36;0;0;345
20;Dalarnas län;84;Avesta;9632;Fors bibliotek;0;30;0;0;0;0;25;0;45;0;0;0;0;0;0;62;0;0;0;162
20;Dalarnas län;84;Avesta;9633;Horndals bibliotek;18;13;4;0;0;24;13;48;23;17;0;0;44;28;51;44;44;0;0;371
20;Dalarnas län;84;Avesta;9636;Skogsgläntan;0;0;0;0;0;0;0;0;0;0;0;0;46;55;47;37;52;0;0;237
20;Dalarnas län;84;Avesta;9639;Stadshuset;0;0;0;0;0;0;0;0;0;0;0;0;0;0;0;0;0;0;121;121
20;Dalarnas län;85;Ludvika;13833;Ludvika Folkets Hus;182;200;177;106;0;240;243;238;199;198;127;0;380;411;420;474;540;278;0;4413
20;Dalarnas län;85;Ludvika;13834;Ludvika lasarett;62;68;45;0;0;42;81;53;62;53;0;0;89;114;99;100;108;0;0;976
20;Dalarnas län;85;Ludvika;8910;Lorensberga bibliotek;20;30;28;0;0;48;36;34;35;29;0;0;75;82;75;70;108;0;0;670
20;Dalarnas län;85;Ludvika;8912;Fredriksbergs bibliotek;30;23;0;0;0;51;21;34;19;0;0;0;46;20;33;22;0;0;0;299
20;Dalarnas län;85;Ludvika;8913;Nyhammars bibliotek;24;51;36;0;0;0;61;33;42;32;0;0;0;125;66;105;69;0;63;707
20;Dalarnas län;85;Ludvika;8916;Grängesbergs bibliotek;65;34;53;33;0;64;45;97;62;66;34;0;129;73;156;122;143;118;0;1294
20;Dalarnas län;85;Ludvika;8948;Håksbergs förskola;0;0;0;0;0;0;0;0;0;0;0;0;0;0;0;0;0;0;190;190
20;Dalarnas län;85;Ludvika;9765;Församlingsgården;0;0;0;0;0;0;0;0;0;0;0;0;0;0;0;0;0;0;75;75
21;Gävleborgs län;01;Ockelbo;10367;Informationskontoret, Ockelbo;74;102;59;0;0;88;102;116;141;125;0;0;119;100;137;265;186;67;62;1743
21;Gävleborgs län;01;Ockelbo;12364;Åmotsgården;0;0;0;0;0;0;0;0;0;0;0;0;0;0;0;135;0;0;0;135
21;Gävleborgs län;01;Ockelbo;12366;Jädraås Folkets Hus;0;0;0;0;0;0;0;0;0;0;0;0;0;0;0;99;0;0;0;99
21;Gävleborgs län;01;Ockelbo;12367;Lingbogården;0;0;0;0;0;0;0;0;0;0;0;0;0;0;0;123;0;0;0;123
21;Gävleborgs län;01;Ockelbo;12368;Mobygården;0;0;0;0;0;0;0;0;0;0;0;0;0;0;0;67;0;0;0;67
21;Gävleborgs län;01;Ockelbo;13654;Bysjöstrand Äldreboende;0;0;0;0;0;0;0;0;0;0;0;0;0;0;0;21;0;0;0;21
21;Gävleborgs län;04;Hofors;13897;Björkhagsskolan;0;0;0;0;0;0;0;0;0;0;0;0;0;0;11;0;0;0;0;11
21;Gävleborgs län;04;Hofors;14548;Torsåkers Bygdegård;0;0;0;0;0;0;65;0;64;0;0;0;0;140;0;144;0;0;0;413
21;Gävleborgs län;04;Hofors;7277;Hesselgrenska;0;0;0;0;0;0;0;0;0;0;0;9;0;0;0;0;0;0;0;9
21;Gävleborgs län;04;Hofors;7278;Spelmannen;0;0;0;0;0;0;0;0;0;0;0;17;0;0;0;0;0;0;0;17
21;Gävleborgs län;04;Hofors;7279;Persgården;0;0;0;0;0;0;0;0;0;0;0;27;0;0;0;0;0;0;0;27
21;Gävleborgs län;04;Hofors;7280;Hantverkar´n;0;0;0;0;0;0;0;0;0;0;0;43;0;0;0;0;0;0;0;43
21;Gävleborgs län;04;Hofors;9275;Folkets Hus;75;109;113;60;0;147;142;140;133;146;72;0;239;273;294;333;373;163;14;2826
21;Gävleborgs län;21;Ovanåker;14435;Edsbyns Bibliotek;91;89;96;0;0;105;141;111;148;126;0;0;268;266;255;282;289;0;83;2350
21;Gävleborgs län;21;Ovanåker;14436;Sunnangården;55;39;46;0;0;57;81;77;77;56;0;0;110;127;151;157;137;0;0;1170
21;Gävleborgs län;32;Nordanstig;10996;Älgeredsgården;0;0;0;0;0;0;0;0;0;0;0;0;0;0;0;0;0;0;0;0
21;Gävleborgs län;32;Nordanstig;10997;Ilsbo skola;0;0;0;0;0;0;0;0;0;0;0;0;0;0;0;0;0;0;0;0
21;Gävleborgs län;32;Nordanstig;10998;IOGT, Jättendal;0;0;0;0;0;0;0;0;0;0;0;0;0;0;0;0;0;0;0;0
21;Gävleborgs län;32;Nordanstig;10999;Folkets Hus, Stocka;0;0;0;0;0;0;0;0;0;0;0;0;0;0;0;0;0;0;0;0
21;Gävleborgs län;32;Nordanstig;11000;Strömshall;0;0;0;0;0;0;0;0;0;0;0;0;0;0;0;0;0;0;0;0
21;Gävleborgs län;32;Nordanstig;7283;Sörgården/Bållebo;0;0;0;0;0;0;0;0;0;0;0;15;0;0;0;0;0;0;0;15
21;Gävleborgs län;32;Nordanstig;7284;Bergesta;0;0;0;0;0;0;0;0;0;0;0;24;0;0;0;0;0;0;0;24
21;Gävleborgs län;32;Nordanstig;7285;Björkbacken;0;0;0;0;0;0;0;0;0;0;0;6;0;0;0;0;0;0;0;6
21;Gävleborgs län;32;Nordanstig;7286;Hagängsgården;0;0;0;0;0;0;0;0;0;0;0;15;0;0;0;0;0;0;0;15
21;Gävleborgs län;32;Nordanstig;9471;Bergsjö bibliotek;27;38;35;0;0;86;20;31;60;97;0;0;137;56;89;93;178;80;52;1079
21;Gävleborgs län;32;Nordanstig;9473;Hassela bibliotek;0;0;0;0;0;0;0;0;0;0;0;0;0;0;118;0;0;0;0;118
21;Gävleborgs län;32;Nordanstig;9474;Gnarps bibliotek;0;0;0;0;0;0;0;0;116;0;0;0;0;0;0;214;0;0;0;330
21;Gävleborgs län;32;Nordanstig;9475;Harmånger bibliotek;0;0;0;0;0;0;58;0;0;0;0;0;0;181;0;0;0;0;0;239
21;Gävleborgs län;61;Ljusdal;10535;Ljusdals Bibliotek;122;131;132;52;0;188;192;100;249;202;145;0;374;367;348;407;575;125;181;3890
21;Gävleborgs län;61;Ljusdal;10595;Los Bibliotek;6;8;0;0;0;17;25;9;26;0;0;0;7;45;23;28;0;0;0;194
21;Gävleborgs län;61;Ljusdal;10596;Ramsjö Bibliotek;0;10;0;0;0;8;0;0;18;0;0;0;13;0;0;21;0;0;0;70
21;Gävleborgs län;61;Ljusdal;8654;Järvsö Bibliotek;28;37;0;0;0;35;61;34;52;0;0;0;47;100;71;90;0;0;0;555
21;Gävleborgs län;61;Ljusdal;8657;Färila Bibliotek;13;36;38;0;0;57;30;31;64;58;0;0;81;48;63;113;79;0;0;711
21;Gävleborgs län;80;Gävle;13563;Rådhuset;325;256;0;166;126;253;270;244;222;240;280;247;370;446;527;540;746;563;515;6336
21;Gävleborgs län;80;Gävle;13586;Andersbergs bibliotek;95;80;26;0;0;84;57;55;110;41;0;0;111;99;106;212;113;0;0;1189
21;Gävleborgs län;80;Gävle;13591;Hille bibliotek;14;31;0;0;0;66;60;38;50;0;0;0;65;162;77;65;0;0;0;628
21;Gävleborgs län;80;Gävle;13592;Sätra bibliotek;76;137;62;0;0;65;160;62;150;53;0;0;89;247;106;296;123;0;0;1626
21;Gävleborgs län;80;Gävle;13689;Fyren, Norrsundet;0;23;0;0;0;0;71;0;24;0;0;0;0;79;0;45;0;0;0;242
21;Gävleborgs län;80;Gävle;14426;Högskolan i Gävle;60;38;29;0;0;52;84;73;80;45;0;0;114;0;203;238;220;0;0;1236
21;Gävleborgs län;80;Gävle;7296;Gävle sjukhus;113;150;122;36;0;132;162;172;171;154;84;0;230;254;265;315;403;278;126;3167
21;Gävleborgs län;80;Gävle;7981;Stadsbiblioteket;236;293;328;156;138;272;295;294;300;248;232;275;473;514;683;691;736;680;189;7033
21;Gävleborgs län;80;Gävle;7982;Gävle Konserthus;132;131;151;0;0;106;148;141;161;177;0;0;285;324;396;365;500;0;0;3017
21;Gävleborgs län;80;Gävle;7984;Bomhus bibliotek;101;203;91;0;0;164;112;74;238;109;0;0;276;156;128;358;179;0;0;2189
21;Gävleborgs län;80;Gävle;7985;Bergby bibliotek;35;0;52;0;0;64;0;59;0;63;0;0;120;0;69;0;99;0;0;561
21;Gävleborgs län;80;Gävle;7986;Forsbacka bibliotek;20;14;16;0;0;48;0;34;20;24;0;0;108;0;45;65;52;0;0;446
21;Gävleborgs län;80;Gävle;7987;Hedesunda bibliotek;22;28;24;0;0;50;0;38;25;29;0;0;92;0;81;91;90;0;0;570
21;Gävleborgs län;80;Gävle;7991;Valbo bibliotek;85;118;75;0;0;111;92;105;152;94;0;0;204;132;137;320;162;0;0;1787
21;Gävleborgs län;81;Sandviken;11823;Björksätra bibliotek;0;130;0;0;0;0;0;0;227;0;0;0;0;0;0;255;0;0;0;612
21;Gävleborgs län;81;Sandviken;11824;Järbo bibliotek;0;56;0;0;0;52;0;0;101;0;0;0;114;0;0;166;0;0;0;489
21;Gävleborgs län;81;Sandviken;11825;Österfärnebo bibliotek;0;25;0;0;0;25;0;0;47;0;0;0;46;0;0;105;0;0;0;248
21;Gävleborgs län;81;Sandviken;13551;Åshammars bibliotek;32;0;0;0;0;39;0;66;0;0;0;0;63;0;82;0;0;0;123;405
21;Gävleborgs län;81;Sandviken;13731;Bessemerskolan;0;0;0;0;0;0;4;0;0;0;0;0;0;0;0;0;19;0;0;23
21;Gävleborgs län;81;Sandviken;13742;Hammarby skola;0;0;0;0;0;0;0;0;0;0;0;0;0;0;0;0;0;0;150;150
21;Gävleborgs län;81;Sandviken;14130;Jäderfors skola;0;0;0;0;0;0;0;0;0;0;0;0;0;0;0;0;0;0;144;144
21;Gävleborgs län;81;Sandviken;14332;Ica Årsunda;0;0;0;0;0;0;0;46;0;0;0;0;0;0;71;0;0;0;0;117
21;Gävleborgs län;81;Sandviken;7303;Ängsbacken;0;0;0;0;0;0;0;0;0;0;0;0;0;23;0;0;0;0;0;23
21;Gävleborgs län;81;Sandviken;7304;Nya Bruket, dagcentral;0;0;0;0;0;0;0;0;0;0;0;0;0;0;28;0;0;0;0;28
21;Gävleborgs län;81;Sandviken;7305;Vallgården Årsunda;0;0;0;0;0;0;0;0;0;0;0;0;0;0;12;0;0;0;0;12
21;Gävleborgs län;81;Sandviken;7306;Solängsgården servicehus;0;0;0;0;0;0;0;0;0;0;0;0;0;0;8;0;0;0;0;8
21;Gävleborgs län;81;Sandviken;7307;Karl-Johan Gårdarna;0;0;0;0;0;0;0;0;0;0;0;0;0;19;0;0;0;0;0;19
21;Gävleborgs län;81;Sandviken;7308;Lillvik servicehus;0;0;0;0;0;0;0;0;0;0;0;0;0;21;0;0;0;0;0;21
21;Gävleborgs län;81;Sandviken;7309;Ovansjögården;0;0;0;0;0;0;0;0;0;0;0;0;0;13;0;0;0;0;0;13
21;Gävleborgs län;81;Sandviken;7311;Kremlan;0;0;0;0;0;0;0;0;0;0;0;0;0;0;45;0;0;0;0;45
21;Gävleborgs län;81;Sandviken;7312;Åsgården servicehus;0;0;0;0;0;0;0;0;0;0;0;0;0;0;16;0;0;0;0;16
21;Gävleborgs län;81;Sandviken;7314;Sandvikens Sjukhus, Rosengården;0;0;0;0;0;0;0;0;0;0;0;0;0;11;0;0;0;0;0;11
21;Gävleborgs län;81;Sandviken;8303;Storvik bibliotek;0;145;0;0;0;114;0;0;181;0;0;0;146;0;0;245;0;0;0;831
21;Gävleborgs län;81;Sandviken;8305;Stadshuset Sandviken;180;207;163;138;136;341;333;305;303;308;160;186;503;630;607;666;863;337;259;6625
21;Gävleborgs län;82;Söderhamn;10118;Servicehuset Linden;0;0;0;0;0;29;36;23;25;45;0;0;74;69;87;55;82;0;0;525
21;Gävleborgs län;82;Söderhamn;10120;Servicehuset Kastanjen;0;0;0;0;0;36;59;47;48;43;0;0;81;67;87;80;126;0;0;674
21;Gävleborgs län;82;Söderhamn;10128;Bykontoret Holmsveden;0;0;0;0;0;0;0;0;0;0;0;0;0;0;0;80;0;0;0;80
21;Gävleborgs län;82;Söderhamn;12160;Söderhamns Stadsbibliotek;205;282;248;131;0;302;368;341;330;336;176;0;483;519;570;595;661;352;0;5899
21;Gävleborgs län;82;Söderhamn;13017;Forsgårdens Servicehus;0;0;0;0;0;0;0;0;0;0;0;0;0;10;0;0;0;0;0;10
21;Gävleborgs län;82;Söderhamn;13119;Rådhuset;0;0;0;0;0;0;0;0;0;0;0;0;0;0;0;0;0;0;33;33
21;Gävleborgs län;82;Söderhamn;14025;Trönö;0;0;0;0;0;0;0;0;0;0;0;0;0;0;0;79;128;0;0;207
21;Gävleborgs län;82;Söderhamn;14028;Eklunda servicehus;0;0;0;0;0;0;0;0;0;0;0;0;6;0;0;0;0;0;0;6
21;Gävleborgs län;82;Söderhamn;7315;Björkbacka servicehus;0;0;0;0;0;0;0;0;0;0;0;0;5;0;0;0;0;0;0;5
21;Gävleborgs län;82;Söderhamn;7316;Enriset servicehuset;0;0;0;0;0;0;0;0;0;0;0;0;0;17;0;0;0;0;0;17
21;Gävleborgs län;82;Söderhamn;7317;Västerbackens Sjukhem;0;0;0;0;0;0;0;0;0;0;0;0;15;0;0;0;0;0;0;15
21;Gävleborgs län;83;Bollnäs;7318;Karlslund;0;0;0;0;0;0;0;0;0;0;0;80;0;0;0;0;0;0;0;80
21;Gävleborgs län;83;Bollnäs;7319;Ängslunda;0;0;0;0;0;0;0;0;0;0;0;32;0;0;0;0;0;0;0;32
21;Gävleborgs län;83;Bollnäs;7322;Hällagården;0;0;0;0;0;0;0;0;0;0;0;29;0;0;0;0;0;0;0;29
21;Gävleborgs län;83;Bollnäs;8271;Ringshög;0;0;0;0;0;0;0;0;0;0;0;0;62;37;22;51;28;0;0;200
21;Gävleborgs län;83;Bollnäs;8285;Kilafors Biografteater;0;0;0;0;0;51;69;66;83;61;0;0;124;59;98;177;90;0;0;878
21;Gävleborgs län;83;Bollnäs;8286;Forum;0;0;0;0;0;66;58;42;106;90;0;0;125;109;92;189;144;0;0;1021
21;Gävleborgs län;83;Bollnäs;8287;Bollnäs Kundcenter, Stadshuset;176;205;188;79;72;210;203;238;300;284;133;136;444;455;540;637;704;405;158;5567
21;Gävleborgs län;84;Hudiksvall;8637;Hudiksvalls bibliotek;260;358;257;148;0;338;358;301;348;312;164;0;602;681;780;804;756;414;136;7017
21;Gävleborgs län;84;Hudiksvall;8638;Iggesunds bibliotek;57;45;37;25;0;62;69;70;72;30;31;0;129;135;124;144;122;95;0;1247
21;Gävleborgs län;84;Hudiksvall;8639;Edshammars servicehus;59;73;59;44;0;51;60;96;93;67;59;0;139;152;160;171;212;110;0;1605
22;Västernorrlands län;60;Ånge;13555;Munkbysjöns Bygdegård;0;0;0;0;0;0;0;0;0;0;0;0;0;0;0;0;0;0;113;113
22;Västernorrlands län;60;Ånge;8644;Ånge kommunkontor;49;74;64;0;0;59;78;65;93;85;0;0;171;169;180;194;213;82;12;1588
22;Västernorrlands län;60;Ånge;8645;Samservice;54;52;82;0;0;47;57;72;63;105;0;0;117;132;163;167;258;0;0;1369
22;Västernorrlands län;60;Ånge;8647;Överturingens skola;0;0;0;0;0;0;0;0;0;0;0;0;0;0;0;0;0;0;93;93
22;Västernorrlands län;62;Timrå;11001;Ljustorps bygdegård;0;0;0;0;0;0;0;0;0;0;0;0;0;0;0;55;55;0;0;110
22;Västernorrlands län;62;Timrå;11003;Biblioteket;104;157;105;0;0;245;150;208;155;118;90;0;336;239;364;266;254;0;0;2791
22;Västernorrlands län;62;Timrå;13787;Timrå gymnasieskola;0;0;0;0;0;0;0;0;0;0;0;0;0;0;0;25;19;0;0;44
22;Västernorrlands län;62;Timrå;7333;Hagalid/Timrågården;0;0;0;0;0;0;0;0;0;0;0;25;0;0;0;0;0;0;0;25
22;Västernorrlands län;62;Timrå;8934;Kommunhuset;0;0;0;0;0;0;0;0;0;0;0;0;0;0;0;0;0;111;87;198
22;Västernorrlands län;62;Timrå;8941;Söråkers Folkets Hus;23;37;17;0;27;43;53;42;42;52;33;0;95;89;104;112;146;0;0;915
22;Västernorrlands län;62;Timrå;8947;HSB brf Berge;35;39;18;0;0;38;40;29;35;30;0;0;58;29;43;56;59;0;0;509
22;Västernorrlands län;62;Timrå;8952;Bergeforsens skola;0;0;0;0;0;0;0;0;0;0;0;0;0;51;38;0;0;0;0;89
22;Västernorrlands län;62;Timrå;8973;Strandbo servicehus;0;0;0;0;0;0;0;0;0;0;0;15;0;0;0;0;0;0;0;15
22;Västernorrlands län;80;Härnösand;10209;Utansjögården;0;0;0;0;0;0;38;0;0;0;0;0;27;0;0;0;0;0;0;65
22;Västernorrlands län;80;Härnösand;10211;Högsjögården;0;31;0;0;0;0;0;47;0;0;0;0;0;54;0;0;0;0;0;132
22;Västernorrlands län;80;Härnösand;10214;Viksjö Folkets Hus;0;0;24;0;0;0;0;0;25;0;0;0;0;0;46;0;0;0;6;101
22;Västernorrlands län;80;Härnösand;10216;Brunnegården;0;0;0;0;0;0;0;0;0;27;0;0;0;0;0;39;0;0;0;66
22;Västernorrlands län;80;Härnösand;10218;Älandsbro Folket Hus;0;0;0;0;69;0;0;0;0;0;58;0;0;0;0;0;84;0;0;211
22;Västernorrlands län;80;Härnösand;10220;Häggdånger Församlingshem;0;0;0;0;0;12;0;0;0;0;0;13;0;0;0;0;0;0;0;25
22;Västernorrlands län;80;Härnösand;12683;Sambiblioteket;143;160;141;112;0;231;190;194;213;201;174;0;392;418;524;415;608;471;0;4587
22;Västernorrlands län;80;Härnösand;13517;Härnösands kommun;73;66;66;0;0;70;71;61;84;64;0;76;115;133;169;169;257;0;170;1644
22;Västernorrlands län;80;Härnösand;13816;Kriminalvårdsanstalten Saltvik;0;0;0;0;0;0;0;0;0;0;0;53;0;0;0;0;0;0;0;53
22;Västernorrlands län;81;Sundsvall;10013;Folkets Hus Järkvissle;0;0;0;0;0;0;0;0;0;0;0;0;0;0;0;0;0;0;46;46
22;Västernorrlands län;81;Sundsvall;12245;Selångers fotbollsklubb;34;45;37;0;0;45;44;55;38;59;0;0;100;77;157;136;125;0;0;952
22;Västernorrlands län;81;Sundsvall;14041;Birsta City;0;0;0;0;0;0;0;0;68;65;0;0;0;0;167;142;171;0;0;613
22;Västernorrlands län;81;Sundsvall;14666;Galleria In;0;0;0;0;0;0;0;0;51;54;0;0;0;0;87;121;140;0;0;453
22;Västernorrlands län;81;Sundsvall;14742;Bystugan Liden;16;22;17;0;0;10;8;15;21;20;0;0;28;11;36;42;32;0;0;278
22;Västernorrlands län;81;Sundsvall;7345;Alnö Servicehus;0;0;0;0;0;11;0;0;0;0;0;0;0;0;0;0;0;0;0;11
22;Västernorrlands län;81;Sundsvall;7347;Kristinelund;0;0;0;0;0;0;0;11;0;0;0;0;0;0;0;0;0;0;0;11
22;Västernorrlands län;81;Sundsvall;7348;Matfors Servicehus;0;0;0;0;0;9;0;0;0;0;0;0;0;0;0;0;0;0;0;9
22;Västernorrlands län;81;Sundsvall;7352;Lindgården;0;0;0;0;0;0;0;22;0;0;0;0;0;0;0;0;0;0;0;22
22;Västernorrlands län;81;Sundsvall;7353;Knutsgårdens serviceh.;0;0;0;0;0;25;0;0;0;0;0;0;0;0;0;0;0;0;0;25
22;Västernorrlands län;81;Sundsvall;7355;Tunastrand;0;0;0;0;0;5;0;0;0;0;0;0;0;0;0;0;0;0;0;5
22;Västernorrlands län;81;Sundsvall;7357;Skottsundsbacken;0;0;0;0;0;0;4;0;0;0;0;0;0;0;0;0;0;0;0;4
22;Västernorrlands län;81;Sundsvall;9277;Sundsvalls stadsbibliotek;259;292;248;185;154;256;296;350;344;364;321;315;555;659;799;911;1117;883;685;8993
22;Västernorrlands län;81;Sundsvall;9279;Alnö bibliotek;73;58;52;47;0;73;52;107;59;44;96;0;215;90;267;130;94;191;0;1648
22;Västernorrlands län;81;Sundsvall;9280;Bosvedjans bibliotek;61;43;0;0;0;47;32;92;40;0;0;0;85;64;187;163;87;0;0;901
22;Västernorrlands län;81;Sundsvall;9281;Granloholms bibliotek;37;47;0;0;0;81;36;30;44;0;0;0;112;59;79;168;66;0;0;759
22;Västernorrlands län;81;Sundsvall;9442;Indals bibliotek;0;26;0;0;0;37;15;0;17;0;0;0;61;35;0;116;44;0;0;351
22;Västernorrlands län;81;Sundsvall;9443;Kvissleby bibliotek;82;93;87;84;0;140;153;143;127;115;79;0;314;291;303;196;284;274;0;2765
22;Västernorrlands län;81;Sundsvall;9444;Ljustadalens bibliotek;33;48;0;0;0;55;43;30;49;0;0;0;97;90;73;62;94;0;0;674
22;Västernorrlands län;81;Sundsvall;9445;Matfors bibliotek;58;123;66;55;0;114;83;69;153;84;55;0;179;139;143;282;134;161;0;1898
22;Västernorrlands län;81;Sundsvall;9446;Nacksta bibliotek;57;71;0;0;0;65;59;53;74;0;0;0;106;63;104;128;97;0;0;877
22;Västernorrlands län;81;Sundsvall;9447;Skönsbergs bibliotek;70;78;0;0;0;130;88;82;92;0;0;0;174;101;125;125;161;0;0;1226
22;Västernorrlands län;81;Sundsvall;9448;Skönsmons bibliotek;57;78;0;0;0;99;70;67;67;0;0;0;108;79;95;176;119;0;0;1015
22;Västernorrlands län;81;Sundsvall;9449;Stöde bibliotek;9;52;5;0;0;44;25;19;84;29;0;0;72;24;45;129;55;0;0;592
22;Västernorrlands län;81;Sundsvall;9450;Mittuniversitetets bibliotek;29;22;27;11;0;40;42;64;46;31;40;0;97;147;165;182;255;133;0;1331
22;Västernorrlands län;81;Sundsvall;9451;Kommunhuset;40;45;79;0;0;63;70;49;62;62;0;0;87;87;132;179;189;0;0;1144
22;Västernorrlands län;81;Sundsvall;9840;Sundsvalls sjukhus;0;0;0;0;0;0;0;0;0;0;0;0;116;111;140;144;172;0;0;683
22;Västernorrlands län;81;Sundsvall;9841;Anundgårds förskola;0;0;0;0;0;0;0;0;0;0;0;0;0;0;0;0;0;0;122;122
22;Västernorrlands län;82;Kramfors;10303;Församlingshemmet i Styrnäs;0;0;0;0;0;0;0;0;0;0;0;0;0;0;0;0;0;0;0;0
22;Västernorrlands län;82;Kramfors;10304;Sockenstugan i Dal;0;0;0;0;0;0;0;0;0;0;0;0;0;0;0;0;0;0;0;0
22;Västernorrlands län;82;Kramfors;10305;Prästmon;0;0;0;0;0;0;0;0;0;0;0;0;0;0;0;0;0;0;0;0
22;Västernorrlands län;82;Kramfors;10306;F d Lugnviksskolan;0;0;0;0;0;0;0;0;0;0;0;0;0;0;0;0;0;0;0;0
22;Västernorrlands län;82;Kramfors;12769;Högakustenskolan;0;0;0;0;0;0;0;0;0;0;0;0;0;0;0;0;0;0;0;0
22;Västernorrlands län;82;Kramfors;13775;ICA-Rosen Supermarket;18;35;26;14;9;37;36;43;53;39;16;30;59;81;83;92;119;66;0;856
22;Västernorrlands län;82;Kramfors;7362;Kvarnbacken;0;0;0;0;0;0;0;0;0;0;0;14;0;0;0;0;0;0;0;14
22;Västernorrlands län;82;Kramfors;7364;Nybo;0;0;0;0;0;0;0;0;0;0;0;12;0;0;0;0;0;0;0;12
22;Västernorrlands län;82;Kramfors;7365;Viktoriagården;0;0;0;0;0;0;0;0;0;0;0;14;0;0;0;0;0;0;0;14
22;Västernorrlands län;82;Kramfors;7366;Sundbrolund;0;0;0;0;0;0;0;0;0;0;0;3;0;0;0;0;0;0;0;3
22;Västernorrlands län;82;Kramfors;9373;Ådalsbygdens pastorat;22;23;22;0;0;26;25;46;33;47;0;0;67;54;83;43;78;0;0;569
22;Västernorrlands län;82;Kramfors;9374;Kommunbiblioteket;81;135;100;61;0;128;176;160;181;181;98;0;216;295;313;356;380;212;0;3073
22;Västernorrlands län;82;Kramfors;9375;Handelsbanken Ullånger;22;13;22;0;0;28;11;21;24;34;0;0;40;31;55;49;62;0;0;412
22;Västernorrlands län;82;Kramfors;9376;Handelsbanken Nordingrå;14;14;18;0;0;15;22;25;18;29;0;0;35;73;40;52;60;0;0;415
22;Västernorrlands län;82;Kramfors;9379;Docksta BTKs kansli;7;18;14;0;0;23;13;10;22;16;0;0;17;31;46;26;67;0;0;310
22;Västernorrlands län;83;Sollefteå;13147;Ärebo;0;0;0;0;0;0;0;0;0;0;0;11;0;0;0;0;0;0;0;11
22;Västernorrlands län;83;Sollefteå;13148;Vallänge;0;0;0;0;0;0;0;0;0;0;0;18;0;0;0;0;0;0;0;18
22;Västernorrlands län;83;Sollefteå;7367;Skärvstagården;0;0;0;0;0;0;0;0;0;0;0;25;0;0;0;0;0;0;0;25
22;Västernorrlands län;83;Sollefteå;7369;Solgården;0;0;0;0;0;0;0;0;0;0;0;55;0;0;0;0;0;0;0;55
22;Västernorrlands län;83;Sollefteå;7370;Gunillagården;0;0;0;0;0;0;0;0;0;0;0;21;0;0;0;0;0;0;0;21
22;Västernorrlands län;83;Sollefteå;7371;Nipudden;0;0;0;0;0;0;0;0;0;0;0;6;0;0;0;0;0;0;0;6
22;Västernorrlands län;83;Sollefteå;7372;Lissgården;0;0;0;0;0;0;0;0;0;0;0;9;0;0;0;0;0;0;0;9
22;Västernorrlands län;83;Sollefteå;7373;Nipgården;0;0;0;0;0;0;0;0;0;0;0;10;0;0;0;0;0;0;0;10
22;Västernorrlands län;83;Sollefteå;7957;Kommunhuset, Sollefteå;137;160;162;77;0;198;198;169;182;177;116;0;348;367;388;429;502;241;82;3933
22;Västernorrlands län;83;Sollefteå;8597;Medborgarkontoret, Näsåker;20;14;15;0;0;20;14;16;16;26;0;0;30;30;29;24;40;0;0;294
22;Västernorrlands län;83;Sollefteå;8598;Medborgarkontoret, Junsele;7;18;37;0;0;24;32;28;24;37;0;0;40;47;30;42;69;0;0;435
22;Västernorrlands län;83;Sollefteå;8599;Coop Konsum, Långsele;39;45;26;43;24;35;50;45;53;73;21;58;71;82;65;105;109;0;0;944
22;Västernorrlands län;83;Sollefteå;8600;Medborgarkontoret, Ramsele;16;35;33;0;0;39;23;40;50;60;0;0;49;70;65;67;106;0;0;653
22;Västernorrlands län;84;Örnsköldsvik;10205;Arkenbiblioteket;220;258;228;207;0;313;293;339;241;306;301;0;537;600;669;559;790;635;0;6496
22;Västernorrlands län;84;Örnsköldsvik;10206;Kultur & Fritidsgården Gene;0;0;0;0;0;107;90;134;69;62;0;0;201;90;220;101;114;0;0;1188
22;Västernorrlands län;84;Örnsköldsvik;10207;Husums bibliotek;0;0;0;0;0;73;0;139;56;0;0;0;172;0;214;100;0;0;0;754
22;Västernorrlands län;84;Örnsköldsvik;10208;Bjästa bibliotek;0;0;0;0;0;109;0;116;82;0;0;0;153;0;241;94;0;0;0;795
22;Västernorrlands län;84;Örnsköldsvik;10210;Folkets Hus Gnistan;0;0;0;0;0;50;83;78;77;78;0;0;101;124;131;138;135;0;0;995
22;Västernorrlands län;84;Örnsköldsvik;10212;Bredbyns bibliotek;0;0;0;0;0;76;0;136;42;0;0;0;124;0;145;52;0;0;0;575
22;Västernorrlands län;84;Örnsköldsvik;10213;Konsum Köpmanholmen;0;0;0;0;0;17;24;23;37;40;0;0;48;52;37;50;77;0;0;405
22;Västernorrlands län;84;Örnsköldsvik;10215;Mellansels Bad & Fritid;0;0;0;0;0;7;34;18;44;21;0;0;29;60;19;78;40;0;0;350
22;Västernorrlands län;84;Örnsköldsvik;10217;Biblioteket i Själevad;0;0;0;0;0;29;70;52;50;51;0;0;66;73;85;74;93;0;0;643
22;Västernorrlands län;84;Örnsköldsvik;10219;Stegbo Möbler AB;0;0;0;0;0;17;14;8;17;29;0;0;29;5;29;25;30;0;0;203
22;Västernorrlands län;84;Örnsköldsvik;13085;Örnsköldsviks Sjukhus;0;0;0;0;0;123;110;134;114;97;0;0;167;157;203;202;149;0;0;1456
22;Västernorrlands län;84;Örnsköldsvik;13102;Solstrålen;0;0;0;0;0;0;0;0;0;0;0;0;0;0;0;0;0;0;0;0
22;Västernorrlands län;84;Örnsköldsvik;13103;Bygdegården Skalmsjö;0;0;0;0;0;0;0;0;0;0;0;0;0;0;0;0;0;0;0;0
22;Västernorrlands län;84;Örnsköldsvik;14078;Björna bibliotek;0;0;0;0;0;0;41;0;0;0;0;0;0;63;0;0;0;0;0;104
22;Västernorrlands län;84;Örnsköldsvik;14079;Skorpeds servicecenter;0;0;0;0;0;0;0;40;0;0;0;0;20;0;0;0;0;0;0;60
22;Västernorrlands län;84;Örnsköldsvik;14081;Sidensjöskolan;0;0;0;0;0;40;0;0;0;0;0;0;0;0;100;0;0;0;0;140
22;Västernorrlands län;84;Örnsköldsvik;14083;Medborgarhuset;0;0;0;0;0;0;27;0;0;0;0;0;0;0;0;0;0;0;0;27
22;Västernorrlands län;84;Örnsköldsvik;14625;Skyttis Servicebyggnad;0;0;0;0;0;43;47;41;45;37;0;0;76;95;92;124;114;0;0;714
22;Västernorrlands län;84;Örnsköldsvik;14639;Nolaskolan;0;0;0;0;0;0;0;0;0;0;0;0;0;0;0;0;0;0;251;251
23;Jämtlands län;03;Ragunda;14082;Eriksberg;0;0;0;0;0;0;0;0;0;0;0;0;0;0;0;0;0;0;74;74
23;Jämtlands län;03;Ragunda;7374;Strandliden äldreboende;0;0;0;0;0;0;0;0;0;0;0;8;0;0;0;0;0;0;0;8
23;Jämtlands län;03;Ragunda;7375;Björkhammar äldreboende;0;0;0;0;0;0;0;0;0;0;0;6;0;0;0;0;0;0;0;6
23;Jämtlands län;03;Ragunda;7376;Bergegården äldreboende;0;0;0;0;0;0;0;0;0;0;0;21;0;0;0;0;0;0;0;21
23;Jämtlands län;03;Ragunda;7377;Nipängen äldreboende;0;0;0;0;0;0;0;0;0;0;0;22;0;0;0;0;0;0;0;22
23;Jämtlands län;03;Ragunda;9914;Hammarstrand;29;33;26;0;0;39;39;38;64;43;0;0;95;66;68;103;102;69;28;842
23;Jämtlands län;03;Ragunda;9915;Bispgården;11;22;19;0;0;14;10;29;13;21;0;0;24;27;39;48;37;0;0;314
23;Jämtlands län;03;Ragunda;9916;Stugun;13;24;22;0;0;21;27;26;44;26;0;0;35;26;38;70;32;0;0;404
23;Jämtlands län;05;Bräcke;10091;Hotell Östjemten;13;24;33;0;0;10;21;41;12;21;0;0;25;30;48;39;65;0;7;389
23;Jämtlands län;05;Bräcke;10139;Gällö Bibliotek;16;13;22;0;0;22;13;33;24;18;0;0;41;39;81;38;47;0;0;407
23;Jämtlands län;05;Bräcke;10153;Vängåvan;0;0;0;0;0;0;0;0;0;0;0;0;0;0;0;0;0;0;0;0
23;Jämtlands län;05;Bräcke;12873;Tossengård;0;0;0;0;0;0;0;0;0;0;0;0;0;0;0;0;0;0;0;0
23;Jämtlands län;05;Bräcke;14769;Bräcke turistbyrå;59;35;35;0;0;41;43;68;46;68;0;0;64;104;112;79;87;101;64;1006
23;Jämtlands län;09;Krokom;10435;Näldens bibliotek;24;0;0;0;0;0;0;78;0;0;0;0;0;0;94;0;0;0;0;196
23;Jämtlands län;09;Krokom;11793;Ås bibliotek;0;0;0;0;0;0;59;0;0;0;0;0;0;157;0;0;0;0;0;216
23;Jämtlands län;09;Krokom;14093;Hotagsfjärden, Rötviken;0;0;0;0;0;0;0;0;0;0;0;55;0;0;0;0;0;0;85;140
23;Jämtlands län;09;Krokom;7381;Hällebo, Ede;0;0;0;0;0;0;0;0;0;0;0;13;0;0;0;0;0;0;0;13
23;Jämtlands län;09;Krokom;7382;Blomstergården, Krokom;0;0;0;0;0;0;0;0;0;0;0;46;0;0;0;0;0;0;0;46
23;Jämtlands län;09;Krokom;7383;Solbacka, Föllinge;0;0;0;0;0;0;0;0;0;0;0;19;0;0;0;0;0;0;0;19
23;Jämtlands län;09;Krokom;8199;Laxsjö församlingshem;0;0;0;0;0;0;0;0;0;0;0;34;0;0;0;0;0;0;0;34
23;Jämtlands län;09;Krokom;8202;Bredbyns föreningshus;0;0;0;0;0;0;0;0;0;0;0;61;0;0;0;0;0;0;0;61
23;Jämtlands län;09;Krokom;8203;Kaxås bygdegård;0;0;0;0;0;0;0;0;0;0;0;48;0;0;0;0;0;0;0;48
23;Jämtlands län;09;Krokom;8204;Tångeråsens bygdegård;0;0;0;0;0;0;0;0;0;0;0;23;0;0;0;0;0;0;0;23
23;Jämtlands län;09;Krokom;8205;Trångsvikens bygdegård;13;14;11;2;0;16;14;17;15;10;8;0;18;18;34;43;31;23;50;337
23;Jämtlands län;09;Krokom;8207;Krokoms kommunhus;56;48;72;74;0;107;92;82;75;117;0;0;145;161;153;195;226;110;63;1776
23;Jämtlands län;09;Krokom;8208;Föllinge servicekontor;16;20;18;0;0;24;22;29;35;22;0;0;27;31;43;50;18;0;0;355
23;Jämtlands län;09;Krokom;8209;Änge servicekontor;7;18;0;0;0;23;40;11;17;0;0;0;26;50;19;75;0;0;0;286
23;Jämtlands län;13;Strömsund;13655;F.d. post- och banklokalen i Rossön;7;5;5;0;0;11;4;21;8;3;0;0;5;18;41;11;15;0;0;154
23;Jämtlands län;13;Strömsund;13656;Idéstugan Norråker;12;0;21;0;0;20;0;16;0;27;0;0;22;0;28;0;38;0;25;209
23;Jämtlands län;13;Strömsund;13691;Åshamra;0;0;0;0;0;0;0;0;0;0;0;23;0;0;0;0;0;0;0;23
23;Jämtlands län;13;Strömsund;14673;Turistbyrån Gäddede;7;9;14;0;0;22;28;18;20;29;0;0;26;25;27;30;50;0;0;305
23;Jämtlands län;13;Strömsund;14674;Församlingshemmet Alanäset;0;0;0;0;0;0;0;0;0;0;0;0;0;0;0;0;0;0;77;77
23;Jämtlands län;13;Strömsund;14676;Folkets Hus Hoting;23;33;15;0;0;22;28;15;27;38;0;0;42;27;26;24;66;0;0;386
23;Jämtlands län;13;Strömsund;14681;Solbacken sjukhem;0;0;0;0;0;0;0;0;0;0;0;7;0;0;0;0;0;0;0;7
23;Jämtlands län;13;Strömsund;7385;Strömbacka;0;0;0;0;0;0;0;0;0;0;0;27;0;0;0;0;0;0;0;27
23;Jämtlands län;13;Strömsund;7386;Tåsjögården;0;0;0;0;0;0;0;0;0;0;0;8;0;0;0;0;0;0;0;8
23;Jämtlands län;13;Strömsund;7388;Älvgården;0;0;0;0;0;0;0;0;0;0;0;11;0;0;0;0;0;0;0;11
23;Jämtlands län;13;Strömsund;7389;Brismarksgården;0;0;0;0;0;0;0;0;0;0;0;7;0;0;0;0;0;0;0;7
23;Jämtlands län;13;Strömsund;7390;Forsgården;0;0;0;0;0;0;0;0;0;0;0;12;0;0;0;0;0;0;0;12
23;Jämtlands län;13;Strömsund;8131;Biblioteket Backe;8;14;0;0;0;18;20;14;17;0;0;0;24;26;44;17;42;0;0;244
23;Jämtlands län;13;Strömsund;8134;Biblioteket Hammerdal;26;46;0;0;0;57;31;22;39;0;0;0;88;39;47;64;82;0;0;541
23;Jämtlands län;13;Strömsund;8136;Lidsjöbergs bygdegård;0;0;0;0;0;0;0;0;0;0;0;0;0;0;0;0;0;0;35;35
23;Jämtlands län;13;Strömsund;8794;Centralbiblioteket Strömsund;71;145;85;42;0;161;90;105;198;112;61;0;257;218;224;259;284;89;109;2510
23;Jämtlands län;21;Åre;13028;Åre bibliotek;37;35;25;14;18;35;56;66;74;56;44;47;95;134;133;148;216;138;150;1521
23;Jämtlands län;21;Åre;14049;Bjurgården;0;0;0;0;0;0;0;0;0;0;0;0;0;0;0;0;0;0;0;0
23;Jämtlands län;21;Åre;14050;Enaforsholm;0;0;0;0;0;0;0;0;0;0;0;0;0;0;0;0;0;0;68;68
23;Jämtlands län;21;Åre;14051;Sockenstugan, Gärdsta;0;0;0;0;0;0;0;0;0;0;0;0;0;0;0;0;0;0;172;172
23;Jämtlands län;21;Åre;14767;Ånns Wärdshus;0;0;0;0;0;0;0;0;0;0;0;0;0;0;0;24;0;0;0;24
23;Jämtlands län;21;Åre;14768;Konsum, Storlien;0;0;0;0;0;0;0;0;0;0;0;0;0;0;15;0;0;0;0;15
23;Jämtlands län;21;Åre;15023;Skogsbygårde;0;0;0;0;0;0;0;0;0;0;0;5;0;0;0;0;0;0;0;5
23;Jämtlands län;21;Åre;15051;Kommunhuset;0;0;0;0;0;0;0;0;0;0;0;0;1;0;0;7;0;0;2;10
23;Jämtlands län;21;Åre;7392;Hamregården;0;0;0;0;0;0;0;0;0;0;0;11;0;0;0;0;0;0;0;11
23;Jämtlands län;21;Åre;7393;Notvallen;0;0;0;0;0;0;0;0;0;0;0;11;0;0;0;0;0;0;0;11
23;Jämtlands län;21;Åre;7394;Thomégården;0;0;0;0;0;0;0;0;0;0;0;9;0;0;0;0;0;0;0;9
23;Jämtlands län;21;Åre;7395;Tallkronan;0;0;0;0;0;0;0;0;0;0;0;13;0;0;0;0;0;0;0;13
23;Jämtlands län;21;Åre;9201;Biblioteket Järpen;36;52;33;0;0;73;82;73;58;66;0;0;134;96;159;100;147;113;77;1299
23;Jämtlands län;21;Åre;9202;Duveds bibliotek;0;0;0;0;0;24;0;0;0;0;0;0;61;0;0;0;0;32;0;117
23;Jämtlands län;21;Åre;9203;Kalls biblioteket;0;0;0;0;0;20;0;0;0;0;0;0;34;0;0;0;0;20;0;74
23;Jämtlands län;21;Åre;9204;Mörsils bibliotek;0;34;0;0;0;21;0;0;65;0;0;0;35;0;0;74;0;32;0;261
23;Jämtlands län;21;Åre;9205;Hallens bibliotek;14;9;15;0;0;0;17;9;21;5;0;0;25;24;32;27;39;34;0;271
23;Jämtlands län;26;Berg;10071;Åsarna Skicenter;11;0;0;0;0;0;0;0;0;0;0;0;0;0;0;0;0;0;0;11
23;Jämtlands län;26;Berg;10334;Treklöverns äldreboende;0;8;0;0;0;0;21;7;15;0;0;13;0;36;21;22;0;27;0;170
23;Jämtlands län;26;Berg;10335;Dalsätra, Myrviken;0;0;0;0;0;0;0;0;0;0;0;15;0;0;0;0;0;0;0;15
23;Jämtlands län;26;Berg;10336;Östgärde äldreboende;0;0;0;0;0;0;0;0;0;0;0;8;0;0;0;0;0;0;0;8
23;Jämtlands län;26;Berg;13495;ICA Ljungdalen;8;6;0;3;0;2;5;9;6;5;12;7;11;10;8;16;2;22;0;132
23;Jämtlands län;26;Berg;13496;Biblioteket i Svenstavik;16;25;19;0;0;21;17;11;49;18;0;0;69;79;55;89;52;0;0;520
23;Jämtlands län;26;Berg;13498;Biblioteket i Hackås;0;13;0;0;0;15;12;0;4;0;0;0;18;34;0;23;0;0;0;119
23;Jämtlands län;26;Berg;13499;Biblioteket i Rätan;12;0;0;0;0;12;8;13;0;0;0;0;18;10;20;0;0;0;0;93
23;Jämtlands län;26;Berg;13500;Biblioteket i Myrviken;5;0;19;0;0;28;0;28;0;14;0;0;40;0;67;0;66;0;0;267
23;Jämtlands län;26;Berg;13501;Storsjö Bygdegård;0;0;0;0;0;0;0;0;0;0;0;0;0;0;0;0;0;0;73;73
23;Jämtlands län;26;Berg;13502;Tallgläntan i Hackås;0;0;0;0;0;0;0;0;0;0;0;20;0;0;0;0;0;0;0;20
23;Jämtlands län;26;Berg;13504;Gillhovs bygdegård;0;0;0;0;0;0;0;0;0;0;0;0;0;0;0;0;0;0;52;52
23;Jämtlands län;26;Berg;13506;Klövsjö skola;0;0;0;0;0;0;0;0;0;0;0;0;0;49;0;68;0;0;145;262
23;Jämtlands län;26;Berg;14708;Kommunkontoret;7;0;7;0;0;0;18;20;0;0;0;0;0;50;22;0;77;62;26;289
23;Jämtlands län;26;Berg;14870;Fjällviolen;0;0;0;0;0;0;0;0;0;0;0;7;0;0;0;0;0;0;0;7
23;Jämtlands län;26;Berg;14874;Bergsgårdens korttidsboende;0;0;0;0;0;0;0;0;0;0;0;18;0;0;0;0;0;0;0;18
23;Jämtlands län;61;Härjedalen;7396;Svegs Sjukhem;0;0;0;0;0;0;0;0;0;0;0;19;0;0;0;0;0;0;0;19
23;Jämtlands län;61;Härjedalen;7397;Servicehuset Senioren;0;0;0;0;0;0;0;0;0;0;0;22;0;0;0;0;0;0;0;22
23;Jämtlands län;61;Härjedalen;7398;Servicehuset Fjällsol;0;0;0;0;0;0;0;0;0;0;0;26;0;0;0;0;0;0;0;26
23;Jämtlands län;61;Härjedalen;7399;Servicehuset Hedegården;0;0;0;0;0;0;0;0;0;0;0;4;0;0;0;0;0;0;0;4
23;Jämtlands län;61;Härjedalen;7401;Servicehuset Svedjegården;0;0;0;0;0;0;0;0;0;0;0;12;0;0;0;0;0;0;0;12
23;Jämtlands län;61;Härjedalen;7402;Servicehuset Mobacka;0;0;0;0;0;0;0;0;0;0;0;11;0;0;0;0;0;0;0;11
23;Jämtlands län;61;Härjedalen;8565;Biblioteket Medborgarhuset;81;86;66;0;0;90;88;94;96;74;0;0;169;192;204;215;174;73;27;1729
23;Jämtlands län;61;Härjedalen;8566;Biblioteket Ytterhogdal;24;26;0;0;0;18;11;14;36;0;0;0;40;26;21;60;0;0;0;276
23;Jämtlands län;61;Härjedalen;8567;Lokalkontoret Hede;11;27;29;0;0;26;23;22;22;36;0;0;61;46;52;56;88;25;0;524
23;Jämtlands län;61;Härjedalen;8568;Dianas Vemdalen;17;5;20;10;0;11;0;22;19;19;25;0;21;24;33;40;62;0;0;328
23;Jämtlands län;61;Härjedalen;8569;Biblioteket Lillhärdal;8;22;0;0;0;14;0;17;17;0;0;0;45;0;24;60;0;0;0;207
23;Jämtlands län;61;Härjedalen;8570;Lokalkontoret Funäsdalen;30;30;30;0;0;34;62;39;28;42;0;0;63;74;64;82;98;35;0;711
23;Jämtlands län;61;Härjedalen;8728;Centralskolan Funäsdalen;0;0;0;0;0;0;0;0;0;0;0;0;0;0;0;0;0;0;24;24
23;Jämtlands län;61;Härjedalen;8731;Bruksvallarnas Bygdegård;0;0;0;0;0;0;0;0;0;0;0;0;0;0;80;0;0;0;0;80
23;Jämtlands län;61;Härjedalen;8732;GT-Gården;0;0;0;0;0;0;0;0;0;0;0;0;0;66;0;0;0;0;0;66
23;Jämtlands län;61;Härjedalen;8733;Tänndalens Bygdegård;0;0;0;0;0;0;0;0;0;0;0;0;28;0;0;0;0;0;0;28
23;Jämtlands län;80;Östersund;11813;Rådmansgatan;0;0;0;0;0;0;0;0;0;0;0;0;7;0;0;0;0;0;0;7
23;Jämtlands län;80;Östersund;12423;Tallbacka;0;0;0;0;0;0;0;0;0;0;0;0;0;0;0;0;0;0;0;0
23;Jämtlands län;80;Östersund;13726;Maxi Ica Stormarknad;93;138;121;66;0;139;203;147;180;194;104;0;292;401;467;568;648;340;0;4101
23;Jämtlands län;80;Östersund;13894;Campus, bibliotek;0;0;0;0;0;4;15;18;32;26;0;0;36;61;44;79;176;0;0;491
23;Jämtlands län;80;Östersund;14096;Storsjöteatern;82;105;105;81;0;130;112;131;118;139;104;0;223;166;288;338;403;225;0;2750
23;Jämtlands län;80;Östersund;14756;Löjtnantsgården;0;0;0;0;0;0;0;0;0;0;0;13;0;0;0;0;0;0;0;13
23;Jämtlands län;80;Östersund;14757;Västervik;0;0;0;0;0;0;0;0;0;0;0;0;9;0;0;0;0;0;0;9
23;Jämtlands län;80;Östersund;14758;Skogsbruksvägen 131 och 133;0;0;0;0;0;0;0;0;0;0;0;0;0;15;0;0;0;0;0;15
23;Jämtlands län;80;Östersund;14759;Fältvägen;0;0;0;0;0;0;0;0;0;0;0;0;0;6;0;0;0;0;0;6
23;Jämtlands län;80;Östersund;14760;Sjöängen;0;0;0;0;0;0;0;0;0;0;0;0;0;9;0;0;0;0;0;9
23;Jämtlands län;80;Östersund;7403;Brunkullan;0;0;0;0;0;0;0;0;0;0;0;0;0;3;0;0;0;0;0;3
23;Jämtlands län;80;Östersund;7405;Mobacka;0;0;0;0;0;0;0;0;0;0;0;0;0;0;19;0;0;0;0;19
23;Jämtlands län;80;Östersund;7407;Björkbacka;0;0;0;0;0;0;0;0;0;0;0;0;0;0;15;0;0;0;0;15
23;Jämtlands län;80;Östersund;7410;Östersunds sjukhus;0;0;0;0;0;0;0;0;0;0;0;0;24;0;79;61;102;0;0;266
23;Jämtlands län;80;Östersund;7412;Östersund rehab centra - Remonthagen;0;0;0;0;0;0;0;0;0;0;0;0;0;0;0;26;0;0;0;26
23;Jämtlands län;80;Östersund;7413;Ängegården;0;0;0;0;0;0;0;0;0;0;0;25;0;0;0;0;0;0;0;25
23;Jämtlands län;80;Östersund;7417;Frösöstrand;0;0;0;0;0;0;0;0;0;0;0;0;12;0;0;0;0;0;0;12
23;Jämtlands län;80;Östersund;7418;Hemgården;0;0;0;0;0;0;0;0;0;0;0;32;0;68;0;0;0;0;0;100
23;Jämtlands län;80;Östersund;7419;Häradsgården;0;0;0;0;0;0;0;0;0;0;0;0;0;0;20;0;0;0;0;20
23;Jämtlands län;80;Östersund;9919;Rådhuset;92;91;69;0;0;74;94;71;69;107;0;0;147;152;188;217;339;336;313;2359
23;Jämtlands län;80;Östersund;9925;Coop Forum, Lillänge;170;230;230;112;0;247;313;328;347;297;185;0;498;496;655;647;842;403;0;6000
23;Jämtlands län;80;Östersund;9932;Bykontoret i Lit;18;14;22;0;0;18;36;43;33;46;0;0;47;70;60;73;71;0;0;551
23;Jämtlands län;80;Östersund;9935;Mötesplats Café Torvalla ABF;31;22;23;0;0;19;27;21;34;29;0;0;39;47;43;61;77;0;0;473
23;Jämtlands län;80;Östersund;9941;Lugnviks Föreningsgård;7;8;12;0;0;18;20;22;31;15;0;0;28;37;34;37;51;0;0;320
23;Jämtlands län;80;Östersund;9958;Brunflo centrum;40;38;31;0;0;58;61;68;69;61;0;0;106;148;123;167;151;0;0;1121
23;Jämtlands län;80;Östersund;9972;f.d. Medborgarhuset, Frösön;45;55;45;0;0;71;77;52;68;57;0;0;128;140;138;159;146;0;0;1181
23;Jämtlands län;80;Östersund;9981;Odensala, vid hälsocentralen;33;32;35;0;0;46;36;43;40;51;0;0;90;86;82;104;93;0;0;771
24;Västerbottens län;01;Nordmaling;8876;Kommunkontoret;28;61;52;0;0;97;93;84;95;107;0;0;139;246;175;293;216;117;30;1833
24;Västerbottens län;03;Bjurholm;7420;Bjuregården;0;0;0;0;0;0;0;0;0;0;0;0;0;0;0;0;0;8;0;8
24;Västerbottens län;03;Bjurholm;7421;Älvgården;0;0;0;0;0;0;0;0;0;0;0;0;0;0;0;0;0;1;0;1
24;Västerbottens län;03;Bjurholm;8943;Bjurholms kommun, kommunhuset;15;9;21;12;17;33;38;29;34;24;14;50;69;75;97;96;98;67;56;854
24;Västerbottens län;04;Vindeln;8729;Kommunkontoret Vindelns kommun;42;65;56;0;0;63;66;67;82;99;0;0;126;125;228;250;198;93;45;1605
24;Västerbottens län;04;Vindeln;9771;Granö Skola;0;0;0;0;0;0;0;0;0;0;0;0;0;0;0;0;0;0;191;191
24;Västerbottens län;04;Vindeln;9773;Åmsele Skola;0;0;0;0;0;0;0;0;0;0;0;0;0;0;0;0;0;0;166;166
24;Västerbottens län;09;Robertsfors;9014;Kommunkontoret Robertsfors;43;45;56;0;0;65;55;59;77;79;0;0;84;83;131;121;170;60;24;1152
24;Västerbottens län;17;Norsjö;13039;Bastuträsk;0;0;0;0;0;0;0;0;0;0;0;0;0;60;0;0;0;0;0;60
24;Västerbottens län;17;Norsjö;14388;Vinkelbo;0;0;0;0;0;0;0;0;0;0;0;0;0;5;0;0;0;0;0;5
24;Västerbottens län;17;Norsjö;14523;Kvarnåsen;0;0;0;0;0;0;0;0;28;0;0;0;0;0;0;0;0;0;0;28
24;Västerbottens län;17;Norsjö;14778;Åmliden;0;0;0;0;0;0;0;0;20;0;0;0;0;0;0;0;0;0;0;20
24;Västerbottens län;17;Norsjö;14779;Risliden;0;0;0;0;0;0;0;0;0;23;0;0;0;0;0;0;0;0;0;23
24;Västerbottens län;17;Norsjö;14780;Hemmingen;0;0;0;0;0;0;0;0;0;14;0;0;0;0;0;0;0;0;0;14
24;Västerbottens län;17;Norsjö;14781;Fromheden;0;0;0;0;0;0;0;0;0;0;0;0;0;0;0;0;6;0;0;6
24;Västerbottens län;17;Norsjö;14782;Mensträsk;0;0;0;0;0;0;0;0;0;0;0;0;0;0;0;0;11;0;0;11
24;Västerbottens län;17;Norsjö;14783;Kusfors;0;0;0;0;0;0;0;0;0;0;0;0;0;0;19;0;0;0;0;19
24;Västerbottens län;17;Norsjö;14784;Bjurträsk;0;0;0;0;0;0;0;0;0;0;0;0;0;0;33;0;0;0;0;33
24;Västerbottens län;17;Norsjö;14785;Norsjö Bibliotek;0;0;0;0;0;0;0;0;0;0;0;0;6;0;0;0;0;0;0;6
24;Västerbottens län;17;Norsjö;7425;Solbacka;0;0;0;0;0;0;0;0;12;0;0;0;0;0;0;0;0;0;0;12
24;Västerbottens län;17;Norsjö;8867;Kommunkontoret;27;37;30;20;9;33;48;82;71;52;35;42;76;98;73;191;184;80;14;1202
24;Västerbottens län;17;Norsjö;8880;Byagården Gumboda;0;0;0;0;0;0;0;0;0;0;0;0;0;0;0;0;0;0;85;85
24;Västerbottens län;18;Malå;10137;Rökå Byarnas Hus;0;0;0;0;0;0;0;0;0;0;0;0;0;0;0;0;0;0;52;52
24;Västerbottens län;18;Malå;10201;Adak skola;0;0;0;0;0;0;0;0;0;0;0;0;0;0;0;0;0;0;86;86
24;Västerbottens län;18;Malå;8881;Kommunkontoret;26;34;49;0;0;21;40;58;49;65;0;0;61;85;123;85;134;40;10;880
24;Västerbottens län;21;Storuman;10893;Blå kupan;0;0;0;0;0;0;0;0;0;0;0;0;0;0;0;0;0;0;70;70
24;Västerbottens län;21;Storuman;14072;Aktiviteten;0;0;0;0;0;0;0;0;0;0;0;0;0;0;0;0;0;81;0;81
24;Västerbottens län;21;Storuman;14899;Hemavans förskola;0;0;0;0;0;0;0;0;0;0;0;0;0;0;0;0;0;0;130;130
24;Västerbottens län;21;Storuman;7431;Äldreboendet Tranan;0;0;0;0;0;0;0;0;0;0;0;0;0;0;0;0;0;0;28;28
24;Västerbottens län;21;Storuman;9770;Kommunkontoret;44;74;67;0;0;46;53;92;71;91;0;0;125;101;220;125;183;0;19;1311
24;Västerbottens län;21;Storuman;9966;Tärna Samservice;17;24;26;0;0;20;27;44;25;26;0;0;54;67;120;69;69;70;0;658
24;Västerbottens län;21;Storuman;9992;Sionförsamlingen;0;0;0;0;0;0;0;0;0;0;0;0;0;0;0;0;0;0;42;42
24;Västerbottens län;21;Storuman;9993;Bygdegården;0;0;0;0;0;0;0;0;0;0;0;0;0;0;0;0;0;0;50;50
24;Västerbottens län;22;Sorsele;14328;Folkets Hus, Sorsele;22;49;21;0;0;15;39;24;44;29;0;0;77;27;108;51;98;36;3;643
24;Västerbottens län;22;Sorsele;7903;Blattnicksele skola;0;0;0;0;0;0;0;0;0;0;0;0;65;0;54;0;0;0;0;119
24;Västerbottens län;22;Sorsele;7904;Gargnäs skola;0;0;0;0;0;0;0;0;0;0;0;0;0;0;49;0;0;0;0;49
24;Västerbottens län;22;Sorsele;7905;Ammarnäs skola;0;0;0;0;0;0;0;0;0;0;0;0;0;0;78;0;0;0;52;130
24;Västerbottens län;25;Dorotea;14385;Förskolan Borgafjäll;0;0;0;0;0;0;0;0;0;0;0;0;0;0;0;0;0;0;44;44
24;Västerbottens län;25;Dorotea;14386;Samlingslokal ICA Ormsjö;0;0;0;0;0;0;0;0;0;0;0;0;0;0;0;0;0;0;48;48
24;Västerbottens län;25;Dorotea;14387;Strandenskolan Dorotea;0;0;0;0;0;0;0;0;0;0;0;0;0;0;0;0;0;0;14;14
24;Västerbottens län;25;Dorotea;15022;Bergvattengården;0;0;0;0;0;0;0;0;0;0;0;0;0;0;29;0;0;0;0;29
24;Västerbottens län;25;Dorotea;8310;fd posten Högland;0;0;0;0;0;0;0;0;0;0;0;0;0;0;0;0;0;0;30;30
24;Västerbottens län;25;Dorotea;8312;Skolan Avaträsk;0;0;0;0;0;0;0;0;0;0;0;0;0;0;0;0;0;0;56;56
24;Västerbottens län;25;Dorotea;8313;Föreningshuset Lajksjö;0;0;0;0;0;0;0;0;0;0;0;0;0;0;0;0;0;0;46;46
24;Västerbottens län;25;Dorotea;8314;Hällagården Svanabyn;0;0;0;0;0;0;0;0;0;0;0;0;0;0;0;0;0;0;66;66
24;Västerbottens län;25;Dorotea;8315;Kommunkontoret;33;41;60;0;0;50;34;81;77;67;0;0;77;64;111;125;114;40;0;974
24;Västerbottens län;60;Vännäs;14820;Vännäs bibliotek;102;132;0;0;0;0;131;160;131;0;0;0;157;226;167;328;152;154;0;1840
24;Västerbottens län;60;Vännäs;14823;Vännäsby bibliotek;0;0;0;0;0;0;0;93;51;0;0;0;0;91;193;50;0;0;0;478
24;Västerbottens län;60;Vännäs;14826;Liljaskolan;0;0;0;0;0;0;0;3;22;22;0;0;0;0;7;22;23;0;0;99
24;Västerbottens län;60;Vännäs;14889;Kommunhuset;0;0;0;0;0;0;0;0;0;0;0;0;0;0;0;0;0;0;24;24
24;Västerbottens län;62;Vilhelmina;7438;Äldreboendet Tallbacka;0;0;0;0;0;0;0;0;0;0;0;0;0;0;0;0;0;0;20;20
24;Västerbottens län;62;Vilhelmina;7439;Åsbacka/Sjukstugan;0;0;0;0;0;0;0;0;0;0;0;0;0;0;0;0;0;0;23;23
24;Västerbottens län;62;Vilhelmina;8572;Förvaltningshuset;63;79;115;0;0;70;94;117;130;130;0;0;164;178;284;225;227;113;0;1989
24;Västerbottens län;62;Vilhelmina;8721;Sagagården;0;0;0;0;0;0;0;0;0;0;0;0;0;0;115;0;0;0;0;115
24;Västerbottens län;62;Vilhelmina;9378;Saxnäsgården;0;0;0;0;0;0;0;0;0;0;0;0;0;0;0;88;0;0;0;88
24;Västerbottens län;62;Vilhelmina;9380;Träffpunkten;0;0;0;0;0;0;0;0;0;0;0;0;0;0;0;0;0;0;56;56
24;Västerbottens län;63;Åsele;9024;Kommunhuset;47;61;78;0;0;57;52;65;70;86;0;0;74;68;170;120;121;48;45;1162
24;Västerbottens län;63;Åsele;9025;Duvans servicehus;0;0;0;0;0;0;0;0;0;0;0;0;0;0;84;0;0;0;89;173
24;Västerbottens län;80;Umeå;10433;Botsmarks bygdegård;0;0;0;0;0;0;0;0;0;0;0;0;0;0;0;0;0;0;0;0
24;Västerbottens län;80;Umeå;10434;Prästgården Holmön;0;0;0;0;0;0;0;0;0;0;0;0;0;0;0;0;0;0;0;0
24;Västerbottens län;80;Umeå;12543;Marielund;0;0;0;0;0;0;0;0;0;0;0;23;0;0;0;0;0;0;0;23
24;Västerbottens län;80;Umeå;12545;Solbacken;0;0;0;0;0;0;0;0;0;0;0;16;0;0;0;0;0;0;0;16
24;Västerbottens län;80;Umeå;12546;Dragonens Äldrecenter;0;0;0;0;0;0;0;0;0;0;0;14;0;0;0;0;0;0;0;14
24;Västerbottens län;80;Umeå;13884;Aktrisen;0;0;0;0;0;0;0;0;0;0;0;14;0;0;0;0;0;0;0;14
24;Västerbottens län;80;Umeå;13959;Umeå Folkets Hus;175;183;234;147;93;235;266;256;251;260;195;217;464;547;719;864;1097;709;722;7634
24;Västerbottens län;80;Umeå;14611;HSO, lokal Linnéan;8;0;0;0;0;0;0;16;0;0;0;0;0;0;0;0;0;0;0;24
24;Västerbottens län;80;Umeå;14838;Älvkungen;0;0;0;0;0;0;0;0;0;0;0;41;0;0;0;0;0;0;0;41
24;Västerbottens län;80;Umeå;7444;Geriatricentrum;0;0;0;0;0;0;0;0;0;0;0;27;0;0;0;0;0;0;0;27
24;Västerbottens län;80;Umeå;7445;Bäckbacka;0;0;0;0;0;0;0;0;0;0;0;24;0;0;0;0;0;0;0;24
24;Västerbottens län;80;Umeå;7447;Berghems servicehus;0;0;0;0;0;0;0;0;0;0;0;16;0;0;0;0;0;0;0;16
24;Västerbottens län;80;Umeå;7448;Axlagården;0;0;0;0;0;0;0;0;0;0;0;9;0;0;0;0;0;0;0;9
24;Västerbottens län;80;Umeå;7449;Sjöjungfrun;0;0;0;0;0;0;0;0;0;0;0;16;0;0;0;0;0;0;0;16
24;Västerbottens län;80;Umeå;7450;Skräddaren;0;0;0;0;0;0;0;0;0;0;0;7;0;0;0;0;0;0;0;7
24;Västerbottens län;80;Umeå;7451;Häktet;0;0;0;0;0;0;0;0;0;0;0;12;0;0;0;0;0;0;0;12
24;Västerbottens län;80;Umeå;7452;Bruksbackens äldreboende;0;0;0;0;0;0;0;0;0;0;0;11;0;0;0;0;0;0;0;11
24;Västerbottens län;80;Umeå;7453;Astridgården;0;0;0;0;0;0;0;0;0;0;0;14;0;0;0;0;0;0;0;14
24;Västerbottens län;80;Umeå;7454;Solgården;0;0;0;0;0;0;0;0;0;0;0;39;0;0;0;0;0;0;0;39
24;Västerbottens län;80;Umeå;7455;Kriminalvårdsanstalten Sörbyn;0;0;0;0;0;0;0;0;0;0;0;9;0;0;0;0;0;0;0;9
24;Västerbottens län;80;Umeå;7456;Eriksdals äldrecenter;0;0;0;0;0;0;0;0;0;0;0;31;0;0;0;0;0;0;0;31
24;Västerbottens län;80;Umeå;7457;Holmsunds äldrecenter;0;0;0;0;0;0;0;0;0;0;0;35;0;0;0;0;0;0;0;35
24;Västerbottens län;80;Umeå;7461;Sofieborg;0;0;0;0;0;0;0;0;0;0;0;9;0;0;0;0;0;0;0;9
24;Västerbottens län;80;Umeå;7462;Kriminalvårdsanstalten Umeå;0;0;0;0;0;0;0;0;0;0;0;15;0;0;0;0;0;0;0;15
24;Västerbottens län;80;Umeå;7466;Haga äldrecenter;0;0;0;0;0;0;0;0;0;0;0;17;0;0;0;0;0;0;0;17
24;Västerbottens län;80;Umeå;7468;Tegs äldrecenter;0;0;0;0;0;0;0;0;0;0;0;18;0;0;0;0;0;0;0;18
24;Västerbottens län;80;Umeå;9232;Ersbodabiblioteket;125;109;0;0;0;184;185;179;122;127;0;0;277;308;404;317;268;129;0;2734
24;Västerbottens län;80;Umeå;9233;Grubbebiblioteket;51;62;0;0;0;160;111;202;99;100;0;0;228;269;332;246;265;119;0;2244
24;Västerbottens län;80;Umeå;9234;Holmsunds bibliotek;56;67;0;0;0;122;130;76;130;82;0;0;189;190;152;251;169;88;0;1702
24;Västerbottens län;80;Umeå;9235;Sävar bibliotek;19;45;0;0;0;36;40;38;75;37;0;0;76;100;50;160;118;68;0;862
24;Västerbottens län;80;Umeå;9237;Kulturhuset Klossen;31;34;35;0;0;65;48;81;85;76;0;0;122;150;263;291;389;124;309;2103
24;Västerbottens län;80;Umeå;9238;Scandic Hotel Umeå, Syd;71;86;97;0;0;141;121;153;156;123;0;0;248;282;384;339;457;136;0;2794
24;Västerbottens län;80;Umeå;9239;Hörnefors kommundelskontor;29;43;0;0;0;49;59;60;37;41;0;0;86;117;123;161;114;60;0;979
24;Västerbottens län;80;Umeå;9257;Universitetssjukhuset;138;163;173;0;0;347;361;363;395;362;0;0;634;743;908;1112;1187;520;0;7406
24;Västerbottens län;81;Lycksele;12765;Lycksele stadshus, entréplan;164;142;195;59;0;181;189;189;223;191;113;0;317;333;410;545;533;126;42;3952
24;Västerbottens län;81;Lycksele;9498;Rusksele skola;0;0;0;0;0;0;0;0;0;0;0;0;0;0;0;0;0;0;92;92
24;Västerbottens län;81;Lycksele;9499;Örträsk  skola;0;0;0;0;0;0;0;0;0;0;0;0;0;0;0;0;0;0;115;115
24;Västerbottens län;82;Skellefteå;14010;Ömheten, Morö Backe;0;0;0;0;0;0;0;0;0;0;0;0;0;0;0;15;0;0;0;15
24;Västerbottens län;82;Skellefteå;14016;Campus;0;0;0;0;0;0;0;0;0;0;0;0;0;89;87;94;0;0;0;270
24;Västerbottens län;82;Skellefteå;14789;Höjden, Morö Backe;0;0;0;0;0;0;0;0;0;0;0;0;0;0;0;19;0;0;0;19
24;Västerbottens län;82;Skellefteå;14790;Lasarettet, psykiatriska kliniken;0;0;0;0;0;0;0;0;23;0;0;0;0;0;0;0;0;0;0;23
24;Västerbottens län;82;Skellefteå;14791;Norrgårda, Byske;0;0;0;0;0;0;0;0;0;0;0;0;0;0;0;13;0;0;0;13
24;Västerbottens län;82;Skellefteå;14792;Sunnanäng, Sunnanå;0;0;0;0;0;0;0;0;0;0;0;0;0;28;0;0;0;0;0;28
24;Västerbottens län;82;Skellefteå;14793;Tisdagsklubben;0;0;0;0;0;0;0;0;0;0;0;0;0;15;0;0;0;0;0;15
24;Västerbottens län;82;Skellefteå;14794;Bygdsiljum, Bygdsiljumskolan;0;0;0;0;0;0;0;0;0;0;0;0;0;0;0;0;0;0;242;242
24;Västerbottens län;82;Skellefteå;14795;Drängsmark, Drängsmarkskolan;0;0;0;0;0;0;0;0;0;0;0;0;0;0;0;0;0;0;206;206
24;Västerbottens län;82;Skellefteå;14796;Frostkåge, Solvik;0;0;0;0;0;0;0;0;0;0;0;0;0;0;0;0;0;0;82;82
24;Västerbottens län;82;Skellefteå;14797;Fällfors, Aktivitetshuset Älvan;0;0;0;0;0;0;0;0;0;0;0;0;0;0;0;0;0;0;157;157
24;Västerbottens län;82;Skellefteå;14798;Gummark, Gummarkskolan;0;0;0;0;0;0;0;0;0;0;0;0;0;0;0;0;0;0;152;152
24;Västerbottens län;82;Skellefteå;14800;Ljusvattnet, Kapellet;0;0;0;0;0;0;0;0;0;0;0;0;0;0;0;0;0;0;97;97
24;Västerbottens län;82;Skellefteå;14802;Missenträsk, Byagården;0;0;0;0;0;0;0;0;0;0;0;0;0;0;0;0;0;0;37;37
24;Västerbottens län;82;Skellefteå;14803;Norra Åbyn, Naturbruksgymnasiet;0;0;0;0;0;0;0;0;0;0;0;0;0;0;0;0;0;0;63;63
24;Västerbottens län;82;Skellefteå;15015;Rondellen Solkraft;0;0;0;0;0;0;94;0;0;0;0;0;0;0;0;0;0;0;0;94
24;Västerbottens län;82;Skellefteå;7469;Skellefteå lasarett;0;0;0;0;0;0;0;28;23;0;0;0;0;0;0;0;0;76;0;127
24;Västerbottens län;82;Skellefteå;7470;Brogården, Sörböle;0;0;0;0;0;0;0;0;0;0;0;0;0;0;20;0;0;0;0;20
24;Västerbottens län;82;Skellefteå;7471;Burträskgårdarna, Burträsk;0;0;0;0;0;0;0;0;0;0;0;0;0;0;0;26;0;0;0;26
24;Västerbottens län;82;Skellefteå;7475;Skärgårdshemmet, Skelleftehamn;0;0;0;0;0;0;0;0;0;0;0;0;0;0;10;0;0;0;0;10
24;Västerbottens län;82;Skellefteå;7478;Regnbågen, Anderstorp;0;0;0;0;0;0;0;0;0;0;0;0;29;0;0;0;0;0;0;29
24;Västerbottens län;82;Skellefteå;7481;Klockarhöjden, Sjungande dalen;0;0;0;0;0;0;0;0;0;0;0;0;16;0;0;0;0;0;0;16
24;Västerbottens län;82;Skellefteå;7482;Björkhammargården, Jörn;0;0;0;0;0;0;0;0;0;0;0;0;0;0;0;22;0;0;0;22
24;Västerbottens län;82;Skellefteå;7483;Trivseln, Ursviken;0;0;0;0;0;0;0;0;0;0;0;0;0;0;0;0;25;0;0;25
24;Västerbottens län;82;Skellefteå;7484;Tor, Älvsbacka;0;0;0;0;0;0;0;0;0;0;0;0;0;0;0;24;0;0;0;24
24;Västerbottens län;82;Skellefteå;7486;Hemgården, Lövånger;0;0;0;0;0;0;0;0;0;0;0;0;0;0;0;13;0;0;0;13
24;Västerbottens län;82;Skellefteå;7487;Dammen, Brännan;0;0;0;0;0;0;0;0;0;0;0;0;0;13;0;0;0;0;0;13
24;Västerbottens län;82;Skellefteå;7488;Buregården, Bureå;0;0;0;0;0;0;0;0;0;0;0;0;0;0;0;19;0;0;0;19
24;Västerbottens län;82;Skellefteå;7489;Annagården, Erikslid;0;0;0;0;0;0;0;0;0;0;0;0;0;0;12;0;0;0;0;12
24;Västerbottens län;82;Skellefteå;8166;Stadshuset;335;545;439;232;181;450;507;521;519;476;269;269;817;972;1263;456;1263;873;368;10755
24;Västerbottens län;82;Skellefteå;8167;Morö Backe, kvartersgård;52;0;56;0;0;72;35;91;0;42;0;0;128;74;125;0;129;0;0;804
24;Västerbottens län;82;Skellefteå;8176;Skelleftehamns bibliotek;47;0;50;0;0;51;24;68;0;37;0;0;86;52;134;0;91;0;0;640
24;Västerbottens län;82;Skellefteå;8179;Ursvikens bibliotek;48;0;57;0;0;57;34;68;0;63;0;0;112;39;154;0;122;0;0;754
24;Västerbottens län;82;Skellefteå;8181;Boliden Folkets hus;84;0;0;0;0;54;26;71;0;0;0;0;69;68;141;0;0;0;0;513
24;Västerbottens län;82;Skellefteå;8183;Bureå bibliotek;66;0;32;0;0;56;33;85;0;61;0;0;88;41;129;0;119;0;0;710
24;Västerbottens län;82;Skellefteå;8185;Burträsk bibliotek;39;0;30;0;0;56;45;82;0;50;0;0;87;71;127;0;156;0;0;743
24;Västerbottens län;82;Skellefteå;8187;Byske bibliotek;45;0;42;0;0;39;23;86;0;58;0;0;102;58;127;0;111;0;0;691
24;Västerbottens län;82;Skellefteå;8188;Kåge bibliotek;50;0;38;0;0;46;26;83;0;36;0;0;106;39;152;0;117;0;0;693
24;Västerbottens län;82;Skellefteå;8193;Lövångers bibliotek;25;0;24;0;0;20;10;57;0;18;0;0;66;39;69;0;60;0;0;388
24;Västerbottens län;82;Skellefteå;8201;Jörns bibliotek;8;0;0;0;0;25;11;18;0;0;0;0;38;17;39;0;0;0;0;156
24;Västerbottens län;82;Skellefteå;8235;Örviken, Folkets hus;0;0;0;0;0;0;0;0;0;0;0;0;0;0;0;0;0;0;164;164
24;Västerbottens län;82;Skellefteå;8236;Sjöbotten, Skellefteå Airport;0;0;0;0;0;0;0;0;0;0;0;0;0;0;0;0;0;0;132;132
24;Västerbottens län;82;Skellefteå;8237;Uttersjöbäcken, Byagården;0;0;0;0;0;0;0;0;0;0;0;0;0;0;0;0;0;0;78;78
24;Västerbottens län;82;Skellefteå;8238;Vebomark, Lundbergska gården;0;0;0;0;0;0;0;0;0;0;0;0;0;0;0;0;0;0;90;90
24;Västerbottens län;82;Skellefteå;8239;Hökmark, Samlingslokalen;0;0;0;0;0;0;0;0;0;0;0;0;0;0;0;0;0;0;60;60
24;Västerbottens län;82;Skellefteå;8240;Vallen, Kapellet;0;0;0;0;0;0;0;0;0;0;0;0;0;0;0;0;0;0;78;78
24;Västerbottens län;82;Skellefteå;8241;Åbyn, Byagården;0;0;0;0;0;0;0;0;0;0;0;0;0;0;0;0;0;0;119;119
24;Västerbottens län;82;Skellefteå;8242;Ålund, Bönhuset;0;0;0;0;0;0;0;0;0;0;0;0;0;0;0;0;0;0;128;128
24;Västerbottens län;82;Skellefteå;8243;Norrlångträsk, Byagården;0;0;0;0;0;0;0;0;0;0;0;0;0;0;0;0;0;0;82;82
24;Västerbottens län;82;Skellefteå;8245;Renström, Träffpunkten;0;0;0;0;0;0;0;0;0;0;0;0;0;0;0;0;0;0;39;39
24;Västerbottens län;82;Skellefteå;8246;Stavaträsk, Byagården;0;0;0;0;0;0;0;0;0;0;0;0;0;0;0;0;0;0;33;33
24;Västerbottens län;82;Skellefteå;8247;Myrheden, Byagården;0;0;0;0;0;0;0;0;0;0;0;0;0;0;0;0;0;0;28;28
24;Västerbottens län;82;Skellefteå;8248;Bovikens hembygdsgård;0;0;0;0;0;0;0;0;0;0;0;0;0;0;0;0;0;0;133;133
24;Västerbottens län;82;Skellefteå;8249;Sandfors, Bönhuset;0;0;0;0;0;0;0;0;0;0;0;0;0;0;0;0;0;0;145;145
24;Västerbottens län;82;Skellefteå;8250;Klutmark, Klutmarksgården;0;0;0;0;0;0;0;0;0;0;0;0;0;0;0;0;0;0;124;124
24;Västerbottens län;82;Skellefteå;8251;Röjnoret, f d skolan;0;0;0;0;0;0;0;0;0;0;0;0;0;0;0;0;0;0;31;31
24;Västerbottens län;82;Skellefteå;8252;Bygdeträsk, Allégården;0;0;0;0;0;0;0;0;0;0;0;0;0;0;0;0;0;0;82;82
24;Västerbottens län;82;Skellefteå;8254;Kalvträsk, Glesbygdscenter;0;0;0;0;0;0;0;0;0;0;0;0;0;0;0;0;0;0;47;47
24;Västerbottens län;82;Skellefteå;8256;Mjödvattnet, Fritidslokalen;0;0;0;0;0;0;0;0;0;0;0;0;0;0;0;0;0;0;97;97
25;Norrbottens län;05;Arvidsjaur;13952;Lauker Byastuga;0;0;0;0;0;0;47;0;0;0;0;0;0;0;0;0;0;0;0;47
25;Norrbottens län;05;Arvidsjaur;13953;Auktsjaur 205;0;0;0;0;0;0;0;33;0;0;0;0;0;0;0;0;0;0;0;33
25;Norrbottens län;05;Arvidsjaur;14362;Sandbackaskolan;0;0;0;0;0;0;0;0;20;0;0;0;0;0;0;0;0;0;0;20
25;Norrbottens län;05;Arvidsjaur;7491;Ringelsta servicehus;0;0;0;0;0;0;0;0;0;0;0;0;0;0;29;0;0;0;0;29
25;Norrbottens län;05;Arvidsjaur;9482;Medborgarhuset;62;135;110;33;0;92;123;78;178;155;71;0;227;216;154;362;221;128;44;2389
25;Norrbottens län;05;Arvidsjaur;9483;Finnbergs, ICA Nära;3;8;12;3;0;7;9;7;10;8;2;0;11;15;16;18;27;24;0;180
25;Norrbottens län;05;Arvidsjaur;9489;Folkets Hus, Abborrträsk;0;0;0;0;0;0;0;0;0;0;0;0;0;0;0;0;0;0;93;93
25;Norrbottens län;06;Arjeplog;11743;Medborgarhuset;0;0;0;0;0;0;0;0;0;0;0;0;0;0;0;0;0;0;15;15
25;Norrbottens län;06;Arjeplog;13675;Kommunbiblioteket;4;23;26;0;0;9;6;17;50;32;0;0;56;19;19;82;63;31;0;437
25;Norrbottens län;06;Arjeplog;14683;Kyrkans Fjällgård i Jäckvik;0;0;0;0;0;0;8;0;0;0;0;0;0;0;0;0;0;0;19;27
25;Norrbottens län;06;Arjeplog;7492;Vaukagården;0;0;0;0;0;0;0;0;0;0;0;19;0;0;0;0;0;0;0;19
25;Norrbottens län;06;Arjeplog;7493;Norrskenets sjukhem;0;0;0;0;0;0;0;0;0;0;0;4;0;0;0;0;0;0;0;4
25;Norrbottens län;06;Arjeplog;9729;Tingsbacka;35;30;45;0;0;31;30;29;33;50;0;0;56;55;63;56;64;0;0;577
25;Norrbottens län;06;Arjeplog;9732;Folkets Hus i Slagnäs;0;0;0;0;0;0;0;0;42;0;0;0;0;0;0;0;0;0;44;86
25;Norrbottens län;06;Arjeplog;9733;Folkets Hus i Mellanström;0;0;0;0;0;0;0;0;0;14;0;0;0;0;0;0;0;0;25;39
25;Norrbottens län;06;Arjeplog;9734;Klubbstugan, Laisvall;0;0;0;0;0;0;0;28;0;0;0;0;0;0;0;0;0;0;18;46
25;Norrbottens län;10;Jokkmokk;10130;Förvaltningsbyggnaden;0;0;0;0;0;0;0;0;0;0;0;0;0;0;0;0;0;44;31;75
25;Norrbottens län;10;Jokkmokk;10133;Föreningslokalen i Murjek;0;0;0;0;0;0;0;0;0;0;0;0;0;0;0;0;0;0;20;20
25;Norrbottens län;10;Jokkmokk;10339;Sudokgården;0;0;0;0;0;0;0;0;0;0;0;2;0;0;0;0;0;0;0;2
25;Norrbottens län;10;Jokkmokk;10426;Älvgården, Tårrajaur;0;0;0;0;0;0;0;0;0;0;0;13;0;0;0;0;0;0;0;13
25;Norrbottens län;10;Jokkmokk;10427;Medborgarhuset, Randijaur;0;0;0;0;0;0;0;0;0;0;0;16;0;0;0;0;0;0;0;16
25;Norrbottens län;10;Jokkmokk;10428;Årrenjarka Fjällby;0;0;0;0;0;0;0;0;0;0;0;12;0;0;0;0;0;0;0;12
25;Norrbottens län;10;Jokkmokk;13047;Laponiaporten Porjus;0;0;0;0;0;0;0;0;0;0;0;0;0;56;0;0;0;0;4;60
25;Norrbottens län;10;Jokkmokk;13049;Folkets Hus Vuollerim;0;0;0;0;0;0;0;0;0;0;0;0;0;0;137;0;0;0;9;146
25;Norrbottens län;10;Jokkmokk;13075;Servicebyggnaden Kvikkjokk;0;0;0;0;0;0;0;0;0;0;0;7;0;0;0;0;0;0;0;7
25;Norrbottens län;10;Jokkmokk;13371;Bokenskolan;0;0;0;0;0;0;0;0;0;0;0;0;0;0;0;0;10;0;0;10
25;Norrbottens län;10;Jokkmokk;14844;Biblioteket;52;71;86;0;0;81;57;90;114;62;0;0;121;92;116;227;203;0;0;1372
25;Norrbottens län;10;Jokkmokk;14846;Kåbdalis Skidanläggning;0;0;0;0;0;0;0;0;0;0;0;0;0;0;0;0;0;0;36;36
25;Norrbottens län;10;Jokkmokk;14847;Hemvärnsgården Puottaure;0;0;0;0;0;0;0;0;0;0;0;28;0;0;0;0;0;0;0;28
25;Norrbottens län;10;Jokkmokk;15045;Murjeks Järnvägsstation;0;0;0;0;0;0;0;0;0;0;0;0;30;0;0;0;0;0;20;50
25;Norrbottens län;13;Överkalix;13519;Jockfalls Byastuga;0;0;0;0;0;0;0;0;0;0;0;0;0;0;0;0;0;0;33;33
25;Norrbottens län;13;Överkalix;7496;Brännagården;0;0;0;0;0;0;0;0;0;0;0;0;0;0;0;0;0;20;0;20
25;Norrbottens län;13;Överkalix;7497;Tallviksgården;0;0;0;0;0;0;0;0;0;0;0;0;0;0;0;0;0;6;0;6
25;Norrbottens län;13;Överkalix;8684;Rödupps byastuga;0;0;0;0;0;0;0;0;0;0;0;0;0;0;0;0;0;0;32;32
25;Norrbottens län;13;Överkalix;8685;Lansjärvs Folkets hus;0;0;0;0;0;0;0;0;0;0;0;0;0;0;0;0;0;0;76;76
25;Norrbottens län;13;Överkalix;8687;Svartbyns byastuga;0;0;0;0;0;0;0;0;0;0;0;0;0;0;0;0;0;0;103;103
25;Norrbottens län;13;Överkalix;8689;Allsåns byastuga;0;0;0;0;0;0;0;0;0;0;0;0;0;0;0;0;0;0;35;35
25;Norrbottens län;13;Överkalix;8692;Överkalix kommunförvaltning;37;53;61;0;0;49;61;49;90;85;48;0;94;112;137;149;149;68;49;1291
25;Norrbottens län;14;Kalix;12324;Kalix kommuns förvaltningsbyggnad;157;152;179;0;0;197;165;251;209;236;0;0;312;330;486;585;475;194;92;4020
25;Norrbottens län;14;Kalix;13537;Morjärvs skola;0;0;0;0;0;0;0;0;0;0;0;0;0;0;0;0;0;0;154;154
25;Norrbottens län;14;Kalix;13538;Töre Bibliotek;35;31;34;0;0;42;33;23;23;32;0;0;31;54;33;105;62;42;0;580
25;Norrbottens län;14;Kalix;8816;Karlsborgs Folkets Hus;0;0;0;0;0;0;0;0;0;0;0;0;0;0;0;0;0;0;105;105
25;Norrbottens län;14;Kalix;8817;Båtskärsnäs Folkets Hus;0;0;0;0;0;0;0;0;0;0;0;0;0;0;0;0;0;0;112;112
25;Norrbottens län;14;Kalix;8893;Bondersbyn Hembygdsgård;0;0;0;0;0;0;0;0;0;0;0;0;0;0;0;0;0;0;73;73
25;Norrbottens län;14;Kalix;8894;Vitvattnets Skola;0;0;0;0;0;0;0;0;0;0;0;0;0;0;0;0;0;0;82;82
25;Norrbottens län;14;Kalix;8895;Pålänge Skola;0;0;0;0;0;0;0;0;0;0;0;0;0;0;0;0;0;0;142;142
25;Norrbottens län;14;Kalix;8896;Björkfors Klubbstuga;0;0;0;0;0;0;0;0;0;0;0;0;0;0;0;0;0;0;82;82
25;Norrbottens län;14;Kalix;8897;Ryssbälts Byastuga;0;0;0;0;0;0;0;0;0;0;0;0;0;0;0;0;0;0;75;75
25;Norrbottens län;18;Övertorneå;14952;Folkets Hus;0;0;0;0;0;0;0;0;0;0;0;0;0;0;0;0;0;0;20;20
25;Norrbottens län;18;Övertorneå;8013;Brostugan i Luppio (f d daghem);0;0;0;0;0;0;0;0;0;0;0;0;0;0;0;0;0;0;70;70
25;Norrbottens län;18;Övertorneå;8577;Pello församlingshem;0;0;0;0;0;0;0;0;0;0;0;0;0;0;0;0;0;0;201;201
25;Norrbottens län;18;Övertorneå;8578;Tornedalens bibliotek;42;53;51;0;0;47;60;51;48;50;38;0;121;121;134;79;143;114;0;1152
25;Norrbottens län;18;Övertorneå;8579;Byapaviljongen i Aapua;0;0;0;0;0;0;0;0;0;0;0;0;0;0;0;0;0;0;87;87
25;Norrbottens län;18;Övertorneå;8792;Juoksengi församlingshem;0;0;0;0;0;0;0;0;0;0;0;0;0;0;0;0;0;0;183;183
25;Norrbottens län;18;Övertorneå;8793;F d skolan i Rantajärvi;0;0;0;0;0;0;0;0;0;0;0;0;0;0;0;0;0;0;67;67
25;Norrbottens län;21;Pajala;14253;F.d. sjukstugan;0;0;0;0;0;0;27;0;0;0;0;0;0;24;0;8;0;0;0;59
25;Norrbottens län;21;Pajala;7506;Tallgården;0;0;0;0;0;0;0;0;0;0;0;0;0;0;0;0;0;0;0;0
25;Norrbottens län;21;Pajala;7507;Ängsbacken;0;0;0;0;0;0;0;0;0;0;0;0;0;0;0;0;0;0;13;13
25;Norrbottens län;21;Pajala;7508;Älvbacka;0;0;0;0;0;0;0;0;0;0;0;0;0;0;0;0;0;0;6;6
25;Norrbottens län;21;Pajala;8213;Gläntan Lovikka;0;0;0;0;0;0;0;0;0;0;0;0;0;0;0;0;0;0;0;0
25;Norrbottens län;21;Pajala;8214;Allhuset Kangos;0;0;0;0;0;0;0;0;0;0;0;0;0;0;0;0;0;0;0;0
25;Norrbottens län;21;Pajala;8215;Träffpunktslokal Teurajärvi;0;0;0;0;0;0;0;0;0;0;0;0;0;0;0;0;0;0;0;0
25;Norrbottens län;21;Pajala;8216;Bygdegården Kardis;0;0;0;0;0;0;0;0;0;0;0;0;0;0;0;0;0;0;0;0
25;Norrbottens län;21;Pajala;8217;Fd Skolan Kihlangi;0;0;0;0;0;0;0;0;0;0;0;0;0;0;0;0;0;0;0;0
25;Norrbottens län;21;Pajala;8218;Fd Skolan Kitkiöjärvi;0;0;0;0;0;0;0;0;0;0;0;0;0;0;0;0;0;0;0;0
25;Norrbottens län;21;Pajala;8226;Fd Skolan Parkalompolo;0;0;0;0;0;0;0;0;0;0;0;0;0;0;0;0;0;0;0;0
25;Norrbottens län;21;Pajala;8227;Tre Tallar Saittarova;0;0;0;0;0;0;0;0;0;0;0;0;0;0;0;0;0;0;0;0
25;Norrbottens län;21;Pajala;8228;Fd Skolan Kainulasjärvi;0;0;0;0;0;0;0;0;0;0;0;0;0;0;0;0;0;0;0;0
25;Norrbottens län;21;Pajala;8229;Fd Skolan Narken;0;0;0;0;0;0;0;0;0;0;0;0;0;0;0;0;0;0;0;0
25;Norrbottens län;21;Pajala;8230;Fd Skolan Ohtanajärvi;0;0;0;0;0;0;0;0;0;0;0;0;0;0;0;0;0;0;0;0
25;Norrbottens län;21;Pajala;8231;Skolan Sattajärvi;0;0;0;0;0;0;0;0;0;0;0;0;0;0;0;0;0;0;0;0
25;Norrbottens län;21;Pajala;8232;Träffpunktslokal Anttis;0;0;0;0;0;0;0;0;0;0;0;0;0;0;0;0;0;0;0;0
25;Norrbottens län;21;Pajala;8233;Folkets Hus Erkheikki;0;0;0;0;0;0;0;0;0;0;0;0;0;0;0;0;0;0;0;0
25;Norrbottens län;21;Pajala;8234;Bygdegården Aareavaara;0;0;0;0;0;0;0;0;0;0;0;0;0;0;0;0;0;0;0;0
25;Norrbottens län;21;Pajala;8594;Kommunhuset;48;54;78;31;0;0;0;105;89;93;30;0;0;0;171;171;233;123;83;1309
25;Norrbottens län;21;Pajala;8771;Tärendö Bibliotek;0;0;0;0;0;26;0;19;12;0;0;0;33;0;24;22;0;0;0;136
25;Norrbottens län;21;Pajala;8772;Junosuando Bibliotek;0;0;0;0;0;10;23;0;55;0;0;0;21;40;0;79;0;0;0;228
25;Norrbottens län;21;Pajala;8773;Korpilombolo Bibliotek;0;0;0;0;0;25;25;44;0;0;0;0;38;18;63;0;0;0;0;213
25;Norrbottens län;23;Gällivare;14424;Gällivare Folkets Hus;169;173;182;0;0;220;304;301;158;188;0;0;449;391;466;557;488;291;145;4482
25;Norrbottens län;23;Gällivare;7509;Enen;0;0;0;0;0;0;0;0;0;0;0;28;0;0;0;0;0;0;0;28
25;Norrbottens län;23;Gällivare;7510;Hedgården;0;0;0;0;0;0;0;0;0;0;0;15;0;0;0;0;0;0;0;15
25;Norrbottens län;23;Gällivare;7511;Lövberga;0;0;0;0;0;0;0;0;0;0;0;17;0;0;0;0;0;0;0;17
25;Norrbottens län;23;Gällivare;7512;Älvgården;0;0;0;0;0;0;0;0;0;0;0;15;0;0;0;0;0;0;0;15
25;Norrbottens län;23;Gällivare;7513;Sjukhuset;0;0;0;0;0;0;0;0;0;0;0;8;0;0;0;0;0;0;0;8
25;Norrbottens län;23;Gällivare;7514;Gunillahem;0;0;0;0;0;0;0;0;0;0;0;18;0;0;0;0;0;0;0;18
25;Norrbottens län;23;Gällivare;9858;Malmbergets bibilotek;75;87;0;0;0;167;60;59;81;0;0;0;238;76;87;88;0;0;0;1018
25;Norrbottens län;23;Gällivare;9867;Myranskolan;59;0;0;0;0;0;0;65;0;0;0;0;0;0;97;0;0;0;0;221
25;Norrbottens län;23;Gällivare;9879;PRO Träffpunkt Nattavaara;0;19;0;0;0;0;0;0;44;0;0;0;0;0;0;40;0;0;69;172
25;Norrbottens län;23;Gällivare;9892;Dokkas skola;0;25;0;0;0;0;0;0;32;0;0;0;0;0;0;39;0;0;0;96
25;Norrbottens län;23;Gällivare;9895;Ullatti byastugan;0;32;0;0;0;0;0;0;36;0;0;0;0;0;0;28;0;0;74;170
25;Norrbottens län;23;Gällivare;9898;Niilivaara Träffpunkt;0;27;0;0;0;0;0;0;41;0;0;0;0;0;0;49;0;0;69;186
25;Norrbottens län;23;Gällivare;9900;Folkets Hus Soutojärvi;0;20;0;0;0;0;0;0;49;0;0;0;0;0;0;37;0;0;0;106
25;Norrbottens län;23;Gällivare;9996;Hakkas folkets hus;0;47;0;0;0;0;0;0;52;0;0;0;0;0;0;80;0;0;0;179
25;Norrbottens län;60;Älvsbyn;7517;Fluxen, servicehus;0;0;0;0;0;0;0;0;0;0;0;36;0;0;0;0;0;0;0;36
25;Norrbottens län;60;Älvsbyn;9875;Vidselsskolans matsal;0;0;0;0;0;0;0;0;0;0;0;0;0;0;0;0;76;0;0;76
25;Norrbottens län;60;Älvsbyn;9885;Vistträskskolan;0;0;0;0;0;0;0;0;0;0;0;0;0;0;0;0;153;0;0;153
25;Norrbottens län;60;Älvsbyn;9889;Korsträskskolans matsal;0;0;0;0;0;0;0;0;0;0;0;0;0;0;0;0;126;0;0;126
25;Norrbottens län;60;Älvsbyn;9891;Nystrands bygdegård;0;0;0;0;0;0;0;0;0;0;0;0;0;0;0;0;97;0;0;97
25;Norrbottens län;60;Älvsbyn;9906;Kommunförvaltningen;138;157;71;0;0;118;99;155;116;141;66;75;174;180;272;286;310;161;50;2569
25;Norrbottens län;80;Luleå;12786;Kulturens Hus;438;616;491;383;0;639;816;663;752;615;583;474;948;1112;1351;1505;1619;1110;0;14115
25;Norrbottens län;80;Luleå;12995;Alviksskolan;0;0;0;0;0;0;0;0;0;0;0;0;0;0;0;0;0;194;0;194
25;Norrbottens län;80;Luleå;12996;Sörbygården;0;0;0;0;0;0;0;0;0;0;0;0;0;0;0;0;0;156;0;156
25;Norrbottens län;80;Luleå;12997;Jämtögården;0;0;0;0;0;0;0;0;0;0;0;0;0;0;0;0;0;108;0;108
25;Norrbottens län;80;Luleå;13020;Bälingegården;0;0;0;0;0;0;0;0;0;0;0;0;0;0;0;0;0;118;0;118
25;Norrbottens län;80;Luleå;13021;Klöverträskskolan;0;0;0;0;0;0;0;0;0;0;0;0;0;0;0;0;0;172;0;172
25;Norrbottens län;80;Luleå;13022;Byahuset i Brändön;0;0;0;0;0;0;0;0;0;0;0;0;0;0;0;0;0;142;0;142
25;Norrbottens län;80;Luleå;13023;Södra Prästholms byahus;0;0;0;0;0;0;0;0;0;0;0;0;0;0;0;0;0;55;0;55
25;Norrbottens län;80;Luleå;13105;Luleå gymnasiebibliotek;0;0;0;0;0;0;0;0;0;0;0;0;36;34;32;34;42;0;0;178
25;Norrbottens län;80;Luleå;13106;Luleå tekniska universitet;37;48;70;0;0;76;85;103;106;134;0;0;177;267;262;379;611;0;0;2355
25;Norrbottens län;80;Luleå;14969;Vuxenutbildningen;0;0;0;0;0;0;0;0;0;0;0;0;37;31;37;42;58;0;0;205
25;Norrbottens län;80;Luleå;14970;Sunderby folkhögskola;0;0;0;0;0;0;0;0;0;0;0;0;93;61;90;71;99;0;0;414
25;Norrbottens län;80;Luleå;14971;Stadshuset;0;0;0;0;0;0;0;0;0;0;0;0;0;0;0;0;0;0;345;345
25;Norrbottens län;80;Luleå;7523;Sunderby Sjukhus;0;0;0;0;0;0;0;0;0;0;0;0;0;65;107;98;0;0;0;270
25;Norrbottens län;80;Luleå;8219;Hertsöns bibliotek;80;94;111;0;0;148;149;100;101;72;0;103;195;200;155;164;241;0;0;1913
25;Norrbottens län;80;Luleå;8224;Råneå medborgarhus;38;40;76;0;0;92;75;67;46;88;0;0;134;95;136;115;189;0;0;1191
25;Norrbottens län;81;Piteå;10235;Biblioteket i Rosvik;36;0;0;0;0;63;31;85;32;26;0;0;68;23;84;22;47;0;0;517
25;Norrbottens län;81;Piteå;10236;Biblioteket i Norrfjärden;31;0;0;0;0;76;31;70;24;32;0;0;71;30;149;44;39;0;0;597
25;Norrbottens län;81;Piteå;10237;Biblioteket i Hortlax;47;0;0;0;0;113;79;85;49;0;0;0;126;95;150;105;0;0;0;849
25;Norrbottens län;81;Piteå;10238;Biblioteket i Sjulnäs;12;33;20;0;0;44;16;45;36;33;0;0;78;31;105;59;60;0;0;572
25;Norrbottens län;81;Piteå;10239;Logen;0;0;0;0;0;0;0;0;0;0;0;0;0;0;35;0;0;0;0;35
25;Norrbottens län;81;Piteå;10240;Munksunds Folkets hus;0;0;0;0;0;0;0;0;130;0;0;0;0;139;0;0;0;0;0;269
25;Norrbottens län;81;Piteå;10241;Stadshuset;0;0;0;0;75;0;0;0;0;0;0;0;0;0;89;0;0;0;0;164
25;Norrbottens län;81;Piteå;10242;Storsunds byagård;0;0;0;0;0;0;0;0;0;0;0;0;0;0;14;0;0;0;0;14
25;Norrbottens län;81;Piteå;10243;Villa Västan;0;0;0;0;0;0;0;0;0;0;0;0;0;0;17;0;0;0;0;17
25;Norrbottens län;81;Piteå;10244;Gråträsk byagård/skolan;0;0;0;0;0;0;0;0;0;0;0;0;0;0;17;0;0;0;0;17
25;Norrbottens län;81;Piteå;12562;Piteå Stadsbibliotek;231;323;189;145;0;346;304;305;306;306;189;239;469;492;617;692;639;434;117;6343
25;Norrbottens län;81;Piteå;12602;Biblioteket i Öjebyn;49;0;0;0;0;170;93;100;47;79;0;0;196;129;149;125;117;0;0;1254
25;Norrbottens län;81;Piteå;12604;ICA Nära 4-en Jävrebyn;0;0;0;0;0;0;0;0;0;0;0;0;0;73;0;0;0;0;0;73
25;Norrbottens län;81;Piteå;12606;Framnäs Folkhögskola;0;0;0;0;0;0;0;0;0;0;0;0;53;0;0;0;0;0;0;53
25;Norrbottens län;81;Piteå;12607;Grans Naturbruksgymnasium;0;0;0;0;0;0;0;0;0;0;0;0;13;0;0;0;0;0;0;13
25;Norrbottens län;81;Piteå;12608;Strömbackaskolan;0;0;0;0;0;0;0;0;0;0;0;0;4;0;0;0;0;0;0;4
25;Norrbottens län;81;Piteå;14384;Musikhögskolan;0;0;0;0;0;0;0;0;0;0;0;0;78;0;0;0;0;0;0;78
25;Norrbottens län;81;Piteå;7531;Berggården;0;0;0;0;0;0;0;0;0;20;0;0;0;0;0;0;0;0;0;20
25;Norrbottens län;81;Piteå;7532;Källbo;0;0;0;0;0;0;0;0;0;0;35;0;0;0;0;0;0;0;0;35
25;Norrbottens län;81;Piteå;7533;Mogården;0;0;0;0;0;0;0;0;0;0;19;0;0;0;0;0;0;0;0;19
25;Norrbottens län;81;Piteå;7534;Munkberga;0;0;0;0;0;0;0;0;0;0;0;8;0;0;0;0;0;0;0;8
25;Norrbottens län;81;Piteå;7536;Österbo/ Kärnhuset;0;0;0;0;0;0;0;0;0;0;0;14;0;0;0;0;0;0;0;14
25;Norrbottens län;81;Piteå;7537;Hortlaxgården;0;0;0;0;0;0;0;0;0;0;18;0;0;0;0;0;0;0;0;18
25;Norrbottens län;81;Piteå;7538;Norrgården;0;0;0;0;0;0;0;0;0;0;0;20;0;0;0;0;0;0;0;20
25;Norrbottens län;81;Piteå;7539;Roknäsgården;0;0;0;0;0;0;0;0;0;0;15;0;0;0;0;0;0;0;0;15
25;Norrbottens län;81;Piteå;7540;Rosågränd;0;0;0;0;0;0;0;0;0;0;0;6;0;0;0;0;0;0;0;6
25;Norrbottens län;81;Piteå;7541;Öjagården;0;0;0;0;0;0;0;0;0;13;0;0;0;0;0;0;0;0;0;13
25;Norrbottens län;81;Piteå;7542;Öjebyenheten;0;0;0;0;0;0;0;0;0;16;0;0;0;0;0;0;0;0;0;16
25;Norrbottens län;82;Boden;13619;Bodens stadsbibliotek;119;142;103;0;0;153;146;139;132;175;0;0;235;205;274;302;355;0;0;2480
25;Norrbottens län;82;Boden;13620;Bokbussen;0;0;0;0;0;0;0;1;1;0;0;0;6;0;0;0;0;0;0;8
25;Norrbottens län;82;Boden;14356;Edestrand;0;0;0;0;0;0;0;0;0;0;0;18;0;0;0;0;0;0;0;18
25;Norrbottens län;82;Boden;14357;Erikslunden;0;0;0;0;0;0;0;0;0;0;0;12;0;0;0;0;0;0;0;12
25;Norrbottens län;82;Boden;14358;Midgårdarna;0;0;0;0;0;0;0;0;0;0;0;29;0;0;0;0;0;0;0;29
25;Norrbottens län;82;Boden;14359;Sturegården;0;0;0;0;0;0;0;0;0;0;0;10;0;0;0;0;0;0;0;10
25;Norrbottens län;82;Boden;14360;Svedjebacka;0;0;0;0;0;0;0;0;0;0;0;13;0;0;0;0;0;0;0;13
25;Norrbottens län;82;Boden;14361;Åcenter/Ågården/Poppeln;0;0;0;0;0;0;0;0;0;0;0;29;0;0;0;0;0;0;0;29
25;Norrbottens län;82;Boden;8395;Stadshuset;173;172;175;77;0;202;216;254;216;222;154;0;368;383;377;496;474;332;0;4291
25;Norrbottens län;82;Boden;8425;Stadshuset;0;0;0;0;0;0;0;0;0;0;0;0;0;0;0;0;0;0;48;48
25;Norrbottens län;83;Haparanda;13976;Bokbuss 31/8 Nikkala;0;0;0;0;12;0;0;0;0;0;0;0;0;0;0;0;0;0;0;12
25;Norrbottens län;83;Haparanda;13978;Bokbuss 31/8 Seskarö;0;0;0;0;41;0;0;0;0;0;0;0;0;0;0;0;0;0;0;41
25;Norrbottens län;83;Haparanda;13979;Bokbuss 31/8 Säivis;0;0;0;0;2;0;0;0;0;0;0;0;0;0;0;0;0;0;0;2
25;Norrbottens län;83;Haparanda;13984;Bokbuss 31/8 Kukkolaforsen;0;0;0;0;5;0;0;0;0;0;0;0;0;0;0;0;0;0;0;5
25;Norrbottens län;83;Haparanda;13988;Bokbuss 31/8 Kärrbäck;0;0;0;0;9;0;0;0;0;0;0;0;0;0;0;0;0;0;0;9
25;Norrbottens län;83;Haparanda;13989;Bokbuss 31/8 Lappträsk;0;0;0;0;4;0;0;0;0;0;0;0;0;0;0;0;0;0;0;4
25;Norrbottens län;83;Haparanda;14080;Gymnasieskolan 11/9;0;0;0;0;0;0;0;0;0;0;0;0;0;0;0;19;0;0;0;19
25;Norrbottens län;83;Haparanda;14722;Ica Maxi 30/8;0;0;0;34;0;0;0;0;0;0;0;0;0;0;0;0;0;0;0;34
25;Norrbottens län;83;Haparanda;14724;Coop Extra 30/8;0;0;0;34;0;0;0;0;0;0;0;0;0;0;0;0;0;0;0;34
25;Norrbottens län;83;Haparanda;14727;Bokbussen 31/8 Karungi;0;0;0;0;15;0;0;0;0;0;0;0;0;0;0;0;0;0;0;15
25;Norrbottens län;83;Haparanda;7546;Trygghetsboende Lunden 4/9;0;0;0;0;0;0;0;0;33;0;0;0;0;0;0;0;0;0;0;33
25;Norrbottens län;83;Haparanda;7548;Kriminalvårdsanstalten 4/9;0;0;0;0;0;0;0;0;13;0;0;0;0;0;0;0;0;0;0;13
25;Norrbottens län;83;Haparanda;9012;Lappträsk f.d. skola;0;0;0;0;0;0;0;0;0;0;0;0;0;0;0;0;0;0;82;82
25;Norrbottens län;83;Haparanda;9015;Säivis Byagård;0;0;0;0;0;0;0;0;0;0;0;0;0;0;0;0;0;0;63;63
25;Norrbottens län;83;Haparanda;9017;Förvaltningshuset;106;120;105;0;0;74;82;86;96;125;0;0;152;206;190;195;219;123;99;1978
25;Norrbottens län;84;Kiruna;10876;Tuolluvaara, skolan;0;0;0;0;0;0;0;0;0;0;0;0;0;0;0;0;0;0;133;133
25;Norrbottens län;84;Kiruna;13881;Kuttainen, sporthallen;0;0;0;0;0;0;0;14;0;0;0;0;0;0;0;0;0;0;117;131
25;Norrbottens län;84;Kiruna;14124;Hjalmar Lundbohmsskolan;0;0;0;0;0;0;0;0;0;0;0;0;0;0;53;0;0;0;0;53
25;Norrbottens län;84;Kiruna;14125;Malmfältens Folkhögskola;0;0;0;0;0;0;0;0;0;0;0;0;0;0;17;0;0;0;0;17
25;Norrbottens län;84;Kiruna;14183;Kebnekaise fjällstation;0;0;0;0;0;0;0;0;0;0;0;0;40;0;0;0;0;0;0;40
25;Norrbottens län;84;Kiruna;14184;Kattuvuoma;0;0;0;0;0;0;0;0;0;0;0;0;0;5;0;0;0;0;0;5
25;Norrbottens län;84;Kiruna;14185;Vuoskojaure;0;0;0;0;0;0;0;0;0;0;0;0;0;2;0;0;0;0;0;2
25;Norrbottens län;84;Kiruna;14892;Lannavaara;13;0;0;0;0;0;0;0;0;0;0;0;0;0;0;0;0;0;0;13
25;Norrbottens län;84;Kiruna;14893;Viikusjärvi;0;3;0;0;0;0;0;0;0;0;0;0;0;0;0;0;0;0;0;3
25;Norrbottens län;84;Kiruna;14894;Lannavaara;0;10;0;0;0;0;0;0;0;0;0;0;0;0;0;0;0;0;0;10
25;Norrbottens län;84;Kiruna;14896;Vivungi;0;0;0;0;0;5;0;0;0;0;0;0;0;0;0;0;0;0;0;5
25;Norrbottens län;84;Kiruna;14898;Lainio;0;0;0;0;0;24;0;0;0;0;0;0;0;0;0;0;0;0;0;24
25;Norrbottens län;84;Kiruna;14933;Parakka;0;0;0;0;0;0;0;0;35;0;0;0;0;0;0;0;0;0;0;35
25;Norrbottens län;84;Kiruna;14934;Saivomuotka;0;0;0;0;0;0;0;0;0;0;0;0;31;0;0;0;0;0;0;31
25;Norrbottens län;84;Kiruna;14935;Suijavaara;0;0;0;0;0;0;0;0;0;0;0;0;13;0;0;0;0;0;0;13
25;Norrbottens län;84;Kiruna;14936;Kuttainen;0;0;0;0;0;0;0;0;0;0;0;0;4;0;0;0;0;0;0;4
25;Norrbottens län;84;Kiruna;14937;Maunu;0;0;0;0;0;0;0;0;0;0;0;0;0;0;0;0;0;0;0;0
25;Norrbottens län;84;Kiruna;14938;Mertajärvi;0;0;0;0;0;0;0;0;0;0;0;0;0;3;0;0;0;0;0;3
25;Norrbottens län;84;Kiruna;14939;Idivuoma;0;0;0;0;0;0;0;0;0;0;0;0;0;5;0;0;0;0;0;5
25;Norrbottens län;84;Kiruna;8890;Kiruna C, stadshuset;255;369;334;111;0;308;420;396;420;376;246;0;568;830;622;1122;890;352;223;7842
25;Norrbottens län;84;Kiruna;9754;Abisko, skolan;0;0;0;0;0;0;144;0;0;0;0;0;0;0;0;0;0;0;0;144
25;Norrbottens län;84;Kiruna;9755;Svappavaara, skolan;0;0;0;0;0;0;0;49;0;0;0;0;0;0;0;0;0;0;176;225
25;Norrbottens län;84;Kiruna;9756;Övre Soppero, skolan;0;0;0;0;0;0;22;0;0;0;0;0;0;0;0;0;0;0;0;22
25;Norrbottens län;84;Kiruna;9758;Karesuando, landsbygdskontoret;0;18;25;0;0;0;0;12;27;13;0;0;0;0;23;26;24;0;91;259
25;Norrbottens län;84;Kiruna;9759;Vittangi, Folkets Hus;0;27;33;0;0;0;0;0;50;46;0;0;0;0;0;57;89;0;0;302
;;;;;summa;80952;99376;82510;41678;22379;122399;121202;124545;128580;114168;73608;57846;212845;230194;267306;298504;310096;195362;89065;2672615
