lan;län;kom;kommun;lokalid;lokal;2010-09-01;2010-09-02;2010-09-03;2010-09-04;2010-09-05;2010-09-06;2010-09-07;2010-09-08;2010-09-09;2010-09-10;2010-09-11;2010-09-12;2010-09-13;2010-09-14;2010-09-15;2010-09-16;2010-09-17;2010-09-18;2010-09-19;Totalt
01;Stockholms län;14;Upplands Väsby;12659;Biblioteket;278;264;255;175;0;327;300;304;325;268;257;0;473;498;546;513;650;549;386;6368
01;Stockholms län;14;Upplands Väsby;12660;Löwenströmska sjukhuset;0;0;0;0;0;0;0;0;0;175;0;0;0;0;0;0;0;0;0;175
01;Stockholms län;14;Upplands Väsby;12661;Hembygdsgården;0;0;0;0;0;0;0;0;121;0;0;124;0;120;0;107;0;0;0;472
01;Stockholms län;14;Upplands Väsby;13464;Infra City;0;0;0;0;0;0;0;0;0;0;0;173;104;109;126;293;164;0;0;969
01;Stockholms län;15;Vallentuna;7945;Vallentuna bibliotek;231;213;196;158;0;283;258;266;308;251;245;0;466;552;574;629;638;493;166;5927
01;Stockholms län;15;Vallentuna;7946;Karby bibliotek;29;29;0;0;0;48;0;26;40;0;0;0;70;52;80;82;94;0;0;550
01;Stockholms län;17;Österåker;10383;Enebackens äldreboende;0;0;0;0;0;0;0;30;0;0;0;0;0;0;0;0;0;0;0;30
01;Stockholms län;17;Österåker;10635;Åkersberga bibliotek;209;245;186;141;0;294;274;267;284;223;244;0;484;531;554;601;566;497;0;5600
01;Stockholms län;17;Österåker;10636;Kommunhuset/Alceahuset;119;137;123;0;0;150;132;134;205;161;0;0;261;240;238;247;381;0;283;2811
01;Stockholms län;17;Österåker;10637;Solskiftets äldreboende;0;0;0;0;0;0;0;0;19;0;0;0;0;0;0;0;0;0;0;19
01;Stockholms län;17;Österåker;13842;Skärgårdsgymnasiet;0;0;0;0;0;0;0;0;0;0;0;0;0;0;30;0;0;0;0;30
01;Stockholms län;17;Österåker;13843;Österåkers gymnasium;0;0;0;0;0;0;0;0;0;0;0;0;7;0;0;0;0;0;0;7
01;Stockholms län;17;Österåker;5876;Ljungbacken, Inackorderingshemmet;0;0;0;0;0;0;0;0;8;0;0;0;0;0;0;0;0;0;0;8
01;Stockholms län;17;Österåker;5877;Solhälla Vårdbiträdesgrupp;0;0;0;0;0;0;0;0;0;22;0;0;0;0;0;0;0;0;0;22
01;Stockholms län;17;Österåker;5879;Anstalten Österåker;0;0;0;0;0;102;0;0;0;0;0;0;0;0;0;0;0;0;0;102
01;Stockholms län;17;Österåker;5880;Häktet Österåker;0;0;0;0;0;28;0;0;0;0;0;0;0;0;0;0;0;0;0;28
01;Stockholms län;17;Österåker;8122;Ljusterö Tjänste- och information;17;20;34;17;0;27;33;29;40;49;42;0;38;53;60;52;63;83;21;678
01;Stockholms län;17;Österåker;9793;Ingmarsö Livs KB;0;5;9;6;0;7;5;6;6;12;3;0;14;9;12;17;15;15;0;141
01;Stockholms län;20;Värmdö;13552;Huvudbiblioteket, Runda Huset;94;99;120;110;91;138;143;153;195;214;182;209;255;370;313;392;437;340;0;3855
01;Stockholms län;20;Värmdö;5883;Gustavsgården;0;0;0;0;0;0;0;0;0;0;0;47;0;0;0;0;0;0;0;47
01;Stockholms län;20;Värmdö;9123;Kommunhuset, Skogsbo;62;110;56;0;0;89;80;82;138;71;0;0;108;167;152;248;215;207;190;1975
01;Stockholms län;20;Värmdö;9124;Ingarö bibliotek, Brunns skola;44;37;14;0;0;46;45;45;50;17;0;0;58;61;95;116;147;0;0;775
01;Stockholms län;20;Värmdö;9126;Hemmesta bibliotek;35;18;14;0;0;33;32;70;48;34;0;0;62;88;131;119;168;0;0;852
01;Stockholms län;20;Värmdö;9127;Djurö bibliotek, Djurö skola;23;59;16;0;0;47;34;40;53;34;0;0;61;107;67;134;119;0;0;794
01;Stockholms län;20;Värmdö;9128;Möja skola;0;0;0;0;0;0;0;0;0;0;0;0;0;50;0;0;0;0;102;152
01;Stockholms län;20;Värmdö;9129;Hembygdsgården Nämdö;0;0;0;0;0;0;0;0;0;0;0;0;0;10;0;0;0;0;35;45
01;Stockholms län;20;Värmdö;9130;Runmarö skola;0;0;0;0;0;0;0;0;0;0;0;0;0;41;0;0;0;0;97;138
01;Stockholms län;20;Värmdö;9131;Sandhamns skola;0;0;0;0;0;0;0;0;0;0;0;0;0;37;0;0;0;0;67;104
01;Stockholms län;20;Värmdö;9132;Svartsö skola;0;0;0;0;0;0;0;0;0;0;0;0;0;32;0;0;0;0;39;71
01;Stockholms län;23;Järfälla;12981;Mobil röstningslokal;0;0;0;0;23;20;26;20;30;28;84;73;21;87;21;40;50;100;0;623
01;Stockholms län;23;Järfälla;13108;Järfälla gymnasiebibliotek;0;0;0;0;0;0;0;0;0;0;0;0;15;21;26;13;16;0;0;91
01;Stockholms län;23;Järfälla;13852;Jakobsberg simhall;20;22;0;15;44;27;20;30;43;0;37;82;54;89;74;95;0;90;0;742
01;Stockholms län;23;Järfälla;13854;Järfälla kommuns kundtjänst;65;59;33;0;0;44;59;83;98;96;0;0;81;135;109;150;140;0;0;1152
01;Stockholms län;23;Järfälla;9031;Jakobsbergs bibliotek;225;220;230;147;129;280;288;261;285;297;258;220;466;488;514;542;707;573;347;6477
01;Stockholms län;23;Järfälla;9032;Kallhälls bibliotek;130;71;102;97;0;167;94;169;88;113;59;0;255;114;350;154;200;248;0;2411
01;Stockholms län;23;Järfälla;9033;Barkarby bibliotek;76;60;42;69;0;105;37;93;47;61;84;0;162;68;193;96;119;168;0;1480
01;Stockholms län;23;Järfälla;9034;Viksjö bibliotek;121;107;99;90;0;115;64;149;95;85;123;0;198;136;258;174;161;166;0;2141
01;Stockholms län;25;Ekerö;12363;Biblioteket Ekerö;114;128;155;113;0;158;128;136;158;219;201;0;310;290;305;377;547;354;136;3829
01;Stockholms län;25;Ekerö;12365;Biblioteket Stenhamra;23;44;20;0;44;42;33;35;108;41;0;93;84;39;64;247;74;0;0;991
01;Stockholms län;25;Ekerö;5886;Behandlingshemmet Kurön;0;0;0;0;0;0;0;0;0;0;0;34;0;0;0;0;0;0;0;34
01;Stockholms län;25;Ekerö;5887;Ekgårdens äldreboende;0;0;0;0;0;0;0;0;0;0;0;30;0;0;0;0;0;0;0;30
01;Stockholms län;25;Ekerö;5888;Färingsöhemmet;0;0;0;0;0;0;0;0;0;0;0;14;0;0;0;0;0;0;0;14
01;Stockholms län;25;Ekerö;5889;Vårdhemmet Kullen;0;0;0;0;0;0;0;0;0;0;0;11;0;0;0;0;0;0;0;11
01;Stockholms län;25;Ekerö;9648;Kriminalvårdsanstalten Svartsjö;0;0;0;0;0;0;0;0;0;0;0;26;0;0;0;0;0;0;0;26
01;Stockholms län;25;Ekerö;9649;Kriminalvårdsanstalten Färingsö;0;0;0;0;0;0;0;0;0;0;0;38;0;0;0;0;0;0;0;38
01;Stockholms län;26;Huddinge;13036;Stortorps äldrecentrum;0;0;0;0;0;0;0;48;0;0;0;0;0;0;0;0;0;0;0;48
01;Stockholms län;26;Huddinge;13227;Beateberg;0;0;0;0;0;0;0;32;0;0;0;0;0;0;0;0;0;0;0;32
01;Stockholms län;26;Huddinge;13542;City Gross Länna;25;32;9;0;0;22;18;16;32;27;48;0;35;37;57;81;74;141;0;654
01;Stockholms län;26;Huddinge;13543;City Gross Kungens kurva;36;40;56;0;0;56;56;85;95;64;119;0;97;139;163;192;173;306;0;1677
01;Stockholms län;26;Huddinge;13544;Huddinge centrum;68;77;44;0;0;101;96;99;111;66;187;0;126;125;152;142;117;193;0;1704
01;Stockholms län;26;Huddinge;13545;Stuvsta centrum;56;62;53;0;0;90;70;94;91;42;118;0;139;150;183;199;174;268;0;1789
01;Stockholms län;26;Huddinge;5890;Sjödalens servicehus;0;0;0;0;0;0;43;0;0;0;0;0;0;0;0;0;0;0;0;43
01;Stockholms län;26;Huddinge;5891;Tallgårdens äldrecentrum;0;0;0;0;0;0;0;16;0;0;0;0;0;0;0;0;0;0;0;16
01;Stockholms län;26;Huddinge;5892;Karolinska Univ.sjukhuset i Huddinge;0;0;0;0;0;0;0;0;0;0;0;0;0;0;0;0;0;0;154;154
01;Stockholms län;26;Huddinge;5893;Rosendalsgården;0;0;0;0;0;0;33;0;0;0;0;0;0;0;0;0;0;0;0;33
01;Stockholms län;26;Huddinge;8694;Huvudbiblioteket;179;197;165;157;112;214;220;249;219;225;142;250;388;465;470;472;667;339;0;5130
01;Stockholms län;26;Huddinge;8935;Kommunalhuset;0;0;0;0;0;0;0;0;0;0;0;0;0;0;0;0;29;0;289;318
01;Stockholms län;26;Huddinge;8936;Flemingsbergs bibliotek;62;61;38;0;0;81;43;67;74;51;61;0;100;88;187;120;220;173;0;1426
01;Stockholms län;26;Huddinge;8937;Segeltorps bibliotek;53;56;0;0;0;86;54;46;39;48;74;0;120;79;71;65;111;138;0;1040
01;Stockholms län;26;Huddinge;8938;Skogås bibliotek;100;87;85;75;0;134;109;129;95;93;115;0;165;167;263;196;256;232;0;2301
01;Stockholms län;26;Huddinge;8939;Trångsunds bibliotek;94;69;93;0;0;104;70;72;50;66;72;0;141;84;132;130;143;166;0;1486
01;Stockholms län;26;Huddinge;8940;Vårby bibliotek;30;72;25;55;0;46;35;44;52;23;45;0;58;83;70;124;94;100;0;956
01;Stockholms län;27;Botkyrka;10735;Silverkronan äldreboende;0;0;0;0;0;0;0;0;0;0;0;30;0;0;0;0;0;0;0;30
01;Stockholms län;27;Botkyrka;13035;Mobila enheter;152;149;183;306;283;175;176;115;94;357;314;277;302;312;400;471;671;712;0;5449
01;Stockholms län;27;Botkyrka;5899;Tumba äldreboende;0;0;0;0;0;0;0;0;0;0;0;60;0;0;0;0;0;0;0;60
01;Stockholms län;27;Botkyrka;5900;Allégården;0;0;0;0;0;0;0;0;0;0;0;23;0;0;0;0;0;0;0;23
01;Stockholms län;27;Botkyrka;5901;Orren äldreboende;0;0;0;0;0;0;0;0;0;0;0;14;0;0;0;0;0;0;0;14
01;Stockholms län;27;Botkyrka;5902;Alby Äng;0;0;0;0;0;0;0;0;0;0;0;12;0;0;0;0;0;0;0;12
01;Stockholms län;27;Botkyrka;5903;Kriminalvårdsanstalten , Asptuna;0;0;0;0;0;0;0;0;0;0;0;50;0;0;0;0;0;0;0;50
01;Stockholms län;27;Botkyrka;5904;Kärsdala äldreboende;0;0;0;0;0;0;0;0;0;0;0;23;0;0;0;0;0;0;0;23
01;Stockholms län;27;Botkyrka;8734;Alby medborgarkontor;127;123;93;51;0;139;107;101;114;77;49;0;119;153;158;187;246;167;0;2011
01;Stockholms län;27;Botkyrka;8735;Fittja medborgarkontor;113;107;98;91;0;120;79;56;67;77;55;0;73;95;98;101;171;167;0;1568
01;Stockholms län;27;Botkyrka;8736;Hallunda medborgarkontor;150;206;144;83;0;200;195;189;210;184;82;0;233;267;340;343;424;246;647;4143
01;Stockholms län;27;Botkyrka;8737;Tullinge medborgarkontor;93;95;83;74;0;120;147;145;119;137;140;0;196;248;337;333;409;208;0;2884
01;Stockholms län;27;Botkyrka;8738;Tumba medborgarkontor;163;187;175;84;0;198;152;167;183;182;124;0;299;329;304;387;465;291;323;4013
01;Stockholms län;27;Botkyrka;8739;Vårsta bibliotek;37;37;44;44;0;66;42;46;72;57;54;0;115;108;125;144;156;119;0;1266
01;Stockholms län;28;Salem;8850;Murgrönans foajé (Salems bibliotek);115;92;114;0;0;218;124;132;208;138;0;0;312;323;305;316;192;292;0;2881
01;Stockholms län;28;Salem;8853;Kommunalhuset (endast valdagen);0;0;0;0;0;0;0;0;0;0;0;0;0;0;0;0;0;0;66;66
01;Stockholms län;36;Haninge;12970;Coop Forum Haninge;106;160;199;142;171;172;173;187;196;218;200;228;215;227;287;362;346;524;374;4487
01;Stockholms län;36;Haninge;12972;ICA Maxi Haninge;211;233;303;278;230;264;226;291;330;357;368;438;315;359;466;520;696;807;515;7207
01;Stockholms län;36;Haninge;14111;Coca-cola i Jordbro;0;0;0;0;0;0;0;0;0;0;0;0;54;61;0;0;0;0;0;115
01;Stockholms län;36;Haninge;5906;Hagagården;0;0;0;0;0;0;25;0;0;0;0;0;0;0;0;0;0;0;0;25
01;Stockholms län;36;Haninge;5907;Handens närsjukhus/äldreboende;0;0;0;0;0;0;0;16;0;0;0;0;0;0;0;0;0;0;0;16
01;Stockholms län;36;Haninge;5908;Malmgården Dalarö;0;0;0;0;0;0;19;0;0;0;0;0;0;0;0;0;0;0;0;19
01;Stockholms län;36;Haninge;8601;Haninge Centrum;170;227;223;95;75;213;186;214;210;232;184;172;279;340;379;418;533;460;255;4865
01;Stockholms län;36;Haninge;8602;Ica Kvantum Brandbergen;84;91;127;77;85;95;104;114;112;112;82;94;129;142;188;195;222;340;0;2393
01;Stockholms län;36;Haninge;8622;Träffpunkten Djurgårdsplan;28;21;12;6;19;17;11;21;0;17;20;38;22;39;46;63;50;57;0;487
01;Stockholms län;36;Haninge;8623;Mr. Bazaar;21;27;25;34;42;31;57;36;36;48;44;43;56;63;63;86;106;115;0;933
01;Stockholms län;36;Haninge;8624;Vi-butiken Västerhaninge;118;131;134;78;100;135;154;113;129;153;136;147;190;246;244;307;384;402;0;3301
01;Stockholms län;36;Haninge;8625;Trädgårdsmuseet Tungelsta;23;27;15;44;22;30;26;19;40;33;29;54;28;37;64;51;84;64;0;690
01;Stockholms län;36;Haninge;8626;Träffpunkten Dalarö;25;39;23;29;22;25;28;28;27;44;36;40;37;20;33;43;79;67;0;645
01;Stockholms län;36;Haninge;8627;Ornö Skola;0;0;0;0;0;0;0;0;0;0;0;0;0;0;0;0;0;0;108;108
01;Stockholms län;36;Haninge;8628;Utö Hembygdsgård;0;0;0;0;0;0;0;0;0;0;0;0;0;0;0;0;0;0;109;109
01;Stockholms län;36;Haninge;8683;Johanneslund;0;0;0;0;0;0;0;26;0;0;0;0;0;0;0;0;0;0;0;26
01;Stockholms län;38;Tyresö;12805;Servicecenter Tyresö kommun;86;85;85;0;0;89;70;105;111;74;0;0;102;125;132;199;144;0;293;1700
01;Stockholms län;38;Tyresö;5911;Björkbackens äldrecentrum;0;0;0;0;0;0;0;0;0;0;0;52;0;0;0;0;0;0;0;52
01;Stockholms län;38;Tyresö;5912;Trollängens äldreboende;0;0;0;0;0;0;0;0;0;0;0;27;0;0;0;0;0;0;0;27
01;Stockholms län;38;Tyresö;8834;Huvudbiblioteket Tyresö Centrum;154;212;184;129;0;188;191;218;224;239;231;0;377;407;400;459;568;444;0;4625
01;Stockholms län;38;Tyresö;8835;Biblioteket Trollbäcken;74;82;54;67;0;100;78;70;138;91;93;0;173;154;131;229;164;165;0;1863
01;Stockholms län;38;Tyresö;8837;Biblioteket Tyresö Strand;41;22;31;40;0;58;29;40;28;35;62;0;80;74;133;66;83;103;0;925
01;Stockholms län;39;Upplands-Bro;9836;Kommunhuset, Kungsängen;98;164;70;0;0;118;114;123;181;113;0;0;274;275;242;317;445;183;113;2830
01;Stockholms län;39;Upplands-Bro;9837;Bro Bibliotek, Brohuset;50;55;43;27;0;49;49;66;106;58;88;0;116;140;116;205;177;198;0;1543
01;Stockholms län;40;Nykvarn;9712;Nykvarns bibliotek;52;73;85;46;0;94;84;90;132;105;85;0;161;168;160;245;202;142;29;1953
01;Stockholms län;60;Täby;13837;Kommunalhuset;36;60;28;0;0;40;46;61;54;58;0;0;128;136;120;164;162;0;95;1188
01;Stockholms län;60;Täby;5913;Allégården;0;0;0;0;0;0;0;0;0;0;0;27;0;0;0;0;0;0;0;27
01;Stockholms län;60;Täby;5914;Tibblehemmet;0;0;0;0;0;0;0;0;0;0;0;29;0;47;0;0;0;0;0;76
01;Stockholms län;60;Täby;5915;Lyktan;0;0;0;0;0;0;0;0;0;0;0;53;0;0;0;0;0;0;0;53
01;Stockholms län;60;Täby;5916;Ångaren;0;0;0;0;0;0;0;0;0;0;0;23;0;0;0;0;0;0;0;23
01;Stockholms län;60;Täby;8945;Täby huvudbibliotek;368;358;329;206;0;459;447;471;479;446;332;0;718;848;840;807;767;538;287;8700
01;Stockholms län;60;Täby;8954;Gribbylunds bibliotek;24;27;37;0;0;61;31;28;28;30;0;0;97;51;54;62;88;0;0;618
01;Stockholms län;60;Täby;8956;Hägernäs centrum;48;28;32;0;0;82;58;37;53;35;0;0;107;96;120;84;119;0;0;899
01;Stockholms län;60;Täby;8957;Näsbyparks bibliotek;77;54;67;87;0;111;75;84;65;71;104;0;158;132;147;149;146;144;0;1671
01;Stockholms län;60;Täby;8960;Skarpängs bibliotek;35;16;27;0;0;50;30;29;24;22;0;0;136;43;43;72;47;0;0;574
01;Stockholms län;60;Täby;8962;Täby kyrkbys bibliotek;24;33;24;48;0;64;33;42;43;35;78;0;112;84;68;73;93;99;0;953
01;Stockholms län;62;Danderyd;12799;Danderyds sjukhus;0;0;0;0;0;0;0;0;0;0;0;61;0;0;0;0;0;0;0;61
01;Stockholms län;62;Danderyd;12801;Blomsterfonden;0;0;0;0;0;0;0;0;0;0;0;96;0;0;0;0;0;0;0;96
01;Stockholms län;62;Danderyd;12819;Birgittasystrarna;0;0;0;0;0;0;0;0;0;0;0;21;0;0;0;0;0;0;0;21
01;Stockholms län;62;Danderyd;12825;Djursholms bibliotek;102;83;69;64;0;89;98;64;83;96;106;0;150;122;85;166;126;94;0;1597
01;Stockholms län;62;Danderyd;12827;Information Danderyd;209;211;185;130;0;218;227;237;246;249;242;0;439;430;481;481;515;352;127;4979
01;Stockholms län;62;Danderyd;12828;Enebybergs bibliotek;40;16;42;42;0;56;58;48;46;34;59;0;88;96;109;94;65;71;0;964
01;Stockholms län;62;Danderyd;9663;Stocksunds bibliotek;34;21;36;28;0;29;39;42;27;40;37;0;45;71;79;56;68;52;0;704
01;Stockholms län;63;Sollentuna;12623;Rådans äldreboende;0;0;0;0;0;0;0;0;0;0;0;17;0;0;0;0;0;0;0;17
01;Stockholms län;63;Sollentuna;13964;Gillegården;32;0;36;0;0;0;45;31;0;0;0;0;0;60;38;0;41;0;0;283
01;Stockholms län;63;Sollentuna;13965;Blå rummet;0;0;0;50;23;0;0;0;0;0;0;0;0;0;0;0;0;0;0;73
01;Stockholms län;63;Sollentuna;13966;Rudbecksskolan;0;0;0;0;0;0;0;0;0;0;0;0;12;18;12;12;34;0;0;88
01;Stockholms län;63;Sollentuna;13967;Minerva;0;0;0;0;0;0;0;0;0;0;0;12;0;0;0;0;0;0;0;12
01;Stockholms län;63;Sollentuna;5920;Bergkälla;0;0;0;0;0;0;0;0;0;0;0;12;0;0;0;0;0;0;0;12
01;Stockholms län;63;Sollentuna;5921;Norrgården;0;0;0;0;0;0;0;0;0;0;0;22;0;0;0;0;0;0;0;22
01;Stockholms län;63;Sollentuna;5922;Nytorpshemmet;0;0;0;0;0;0;0;0;0;0;0;31;0;0;0;0;0;0;0;31
01;Stockholms län;63;Sollentuna;5923;Lenalundsgården;0;27;0;0;0;33;0;0;42;0;0;0;58;0;0;60;0;0;0;220
01;Stockholms län;63;Sollentuna;5925;Ribbings backe;0;0;0;0;0;0;0;0;0;0;0;13;0;0;0;0;0;0;0;13
01;Stockholms län;63;Sollentuna;5926;Tors backe;0;0;0;0;0;0;0;0;0;0;0;50;0;0;0;0;0;0;0;50
01;Stockholms län;63;Sollentuna;8907;Stinsens köpcentrum, norra entrén;184;172;143;197;255;236;230;209;231;201;364;539;434;522;534;587;607;555;0;6200
01;Stockholms län;63;Sollentuna;8909;Norrvikens bibliotek;25;0;46;0;0;36;33;30;29;32;0;0;38;54;49;53;77;0;0;502
01;Stockholms län;63;Sollentuna;8911;Edsbergs bibliotek;100;0;99;0;0;112;84;105;83;133;0;0;130;149;162;143;219;0;0;1519
01;Stockholms län;63;Sollentuna;8915;Huvudbiblioteket;202;235;218;129;93;229;239;232;230;228;226;245;364;386;440;500;627;470;513;5806
01;Stockholms län;80;Stockholm;10192;Kastanjens trygghetsboende, v.- ob.;0;0;0;0;0;0;0;0;0;0;0;26;0;0;0;0;0;0;0;26
01;Stockholms län;80;Stockholm;10193;Stora Sköndal, Johannesgården;0;0;0;0;0;0;0;0;0;0;0;39;0;0;0;0;0;0;0;39
01;Stockholms län;80;Stockholm;10231;Du kan rösta på alla bibliotek;0;0;0;0;0;0;0;0;0;0;0;0;0;0;0;0;0;0;0;0
01;Stockholms län;80;Stockholm;10979;Europahuset;23;26;39;0;0;45;43;51;64;66;0;0;93;177;156;226;253;0;0;1262
01;Stockholms län;80;Stockholm;10980;KTH Biblioteket;80;111;112;0;0;125;129;126;119;128;0;0;230;252;326;446;674;0;0;2858
01;Stockholms län;80;Stockholm;10982;Frälsningsarmén;99;104;72;0;0;100;91;139;99;104;0;0;130;206;347;186;265;0;0;1942
01;Stockholms län;80;Stockholm;10984;Spårvägsmuséet;59;49;47;64;82;69;75;59;69;59;63;121;68;79;93;99;142;0;0;1297
01;Stockholms län;80;Stockholm;10985;Stadsmuséet;56;63;47;44;43;0;41;35;70;45;83;84;0;90;85;167;152;203;129;1437
01;Stockholms län;80;Stockholm;10986;Kombi Café och konferens;40;47;43;0;0;39;36;66;46;61;0;0;52;83;105;66;126;0;0;810
01;Stockholms län;80;Stockholm;10990;Västermalmsgallerian;261;312;326;393;397;417;403;382;399;481;556;642;687;810;964;1074;1012;1251;936;11703
01;Stockholms län;80;Stockholm;10991;Kungliga Biblioteket;159;170;105;134;0;166;188;160;174;155;183;0;250;330;377;427;479;326;0;3783
01;Stockholms län;80;Stockholm;11323;Josephinahemmet;0;0;0;0;0;0;0;0;0;0;0;27;0;0;0;0;0;0;0;27
01;Stockholms län;80;Stockholm;11324;N. Sthlms psykiatri, S:t Görans sjh;0;0;0;0;0;0;0;0;0;0;0;19;0;0;0;0;0;0;0;19
01;Stockholms län;80;Stockholm;11325;Fredhällshusen SVPH;0;0;0;0;0;0;0;0;0;0;0;44;0;0;0;0;0;0;0;44
01;Stockholms län;80;Stockholm;11326;Mariebergs äldreboende;0;0;0;0;0;0;0;0;0;0;0;11;0;0;0;0;0;0;0;11
01;Stockholms län;80;Stockholm;11327;Rio vård- och omsorgsboende;0;0;0;0;0;0;0;0;0;0;0;76;0;0;0;0;0;0;0;76
01;Stockholms län;80;Stockholm;11328;Kattrumpstullens vård- och omsorgsbo;0;0;0;0;0;0;0;0;0;0;0;30;0;0;0;0;0;0;0;30
01;Stockholms län;80;Stockholm;11329;Löjtnantsgården;0;0;0;0;0;0;0;0;0;0;0;76;0;0;0;0;0;0;0;76
01;Stockholms län;80;Stockholm;11330;Nytorgsgårdens vård- och omsorgsbo.;0;0;0;0;0;0;0;0;0;0;0;4;0;0;0;0;0;0;0;4
01;Stockholms län;80;Stockholm;11622;Hammarbyhöjdens trygghetsboende;0;0;0;0;0;0;0;0;0;0;0;50;0;0;0;0;0;0;0;50
01;Stockholms län;80;Stockholm;11623;Edö vård- och omsorgsbo och serviceh;0;0;0;0;0;0;0;0;0;0;0;105;0;0;0;0;0;0;0;105
01;Stockholms län;80;Stockholm;11624;Postiljonens vård- och omsorgsboende;0;0;0;0;0;0;0;0;0;0;0;17;0;0;0;0;0;0;0;17
01;Stockholms län;80;Stockholm;11625;Edsätra äldreboende;0;0;0;0;0;0;0;0;0;0;0;28;0;0;0;0;0;0;0;28
01;Stockholms län;80;Stockholm;12647;Husby Medborgarkontor;13;5;0;0;0;7;13;17;4;0;0;0;20;52;54;34;41;0;0;260
01;Stockholms län;80;Stockholm;13027;Sture Bibliotek;40;100;53;39;0;107;85;116;130;85;95;83;169;245;277;327;333;222;162;2668
01;Stockholms län;80;Stockholm;13048;Rinkeby Bibliotek;0;0;12;33;41;18;12;0;0;23;54;51;32;54;127;0;0;290;156;903
01;Stockholms län;80;Stockholm;13595;Riksdagshuset;62;55;64;0;0;68;104;76;72;129;0;0;81;129;123;144;211;162;0;1480
01;Stockholms län;80;Stockholm;13596;Rågsveds Folkets hus;26;33;36;0;0;41;45;24;22;47;0;0;76;95;75;124;170;0;0;814
01;Stockholms län;80;Stockholm;13597;Tensta Medborgarkontor;59;39;33;0;0;38;69;79;68;55;0;0;102;130;0;0;0;0;0;672
01;Stockholms län;80;Stockholm;13598;Lindhagens Köpcentrum;90;127;131;109;0;146;140;113;123;184;179;0;242;278;330;438;572;0;0;3202
01;Stockholms län;80;Stockholm;13599;ICA Sabbatsberg;187;195;179;225;219;215;200;218;219;245;316;461;329;457;475;575;692;0;0;5407
01;Stockholms län;80;Stockholm;13600;Ringens köpcenter;246;348;312;300;239;337;314;372;357;376;442;531;673;838;1083;1034;1502;1332;895;11531
01;Stockholms län;80;Stockholm;13601;Globen köpcenter;183;257;251;202;208;250;261;261;237;294;260;338;368;524;561;696;912;731;562;7356
01;Stockholms län;80;Stockholm;13602;Liljeholmstorgets köpcenter;163;240;248;206;228;279;308;298;354;371;395;460;514;638;669;864;1111;1108;821;9275
01;Stockholms län;80;Stockholm;13603;Forum för levande historia;18;20;26;15;18;0;26;19;25;36;20;42;0;54;51;60;92;61;0;583
01;Stockholms län;80;Stockholm;13606;Jobbtorg Kista C, vuxen;3;14;8;0;0;13;27;16;13;17;0;0;32;53;47;62;106;0;0;411
01;Stockholms län;80;Stockholm;13607;Jobbtorg Kista C, ungdom;15;23;12;0;0;19;20;16;24;23;0;0;41;43;70;92;134;0;0;532
01;Stockholms län;80;Stockholm;13610;Jobbtorg Lunda;5;13;10;0;0;11;18;14;20;7;0;0;16;20;19;32;13;0;0;198
01;Stockholms län;80;Stockholm;13612;Jobbtorg Vällingby C;28;32;38;0;0;46;49;40;40;49;0;0;57;89;69;79;124;0;0;740
01;Stockholms län;80;Stockholm;13613;Jobbtorg Södermalm;49;64;52;0;0;54;63;41;56;87;0;0;91;118;107;140;154;0;0;1076
01;Stockholms län;80;Stockholm;13614;Jobbtorg Farsta Centrum;27;34;23;0;0;22;33;51;53;35;0;0;54;67;52;72;72;0;0;595
01;Stockholms län;80;Stockholm;13898;Brahem;0;0;0;0;0;0;0;0;0;0;0;47;0;0;0;0;0;0;0;47
01;Stockholms län;80;Stockholm;13899;Dalahöjdens äldreboende;0;0;0;0;0;0;0;0;0;0;0;15;0;0;0;0;0;0;0;15
01;Stockholms län;80;Stockholm;13902;Ekehöjdens äldreboende;0;0;0;0;0;0;0;0;0;0;0;15;0;0;0;0;0;0;0;15
01;Stockholms län;80;Stockholm;13905;Föreningen Blomsterfonden, Östermalm;0;0;0;0;0;0;0;0;0;0;0;8;0;0;0;0;0;0;0;8
01;Stockholms län;80;Stockholm;13906;Hornstulls servicehus/v. -ob.;0;0;0;0;0;0;0;0;0;0;0;67;0;0;0;0;0;0;0;67
01;Stockholms län;80;Stockholm;13934;Koppargårdens vård- och omsorgsbo.;0;0;0;0;0;0;0;0;0;0;0;89;0;0;0;0;0;0;0;89
01;Stockholms län;80;Stockholm;13935;Långbrogården;0;0;0;0;0;0;0;0;0;0;0;3;0;0;0;0;0;0;0;3
01;Stockholms län;80;Stockholm;13936;Nymilens äldreboende;0;0;0;0;0;0;0;0;0;0;0;22;0;0;0;0;0;0;0;22
01;Stockholms län;80;Stockholm;13938;Pilträdets servicehus;0;0;0;0;0;0;0;0;0;0;0;69;0;0;0;0;0;0;0;69
01;Stockholms län;80;Stockholm;13940;S:t Eriks äldreboende;0;0;0;0;0;0;0;0;0;0;0;7;0;0;0;0;0;0;0;7
01;Stockholms län;80;Stockholm;13944;Sjöstadsgårdens vård- och omsorgsbo.;0;0;0;0;0;0;0;0;0;0;0;14;0;0;0;0;0;0;0;14
01;Stockholms län;80;Stockholm;13945;Sofiagårdens vård- och omsorgsboende;0;0;0;0;0;0;0;0;0;0;0;9;0;0;0;0;0;0;0;9
01;Stockholms län;80;Stockholm;13950;Sätra v.- ob. och Björksätra;0;0;0;0;0;0;0;0;0;0;0;33;0;0;0;0;0;0;0;33
01;Stockholms län;80;Stockholm;13951;Tussmötegårdens vård- och omsorgsbo.;0;0;0;0;0;0;0;0;0;0;0;11;0;0;0;0;0;0;0;11
01;Stockholms län;80;Stockholm;14179;Långbrobergs vård-och omsorgsboende;0;0;0;0;0;0;0;0;0;0;0;21;0;0;0;0;0;0;0;21
01;Stockholms län;80;Stockholm;14180;Västberga boende;0;0;0;0;0;0;0;0;0;0;0;14;0;0;0;0;0;0;0;14
01;Stockholms län;80;Stockholm;5927;Högdalens vård- och omsorgsboende;0;0;0;0;0;0;0;0;0;0;0;40;0;0;0;0;0;0;0;40
01;Stockholms län;80;Stockholm;5928;Serafens vård- och omsorgsboende;0;0;0;0;0;0;0;0;0;0;0;42;0;0;0;0;0;0;0;42
01;Stockholms län;80;Stockholm;5929;Axelsbergs servicehus och seniorbo.;0;0;0;0;0;0;0;0;0;0;0;62;0;0;0;0;0;0;0;62
01;Stockholms län;80;Stockholm;5930;Fruängsgårdens servicehus, v.- ob.;0;0;0;0;0;0;0;0;0;0;0;121;0;0;0;0;0;0;0;121
01;Stockholms län;80;Stockholm;5932;Skärholmens servicehus;0;0;0;0;0;0;0;0;0;0;0;23;0;0;0;0;0;0;0;23
01;Stockholms län;80;Stockholm;5933;Rinkeby servicehus och äldreboende;0;0;0;0;0;0;0;0;0;0;0;24;0;0;0;0;0;0;0;24
01;Stockholms län;80;Stockholm;5935;Vasens vård- och omsorgsboende;0;0;0;0;0;0;0;0;0;0;0;28;0;0;0;0;0;0;0;28
01;Stockholms län;80;Stockholm;5937;Sabbatsbergsbyns vård- och omsorgsbo;0;0;0;0;0;0;0;0;0;0;0;21;0;0;0;0;0;0;0;21
01;Stockholms län;80;Stockholm;5939;Föreningen Blomsterfonden, Norrmalm;0;0;0;0;0;0;0;0;0;0;0;45;0;0;0;0;0;0;0;45
01;Stockholms län;80;Stockholm;5942;Väderkvarnens vård- och omsorgsbo.;0;0;0;0;0;0;0;0;0;0;0;102;0;0;0;0;0;0;0;102
01;Stockholms län;80;Stockholm;5944;Vintertullens äldrecentrum;0;0;0;0;0;0;0;0;0;0;0;92;0;0;0;0;0;0;0;92
01;Stockholms län;80;Stockholm;5945;Mariahemmet och Villa Cederschiöld;0;0;0;0;0;0;0;0;0;0;0;34;0;0;0;0;0;0;0;34
01;Stockholms län;80;Stockholm;5947;Katarinagårdens vård- och omsorgsbo.;0;0;0;0;0;0;0;0;0;0;0;44;0;0;0;0;0;0;0;44
01;Stockholms län;80;Stockholm;5948;Kulltorps vård- och omsorgsboende;0;0;0;0;0;0;0;0;0;0;0;26;0;0;0;0;0;0;0;26
01;Stockholms län;80;Stockholm;5949;Tanto servicehus;0;0;0;0;0;0;0;0;0;0;0;51;0;0;0;0;0;0;0;51
01;Stockholms län;80;Stockholm;5950;Föreningen Blomsterfonden, Södermalm;0;0;0;0;0;0;0;0;0;0;0;71;0;0;0;0;0;0;0;71
01;Stockholms län;80;Stockholm;5951;Borgerskapets enkehus och gubbhus;0;0;0;0;0;0;0;0;0;0;0;0;0;0;0;0;0;0;0;0
01;Stockholms län;80;Stockholm;5952;Sthlmsgeriatriken, Sabbatsbergs sjh;0;0;0;0;0;0;0;0;0;0;0;23;0;0;0;0;0;0;0;23
01;Stockholms län;80;Stockholm;5957;Behandlingsenheten Ytterö;0;0;0;0;0;0;0;0;0;0;0;13;0;0;0;0;0;0;0;13
01;Stockholms län;80;Stockholm;5958;Stora Sköndal, Skogsbyn;0;0;0;0;0;0;0;0;0;0;0;28;0;0;0;0;0;0;0;28
01;Stockholms län;80;Stockholm;5959;Stora Sköndal, Kyrkbyn;0;0;0;0;0;0;0;0;0;0;0;19;0;0;0;0;0;0;0;19
01;Stockholms län;80;Stockholm;5960;Farsta vård- och omsorgsboende;0;0;0;0;0;0;0;0;0;0;0;19;0;0;0;0;0;0;0;19
01;Stockholms län;80;Stockholm;5962;Stiftelsen Konung Oscar I:s minne;0;0;0;0;0;0;0;0;0;0;0;18;0;0;0;0;0;0;0;18
01;Stockholms län;80;Stockholm;5964;Skarpnäcksgården, Hus E;0;0;0;0;0;0;0;0;0;0;0;22;0;0;0;0;0;0;0;22
01;Stockholms län;80;Stockholm;5965;Skarpnäcksgården, Hus F;0;0;0;0;0;0;0;0;0;0;0;23;0;0;0;0;0;0;0;23
01;Stockholms län;80;Stockholm;5966;Skarpnäcksgården, Hus G;0;0;0;0;0;0;0;0;0;0;0;25;0;0;0;0;0;0;0;25
01;Stockholms län;80;Stockholm;5967;Skarpnäcksgården, Hus H;0;0;0;0;0;0;0;0;0;0;0;14;0;0;0;0;0;0;0;14
01;Stockholms län;80;Stockholm;5969;Bergsunds vård- och omsorgsboende;0;0;0;0;0;0;0;0;0;0;0;34;0;0;0;0;0;0;0;34
01;Stockholms län;80;Stockholm;5974;Brommageriatriken AB, Bromma sjukhus;0;0;0;0;0;0;0;0;0;0;0;38;0;0;0;0;0;0;0;38
01;Stockholms län;80;Stockholm;5975;Borgargården;0;0;0;0;0;0;0;0;0;0;0;38;0;0;0;0;0;0;0;38
01;Stockholms län;80;Stockholm;5977;Föreningen Judiska hemmet;0;0;0;0;0;0;0;0;0;0;0;27;0;0;0;0;0;0;0;27
01;Stockholms län;80;Stockholm;5978;Hemmet för gamla;0;0;0;0;0;0;0;0;0;0;0;48;0;0;0;0;0;0;0;48
01;Stockholms län;80;Stockholm;5979;Årsta vård- och omsorgsboende;0;0;0;0;0;0;0;0;0;0;0;25;0;0;0;0;0;0;0;25
01;Stockholms län;80;Stockholm;5980;Capio geriatrik AB, Dalens sjukhus;0;0;0;0;0;0;0;0;0;0;0;28;0;0;0;0;0;0;0;28
01;Stockholms län;80;Stockholm;5982;Enskede nya servicehus;0;0;0;0;0;0;0;0;0;0;0;27;0;0;0;0;0;0;0;27
01;Stockholms län;80;Stockholm;5984;Borgarhemmet;0;0;0;0;0;0;0;0;0;0;0;93;0;0;0;0;0;0;0;93
01;Stockholms län;80;Stockholm;5987;Körsbärsgårdens vård- och omsorgsbo.;0;0;0;0;0;0;0;0;0;0;0;35;0;0;0;0;0;0;0;35
01;Stockholms län;80;Stockholm;5988;Linnégårdens vård- och omsorgsboende;0;0;0;0;0;0;0;0;0;0;0;25;0;0;0;0;0;0;0;25
01;Stockholms län;80;Stockholm;5991;Dianagårdens vård- och omsorgsboende;0;0;0;0;0;0;0;0;0;0;0;22;0;0;0;0;0;0;0;22
01;Stockholms län;80;Stockholm;5994;Stiftelsen Stockholms sjukhem;0;0;0;0;0;0;0;0;0;0;0;64;0;0;0;0;0;0;0;64
01;Stockholms län;80;Stockholm;5995;Fridhemmet och Alströmerhemmet;0;0;0;0;0;0;0;0;0;0;0;59;0;0;0;0;0;0;0;59
01;Stockholms län;80;Stockholm;5999;Fristads servicehus;0;0;0;0;0;0;0;0;0;0;0;54;0;0;0;0;0;0;0;54
01;Stockholms län;80;Stockholm;6004;Nockebyhöjdens äldreboende SVPH;0;0;0;0;0;0;0;0;0;0;0;54;0;0;0;0;0;0;0;54
01;Stockholms län;80;Stockholm;6007;Tensta servicehus och äldreboende;0;0;0;0;0;0;0;0;0;0;0;29;0;0;0;0;0;0;0;29
01;Stockholms län;80;Stockholm;6008;Kronobergshäktet;0;0;0;0;0;0;0;0;0;0;0;121;0;0;0;0;0;0;0;121
01;Stockholms län;80;Stockholm;6009;Nockebyhem SVPH;0;0;0;0;0;0;0;0;0;0;0;128;0;0;0;0;0;0;0;128
01;Stockholms län;80;Stockholm;6010;Nockebyhus SVPH;0;0;0;0;0;0;0;0;0;0;0;174;0;0;0;0;0;0;0;174
01;Stockholms län;80;Stockholm;6012;Tunets äldreboende/servicehus;0;0;0;0;0;0;0;0;0;0;0;65;0;0;0;0;0;0;0;65
01;Stockholms län;80;Stockholm;6013;Mälarbackens vård- och omsorgsboende;0;0;0;0;0;0;0;0;0;0;0;73;0;0;0;0;0;0;0;73
01;Stockholms län;80;Stockholm;6014;Brommagårdens vård- och omsorgsbo.;0;0;0;0;0;0;0;0;0;0;0;13;0;0;0;0;0;0;0;13
01;Stockholms län;80;Stockholm;6015;Skolörtens vård- och omsorgsboende;0;0;0;0;0;0;0;0;0;0;0;38;0;0;0;0;0;0;0;38
01;Stockholms län;80;Stockholm;6016;Hässelgårdens vård- och omsorgsbo.;0;0;0;0;0;0;0;0;0;0;0;39;0;0;0;0;0;0;0;39
01;Stockholms län;80;Stockholm;6018;Trekantens servicehus;0;0;0;0;0;0;0;0;0;0;0;41;0;0;0;0;0;0;0;41
01;Stockholms län;80;Stockholm;6019;Föreningen Blomsterfonden, Älvsjö;0;0;0;0;0;0;0;0;0;0;0;82;0;0;0;0;0;0;0;82
01;Stockholms län;80;Stockholm;6020;Älvsjö servicehus;0;0;0;0;0;0;0;0;0;0;0;63;0;0;0;0;0;0;0;63
01;Stockholms län;80;Stockholm;7906;Akalla Bibliotek;81;58;0;0;0;92;0;87;74;0;0;0;163;0;126;182;0;0;0;863
01;Stockholms län;80;Stockholm;7908;Kista Bibliotek;115;107;75;35;56;102;139;104;122;122;94;120;214;284;248;339;470;0;0;2746
01;Stockholms län;80;Stockholm;8032;Husby Bibliotek;47;37;35;29;0;58;0;77;58;56;46;0;97;0;148;148;206;236;0;1278
01;Stockholms län;80;Stockholm;8035;Rinkeby Medborgarkontor;82;102;44;0;0;93;86;80;109;54;0;0;128;0;198;311;206;0;0;1493
01;Stockholms län;80;Stockholm;8036;Spånga Bibliotek;191;0;183;95;0;199;0;319;0;307;177;0;374;0;588;0;579;357;0;3369
01;Stockholms län;80;Stockholm;8043;Tensta Bibliotek;65;46;38;61;0;78;48;72;53;66;61;0;114;117;187;225;0;251;0;1482
01;Stockholms län;80;Stockholm;8046;Hässelby Villastads Bibliotek;149;180;139;147;0;236;148;246;189;200;232;0;419;254;488;257;363;403;0;4050
01;Stockholms län;80;Stockholm;8050;Hässelby-Vällingby Stadsdelsförvaltn;107;132;141;0;0;184;188;180;159;157;0;0;215;281;285;333;379;0;0;2741
01;Stockholms län;80;Stockholm;8052;Vällingby Bibliotek;223;201;182;144;137;236;258;263;266;244;192;291;396;526;553;569;618;477;510;6286
01;Stockholms län;80;Stockholm;8054;Alviks Bibliotek;161;166;163;114;0;191;192;214;164;225;212;0;363;307;412;342;489;308;0;4023
01;Stockholms län;80;Stockholm;8055;Blackebergs Bibliotek;150;152;90;0;0;143;86;181;142;150;0;0;205;159;270;216;322;0;0;2266
01;Stockholms län;80;Stockholm;8056;Brommaplans Bibliotek;172;203;135;115;0;215;150;233;229;173;204;0;353;243;451;426;354;419;510;4585
01;Stockholms län;80;Stockholm;8058;Kungsholmens Bibliotek;320;308;228;148;137;296;328;259;266;267;192;227;401;493;513;583;657;392;249;6264
01;Stockholms län;80;Stockholm;8059;Lärarhögskolan;59;39;49;0;0;66;69;47;65;62;0;0;78;101;101;100;169;0;0;1005
01;Stockholms län;80;Stockholm;8060;Stora Essingens Bibliotek;0;63;0;0;0;82;0;0;56;0;0;0;90;0;0;97;0;0;0;388
01;Stockholms län;80;Stockholm;8061;Tekniska Nämndhuset;83;84;57;0;0;87;65;64;96;91;0;0;97;155;120;182;202;0;0;1383
01;Stockholms län;80;Stockholm;8062;Stadshuset;114;94;79;0;0;100;90;112;86;110;0;0;112;164;177;194;236;233;399;2300
01;Stockholms län;80;Stockholm;8063;Centralstationen;526;763;849;539;572;752;766;790;963;1088;790;917;1438;1654;1944;2646;3545;3044;3754;27340
01;Stockholms län;80;Stockholm;8067;Norrmalms Stadsdelsförvaltning;73;77;68;0;0;68;74;73;66;67;0;0;97;111;107;184;156;0;0;1221
01;Stockholms län;80;Stockholm;8069;Stadsbiblioteket;422;384;304;242;211;419;418;410;419;435;345;390;649;884;925;1177;1301;913;641;10889
01;Stockholms län;80;Stockholm;8070;Kulturhuset;108;219;188;149;113;175;230;233;228;304;207;197;368;578;714;763;1135;752;621;7282
01;Stockholms län;80;Stockholm;8071;Hjorthagens Bibliotek;29;19;0;0;0;34;0;26;18;0;0;0;55;0;54;63;0;0;0;298
01;Stockholms län;80;Stockholm;8072;Östermalms Stadsdelsförvaltning;63;61;75;0;0;71;72;76;67;57;0;0;97;124;150;154;198;0;0;1265
01;Stockholms län;80;Stockholm;8074;Östermalms Bibliotek;549;557;437;325;227;555;572;552;483;510;406;484;766;924;926;1026;1109;718;382;11508
01;Stockholms län;80;Stockholm;8075;Gamla stans Bibliotek;16;13;0;0;0;34;0;27;25;0;0;0;63;0;63;67;0;0;0;308
01;Stockholms län;80;Stockholm;8076;Hornstulls Bibliotek;230;197;170;135;78;242;212;220;232;203;180;176;333;372;439;545;618;456;322;5360
01;Stockholms län;80;Stockholm;8077;Medborgarplatsens Bibliotek;418;403;302;222;172;480;426;430;425;406;298;314;717;857;1056;1221;1360;760;0;10267
01;Stockholms län;80;Stockholm;8085;Luma Bibliotek;96;59;60;126;121;90;0;129;55;82;149;239;160;0;275;156;254;311;146;2508
01;Stockholms län;80;Stockholm;8088;Enskede Bibliotek;73;84;52;66;0;111;72;124;93;73;99;0;165;116;231;211;211;0;0;1781
01;Stockholms län;80;Stockholm;8090;Årsta Bibliotek;154;112;74;124;0;166;146;194;149;100;134;0;231;234;311;207;269;289;0;2894
01;Stockholms län;80;Stockholm;8095;Bagarmossens Bibliotek;89;109;90;68;0;110;0;164;116;130;78;0;196;0;338;218;337;292;0;2335
01;Stockholms län;80;Stockholm;8096;Björkh Bibl och Skarpn Stadsdelsförv;65;69;56;110;0;110;79;132;94;81;0;0;174;148;216;164;196;0;0;1694
01;Stockholms län;80;Stockholm;8097;Skarpnäcks Bibliotek;57;64;0;66;0;92;62;78;52;0;0;0;123;129;193;146;0;262;0;1324
01;Stockholms län;80;Stockholm;8100;Gubbängens Bibliotek;91;102;86;75;0;132;0;145;113;96;98;0;169;0;309;221;237;251;0;2125
01;Stockholms län;80;Stockholm;8102;Farsta Bibliotek;254;274;264;128;127;290;318;322;340;304;186;202;422;556;536;673;745;528;463;6932
01;Stockholms län;80;Stockholm;8104;Sköndals Bibliotek;115;121;0;0;0;221;0;135;134;0;0;0;228;0;212;206;0;0;0;1372
01;Stockholms län;80;Stockholm;8105;Hagsätra Bibliotek;83;111;99;0;0;155;0;143;0;104;0;0;141;0;225;198;226;0;0;1485
01;Stockholms län;80;Stockholm;8106;Högdalens Bibliotek;223;256;216;127;92;271;234;254;260;229;176;184;298;457;517;496;697;463;460;5910
01;Stockholms län;80;Stockholm;8108;Örby Bibliotek;40;32;0;0;0;82;0;42;31;0;0;0;101;0;90;77;0;0;0;495
01;Stockholms län;80;Stockholm;8110;Älvsjö Bibliotek och Medborgarkontor;150;105;126;74;0;157;162;173;134;156;109;0;287;274;357;286;431;301;0;3282
01;Stockholms län;80;Stockholm;8111;Aspuddens Bibliotek;113;88;98;82;0;105;66;134;106;121;137;0;177;123;263;236;358;337;0;2544
01;Stockholms län;80;Stockholm;8112;Gröndals Bibliotek;78;80;54;72;0;77;0;88;69;83;77;0;118;0;178;141;125;173;0;1413
01;Stockholms län;80;Stockholm;8114;Telefonplans Bibliotek;101;84;0;0;0;120;64;148;80;0;0;0;203;123;276;0;0;0;0;1199
01;Stockholms län;80;Stockholm;8115;Fruängens Bibliotek;174;202;0;196;0;281;166;248;219;0;244;0;357;250;486;380;0;0;0;3203
01;Stockholms län;80;Stockholm;8117;Hägerstensåsens Medborgarhus;87;65;90;0;0;74;66;66;72;89;0;0;109;146;145;153;282;0;0;1444
01;Stockholms län;80;Stockholm;8120;Bredängs Bibliotek;119;111;98;69;65;135;119;119;107;97;82;106;156;220;209;318;273;272;244;2919
01;Stockholms län;80;Stockholm;8121;Skärholmens Bibliotek;128;106;117;91;92;163;142;104;137;146;129;126;244;290;300;391;470;527;474;4177
01;Stockholms län;80;Stockholm;8124;Skärholmens Medborgarkontor;72;75;62;0;0;138;109;164;97;110;0;0;135;193;167;172;241;0;0;1735
01;Stockholms län;80;Stockholm;8891;Stockholms Universitet;76;99;121;0;0;155;151;153;194;160;0;0;267;317;351;443;624;0;0;3111
01;Stockholms län;80;Stockholm;8944;Kista servicehus;0;0;0;0;0;0;0;0;0;0;0;34;0;0;0;0;0;0;0;34
01;Stockholms län;80;Stockholm;8950;Blackebergs äldreboende;0;0;0;0;0;0;0;0;0;0;0;32;0;0;0;0;0;0;0;32
01;Stockholms län;80;Stockholm;8953;Tranebergs äldreboende;0;0;0;0;0;0;0;0;0;0;0;50;0;0;0;0;0;0;0;50
01;Stockholms län;80;Stockholm;8977;Kampementets vård- och omsorgsboende;0;0;0;0;0;0;0;0;0;0;0;41;0;0;0;0;0;0;0;41
01;Stockholms län;81;Södertälje;10004;Mötesplats Enhörna;0;0;81;0;0;0;0;77;0;0;0;0;64;0;134;0;0;0;0;356
01;Stockholms län;81;Södertälje;10005;Biblioteket Mölnbo;23;0;0;0;0;0;35;0;0;43;0;0;0;0;0;62;0;0;0;163
01;Stockholms län;81;Södertälje;10006;Hölöskolan;0;40;0;0;0;41;0;0;45;0;0;0;0;107;80;0;0;0;0;313
01;Stockholms län;81;Södertälje;10007;Samlingssal i Hovsjö;15;19;18;0;0;25;20;28;54;18;0;0;20;25;27;29;52;0;0;350
01;Stockholms län;81;Södertälje;10010;Bergviks servicehus;62;59;92;0;0;120;69;81;62;84;0;0;110;137;131;124;167;0;0;1298
01;Stockholms län;81;Södertälje;10011;ICA Maxi;163;192;223;243;191;234;267;282;313;319;356;348;368;473;567;597;828;960;0;6924
01;Stockholms län;81;Södertälje;12914;Bårstaskolan;27;28;15;0;0;33;13;23;15;23;0;0;18;26;55;40;44;0;0;360
01;Stockholms län;81;Södertälje;12916;Stadshuset;92;56;95;0;0;75;73;75;80;62;0;0;129;122;150;149;238;0;561;1957
01;Stockholms län;81;Södertälje;12918;Järna bibliotek;82;106;110;0;0;94;139;83;113;103;0;0;186;178;225;238;297;0;0;1954
01;Stockholms län;81;Södertälje;12919;Lunagallerian;146;253;218;165;0;313;299;324;312;329;259;0;389;456;529;563;743;541;0;5839
01;Stockholms län;81;Södertälje;12920;Fornhöjdens vårdcentral;36;50;41;0;0;57;44;58;45;62;0;0;69;68;71;74;129;0;0;804
01;Stockholms län;81;Södertälje;14061;Mobil enhet;3;2;0;0;0;5;24;2;3;3;0;0;7;62;41;11;44;0;0;207
01;Stockholms län;81;Södertälje;14062;Valbuss;45;63;12;26;0;62;128;46;32;38;36;0;139;59;55;25;48;103;0;917
01;Stockholms län;82;Nacka;10142;Nacka stadshus;0;0;0;0;0;0;0;0;0;0;0;0;0;0;0;0;0;0;154;154
01;Stockholms län;82;Nacka;10143;Bibliotek Orminge;196;204;203;214;101;193;216;186;251;256;167;189;348;433;396;484;626;442;0;5105
01;Stockholms län;82;Nacka;10146;Biblioteket Forum Nacka;231;347;256;223;171;368;284;310;355;324;350;337;525;580;676;743;838;0;0;6918
01;Stockholms län;82;Nacka;10147;Dieselverkstadens bibliotek;135;109;108;133;101;124;136;123;133;126;179;227;211;262;288;378;440;514;0;3727
01;Stockholms län;82;Nacka;10149;Bibliotek Älta;70;78;85;47;0;87;92;76;91;81;81;0;154;173;187;178;174;0;0;1654
01;Stockholms län;82;Nacka;10150;Bibliotek Fisksätra;50;48;70;32;0;81;50;49;61;44;35;0;95;100;107;168;181;0;0;1171
01;Stockholms län;82;Nacka;10151;Bibliotek Saltsjöbaden;142;184;179;101;0;207;181;198;184;227;175;0;297;245;338;301;310;384;0;3653
01;Stockholms län;83;Sundbyberg;6038;Ekbackens äldreboende;0;0;0;0;0;0;0;0;0;0;0;61;0;0;0;0;0;0;0;61
01;Stockholms län;83;Sundbyberg;6039;Lötsjögårdens äldreboende;0;0;0;0;0;0;0;0;0;0;0;33;0;0;0;0;0;0;0;33
01;Stockholms län;83;Sundbyberg;8813;Kommunförvaltningen i Rissne;26;25;22;33;0;45;37;25;85;48;45;0;73;105;124;171;179;136;147;1326
01;Stockholms län;83;Sundbyberg;8814;Hallonbergen Centrum Entréplan;102;109;111;43;0;132;167;128;129;116;65;0;185;246;289;351;403;294;0;2870
01;Stockholms län;83;Sundbyberg;8815;Huvudbiblioteket;232;174;183;148;0;247;244;259;224;260;212;0;470;565;535;542;685;515;0;5495
01;Stockholms län;84;Solna;12221;Skoga;0;0;0;0;0;57;50;58;51;32;0;0;50;66;79;80;89;0;0;612
01;Stockholms län;84;Solna;13686;Ankaret seniorträff;0;0;0;0;0;13;25;17;28;7;0;0;27;36;30;38;70;0;0;291
01;Stockholms län;84;Solna;13688;Gunnarbo seniorträff;0;0;0;0;0;24;15;13;14;11;0;0;28;28;27;35;62;0;0;257
01;Stockholms län;84;Solna;13727;Sockerbiten i Ritorp;0;0;0;0;0;33;30;28;11;15;0;0;43;54;53;52;33;0;0;352
01;Stockholms län;84;Solna;9334;Solna stadshus;226;202;150;0;0;216;189;213;191;170;0;0;289;342;357;630;657;524;802;5158
01;Stockholms län;84;Solna;9335;Huvudbiblioteket  Solna centrum;266;283;266;287;0;347;331;267;359;308;511;0;612;628;650;716;725;538;0;7094
01;Stockholms län;84;Solna;9337;Biblioteket Bergshamra;102;83;63;55;0;96;114;88;89;71;82;0;144;175;169;173;153;229;0;1886
01;Stockholms län;84;Solna;9340;Seniorstaden Hallen;0;0;0;0;0;68;54;39;52;42;0;0;49;64;62;71;91;0;0;592
01;Stockholms län;86;Lidingö;10976;Sabis Brevik;0;0;0;0;0;81;119;100;84;103;0;0;131;153;143;173;206;0;0;1293
01;Stockholms län;86;Lidingö;14077;Nilstorpsgården;0;0;0;0;0;0;0;0;0;0;0;8;0;0;0;0;0;0;0;8
01;Stockholms län;86;Lidingö;6048;Baggeby Gård;0;0;0;0;0;0;0;0;0;0;0;44;0;0;0;0;0;0;0;44
01;Stockholms län;86;Lidingö;6049;Högsätra servicehus;0;0;0;0;0;0;0;0;0;0;0;63;0;0;0;0;0;0;0;63
01;Stockholms län;86;Lidingö;6050;Siggebogården;0;0;0;0;0;0;0;0;0;0;0;38;0;0;0;0;0;0;0;38
01;Stockholms län;86;Lidingö;9091;Tor servicehus;0;0;0;0;0;0;0;0;0;0;0;24;0;0;0;0;0;0;0;24
01;Stockholms län;86;Lidingö;9093;Föreningsgården Larsberg;0;0;0;0;0;74;67;65;62;35;0;0;69;111;120;109;95;0;0;807
01;Stockholms län;86;Lidingö;9488;Stadshuset;408;417;338;294;0;437;405;380;450;420;505;0;734;748;748;807;903;700;205;8899
01;Stockholms län;87;Vaxholm;14006;Borgmästaregården;0;0;0;0;0;0;0;0;0;0;0;19;0;0;0;0;0;0;0;19
01;Stockholms län;87;Vaxholm;14007;Cyrillus;0;0;0;0;0;0;0;0;0;0;0;7;0;0;0;0;0;0;0;7
01;Stockholms län;87;Vaxholm;14008;Lägerbacken;0;0;0;0;0;0;0;0;0;0;0;16;0;0;0;0;0;0;0;16
01;Stockholms län;87;Vaxholm;8002;Stadsbiblioteket;76;101;115;70;0;132;116;170;98;117;107;0;236;218;319;225;244;227;111;2682
01;Stockholms län;88;Norrtälje;12724;Norrtälje stadsbibliotek;166;197;161;112;0;256;290;257;266;296;160;0;404;509;526;508;667;329;332;5436
01;Stockholms län;88;Norrtälje;12725;Gräddö skärgårdshandel;10;15;23;18;12;16;36;19;30;24;11;21;41;40;36;34;50;31;0;467
01;Stockholms län;88;Norrtälje;12726;ICA Nära, Edsbro;11;7;16;0;0;22;9;11;14;32;0;0;21;28;28;39;52;0;0;290
01;Stockholms län;88;Norrtälje;13562;McDonald´s;36;45;39;38;70;46;59;64;59;89;60;123;74;127;149;174;241;352;0;1845
01;Stockholms län;88;Norrtälje;13594;Rodengymnasiet;0;0;0;0;0;2;11;5;16;10;0;0;10;17;23;19;27;0;0;140
01;Stockholms län;88;Norrtälje;6054;Kriminalvårdsanstalten Norrtälje;0;0;0;0;0;0;0;0;0;0;0;75;0;0;0;0;0;0;0;75
01;Stockholms län;88;Norrtälje;9268;Kuggens Livs;17;12;5;6;13;11;3;14;10;8;6;12;12;24;12;15;18;27;0;225
01;Stockholms län;88;Norrtälje;9500;ICA Bergshamra;18;24;30;21;12;32;29;24;29;31;23;53;50;42;56;64;57;86;0;681
01;Stockholms län;88;Norrtälje;9513;Kommunhuset Ankaret, Norrtälje;73;90;89;0;0;87;82;93;85;96;0;0;135;176;146;163;178;0;73;1566
01;Stockholms län;88;Norrtälje;9523;Folkets Hus, Hallstavik;85;80;91;37;0;93;67;95;76;91;52;0;139;142;163;184;265;96;0;1756
01;Stockholms län;88;Norrtälje;9524;Rimbo Bibliotek;76;92;95;56;0;125;78;75;101;126;70;0;228;173;175;165;201;170;0;2006
01;Stockholms län;88;Norrtälje;9526;ICA Supermarket, Älmsta;58;54;66;19;0;73;53;65;78;72;37;0;122;113;112;110;158;105;0;1295
01;Stockholms län;88;Norrtälje;9527;Bilisten Furusunds Service Center AB;22;18;19;7;12;27;21;33;27;18;10;27;24;28;43;38;46;59;0;479
01;Stockholms län;88;Norrtälje;9529;Trafikbutiken Grisslehamn;12;18;2;13;10;10;22;8;18;29;15;26;51;21;49;52;45;49;0;450
01;Stockholms län;91;Sigtuna;13076;Kommunhuset;47;30;38;0;0;54;42;43;40;39;0;0;60;58;74;77;78;43;149;872
01;Stockholms län;91;Sigtuna;13604;Märsta Station;25;36;50;0;0;37;45;30;66;33;0;0;73;70;86;109;147;0;0;807
01;Stockholms län;91;Sigtuna;13608;Arlanda Flygplats, Terminal 5;38;30;33;0;0;45;36;51;53;56;0;0;95;102;133;144;254;30;0;1100
01;Stockholms län;91;Sigtuna;13609;Coop Extra;43;63;50;50;0;66;66;68;66;81;79;0;127;161;197;212;266;342;0;1937
01;Stockholms län;91;Sigtuna;13611;Eurostop Arlanda;12;19;26;29;0;25;26;25;23;38;65;0;62;76;103;76;117;171;0;893
01;Stockholms län;91;Sigtuna;13616;Tallskogen;0;0;0;0;0;0;0;0;0;0;0;3;0;0;0;0;0;0;0;3
01;Stockholms län;91;Sigtuna;13617;Ymer;0;0;0;0;0;0;0;0;0;0;0;19;0;0;0;0;0;0;0;19
01;Stockholms län;91;Sigtuna;14091;Valbuss 1;0;0;0;0;0;0;0;0;25;31;18;39;24;21;35;29;35;32;0;289
01;Stockholms län;91;Sigtuna;14092;Valbuss 2;0;0;0;0;0;0;0;0;11;25;28;51;34;27;55;35;25;43;0;334
01;Stockholms län;91;Sigtuna;6064;Klockargårdens servicehus;0;0;0;0;0;0;0;0;0;0;0;9;0;0;0;0;0;0;0;9
01;Stockholms län;91;Sigtuna;6065;Storboda Kriminalvårdsanstalt;0;0;0;0;0;0;0;0;0;0;0;54;0;0;0;0;0;0;0;54
01;Stockholms län;91;Sigtuna;6067;Hemskogens sjukhem;0;0;0;0;0;0;0;0;0;0;0;16;0;0;0;0;0;0;0;16
01;Stockholms län;91;Sigtuna;6068;Ärlinghem;0;0;0;0;0;0;0;0;0;0;0;20;0;0;0;0;0;0;0;20
01;Stockholms län;91;Sigtuna;8047;Märsta bibliotek;119;102;113;77;0;129;143;147;136;107;113;0;151;198;174;249;260;227;0;2445
01;Stockholms län;91;Sigtuna;8048;Valstabiblioteket;44;39;30;0;0;34;53;47;45;26;0;0;103;104;96;119;110;16;0;866
01;Stockholms län;91;Sigtuna;8049;Sigtuna bibliotek;109;100;91;94;0;120;90;122;91;85;89;0;115;139;191;148;183;210;0;1977
01;Stockholms län;91;Sigtuna;9141;Rosersbergs bibliotek;22;13;6;0;0;25;12;31;13;19;0;0;78;28;62;21;30;0;0;360
01;Stockholms län;92;Nynäshamn;12953;Folkets Hus Nynäshamn;132;145;165;93;0;191;202;175;136;164;129;0;220;272;256;284;314;226;166;3270
01;Stockholms län;92;Nynäshamn;12954;Centrumhuset Ösmo Centrum;30;45;34;0;0;39;37;37;43;28;0;0;34;63;63;94;83;0;0;630
01;Stockholms län;92;Nynäshamn;13593;ICA Kvantum Nynäshamn;54;74;103;57;0;80;102;79;77;142;103;0;135;207;188;236;251;279;0;2167
01;Stockholms län;92;Nynäshamn;14100;Nynäshamns gymnasium;0;0;0;0;0;0;0;0;12;0;0;0;0;0;0;30;0;0;0;42
01;Stockholms län;92;Nynäshamn;6070;Rosengården;0;0;0;0;0;0;0;0;0;0;0;42;0;0;0;0;0;0;0;42
01;Stockholms län;92;Nynäshamn;6071;Tallåsens ålderdomshem;0;0;0;0;0;0;0;0;0;0;0;8;0;0;0;0;0;0;0;8
01;Stockholms län;92;Nynäshamn;6072;Sunnerbo ålderdomshem;0;0;0;0;0;0;0;0;0;0;0;19;0;0;0;0;0;0;0;19
01;Stockholms län;92;Nynäshamn;6073;Servicehuset Balder;0;0;0;0;0;0;0;0;0;0;0;37;0;0;0;0;0;0;0;37
01;Stockholms län;92;Nynäshamn;7900;Sorunda församlingshem;0;0;0;0;0;0;0;0;0;0;0;0;110;52;68;70;58;0;0;358
03;Uppsala län;05;Håbo;10260;Kommunhuset;143;136;136;58;0;165;124;179;176;159;157;0;335;342;370;484;455;351;0;3770
03;Uppsala län;05;Håbo;10263;Slottsskolan;0;0;0;0;0;0;0;48;40;0;0;0;0;0;0;0;0;0;0;88
03;Uppsala län;05;Håbo;6074;Äldreboendet Pomona;0;0;0;0;0;0;0;0;0;0;0;37;0;0;0;0;0;0;0;37
03;Uppsala län;19;Älvkarleby;6075;Servicehuset Fyrklövern;0;0;0;0;0;0;0;0;0;0;0;0;29;0;0;0;0;0;0;29
03;Uppsala län;19;Älvkarleby;9924;Biblioteket Skutskär;114;114;100;37;32;109;135;160;107;151;75;64;226;226;279;170;275;165;64;2603
03;Uppsala län;30;Knivsta;9826;Bokfickan;83;122;91;0;0;124;99;93;131;114;0;0;245;251;291;411;329;247;81;2712
03;Uppsala län;31;Heby;12143;Birgittagården, Harbo;0;0;0;0;0;0;51;0;0;0;0;0;0;0;21;0;0;0;0;72
03;Uppsala län;31;Heby;13690;Församlingshemmet, Huddunge;0;15;0;0;0;0;0;50;0;0;0;0;0;0;0;0;0;0;168;233
03;Uppsala län;31;Heby;13692;Enåkers Bygdegård;0;0;20;0;0;0;0;0;42;0;0;0;0;0;0;0;0;0;173;235
03;Uppsala län;31;Heby;13693;Vittinge Restaurang;0;0;0;0;0;20;0;0;0;0;0;0;0;82;0;0;0;0;97;199
03;Uppsala län;31;Heby;7171;Tegelbacken;0;0;0;0;0;0;0;0;0;0;0;3;0;0;0;0;0;0;0;3
03;Uppsala län;31;Heby;7175;Tallgården;0;0;0;0;0;0;0;0;0;0;0;10;0;0;0;0;0;0;0;10
03;Uppsala län;31;Heby;7176;Kvarnängen;0;0;0;0;0;0;0;0;0;0;0;9;0;0;0;0;0;0;0;9
03;Uppsala län;31;Heby;9798;Kommunkontoret, Heby;26;46;51;13;21;38;44;46;48;56;32;53;68;83;129;164;137;75;39;1169
03;Uppsala län;31;Heby;9799;Rungården, Morgongåva;0;0;0;0;0;65;0;0;0;0;0;0;0;52;0;0;0;0;0;117
03;Uppsala län;31;Heby;9800;Liljebacken, Tärnsjö;0;0;0;0;0;0;0;0;0;63;0;0;101;0;0;0;0;0;0;164
03;Uppsala län;31;Heby;9811;Förvaltningskontoret, Östervåla;16;25;16;0;0;30;36;40;26;50;42;48;78;63;137;104;100;84;0;895
03;Uppsala län;60;Tierp;12547;Mehede skola;0;0;0;0;0;0;0;0;0;0;0;0;0;0;0;0;0;0;245;245
03;Uppsala län;60;Tierp;14129;Högbergsskolan;0;0;0;0;0;0;0;0;0;0;0;0;0;0;11;0;12;0;0;23
03;Uppsala län;60;Tierp;8723;Kommunhuset, Tierps köping;78;81;65;0;0;136;117;124;121;136;0;0;211;253;268;258;375;128;82;2433
03;Uppsala län;60;Tierp;8724;Missionskyrkan, Karlholm;25;20;14;0;0;21;28;27;33;28;0;0;50;57;57;54;68;0;0;482
03;Uppsala län;60;Tierp;8725;Centrumhuset, Skärplinge;17;26;21;0;0;20;46;34;46;47;0;0;61;62;75;94;90;0;0;639
03;Uppsala län;60;Tierp;8726;Hembygdsgården, Söderfors;10;15;19;0;0;21;40;32;19;15;0;0;53;48;47;40;65;0;0;424
03;Uppsala län;60;Tierp;8727;Biblioteket, Örbyhus;33;23;24;0;0;50;43;34;49;36;0;0;84;69;95;85;105;0;0;730
03;Uppsala län;80;Uppsala;10258;Ulleråkersbiblioteket;41;14;0;0;0;32;22;29;27;0;0;0;31;25;98;25;0;0;0;344
03;Uppsala län;80;Uppsala;10259;Vängebiblioteket;13;13;0;0;0;11;0;18;26;0;0;0;19;0;26;56;0;0;0;182
03;Uppsala län;80;Uppsala;10285;Akademiska sjukhuset, biblioteket;17;24;34;0;0;27;40;42;52;42;0;0;89;86;108;127;161;0;0;849
03;Uppsala län;80;Uppsala;12662;Knutby Björkgården;0;22;0;0;0;0;0;0;32;0;0;0;0;0;0;78;0;0;0;132
03;Uppsala län;80;Uppsala;12663;Gränby Centrum;199;288;313;269;273;293;330;332;400;427;408;570;585;663;824;944;1221;1349;722;10410
03;Uppsala län;80;Uppsala;12742;Ekonomikum;105;98;91;97;0;92;101;134;116;122;122;0;241;294;389;454;702;534;0;3692
03;Uppsala län;80;Uppsala;12743;Stenhagens bibliotek;37;35;32;41;0;53;26;49;34;45;70;0;52;62;119;88;145;215;200;1303
03;Uppsala län;80;Uppsala;12748;Balders vårdboende;0;0;0;0;0;0;0;0;0;0;0;9;0;0;0;0;0;0;0;9
03;Uppsala län;80;Uppsala;12749;Stiftelsen Andreas Ands Minne;0;0;0;0;0;0;0;0;0;0;0;14;0;0;0;0;0;0;0;14
03;Uppsala län;80;Uppsala;13770;Coop Forum;31;43;47;68;66;42;72;65;78;75;104;137;136;148;134;203;315;339;139;2242
03;Uppsala län;80;Uppsala;13771;Fyrishov;77;63;64;75;83;57;79;94;73;87;71;211;139;180;216;241;334;422;172;2738
03;Uppsala län;80;Uppsala;13772;SLU Sveriges Lantbruksuniversitet;13;29;31;0;0;26;28;18;30;43;0;0;54;85;126;137;192;0;0;812
03;Uppsala län;80;Uppsala;13773;Uppsala Konsert & Kongress;125;120;113;0;0;160;153;128;137;164;0;0;205;267;291;357;535;0;0;2755
03;Uppsala län;80;Uppsala;13908;Ebbagården/Kungsängsgården;0;0;0;0;0;0;0;0;0;0;0;10;0;0;0;0;0;0;0;10
03;Uppsala län;80;Uppsala;13909;Bernadotte vårdboende;0;0;0;0;0;0;0;0;0;0;0;23;0;0;0;0;0;0;0;23
03;Uppsala län;80;Uppsala;13910;Björklingegården;0;0;0;0;0;0;0;0;0;0;0;3;0;0;0;0;0;0;0;3
03;Uppsala län;80;Uppsala;13911;Eriksdalsgården;0;0;0;0;0;0;0;0;0;0;0;15;0;0;0;0;0;0;0;15
03;Uppsala län;80;Uppsala;13912;Ferlins vårdboende;0;0;0;0;0;0;0;0;0;0;0;16;0;0;0;0;0;0;0;16
03;Uppsala län;80;Uppsala;13913;Frodegården;0;0;0;0;0;0;0;0;0;0;0;1;0;0;0;0;0;0;0;1
03;Uppsala län;80;Uppsala;13914;Galaxen;0;0;0;0;0;0;0;0;0;0;0;6;0;0;0;0;0;0;0;6
03;Uppsala län;80;Uppsala;13915;Gillbergska huset;0;0;0;0;0;0;0;0;0;0;0;6;0;0;0;0;0;0;0;6
03;Uppsala län;80;Uppsala;13916;Gnejsens vårdboende;0;0;0;0;0;0;0;0;0;0;0;5;0;0;0;0;0;0;0;5
03;Uppsala län;80;Uppsala;13917;Granbommen;0;0;0;0;0;0;0;0;0;0;0;6;0;0;0;0;0;0;0;6
03;Uppsala län;80;Uppsala;13918;Hasselparken;0;0;0;0;0;0;0;0;0;0;0;18;0;0;0;0;0;0;0;18
03;Uppsala län;80;Uppsala;13919;Höganäs vårdboende;0;0;0;0;0;0;0;0;0;0;0;5;0;0;0;0;0;0;0;5
03;Uppsala län;80;Uppsala;13920;Västergårdens vårdboende;0;0;0;0;0;0;0;0;0;0;0;3;0;0;0;0;0;0;0;3
03;Uppsala län;80;Uppsala;13921;Linné vårdboende;0;0;0;0;0;0;0;0;0;0;0;18;0;0;0;0;0;0;0;18
03;Uppsala län;80;Uppsala;13922;Lundgården;0;0;0;0;0;0;0;0;0;0;0;5;0;0;0;0;0;0;0;5
03;Uppsala län;80;Uppsala;13923;Skogsgården;0;0;0;0;0;0;0;0;0;0;0;6;0;0;0;0;0;0;0;6
03;Uppsala län;80;Uppsala;13924;Stenhagens vårdboende;0;0;0;0;0;0;0;0;0;0;0;12;0;0;0;0;0;0;0;12
03;Uppsala län;80;Uppsala;13925;Sävjahus;0;0;0;0;0;0;0;0;0;0;0;7;0;0;0;0;0;0;0;7
03;Uppsala län;80;Uppsala;13926;Tavastehus vårdboende;0;0;0;0;0;0;0;0;0;0;0;3;0;0;0;0;0;0;0;3
03;Uppsala län;80;Uppsala;13927;Tunåsen;0;0;0;0;0;0;0;0;0;0;0;10;0;0;0;0;0;0;0;10
03;Uppsala län;80;Uppsala;13928;Vigmund;0;0;0;0;0;0;0;0;0;0;0;4;0;0;0;0;0;0;0;4
03;Uppsala län;80;Uppsala;6076;Hagundagården;0;0;0;0;0;0;0;0;0;0;0;14;0;0;0;0;0;0;0;14
03;Uppsala län;80;Uppsala;6077;Myrbergska gården;0;0;0;0;0;0;0;0;0;0;0;15;0;0;0;0;0;0;0;15
03;Uppsala län;80;Uppsala;6079;Dalbyhemmet;0;0;0;0;0;0;0;0;0;0;0;8;0;0;0;0;0;0;0;8
03;Uppsala län;80;Uppsala;6082;Björngårdens Äldreboende;0;0;0;0;0;0;0;0;0;0;0;8;0;0;0;0;0;0;0;8
03;Uppsala län;80;Uppsala;6090;Glimmervägens vårdboende;0;0;0;0;0;0;0;0;0;0;0;9;0;0;0;0;0;0;0;9
03;Uppsala län;80;Uppsala;8681;Stadsbiblioteket;250;294;248;161;78;335;327;301;292;354;293;186;598;721;890;989;954;612;0;7883
03;Uppsala län;80;Uppsala;9293;Almungebiblioteket;0;0;0;0;0;54;0;0;0;0;0;0;93;0;0;0;0;0;0;147
03;Uppsala län;80;Uppsala;9294;Björklingebiblioteket;0;82;0;0;0;57;69;0;97;0;0;0;80;161;0;207;0;0;0;753
03;Uppsala län;80;Uppsala;9295;Brantingsbiblioteket;58;87;52;36;0;104;91;80;83;84;50;0;132;128;107;177;178;130;0;1577
03;Uppsala län;80;Uppsala;9296;Bälingebiblioteket;28;0;0;29;0;30;38;30;0;0;49;0;51;117;70;0;0;91;0;533
03;Uppsala län;80;Uppsala;9297;Eriksbergsbiblioteket;88;64;38;0;0;72;111;98;72;89;0;0;107;178;197;167;200;0;0;1481
03;Uppsala län;80;Uppsala;9299;Gottsundabiblioteket;128;158;123;87;62;183;192;201;218;182;111;115;316;313;372;401;489;344;0;3995
03;Uppsala län;80;Uppsala;9301;Gränbybiblioteket;16;11;0;0;0;15;23;31;14;0;0;0;25;38;45;41;0;0;0;259
03;Uppsala län;80;Uppsala;9302;Lännabiblioteket,;0;0;0;0;0;0;37;0;0;0;0;0;0;42;0;0;0;0;0;79
03;Uppsala län;80;Uppsala;9303;Nyby Servicehus;21;0;43;0;0;21;0;45;0;43;0;0;62;0;59;0;61;0;0;355
03;Uppsala län;80;Uppsala;9304;Gåvsta skola;0;16;0;0;0;0;34;0;20;0;0;0;0;36;0;42;0;0;0;148
03;Uppsala län;80;Uppsala;9305;Storvretabiblioteket;40;60;0;42;0;46;58;42;72;0;59;0;76;116;92;171;0;172;0;1046
03;Uppsala län;80;Uppsala;9306;Sävjabiblioteket;38;55;0;0;0;42;77;49;82;0;0;0;77;123;62;170;0;0;0;775
03;Uppsala län;80;Uppsala;9760;Godtemplargården;14;0;0;0;0;0;0;26;0;0;0;0;0;0;39;0;0;0;0;79
03;Uppsala län;80;Uppsala;9761;Järlåsabiblioteket;14;0;0;0;0;0;0;51;0;0;0;0;0;0;59;0;0;0;0;124
03;Uppsala län;80;Uppsala;9763;Vattholmabiblioteket;0;22;0;0;0;15;22;0;24;0;0;0;29;42;0;64;0;0;0;218
03;Uppsala län;80;Uppsala;9781;Stadshuset;64;62;62;0;0;55;72;97;63;68;0;0;111;180;241;277;376;0;741;2469
03;Uppsala län;81;Enköping;14042;Westerlundska Gymnasiet;0;0;0;0;0;0;0;0;0;0;0;0;0;11;16;38;0;0;0;65
03;Uppsala län;81;Enköping;9478;Filialbibliotek i Fjärdhundra;0;15;13;7;0;0;17;0;17;22;12;0;0;51;0;66;26;22;0;268
03;Uppsala län;81;Enköping;9479;Filialbibliotek i Grillby;0;10;0;0;0;0;35;0;26;0;0;0;0;62;0;72;0;0;0;205
03;Uppsala län;81;Enköping;9481;Filialbibliotek i Örsundsbro;0;29;30;0;0;28;32;0;52;0;59;0;46;97;0;165;0;101;0;639
03;Uppsala län;81;Enköping;9741;Infocenter i Kommunhuset;217;238;282;154;131;339;298;329;369;403;182;243;505;585;688;752;867;495;178;7255
03;Uppsala län;82;Östhammar;13728;Valö församlingshem;0;0;0;0;0;0;0;0;60;0;0;0;0;0;0;101;0;0;0;161
03;Uppsala län;82;Östhammar;7915;Biblioteket, Gimo;0;0;0;0;0;85;0;87;79;94;0;0;104;84;147;143;134;0;0;957
03;Uppsala län;82;Östhammar;7916;Biblioteket, Österbybruk;0;0;0;0;0;47;0;77;77;56;0;0;141;60;132;140;128;0;0;858
03;Uppsala län;82;Östhammar;7917;Biblioteket, Öregrund;0;0;0;0;0;66;0;67;48;66;0;0;68;42;103;91;99;0;0;650
03;Uppsala län;82;Östhammar;7918;Kommunkontoret, Östhammar;43;86;0;0;0;106;90;145;136;99;0;0;171;200;248;263;123;149;98;1957
03;Uppsala län;82;Östhammar;9772;Biblioteket, Alunda;0;0;0;0;0;33;0;98;47;52;0;0;46;62;193;77;58;0;0;666
04;Södermanlands län;28;Vingåker;6092;Humlegården;0;0;0;0;0;0;0;0;0;0;0;9;0;0;0;0;0;0;0;9
04;Södermanlands län;28;Vingåker;8588;Åbrogården Vingåker;71;52;62;0;0;65;102;70;131;90;0;0;141;171;136;265;209;0;0;1565
04;Södermanlands län;28;Vingåker;8589;Kommunhuset Vingåker;2;0;1;0;0;1;0;3;6;2;0;0;1;6;8;4;12;77;44;167
04;Södermanlands län;61;Gnesta;9486;Medborgarkontoret;81;104;110;43;0;116;120;112;130;138;66;0;172;265;200;334;305;187;48;2531
04;Södermanlands län;80;Nyköping;10515;Hållets/Arkens äldreboende;0;0;0;0;0;0;0;0;0;0;0;20;0;0;0;0;0;0;0;20
04;Södermanlands län;80;Nyköping;10695;Culturum;0;0;0;0;0;0;0;0;0;0;0;0;0;0;0;0;0;243;145;388
04;Södermanlands län;80;Nyköping;13556;Brandholmens Äldreboende;0;0;0;0;0;0;0;0;0;0;0;16;0;0;0;0;0;0;0;16
04;Södermanlands län;80;Nyköping;6097;Fruängskällans Äldreboende;0;0;0;0;0;0;0;0;0;0;0;26;0;0;0;0;0;0;0;26
04;Södermanlands län;80;Nyköping;6098;Sankt Anna Äldreboende;0;0;0;0;0;0;0;0;0;0;0;17;0;0;0;0;0;0;0;17
04;Södermanlands län;80;Nyköping;6102;Väverskans Äldreboende;0;0;0;0;0;0;0;0;0;0;0;15;0;0;0;0;0;0;0;15
04;Södermanlands län;80;Nyköping;6107;Björkgårdens Äldreboende;0;0;0;0;0;0;0;0;0;0;0;12;0;0;0;0;0;0;0;12
04;Södermanlands län;80;Nyköping;6109;Häktet;0;0;0;0;0;0;0;0;0;0;0;10;0;0;0;0;0;0;0;10
04;Södermanlands län;80;Nyköping;6110;Kriminalvårdsanstalten Arnö;0;0;0;0;0;0;0;0;0;0;0;50;0;0;0;0;0;0;0;50
04;Södermanlands län;80;Nyköping;8140;Mariebergsgården, Brandkärr;0;0;0;0;0;126;139;84;123;94;0;0;160;147;164;183;193;0;0;1413
04;Södermanlands län;80;Nyköping;8141;S:ta Katarina församlingshem;0;0;0;0;0;40;43;53;49;49;0;0;83;60;97;70;125;0;0;669
04;Södermanlands län;80;Nyköping;8142;Stigtomtagården;0;0;0;0;0;26;42;42;43;33;0;0;65;75;86;67;72;0;0;551
04;Södermanlands län;80;Nyköping;8154;Lundagården;0;0;0;0;0;23;15;24;25;21;0;0;43;35;42;42;44;0;0;314
04;Södermanlands län;80;Nyköping;8155;Brukslokalen, Nävekvarn;0;0;0;0;0;25;21;35;34;34;0;0;53;64;48;58;67;0;0;439
04;Södermanlands län;80;Nyköping;8163;Vrena församlingshem;0;0;0;0;0;10;18;23;24;25;0;0;27;28;20;22;43;0;0;240
04;Södermanlands län;80;Nyköping;8164;S:t Botvidsgården;0;0;0;0;0;22;21;29;27;32;0;0;53;42;72;70;66;0;0;434
04;Södermanlands län;80;Nyköping;8165;Stadshuset, Nyköpings centrum;329;276;319;203;0;340;328;427;362;399;319;0;651;739;847;875;1097;0;0;7511
04;Södermanlands län;81;Oxelösund;14102;Oxelösunds bibliotek;141;160;147;65;56;178;173;181;190;248;124;96;276;293;373;350;388;171;50;3660
04;Södermanlands län;81;Oxelösund;6111;Björntorp;0;0;0;0;0;0;0;0;0;0;0;0;0;0;28;0;0;0;0;28
04;Södermanlands län;81;Oxelösund;6112;Sjötångens äldreboende;0;0;0;0;0;0;0;0;0;0;0;0;0;0;29;0;0;0;0;29
04;Södermanlands län;82;Flen;13895;Bettna skola;8;7;10;0;0;10;2;11;19;11;0;0;19;27;18;56;26;0;0;224
04;Södermanlands län;82;Flen;13900;Ekbackens skola, Sparreholm;9;23;8;0;0;7;9;9;28;17;0;0;26;48;22;65;33;0;0;304
04;Södermanlands län;82;Flen;13901;Träffpunkten, Mellösa;8;26;7;0;0;11;8;5;14;16;0;0;19;31;10;19;21;0;0;195
04;Södermanlands län;82;Flen;9568;Flen Biblioteket;59;111;87;19;0;97;97;108;140;133;94;0;217;290;250;274;288;178;0;2442
04;Södermanlands län;82;Flen;9576;Folkets Hus, Hälleforsnäs;11;49;23;0;0;25;31;18;32;11;0;0;43;47;46;61;53;0;0;450
04;Södermanlands län;82;Flen;9586;Malmköping  Biblioteket;29;46;27;0;0;40;30;55;78;41;0;0;80;93;68;136;120;0;0;843
04;Södermanlands län;82;Flen;9597;Flen  Stadshuset;0;0;0;0;0;0;0;0;0;0;0;0;0;0;0;0;0;0;45;45
04;Södermanlands län;83;Katrineholm;11077;Strångsjö skola;0;0;0;0;0;0;0;0;0;0;0;0;0;0;20;38;34;0;0;92
04;Södermanlands län;83;Katrineholm;11078;Glindrans skola;0;0;0;0;0;0;0;0;0;0;0;0;0;0;31;44;30;0;0;105
04;Södermanlands län;83;Katrineholm;11079;Floda, sockenstuga;0;0;0;0;0;0;0;0;0;0;0;0;0;0;82;88;79;0;0;249
04;Södermanlands län;83;Katrineholm;11683;Duveholmsgymnasiet;0;0;0;0;0;0;0;0;0;0;0;0;0;0;34;55;52;0;0;141
04;Södermanlands län;83;Katrineholm;13438;Kullbergska sjukhuset;0;0;0;0;0;0;0;0;0;0;0;8;0;0;0;0;0;0;0;8
04;Södermanlands län;83;Katrineholm;6116;Karsuddens sjukhus;0;0;0;0;0;0;0;0;0;0;0;53;0;0;0;0;0;0;0;53
04;Södermanlands län;83;Katrineholm;6117;Igelkottens servicehus;0;0;0;0;0;0;0;0;0;0;0;32;0;0;0;0;0;0;0;32
04;Södermanlands län;83;Katrineholm;6118;Panterns servicehus;0;0;0;0;0;0;0;0;0;0;0;19;0;0;0;0;0;0;0;19
04;Södermanlands län;83;Katrineholm;6119;Furulidens ålderdomshem;0;0;0;0;0;0;0;0;0;0;0;15;0;0;0;0;0;0;0;15
04;Södermanlands län;83;Katrineholm;6121;Lövåsens sjukhem;0;0;0;0;0;0;0;0;0;0;0;15;0;0;0;0;0;0;0;15
04;Södermanlands län;83;Katrineholm;9284;Bibliotek/kulturhuset Ängeln;248;288;286;169;0;350;302;361;340;399;229;0;678;511;604;685;874;514;257;7095
04;Södermanlands län;83;Katrineholm;9298;Nyhemsskolan;0;0;0;0;0;24;18;25;24;21;0;0;46;31;23;55;33;0;0;300
04;Södermanlands län;83;Katrineholm;9300;Valla skola;0;0;0;0;0;0;0;0;0;0;0;0;40;38;62;86;67;0;0;293
04;Södermanlands län;83;Katrineholm;9308;Julita skola;0;0;0;0;0;0;0;0;0;0;0;0;40;38;28;32;29;0;0;167
04;Södermanlands län;83;Katrineholm;9310;Björkviks skola;0;0;0;0;0;0;0;0;0;0;0;0;45;42;38;32;40;0;0;197
04;Södermanlands län;83;Katrineholm;9318;Strandgårdens äldreboende;0;0;0;0;0;0;0;0;0;0;0;18;0;0;0;0;0;0;0;18
04;Södermanlands län;84;Eskilstuna;10815;Mälarsjukhuset;57;75;48;0;0;64;88;81;109;41;0;0;126;134;168;173;103;0;0;1267
04;Södermanlands län;84;Eskilstuna;10816;ICA Maxi;11;33;37;40;0;48;25;43;70;69;95;0;106;109;94;195;206;236;0;1417
04;Södermanlands län;84;Eskilstuna;10817;Coop Forum;29;86;38;64;0;42;27;53;134;82;112;0;133;120;132;289;179;256;0;1776
04;Södermanlands län;84;Eskilstuna;10818;Träffpunkten/Demokraticentrum;0;10;0;0;0;0;6;0;4;0;0;0;0;9;0;21;0;0;0;50
04;Södermanlands län;84;Eskilstuna;11671;Hällbybrunns IF;23;30;19;0;0;18;63;23;64;18;0;0;44;108;50;139;43;0;0;642
04;Södermanlands län;84;Eskilstuna;11881;Rekarnegymnasiet;0;0;0;0;0;0;0;0;0;0;0;0;0;0;0;114;0;0;0;114
04;Södermanlands län;84;Eskilstuna;11882;Rinmangymnasiet;0;0;0;0;0;0;0;0;0;0;0;0;0;0;29;0;0;0;0;29
04;Södermanlands län;84;Eskilstuna;11883;St Eskils gymnasium;0;0;0;0;0;0;0;0;0;0;0;0;0;39;0;0;0;0;0;39
04;Södermanlands län;84;Eskilstuna;13624;ICA Ekängen;44;46;41;74;0;38;31;83;92;43;118;0;102;88;162;149;149;189;0;1449
04;Södermanlands län;84;Eskilstuna;13626;Lagersbergs bibliotek;0;21;11;0;0;37;8;0;34;9;0;0;60;35;0;32;42;0;0;289
04;Södermanlands län;84;Eskilstuna;13629;Skogstorps IF;16;61;0;0;0;33;8;27;105;0;0;0;61;31;62;156;0;0;0;560
04;Södermanlands län;84;Eskilstuna;13634;Måsta Äng;26;24;14;0;0;18;26;22;20;36;0;0;50;44;51;27;42;0;0;400
04;Södermanlands län;84;Eskilstuna;13704;Finska Föreningen, Torshälla;11;10;2;0;0;9;3;14;13;7;0;0;22;18;23;15;24;0;0;171
04;Södermanlands län;84;Eskilstuna;6126;Hällbyanstalten;0;0;0;0;0;0;0;0;0;0;0;0;0;0;0;0;0;0;75;75
04;Södermanlands län;84;Eskilstuna;8273;Stadshuset;184;180;190;0;0;222;174;197;207;224;0;0;293;297;297;353;539;262;549;4168
04;Södermanlands län;84;Eskilstuna;8275;Stadsbiblioteket;102;102;106;78;0;151;132;112;122;143;161;0;237;210;237;248;340;250;0;2731
04;Södermanlands län;84;Eskilstuna;8276;Underhund/Demokraticentrum;37;58;56;38;0;47;60;53;73;58;43;0;82;69;84;76;105;120;0;1059
04;Södermanlands län;84;Eskilstuna;8277;Mälardalens Högskola;12;10;8;0;0;19;19;16;26;21;0;0;23;34;52;63;97;0;0;400
04;Södermanlands län;84;Eskilstuna;8279;Valbussen;111;46;67;84;65;52;140;96;115;144;180;169;192;148;159;133;180;135;0;2216
04;Södermanlands län;84;Eskilstuna;8281;Medborgarkontoret, Torshälla;83;83;75;0;0;100;71;90;131;104;85;0;150;159;170;197;199;121;54;1872
04;Södermanlands län;84;Eskilstuna;8283;Årby bibliotek/Demokraticentr.;32;52;76;0;0;73;35;30;43;40;0;0;77;67;87;65;85;0;0;762
04;Södermanlands län;84;Eskilstuna;8284;Tallgläntan;12;6;5;0;0;9;0;20;12;6;0;0;9;0;24;8;12;0;0;123
04;Södermanlands län;84;Eskilstuna;8712;Oxen;18;14;10;0;0;23;15;8;16;28;0;0;27;20;26;31;45;0;0;281
04;Södermanlands län;84;Eskilstuna;8713;Palatzet/Demokraticentrum;12;17;16;0;0;0;19;19;14;22;0;0;0;34;58;23;51;0;0;285
04;Södermanlands län;84;Eskilstuna;8715;ICA Bron Kvicksund;7;17;25;10;14;11;12;24;15;22;21;21;29;31;26;49;38;79;39;490
04;Södermanlands län;84;Eskilstuna;8716;Stora Sundby GoIF;7;4;15;0;0;11;18;11;16;19;0;0;40;19;29;16;56;0;0;261
04;Södermanlands län;84;Eskilstuna;8717;Coop Nära Ärla;10;13;5;10;8;15;13;13;16;16;23;23;34;41;52;55;73;62;23;505
04;Södermanlands län;84;Eskilstuna;9927;Tunagården;11;19;26;0;0;28;21;13;22;17;0;0;39;23;29;31;52;0;0;331
04;Södermanlands län;86;Strängnäs;13565;Finningeskolan;0;0;0;0;0;3;7;14;5;3;0;0;16;19;0;0;19;0;0;86
04;Södermanlands län;86;Strängnäs;13621;Campus Eldsund, f.d. P 10;0;0;0;0;0;0;0;0;1;3;0;0;0;0;0;9;3;0;0;16
04;Södermanlands län;86;Strängnäs;13694;Europaskolan;0;0;0;0;0;0;0;0;3;0;0;0;0;0;0;7;5;0;0;15
04;Södermanlands län;86;Strängnäs;6132;Kristinagården;0;0;0;0;0;0;0;0;0;0;0;20;0;0;0;0;0;0;0;20
04;Södermanlands län;86;Strängnäs;6133;Isabellagården, sjukhem;0;0;0;0;0;0;0;0;0;0;0;24;0;0;0;0;0;0;0;24
04;Södermanlands län;86;Strängnäs;6134;Mariagården;0;0;0;0;0;0;0;0;0;0;0;19;0;0;0;0;0;0;0;19
04;Södermanlands län;86;Strängnäs;6135;Thomasgården;0;0;0;0;0;0;0;0;0;0;0;17;0;0;0;0;0;0;0;17
04;Södermanlands län;86;Strängnäs;6136;Sictoniagården;0;0;0;0;0;0;0;0;0;0;0;13;0;0;0;0;0;0;0;13
04;Södermanlands län;86;Strängnäs;6137;Riagården;0;0;0;0;0;0;0;0;0;0;0;33;0;0;0;0;0;0;0;33
04;Södermanlands län;86;Strängnäs;6138;Mariefredsanstalten;0;0;0;0;0;0;0;0;0;0;0;27;0;0;0;0;0;0;0;27
04;Södermanlands län;86;Strängnäs;6139;Solvändan, sjukhem;0;0;0;0;0;0;0;0;0;0;0;12;0;0;0;0;0;0;0;12
04;Södermanlands län;86;Strängnäs;6140;Hammargården/Nypongården;0;0;0;0;0;0;0;0;0;0;0;33;0;0;0;0;0;0;0;33
04;Södermanlands län;86;Strängnäs;8695;Medborgarkontoret Stallarholmen;0;0;0;0;0;37;22;23;20;38;0;0;50;43;57;61;83;0;0;434
04;Södermanlands län;86;Strängnäs;8696;Församlingshemmet;0;0;0;0;0;113;94;82;80;90;0;0;100;105;156;146;144;120;0;1230
04;Södermanlands län;86;Strängnäs;8697;Medborgarkontoret Åker;0;0;0;0;0;29;32;36;14;18;0;0;40;43;49;78;52;0;0;391
04;Södermanlands län;86;Strängnäs;8698;Kommunhuset;146;182;183;85;0;256;210;232;238;209;189;0;360;388;440;573;541;308;100;4640
04;Södermanlands län;88;Trosa;13999;Ängsgården;0;0;0;0;0;0;3;0;0;0;0;0;0;0;0;0;0;0;0;3
04;Södermanlands län;88;Trosa;6141;Trosagården;0;0;0;0;0;32;0;0;0;0;0;0;0;0;0;0;0;0;0;32
04;Södermanlands län;88;Trosa;6143;Häradsgården;0;0;0;0;0;0;0;0;17;0;0;0;0;0;0;0;0;0;0;17
04;Södermanlands län;88;Trosa;9688;Trosa stadsbibliotek;89;117;100;61;0;51;140;120;163;141;137;0;131;251;218;243;235;199;59;2455
04;Södermanlands län;88;Trosa;9689;Vagnhärads bibliotek;34;20;63;0;0;41;56;50;37;37;58;0;101;101;92;75;135;96;0;996
05;Östergötlands län;09;Ödeshög;6144;Lysingsrummet;0;0;0;0;0;0;0;0;0;0;0;23;0;0;0;0;0;0;0;23
05;Östergötlands län;09;Ödeshög;6145;Klockaregården;0;0;0;0;0;0;0;0;0;0;0;9;0;0;0;0;0;0;0;9
05;Östergötlands län;09;Ödeshög;8699;Ödeshögs bibliotek;12;41;43;33;0;74;44;70;81;71;61;0;142;126;114;146;168;107;24;1357
05;Östergötlands län;12;Ydre;6146;Solängen Österbymo;0;0;0;0;0;0;0;0;0;0;0;21;0;0;0;0;0;0;0;21
05;Östergötlands län;12;Ydre;9427;Kommunkontoret i Österbymo;5;25;19;4;0;31;26;17;24;33;32;0;71;55;43;55;80;24;13;557
05;Östergötlands län;13;Kinda;12609;Biblioteket, Horn;2;9;0;0;0;0;16;23;23;0;0;0;0;24;28;48;0;20;0;193
05;Östergötlands län;13;Kinda;8633;Biblioteket, Rimforsa;25;0;60;0;0;37;0;58;0;99;0;0;123;0;119;0;196;71;0;788
05;Östergötlands län;13;Kinda;8634;Medborgarkontoret;17;37;75;0;0;66;47;68;71;107;0;0;141;172;147;195;216;104;22;1485
05;Östergötlands län;60;Boxholm;6152;Servicehuset Bjursdalen;0;0;0;0;0;0;0;0;0;0;0;29;0;0;0;0;0;0;0;29
05;Östergötlands län;60;Boxholm;9057;Samlingslokalen Duvan;0;0;0;0;0;0;0;0;0;0;0;4;0;0;0;0;0;0;0;4
05;Östergötlands län;60;Boxholm;9417;Biblioteket;10;44;45;24;26;63;53;55;88;71;30;29;125;135;81;201;118;100;14;1312
05;Östergötlands län;61;Åtvidaberg;6153;Östergården, Rosengården, Björkbacke;0;0;0;0;32;0;0;0;0;0;0;0;0;0;0;0;0;0;0;32
05;Östergötlands län;61;Åtvidaberg;6155;Koppargården;0;0;0;0;9;0;0;0;0;0;0;0;0;0;0;0;0;0;0;9
05;Östergötlands län;61;Åtvidaberg;6156;Björsäters servicehus;0;0;0;0;10;0;0;0;0;0;0;0;0;0;0;0;0;0;0;10
05;Östergötlands län;61;Åtvidaberg;9455;Nya kommunhuset;25;83;103;19;24;112;121;171;151;154;66;63;187;244;250;295;316;150;50;2584
05;Östergötlands län;62;Finspång;10098;Hällestadgården;0;0;0;0;0;0;0;0;42;37;37;0;56;16;52;24;56;22;0;342
05;Östergötlands län;62;Finspång;14036;Medley Arena Grosvad;46;44;83;0;0;80;65;72;70;119;74;0;211;261;272;302;322;91;0;2112
05;Östergötlands län;62;Finspång;14037;Storängsgården;0;0;0;0;0;0;0;0;0;0;0;0;0;0;0;45;29;0;0;74
05;Östergötlands län;62;Finspång;9749;Biblioteket I Finspång;0;0;0;0;0;0;0;0;280;177;0;0;348;230;253;194;202;136;0;1820
05;Östergötlands län;62;Finspång;9752;Berggården;0;0;0;0;0;0;0;0;35;45;20;0;45;16;30;18;40;13;0;262
05;Östergötlands län;62;Finspång;9753;Receptionen Kommunhuset;0;0;0;0;0;0;0;0;0;0;0;0;0;0;0;0;0;0;33;33
05;Östergötlands län;63;Valdemarsvik;10289;Fd skolmatsalen Östra Ed;0;0;0;0;0;0;0;0;0;0;0;0;0;0;0;0;0;0;65;65
05;Östergötlands län;63;Valdemarsvik;10715;Kommunhuset Strömsvik;34;47;43;0;0;64;46;115;72;79;0;0;90;121;172;179;106;100;19;1287
05;Östergötlands län;63;Valdemarsvik;6164;Vammarhöjden;0;0;0;0;0;0;0;0;0;0;0;22;0;0;0;0;0;0;0;22
05;Östergötlands län;63;Valdemarsvik;6165;Karbasen;0;0;0;0;0;0;0;0;0;0;0;30;0;0;0;0;0;0;0;30
05;Östergötlands län;63;Valdemarsvik;6166;Gusums äldreboende;0;0;0;0;0;0;0;0;0;0;0;6;0;0;0;0;0;0;0;6
05;Östergötlands län;63;Valdemarsvik;6167;Åldersro;0;0;0;0;0;0;0;0;0;0;0;10;0;0;0;0;0;0;0;10
05;Östergötlands län;63;Valdemarsvik;6168;Ringgården;0;0;0;0;0;0;0;0;0;0;0;7;0;0;0;0;0;0;0;7
05;Östergötlands län;63;Valdemarsvik;9930;Matöppet Ringarum;9;16;9;2;0;14;12;14;5;16;20;0;30;30;43;49;29;0;0;298
05;Östergötlands län;63;Valdemarsvik;9934;ICA Birgersson Gusum;15;20;28;14;0;32;41;32;38;41;33;36;57;73;43;70;28;0;0;601
05;Östergötlands län;80;Linköping;12794;Länsmuseet;45;74;71;52;68;82;77;77;75;69;76;138;125;156;182;247;308;259;399;2580
05;Östergötlands län;80;Linköping;14019;Passagen;28;90;88;72;36;0;96;76;120;101;116;74;0;155;174;246;331;283;0;2086
05;Östergötlands län;80;Linköping;14084;SAAB;0;0;0;0;0;0;52;0;0;0;0;0;0;0;0;0;166;0;0;218
05;Östergötlands län;80;Linköping;14085;Linköpings Universitet;0;0;0;0;0;0;0;0;81;0;0;0;0;0;401;133;0;0;0;615
05;Östergötlands län;80;Linköping;14086;Bokbussen;6;5;0;0;0;0;3;7;8;0;0;0;12;3;26;9;2;0;0;81
05;Östergötlands län;80;Linköping;14193;Åleryd;0;0;0;0;0;0;0;0;0;0;0;26;0;0;0;0;0;0;0;26
05;Östergötlands län;80;Linköping;6169;Hagalunds Sjukhem;0;0;0;0;0;0;0;0;0;0;0;19;0;0;0;0;0;0;0;19
05;Östergötlands län;80;Linköping;6172;Universitetssjukhuset;0;0;0;0;0;0;0;0;0;46;0;0;0;0;0;133;0;0;0;179
05;Östergötlands län;80;Linköping;8640;Stadsbiblioteket;245;327;294;217;222;398;343;371;370;358;382;475;787;821;1016;1136;1192;839;0;9793
05;Östergötlands län;80;Linköping;8641;Vikingstads skola;12;30;28;0;0;30;45;39;32;42;0;0;60;78;87;112;96;0;0;691
05;Östergötlands län;80;Linköping;8642;Johanneslunds bibliotek;31;37;55;0;0;71;64;65;46;48;0;0;104;89;119;94;123;0;0;946
05;Östergötlands län;80;Linköping;8643;Lambohovs bibliotek;44;50;53;34;0;71;67;81;66;67;0;0;144;182;187;199;239;220;0;1704
05;Östergötlands län;80;Linköping;8646;Linghems bibliotek;28;29;28;0;0;44;48;40;59;63;0;0;104;113;125;126;162;0;0;969
05;Östergötlands län;80;Linköping;8648;Ljungsbro bibliotek;37;66;71;0;0;96;91;83;78;125;92;0;187;166;200;211;241;0;0;1744
05;Östergötlands län;80;Linköping;8649;Malmslätts bibliotek;46;61;66;0;0;50;67;72;55;93;0;0;145;138;155;149;183;0;0;1280
05;Östergötlands län;80;Linköping;8650;Ryds bibliotek;40;49;40;0;0;50;49;63;53;59;0;0;137;154;193;270;295;0;0;1452
05;Östergötlands län;80;Linköping;8651;Skäggetorps bibliotek;100;98;98;31;0;126;132;91;118;105;61;0;198;195;193;230;338;281;0;2395
05;Östergötlands län;80;Linköping;8653;Sturefors bibliotek;9;0;24;0;0;37;0;26;0;22;0;0;70;0;53;0;49;0;0;290
05;Östergötlands län;80;Linköping;8655;Berga församlingsgård;97;83;101;0;0;131;100;116;111;100;0;0;199;157;224;269;274;0;0;1962
05;Östergötlands län;80;Linköping;8658;Ekholmens bibliotek;173;222;211;126;0;231;282;285;237;263;178;0;461;420;475;478;482;357;0;4881
05;Östergötlands län;81;Norrköping;13539;Coop Forum;51;94;99;74;0;96;76;97;131;136;147;0;167;183;206;272;351;284;0;2464
05;Östergötlands län;81;Norrköping;13540;Lindens köpcentrum;93;149;152;108;0;175;179;172;200;256;228;0;348;408;482;558;729;637;0;4874
05;Östergötlands län;81;Norrköping;6178;Häktet Norrköping;0;0;0;0;0;0;0;0;0;0;21;0;0;0;0;0;0;0;0;21
05;Östergötlands län;81;Norrköping;6180;Häktet Dragsgatan;0;0;0;0;0;0;0;0;0;0;14;0;0;0;0;0;0;0;0;14
05;Östergötlands län;81;Norrköping;6187;Kriminalvårdsanstalten Skenäs;0;0;0;0;0;0;0;0;0;0;9;0;0;0;0;0;0;0;0;9
05;Östergötlands län;81;Norrköping;9076;Rosen;53;64;41;0;0;39;68;63;58;75;0;0;104;145;133;157;199;0;157;1356
05;Östergötlands län;81;Norrköping;9080;Arbetets Museum, Strykjärnet;44;63;49;42;66;69;57;57;71;75;75;126;83;142;173;177;334;238;0;1941
05;Östergötlands län;81;Norrköping;9081;Stadsbiblioteket;225;205;214;118;151;210;227;272;224;222;186;263;395;396;465;422;598;325;556;5674
05;Östergötlands län;81;Norrköping;9082;Eneby bibliotek;79;94;79;0;0;123;106;103;107;96;0;0;178;141;207;166;232;0;0;1711
05;Östergötlands län;81;Norrköping;9083;Hageby Centrum;156;278;240;204;0;237;239;254;274;309;291;0;404;399;474;548;779;650;0;5736
05;Östergötlands län;81;Norrköping;9084;Ingelsta shopping;73;137;143;145;0;185;160;151;216;281;220;0;264;339;382;485;618;688;0;4487
05;Östergötlands län;81;Norrköping;9085;Vilbergens bibliotek;97;122;109;0;0;140;125;130;120;132;0;0;196;171;195;205;234;0;0;1976
05;Östergötlands län;81;Norrköping;9086;Skarphagens Centrum, Gallerian;80;88;102;0;0;132;105;88;110;95;0;0;152;178;176;180;248;0;0;1734
05;Östergötlands län;81;Norrköping;9087;Åbyknuten;52;57;46;0;0;65;80;85;71;66;0;0;135;108;116;125;169;0;0;1175
05;Östergötlands län;81;Norrköping;9088;Träffpunkt Valhalla;32;44;37;0;0;54;63;49;49;66;0;0;93;79;60;92;101;0;0;819
05;Östergötlands län;81;Norrköping;9089;Östra Husby bibliotek;22;40;40;0;0;34;53;54;40;54;0;0;81;82;87;123;116;0;0;826
05;Östergötlands län;81;Norrköping;9090;Skärblacka bibliotek;50;50;55;0;0;67;89;79;77;91;0;0;126;148;146;183;207;0;0;1368
05;Östergötlands län;81;Norrköping;9769;Anstalten Kolmården;0;0;0;0;0;0;0;0;0;0;38;0;0;0;0;0;0;0;0;38
05;Östergötlands län;82;Söderköping;11905;Infokontoret Stinsen;93;111;120;74;0;176;182;171;153;176;103;0;270;264;305;324;374;241;0;3137
05;Östergötlands län;82;Söderköping;12522;Kommunhuset;0;0;0;0;18;0;0;0;0;0;0;38;0;0;0;0;0;0;60;116
05;Östergötlands län;82;Söderköping;14023;Mogata bibliotek;0;0;0;0;0;0;0;7;0;0;0;0;0;0;25;0;0;0;0;32
05;Östergötlands län;82;Söderköping;14029;Östra Ryd bibliotek;0;0;0;0;0;0;0;0;12;0;0;0;0;0;0;21;0;0;0;33
05;Östergötlands län;82;Söderköping;14031;Nyströmska skolan;0;0;0;0;0;0;0;0;0;0;0;0;0;35;0;0;0;0;0;35
05;Östergötlands län;82;Söderköping;6196;Stenbrinken;0;0;0;0;0;0;0;0;0;0;0;8;0;0;0;0;0;0;0;8
05;Östergötlands län;82;Söderköping;6197;Aspgården;0;0;0;0;0;0;0;0;0;0;0;11;0;0;0;0;0;0;0;11
05;Östergötlands län;82;Söderköping;6198;Birkagården;0;0;0;0;0;0;0;0;0;0;0;0;14;0;0;0;0;0;0;14
05;Östergötlands län;82;Söderköping;6199;Blå Porten;0;0;0;0;0;0;0;0;0;0;0;0;18;0;0;0;0;0;0;18
05;Östergötlands län;82;Söderköping;6200;Tallgården och Gläntan;0;0;0;0;0;0;0;0;0;0;0;0;18;0;0;0;0;0;0;18
05;Östergötlands län;82;Söderköping;6201;Dalgården;0;0;0;0;0;0;0;0;0;0;0;0;14;0;0;0;0;0;0;14
05;Östergötlands län;83;Motala;10555;Maxi-huset Bråstorp;0;0;0;0;0;194;158;234;235;254;0;0;333;293;290;355;493;0;0;2839
05;Östergötlands län;83;Motala;13523;Bokbussen;0;3;0;0;0;0;0;10;8;0;0;0;5;8;0;5;0;0;0;39
05;Östergötlands län;83;Motala;8016;Motala Bibliotek;47;205;230;129;0;333;266;233;270;262;263;0;470;440;400;462;523;400;0;4933
05;Östergötlands län;83;Motala;8017;Borensbergs Bibliotek;0;0;0;0;0;92;113;69;116;76;0;0;144;204;89;162;128;0;0;1193
05;Östergötlands län;83;Motala;8018;Kommunhuset;40;63;33;0;0;37;40;44;47;49;0;0;125;130;108;77;120;78;141;1132
05;Östergötlands län;83;Motala;8020;Tjällmo Handel;0;0;0;0;0;18;14;22;0;28;0;0;0;28;68;0;69;0;0;247
05;Östergötlands län;84;Vadstena;13037;Kommunhuset;0;0;0;0;0;0;0;0;0;0;0;0;0;0;0;0;0;0;23;23
05;Östergötlands län;84;Vadstena;13839;Biblioteket i Borghamn;0;20;0;0;0;0;0;0;40;0;0;0;0;0;0;29;0;0;0;89
05;Östergötlands län;84;Vadstena;14004;Rogslösa;0;0;0;8;0;0;0;0;0;0;0;0;0;0;0;0;0;0;0;8
05;Östergötlands län;84;Vadstena;14005;Örberga;0;0;0;11;0;0;0;0;0;0;0;0;0;0;0;0;0;0;0;11
05;Östergötlands län;84;Vadstena;14009;Hertig Johans Gata;0;0;0;0;0;0;0;0;16;0;0;0;0;0;0;0;0;0;0;16
05;Östergötlands län;84;Vadstena;14011;Simhallen;0;0;0;0;0;0;0;0;11;0;0;0;0;0;0;0;0;0;0;11
05;Östergötlands län;84;Vadstena;14012;Hagebyhöga;0;0;0;0;0;0;0;0;0;0;15;0;0;0;0;0;0;0;0;15
05;Östergötlands län;84;Vadstena;14013;Orlunda;0;0;0;0;0;0;0;0;0;0;20;0;0;0;0;0;0;0;0;20
05;Östergötlands län;84;Vadstena;14014;Hov;0;0;0;0;0;0;0;0;0;0;19;0;0;0;0;0;0;0;0;19
05;Östergötlands län;84;Vadstena;6211;Rättspsykiatriska enheten;0;0;0;0;0;0;0;0;0;0;0;16;0;0;0;0;0;0;0;16
05;Östergötlands län;84;Vadstena;6212;Vätterngården;0;0;0;0;0;0;0;0;0;0;0;18;0;0;0;0;0;0;0;18
05;Östergötlands län;84;Vadstena;6213;Wasagården;0;0;0;0;0;0;0;0;0;0;0;0;0;0;42;0;0;0;0;42
05;Östergötlands län;84;Vadstena;8582;Biblioteket i Vadstena;32;88;73;64;31;155;132;143;140;125;74;70;220;206;234;225;210;191;0;2413
05;Östergötlands län;86;Mjölby;10373;Kolonigatans äldreboende;0;0;0;0;0;0;0;0;0;0;0;0;8;0;0;0;0;0;0;8
05;Östergötlands län;86;Mjölby;6214;Dackes äldreboende;0;0;0;0;0;0;0;0;0;0;0;0;7;0;0;0;0;0;0;7
05;Östergötlands län;86;Mjölby;6215;Slomarps äldreboende;0;0;0;0;0;0;0;0;0;0;0;0;30;0;0;2;0;0;0;32
05;Östergötlands län;86;Mjölby;6216;Kungshöga äldreboende;0;0;0;0;0;0;0;0;0;0;0;0;17;0;0;0;0;0;0;17
05;Östergötlands län;86;Mjölby;6217;Bokens äldreboende;0;0;0;0;0;0;0;0;0;0;0;0;43;0;0;0;0;0;0;43
05;Östergötlands län;86;Mjölby;6218;Vifolkagårdens servicehus;0;0;0;0;0;0;0;0;0;0;0;0;8;0;0;0;0;0;0;8
05;Östergötlands län;86;Mjölby;6219;Änggårdens äldreboende;0;0;0;0;0;0;0;0;0;0;0;0;2;0;0;0;0;0;0;2
05;Östergötlands län;86;Mjölby;6220;Kriminalvårdsanstalten;0;0;0;0;0;0;0;0;0;0;0;0;150;0;0;0;0;0;0;150
05;Östergötlands län;86;Mjölby;6221;Folkungagårdens äldreboende;0;0;0;0;0;0;0;0;0;0;0;0;2;0;0;0;0;0;0;2
05;Östergötlands län;86;Mjölby;9581;Skänninge Bilbliotek;0;0;0;0;0;90;20;42;58;43;24;0;128;52;54;158;72;0;0;741
05;Östergötlands län;86;Mjölby;9582;ICA Nära Marcus Väderstad;0;0;0;0;0;15;4;16;9;21;12;0;23;19;29;20;29;0;0;197
05;Östergötlands län;86;Mjölby;9587;Stadshuset i Mjölby;36;130;120;46;30;111;141;144;176;184;64;71;247;241;292;342;365;206;87;3033
05;Östergötlands län;86;Mjölby;9598;Shell Mantorp;0;0;0;0;0;92;84;84;83;75;65;106;98;150;161;182;211;0;0;1391
06;Jönköpings län;04;Aneby;9724;Kommunhuset, Aneby;30;26;44;16;24;71;57;59;72;88;57;63;128;133;166;157;280;145;149;1765
06;Jönköpings län;17;Gnosjö;13422;Nissafors församlingshem;0;0;0;0;0;0;0;0;0;0;0;0;0;0;0;0;0;0;208;208
06;Jönköpings län;17;Gnosjö;6222;Rosendals servicehus;0;0;0;0;0;0;0;0;0;0;0;31;0;0;0;0;0;0;0;31
06;Jönköpings län;17;Gnosjö;6223;Bäckgårdens vårdbostäder;0;0;0;0;0;0;0;0;0;0;0;2;0;0;0;0;0;0;0;2
06;Jönköpings län;17;Gnosjö;6224;Hamngårdens Vårdbostäder;0;0;0;0;0;0;0;0;0;0;0;2;0;0;0;0;0;0;0;2
06;Jönköpings län;17;Gnosjö;7913;Eivinds Allbutik;15;17;21;10;5;29;30;36;32;53;21;19;69;70;94;86;123;53;26;809
06;Jönköpings län;17;Gnosjö;8899;Gnosjö Bibliotek;42;24;28;0;0;64;64;81;47;105;0;0;146;130;162;110;191;91;0;1285
06;Jönköpings län;42;Mullsjö;10283;Biblioteket/Infocenter;37;46;29;0;0;45;31;42;80;52;0;0;138;98;118;160;126;0;0;1002
06;Jönköpings län;42;Mullsjö;14089;Björkgården;0;0;0;0;0;0;0;0;0;0;0;0;0;7;0;0;0;0;0;7
06;Jönköpings län;42;Mullsjö;14155;Gunnarsboskolan;0;0;0;0;0;0;0;0;0;0;0;0;0;0;0;0;0;0;19;19
06;Jönköpings län;42;Mullsjö;6225;Servicehuset Margaretas Park;0;0;0;0;0;0;0;0;0;0;0;0;0;36;0;0;0;0;0;36
06;Jönköpings län;42;Mullsjö;9117;ICA Supermarket;0;9;25;8;0;0;0;0;41;73;46;0;0;0;0;91;147;72;0;512
06;Jönköpings län;42;Mullsjö;9118;Träffpunkten;0;0;0;0;0;0;28;14;0;0;0;0;0;42;42;0;0;0;0;126
06;Jönköpings län;43;Habo;13669;Brandstorps förskola;0;0;0;0;0;0;0;0;0;0;0;0;0;0;0;0;0;0;146;146
06;Jönköpings län;43;Habo;13670;Furusjö Allianskyrka;0;0;0;0;0;0;0;0;0;0;0;0;0;0;0;0;0;0;178;178
06;Jönköpings län;43;Habo;9630;Habo bibliotek;69;120;86;0;0;99;86;103;208;136;0;0;185;189;212;356;248;167;53;2317
06;Jönköpings län;62;Gislaved;12682;Gislaveds gymnasium;0;0;0;0;0;0;0;0;0;0;0;0;18;0;0;33;0;0;0;51
06;Jönköpings län;62;Gislaved;13395;Motorsportgymnasiet;0;0;0;0;0;0;0;0;0;0;0;0;0;7;0;0;0;0;0;7
06;Jönköpings län;62;Gislaved;13396;Stora Segerstad Naturbruksgymnasium;0;0;0;0;0;0;0;0;0;0;0;0;0;0;14;0;0;0;0;14
06;Jönköpings län;62;Gislaved;13397;Gislows dagcentral;0;0;0;0;0;49;0;0;0;0;0;0;0;0;0;0;0;0;0;49
06;Jönköpings län;62;Gislaved;13426;Arvids Bok och Kontors Center AB;25;35;62;10;0;45;60;63;66;83;37;0;128;142;159;133;180;66;0;1294
06;Jönköpings län;62;Gislaved;6228;Hestragården;0;0;0;0;0;16;0;0;0;0;0;0;0;0;0;0;0;0;0;16
06;Jönköpings län;62;Gislaved;6231;Vitsippan;0;0;0;0;0;0;20;0;0;0;0;0;0;0;0;0;0;0;0;20
06;Jönköpings län;62;Gislaved;6232;Östergården;0;0;0;0;0;0;17;0;0;0;0;0;0;0;0;0;0;0;0;17
06;Jönköpings län;62;Gislaved;6233;Klockaregården;0;0;0;0;0;0;18;0;0;0;0;0;0;0;0;0;0;0;0;18
06;Jönköpings län;62;Gislaved;6234;Solbacka;0;0;0;0;0;0;0;21;0;0;0;0;0;0;0;0;0;0;0;21
06;Jönköpings län;62;Gislaved;6235;Lugnet;0;0;0;0;0;0;0;5;0;0;0;0;0;0;0;0;0;0;0;5
06;Jönköpings län;62;Gislaved;6236;Ekbacken;0;0;0;0;0;0;0;19;0;0;0;0;0;0;0;0;0;0;0;19
06;Jönköpings län;62;Gislaved;6237;Hagagården;0;0;0;0;0;0;0;0;8;0;0;0;0;0;0;0;0;0;0;8
06;Jönköpings län;62;Gislaved;6238;Mariagården;0;0;0;0;0;0;0;0;17;0;0;0;0;0;0;0;0;0;0;17
06;Jönköpings län;62;Gislaved;9023;Kommunhuset;48;46;56;24;0;98;99;109;126;111;84;0;202;222;265;244;340;173;118;2365
06;Jönköpings län;62;Gislaved;9426;AB Hestra Radio & Sport (Preem);6;11;9;9;0;7;26;23;19;27;13;0;42;44;42;40;56;25;0;399
06;Jönköpings län;62;Gislaved;9430;Torghuset;24;42;49;13;0;57;84;65;80;89;27;0;142;134;184;167;247;73;0;1477
06;Jönköpings län;62;Gislaved;9431;Burseryds Lantmän;6;9;17;6;0;8;11;14;21;19;22;0;46;54;49;62;59;24;0;427
06;Jönköpings län;62;Gislaved;9432;Reftele Lantmannaförening;11;15;16;3;0;17;22;11;31;30;14;0;46;48;61;70;97;41;0;533
06;Jönköpings län;65;Vaggeryd;8563;Vaggeryds bibliotek, Fenix;21;26;42;0;0;68;59;92;54;90;0;0;151;158;154;105;217;115;0;1352
06;Jönköpings län;65;Vaggeryd;8564;Biblioteket, Skillingehus;14;56;39;0;0;74;43;66;77;60;0;0;144;153;169;175;194;74;57;1395
06;Jönköpings län;65;Vaggeryd;9433;Särskild röstmottagning i Bondstorp;0;0;0;0;0;0;0;0;0;0;0;0;0;0;0;0;0;0;2;2
06;Jönköpings län;65;Vaggeryd;9434;Särskild röstmottagning i Tofteryd;0;0;0;0;0;0;0;0;0;0;0;0;0;0;0;0;0;0;0;0
06;Jönköpings län;65;Vaggeryd;9435;Särskild röstmottagning i Åker;0;0;0;0;0;0;0;0;0;0;0;0;0;0;0;0;0;0;0;0
06;Jönköpings län;65;Vaggeryd;9438;Särskild röstmottagning i Hagshult;0;0;0;0;0;0;0;0;0;0;0;0;0;0;0;0;0;0;0;0
06;Jönköpings län;80;Jönköping;10343;Solstickegatans äldreboende;0;0;0;0;0;0;0;0;0;0;0;26;0;0;0;0;0;0;0;26
06;Jönköpings län;80;Jönköping;12722;Länssjukhuset Ryhov;26;34;33;0;0;47;37;36;37;55;0;0;73;94;87;99;156;0;0;814
06;Jönköpings län;80;Jönköping;13187;Tornets äldreboende;0;0;0;0;0;0;0;0;0;0;0;19;0;0;0;0;0;0;0;19
06;Jönköpings län;80;Jönköping;13188;Solgårdens äldreboende;0;0;0;0;0;0;0;0;0;0;0;13;0;0;0;0;0;0;0;13
06;Jönköpings län;80;Jönköping;13746;Energicentrum A6;19;25;27;0;0;23;23;26;33;41;0;0;65;48;69;126;57;0;0;582
06;Jönköpings län;80;Jönköping;13761;Idas Skola;75;71;0;0;0;0;125;97;115;0;0;0;0;261;220;304;0;0;0;1268
06;Jönköpings län;80;Jönköping;6242;Annero äldreboende;0;0;0;0;0;0;0;0;0;0;0;16;0;0;0;0;0;0;0;16
06;Jönköpings län;80;Jönköping;6243;Bondbergets äldreboende;0;0;0;0;0;0;0;0;0;0;0;10;0;0;0;0;0;0;0;10
06;Jönköpings län;80;Jönköping;6244;Ceciliagården, Ramsaygården;0;0;0;0;0;0;0;0;0;0;0;33;0;0;0;0;0;0;0;33
06;Jönköpings län;80;Jönköping;6245;Stattutgatans äldreboende;0;0;0;0;0;0;0;0;0;0;0;31;0;0;0;0;0;0;0;31
06;Jönköpings län;80;Jönköping;6246;Dundrets äldreboende;0;0;0;0;0;0;0;0;0;0;0;18;0;0;0;0;0;0;0;18
06;Jönköpings län;80;Jönköping;6247;Ekåsens seniorboende;0;0;0;0;0;0;0;0;0;0;0;21;0;0;0;0;0;0;0;21
06;Jönköpings län;80;Jönköping;6248;Fridhälls äldreboende;0;0;0;0;0;0;0;0;0;0;0;19;0;0;0;0;0;0;0;19
06;Jönköpings län;80;Jönköping;6249;Gjutarens äldreboende;0;0;0;0;0;0;0;0;0;0;0;18;0;0;0;0;0;0;0;18
06;Jönköpings län;80;Jönköping;6250;Gränna äldeboende;0;0;0;0;0;0;0;0;0;0;0;27;0;0;0;0;0;0;0;27
06;Jönköpings län;80;Jönköping;6251;Hammargårdens äldreboende;0;0;0;0;0;0;0;0;0;0;0;17;0;0;0;0;0;0;0;17
06;Jönköpings län;80;Jönköping;6252;Havsörnens äldreboende;0;0;0;0;0;0;0;0;0;0;0;13;0;0;0;0;0;0;0;13
06;Jönköpings län;80;Jönköping;6253;Hälsans äldreboende;0;0;0;0;0;0;0;0;0;0;0;15;0;0;0;0;0;0;0;15
06;Jönköpings län;80;Jönköping;6254;Junegårdens äldreboende;0;0;0;0;0;0;0;0;0;0;0;15;0;0;0;0;0;0;0;15
06;Jönköpings län;80;Jönköping;6255;Kavlagårdens äldreboende;0;0;0;0;0;0;0;0;0;0;0;10;0;0;0;0;0;0;0;10
06;Jönköpings län;80;Jönköping;6256;Kristinedals äldreboende;0;0;0;0;0;0;0;0;0;0;0;17;0;0;0;0;0;0;0;17
06;Jönköpings län;80;Jönköping;6257;Kärrhökens äldreboende;0;0;0;0;0;0;0;0;0;0;0;21;0;0;0;0;0;0;0;21
06;Jönköpings län;80;Jönköping;6258;Kålgårdens servicehus;0;0;0;0;0;0;0;0;0;0;0;26;0;0;0;0;0;0;0;26
06;Jönköpings län;80;Jönköping;6259;Lindgården;0;0;0;0;0;0;0;0;0;0;0;36;0;0;0;0;0;0;0;36
06;Jönköpings län;80;Jönköping;6260;Lärlingens äldreboende;0;0;0;0;0;0;0;0;0;0;0;19;0;0;0;0;0;0;0;19
06;Jönköpings län;80;Jönköping;6261;Mogården;0;0;0;0;0;0;0;0;0;0;0;19;0;0;0;0;0;0;0;19
06;Jönköpings län;80;Jönköping;6262;Rosendala, Mjölkafållan;0;0;0;0;0;0;0;0;0;0;0;31;0;0;0;0;0;0;0;31
06;Jönköpings län;80;Jönköping;6263;Rosengårdens äldreboende;0;0;0;0;0;0;0;0;0;0;0;24;0;0;0;0;0;0;0;24
06;Jönköpings län;80;Jönköping;6264;Skärstadals äldreboende;0;0;0;0;0;0;0;0;0;0;0;20;0;0;0;0;0;0;0;20
06;Jönköpings län;80;Jönköping;6265;Smedjegården;0;0;0;0;0;0;0;0;0;0;0;10;0;0;0;0;0;0;0;10
06;Jönköpings län;80;Jönköping;6266;Torpa seniorboende;0;0;0;0;0;0;0;0;0;0;0;45;0;0;0;0;0;0;0;45
06;Jönköpings län;80;Jönköping;6267;Trädgårdens äldreboende;0;0;0;0;0;0;0;0;0;0;0;21;0;0;0;0;0;0;0;21
06;Jönköpings län;80;Jönköping;6269;Västerhälls äldreboende;0;0;0;0;0;0;0;0;0;0;0;12;0;0;0;0;0;0;0;12
06;Jönköpings län;80;Jönköping;6271;Österängens äldreboende;0;0;0;0;0;0;0;0;0;0;0;18;0;0;0;0;0;0;0;18
06;Jönköpings län;80;Jönköping;6272;Öxnebacka äldreboende;0;0;0;0;0;0;0;0;0;0;0;16;0;0;0;0;0;0;0;16
06;Jönköpings län;80;Jönköping;6273;Öxnehaga servicehus;0;0;0;0;0;0;0;0;0;0;0;17;0;0;0;0;0;0;0;17
06;Jönköpings län;80;Jönköping;6274;Länssjukhuset Ryhov 12/9;0;0;0;0;0;0;0;0;0;0;0;3;0;0;0;0;0;0;0;3
06;Jönköpings län;80;Jönköping;6276;Häktet;0;0;0;0;0;0;0;0;0;0;0;5;0;0;0;0;0;0;0;5
06;Jönköpings län;80;Jönköping;9142;Stadsbiblioteket;199;201;210;150;157;336;322;315;288;329;340;344;725;641;742;798;1059;811;343;8310
06;Jönköpings län;80;Jönköping;9143;Juneporten;175;164;185;0;0;196;196;178;207;179;0;0;333;371;389;300;722;0;0;3595
06;Jönköpings län;80;Jönköping;9145;Biblioteket Huskvarna;147;149;155;94;0;263;228;256;255;233;213;0;466;479;425;594;599;441;0;4997
06;Jönköpings län;80;Jönköping;9146;Huskvarna Vårdcentrum;0;0;37;0;0;22;36;0;34;43;0;0;47;32;0;46;58;0;0;355
06;Jönköpings län;80;Jönköping;9147;Biblioteket Bankeryd;58;60;37;0;0;78;80;80;84;66;0;0;205;167;194;240;139;0;0;1488
06;Jönköpings län;80;Jönköping;9149;Biblioteket Bottnaryd;8;0;4;0;0;20;0;29;0;10;0;0;36;0;38;0;23;0;0;168
06;Jönköpings län;80;Jönköping;9151;Biblioteket Gränna;34;38;27;0;0;60;43;54;76;27;0;0;136;110;148;155;74;0;0;982
06;Jönköpings län;80;Jönköping;9152;Landsjöskolans huvudentré;0;25;0;0;0;0;37;0;34;0;0;0;0;69;0;50;0;0;0;215
06;Jönköpings län;80;Jönköping;9156;Biblioteket Lekeryd;8;0;9;0;0;17;0;41;0;8;0;0;46;0;80;0;21;0;0;230
06;Jönköpings län;80;Jönköping;9163;Biblioteket Norrahammar;27;43;33;0;0;71;0;59;60;44;0;0;115;0;120;145;82;0;0;799
06;Jönköpings län;80;Jönköping;9164;Biblioteket Råslätt;44;70;42;63;0;79;96;90;109;67;85;0;158;125;134;220;149;216;0;1747
06;Jönköpings län;80;Jönköping;9165;Biblioteket Taberg;25;0;61;0;0;65;0;94;0;35;0;0;112;0;167;0;65;0;0;624
06;Jönköpings län;80;Jönköping;9166;Biblioteket Tenhult;20;20;16;0;0;47;29;47;39;30;0;0;97;58;96;92;58;0;0;649
06;Jönköpings län;80;Jönköping;9167;Biblioteket Visingsö;0;12;0;0;0;29;0;0;18;0;0;0;47;0;0;39;0;0;0;145
06;Jönköpings län;80;Jönköping;9168;Biblioteket Ödestugu;5;0;4;0;0;7;0;8;0;0;0;0;19;0;11;0;15;0;0;69
06;Jönköpings län;80;Jönköping;9169;Biblioteket Österängen;46;30;37;0;0;74;68;63;33;22;0;0;127;104;87;38;71;0;0;800
06;Jönköpings län;80;Jönköping;9381;Örserums skola;0;0;0;0;0;0;0;0;0;0;0;0;0;0;0;0;0;0;213;213
06;Jönköpings län;80;Jönköping;9382;Järsnäs gamla skola;0;0;0;0;0;0;0;0;0;0;0;0;0;0;0;0;0;0;176;176
06;Jönköpings län;80;Jönköping;9384;Svarttorps församlingsgård;0;0;0;0;0;0;0;0;0;0;0;0;0;0;0;0;0;0;260;260
06;Jönköpings län;80;Jönköping;9391;Ödestugu skola;0;0;0;0;0;0;0;0;0;0;0;0;0;0;0;0;0;0;147;147
06;Jönköpings län;80;Jönköping;9394;Öggestorps församlingsgård;0;0;0;0;0;0;0;0;0;0;0;0;0;0;0;0;0;0;126;126
06;Jönköpings län;80;Jönköping;9395;Järstorps församlingshem;0;0;0;0;0;0;0;0;0;0;0;0;0;0;0;0;0;0;128;128
06;Jönköpings län;80;Jönköping;9396;N Unnaryds församlingshem;0;0;0;0;0;0;0;0;0;0;0;0;0;0;0;0;0;0;159;159
06;Jönköpings län;80;Jönköping;9407;Biblioteket Öxnehaga;38;25;21;0;0;28;51;54;43;39;0;0;93;57;110;78;84;0;0;721
06;Jönköpings län;82;Nässjö;10819;Stadshuset, Nässjö;0;0;0;0;0;0;0;0;0;0;0;0;0;0;0;0;0;0;212;212
06;Jönköpings län;82;Nässjö;10922;Parkgården;0;0;0;0;0;0;0;0;0;0;0;30;0;0;0;0;0;0;0;30
06;Jönköpings län;82;Nässjö;12789;Brinellgymnasiet;0;0;0;0;0;0;0;0;0;0;0;0;0;0;0;13;28;0;0;41
06;Jönköpings län;82;Nässjö;13514;Norra Sandsjö Bygdegård;0;0;0;0;0;0;0;0;0;0;0;0;0;0;0;0;0;0;178;178
06;Jönköpings län;82;Nässjö;13515;Ängs skola;0;0;0;0;0;0;0;0;0;0;0;0;0;0;0;0;0;0;205;205
06;Jönköpings län;82;Nässjö;6280;Björkliden;0;0;0;0;0;0;0;0;0;0;0;20;0;0;0;0;0;0;0;20
06;Jönköpings län;82;Nässjö;6281;Ekbackagården;0;0;0;0;0;0;0;0;0;0;0;16;0;0;0;0;0;0;0;16
06;Jönköpings län;82;Nässjö;6282;Skogsborg och Solgläntan;0;0;0;0;0;0;0;0;0;0;0;19;0;0;0;0;0;0;0;19
06;Jönköpings län;82;Nässjö;6283;Malmåkra;0;0;0;0;0;0;0;0;0;0;0;13;0;0;0;0;0;0;0;13
06;Jönköpings län;82;Nässjö;6284;Forsbacka;0;0;0;0;0;0;0;0;0;0;0;16;0;0;0;0;0;0;0;16
06;Jönköpings län;82;Nässjö;8705;Medborgarkontoret Nässjö;65;180;153;93;0;243;232;231;247;296;155;0;494;480;567;585;700;278;0;4999
06;Jönköpings län;82;Nässjö;8706;Medborgarkontoret Anneberg;7;9;12;0;0;11;12;14;21;8;0;0;45;46;32;41;45;24;0;327
06;Jönköpings län;82;Nässjö;8707;Medborgarkontoret Bodafors;10;38;13;0;0;39;24;40;50;30;0;0;73;74;65;96;97;45;0;694
06;Jönköpings län;82;Nässjö;8708;Medborgarkontoret Forserum;6;13;5;0;0;32;34;26;29;39;0;0;70;71;65;83;66;34;0;573
06;Jönköpings län;82;Nässjö;8709;Medborgarkontoret Malmbäck;5;11;5;0;0;14;16;17;15;18;0;0;49;24;35;38;22;8;0;277
06;Jönköpings län;82;Nässjö;9206;34:an, Ormaryd;0;0;0;0;0;0;0;0;0;0;0;0;0;0;0;0;0;0;121;121
06;Jönköpings län;82;Nässjö;9207;Stubben, Solberga;0;0;0;0;0;0;0;0;0;0;0;0;0;0;0;0;0;0;143;143
06;Jönköpings län;82;Nässjö;9208;Bringetofta församlingshem;0;0;0;0;0;0;0;0;0;0;0;0;0;0;0;0;0;0;86;86
06;Jönköpings län;82;Nässjö;9209;Stensjöns Missionskyrka;0;0;0;0;0;0;0;0;0;0;0;0;0;0;0;0;0;0;162;162
06;Jönköpings län;82;Nässjö;9210;Kommunsalen, Almesåkra;0;0;0;0;0;0;0;0;0;0;0;0;0;0;0;0;0;0;27;27
06;Jönköpings län;82;Nässjö;9211;Fredriksdals missionskyrka;0;0;0;0;0;0;0;0;0;0;0;0;0;0;0;0;0;0;0;0
06;Jönköpings län;83;Värnamo;13311;Rörstorpsgården;0;0;0;0;0;0;0;0;0;0;0;21;0;0;0;0;0;0;0;21
06;Jönköpings län;83;Värnamo;14040;Torpagården;0;0;0;0;0;0;0;0;0;0;0;19;0;0;0;0;0;0;0;19
06;Jönköpings län;83;Värnamo;14043;Finnvedens Gymnasium;0;0;0;0;0;0;0;0;0;0;0;0;0;0;0;36;0;0;0;36
06;Jönköpings län;83;Värnamo;14122;Värnamo kommuns Bokbuss;3;2;0;0;0;12;14;2;6;3;0;0;17;10;17;20;0;0;0;106
06;Jönköpings län;83;Värnamo;14194;Lundagården;0;0;0;0;0;0;0;0;0;0;0;16;0;0;0;0;0;0;0;16
06;Jönköpings län;83;Värnamo;6285;Västrabo;0;0;0;0;0;0;0;0;0;0;0;18;0;0;0;0;0;0;0;18
06;Jönköpings län;83;Värnamo;6287;Värnamo Sjukhus;0;0;0;0;0;0;0;0;0;0;0;9;0;0;0;0;0;0;0;9
06;Jönköpings län;83;Värnamo;6288;Luddö;0;0;0;0;0;0;0;0;0;0;0;12;0;0;0;0;0;0;0;12
06;Jönköpings län;83;Värnamo;6289;Lindgården;0;0;0;0;0;0;0;0;0;0;0;11;0;0;0;0;0;0;0;11
06;Jönköpings län;83;Värnamo;6292;Forsgården;0;0;0;0;0;0;0;0;0;0;0;16;0;0;0;0;0;0;0;16
06;Jönköpings län;83;Värnamo;6293;Bredäng;0;0;0;0;0;0;0;0;0;0;0;11;0;0;0;0;0;0;0;11
06;Jönköpings län;83;Värnamo;6294;Soläng;0;0;0;0;0;0;0;0;0;0;0;10;0;0;0;0;0;0;0;10
06;Jönköpings län;83;Värnamo;6296;Östrabo;0;0;0;0;0;0;0;0;0;0;0;21;0;0;0;0;0;0;0;21
06;Jönköpings län;83;Värnamo;6297;Linneberg;0;0;0;0;0;0;0;0;0;0;0;30;0;0;0;0;0;0;0;30
06;Jönköpings län;83;Värnamo;6300;Norrhamra;0;0;0;0;0;0;0;0;0;0;0;8;0;0;0;0;0;0;0;8
06;Jönköpings län;83;Värnamo;6301;Östhamra;0;0;0;0;0;0;0;0;0;0;0;5;0;0;0;0;0;0;0;5
06;Jönköpings län;83;Värnamo;7962;Värnamo stadsbibliotek;105;174;174;87;0;225;190;228;264;278;181;0;478;499;508;526;660;303;146;5026
06;Jönköpings län;83;Värnamo;9808;Biblioteket i Rydaholm;0;0;0;0;0;27;0;39;32;0;0;0;98;0;119;54;0;0;0;369
06;Jönköpings län;83;Värnamo;9812;Nordea - bankkontor i Bredaryd;3;24;0;0;0;0;0;31;80;0;0;0;0;0;80;161;0;0;0;379
06;Jönköpings län;84;Sävsjö;12824;Biblioteket;23;30;24;23;0;52;49;51;74;72;69;0;154;168;197;218;177;95;0;1476
06;Jönköpings län;84;Sävsjö;13546;Kulturhuset;0;0;0;0;0;0;0;0;0;0;0;0;0;0;0;0;0;0;35;35
06;Jönköpings län;84;Sävsjö;8264;Vrigstad Wärdshus;0;0;0;0;0;13;1;14;18;19;0;0;39;33;50;40;36;0;0;263
06;Jönköpings län;84;Sävsjö;8265;Stockaryds stations cafe;0;0;0;0;0;16;4;25;20;11;0;0;30;33;40;40;39;0;0;258
06;Jönköpings län;85;Vetlanda;10319;ICA Nära Korsberga;10;8;5;2;0;12;12;7;14;20;7;0;26;30;36;40;39;20;0;288
06;Jönköpings län;85;Vetlanda;10320;ICA Nära Brobyhallen;10;11;12;9;4;9;21;17;12;15;9;19;44;46;54;38;58;43;10;441
06;Jönköpings län;85;Vetlanda;10377;Servicebutiken i Holsbybrunn;2;11;9;5;9;14;16;19;16;22;17;28;26;22;39;40;38;48;27;408
06;Jönköpings län;85;Vetlanda;10380;Vetlanda stadshus;76;70;119;79;0;154;180;183;183;169;138;112;360;377;380;374;454;214;109;3731
06;Jönköpings län;85;Vetlanda;13071;Nävelsjö röstmottagningsställe;0;0;0;0;0;0;0;0;0;0;0;0;0;0;0;0;0;0;0;0
06;Jönköpings län;85;Vetlanda;13073;Fröderyds röstmottagningsställe;0;0;0;0;0;0;0;0;0;0;0;0;0;0;0;0;0;0;0;0
06;Jönköpings län;85;Vetlanda;13074;Karlstorps röstmottagningsställe;0;0;0;0;0;0;0;0;0;0;0;0;0;0;0;0;0;0;0;0
06;Jönköpings län;85;Vetlanda;13622;Ramkvilla röstmottagningsställe;0;0;0;0;0;0;0;0;0;0;0;0;0;0;0;0;0;0;0;0
06;Jönköpings län;85;Vetlanda;13747;Näshult röstmottagningsställe;0;0;0;0;0;0;0;0;0;0;0;0;0;0;0;0;0;0;0;0
06;Jönköpings län;85;Vetlanda;13755;Konsum Ekenässjön;7;7;10;10;6;9;7;8;21;16;14;30;26;29;42;42;52;45;24;405
06;Jönköpings län;85;Vetlanda;13848;Ädelfors folkhögskola;0;0;0;0;0;0;0;0;0;0;0;0;0;0;0;46;0;0;0;46
06;Jönköpings län;85;Vetlanda;13849;Njudungsgymnasiet;0;0;0;0;0;0;0;0;0;0;0;0;0;0;14;19;0;0;0;33
06;Jönköpings län;85;Vetlanda;6309;Norrgårdens äldreboende;0;0;0;0;0;0;0;0;0;0;0;6;0;0;0;0;0;0;0;6
06;Jönköpings län;85;Vetlanda;6310;Kvarngårdens äldreboende;0;0;0;0;0;0;0;0;0;0;0;13;0;0;0;0;0;0;0;13
06;Jönköpings län;85;Vetlanda;6312;Ekebo äldreboende;0;0;0;0;0;0;0;0;0;0;0;11;0;0;0;0;0;0;0;11
06;Jönköpings län;85;Vetlanda;6313;Brobygårdens äldreboende;0;0;0;0;0;0;0;0;0;0;0;15;0;0;0;0;0;0;0;15
06;Jönköpings län;85;Vetlanda;6314;Bäckagården;0;0;0;0;0;0;0;0;0;0;0;19;0;0;0;0;0;0;0;19
06;Jönköpings län;85;Vetlanda;6315;Österängs äldreboende;0;0;0;0;0;0;0;0;0;0;0;14;0;0;0;0;0;0;0;14
06;Jönköpings län;85;Vetlanda;6316;Österlidens äldreboende;0;0;0;0;0;0;0;0;0;0;0;15;0;0;0;0;0;0;0;15
06;Jönköpings län;85;Vetlanda;6317;Vilans äldreboende;0;0;0;0;0;0;0;0;0;0;0;26;0;0;0;0;0;0;0;26
06;Jönköpings län;85;Vetlanda;6318;Mogärde äldreboende;0;0;0;0;0;0;0;0;0;0;0;31;0;0;0;0;0;0;0;31
06;Jönköpings län;85;Vetlanda;8380;Tomasgårdens Äldreboende;0;0;0;0;0;0;0;0;0;0;0;20;0;0;0;0;0;0;0;20
06;Jönköpings län;85;Vetlanda;8381;Bäckaby röstmottagningsställe;0;0;0;0;0;0;0;0;0;0;0;0;0;0;0;0;0;0;0;0
06;Jönköpings län;86;Eksjö;12974;Östanåskolan;0;0;0;0;0;0;0;0;0;0;0;0;0;0;0;15;0;0;0;15
06;Jönköpings län;86;Eksjö;14067;EksjöVux;0;0;0;0;0;0;0;0;0;0;0;0;0;19;0;0;0;0;0;19
06;Jönköpings län;86;Eksjö;14068;Högskolecenter;0;0;0;0;0;0;0;0;0;0;0;0;0;0;57;0;0;0;0;57
06;Jönköpings län;86;Eksjö;14069;Marieberg;0;0;0;0;0;0;0;0;0;0;0;9;0;0;0;0;0;0;0;9
06;Jönköpings län;86;Eksjö;14070;Mogården;0;0;0;0;0;0;0;0;0;0;0;13;0;0;0;0;0;0;0;13
06;Jönköpings län;86;Eksjö;6319;Almgården;0;0;0;0;0;0;0;0;0;0;0;7;0;0;0;0;0;0;0;7
06;Jönköpings län;86;Eksjö;6322;Bobinen;0;0;0;0;0;0;0;0;0;0;0;19;0;0;0;0;0;0;0;19
06;Jönköpings län;86;Eksjö;6324;Höglandssjukhuset;0;0;0;0;0;0;0;0;0;0;0;18;0;0;0;0;0;0;0;18
06;Jönköpings län;86;Eksjö;9642;Eksjö Stadshus;80;86;113;0;0;131;104;109;137;203;0;0;308;250;315;282;456;161;69;2804
06;Jönköpings län;86;Eksjö;9643;Emilkraften;15;28;26;0;0;28;15;16;13;35;0;0;96;67;56;107;38;49;15;604
06;Jönköpings län;86;Eksjö;9644;Solgården;1;0;9;0;0;23;0;17;0;11;0;0;16;11;9;25;16;0;0;138
06;Jönköpings län;86;Eksjö;9646;Bruzaholms Folkets Hus;8;0;9;0;0;12;0;8;0;17;0;0;24;9;33;12;23;0;0;155
06;Jönköpings län;87;Tranås;12978;Stadshuset;24;32;34;0;25;18;35;39;27;53;0;47;76;128;98;74;132;0;0;842
06;Jönköpings län;87;Tranås;13865;Tranås Statt;0;0;0;0;0;0;0;0;0;83;0;0;0;0;0;0;86;0;0;169
06;Jönköpings län;87;Tranås;9667;Stadsbiblioteket;57;130;186;84;0;193;160;116;181;194;116;0;331;370;306;438;402;308;0;3572
07;Kronobergs län;60;Uppvidinge;10167;Kommunhuset, Åseda;13;17;18;0;0;15;10;24;24;34;0;0;31;33;42;35;84;15;16;411
07;Kronobergs län;60;Uppvidinge;10168;Biblioteket, Norrhult;0;17;0;0;0;58;0;0;47;0;0;0;73;0;0;73;0;0;0;268
07;Kronobergs län;60;Uppvidinge;10174;Fröseke Folkets Hus och park;0;0;0;0;0;0;0;0;0;0;0;0;0;0;0;0;0;0;120;120
07;Kronobergs län;60;Uppvidinge;10300;Biblioteket, Lenhovda;25;16;0;0;0;43;0;86;37;0;0;0;90;0;161;26;0;0;0;484
07;Kronobergs län;60;Uppvidinge;10301;Biblioteket, Alstermo;19;0;0;0;0;33;0;55;0;0;0;0;39;0;75;0;0;0;0;221
07;Kronobergs län;60;Uppvidinge;12968;Skolan, Älghult;0;0;0;0;0;0;0;0;0;0;0;0;0;0;0;0;0;0;299;299
07;Kronobergs län;60;Uppvidinge;12971;Biblioteket, Åseda;1;15;0;0;0;10;9;17;48;0;0;0;22;20;33;109;0;0;0;284
07;Kronobergs län;60;Uppvidinge;14059;Biblioteket Älghult;0;0;0;0;0;0;18;0;0;0;0;0;0;65;0;0;0;0;0;83
07;Kronobergs län;60;Uppvidinge;6328;Lingården;0;0;0;0;0;0;0;0;0;0;0;9;0;0;0;0;0;0;0;9
07;Kronobergs län;60;Uppvidinge;6330;Olofsgården;0;0;0;0;0;0;0;0;0;0;0;13;0;0;0;0;0;0;0;13
07;Kronobergs län;60;Uppvidinge;6331;Solgården;0;0;0;0;0;0;0;0;0;0;0;23;0;0;0;0;0;0;0;23
07;Kronobergs län;60;Uppvidinge;6332;Storgården;0;0;0;0;0;0;0;0;0;0;0;21;0;0;0;0;0;0;0;21
07;Kronobergs län;61;Lessebo;12325;Lessebo Bibliotek;26;41;35;0;0;61;40;46;45;49;0;0;113;83;88;56;124;0;0;807
07;Kronobergs län;61;Lessebo;6333;Berghälla Servicehus;0;0;0;0;0;0;0;0;0;0;0;20;0;0;0;0;0;0;0;20
07;Kronobergs län;61;Lessebo;6334;Sjöglimten;0;0;0;0;0;0;0;0;0;0;0;17;0;0;0;0;0;0;0;17
07;Kronobergs län;61;Lessebo;6335;Kosta Servichus;0;0;0;0;0;0;0;0;0;0;0;34;0;0;0;0;0;0;0;34
07;Kronobergs län;61;Lessebo;6336;Furugårdens Servicehus;0;0;0;0;0;0;0;0;0;0;0;28;0;0;0;0;0;0;0;28
07;Kronobergs län;61;Lessebo;8677;Kommunhuset Lessebo;0;0;0;0;0;0;0;0;0;0;0;0;0;0;4;0;0;29;20;53
07;Kronobergs län;61;Lessebo;9429;Hovmantorps Bibliotek;23;14;23;0;0;49;35;43;35;26;0;0;125;73;82;79;91;0;0;698
07;Kronobergs län;61;Lessebo;9436;Kosta Bibliotek;0;23;0;0;0;29;0;0;30;0;0;0;58;0;0;71;0;0;0;211
07;Kronobergs län;61;Lessebo;9437;Skruvs Bibliotek;7;0;0;0;0;26;0;13;0;0;0;0;27;0;16;0;0;0;0;89
07;Kronobergs län;63;Tingsryd;10081;Fridafors Fritidscenter;0;0;0;0;0;0;0;0;0;0;0;0;0;0;0;0;0;0;68;68
07;Kronobergs län;63;Tingsryd;10085;ICA Nära Ryd;12;13;13;12;11;25;12;26;21;25;18;20;25;50;55;63;63;58;0;522
07;Kronobergs län;63;Tingsryd;10086;Lindgrens Bygg & Järn;11;12;12;15;0;12;18;23;15;23;15;0;30;33;38;49;54;32;0;392
07;Kronobergs län;63;Tingsryd;10087;ICA Nära Väckelsång;1;8;12;3;4;6;12;20;11;18;2;12;19;24;21;33;54;18;0;278
07;Kronobergs län;63;Tingsryd;10088;Dina Försäkringar Södra Småland;3;2;3;0;0;6;11;8;8;9;0;0;20;24;19;21;32;0;0;166
07;Kronobergs län;63;Tingsryd;10089;Matöppet Rävemåla;3;8;6;7;1;4;2;5;4;10;13;3;19;16;17;23;33;15;0;189
07;Kronobergs län;63;Tingsryd;10090;Bil- & Husvagnsservice i Konga AB;1;5;9;6;11;6;6;5;10;7;9;12;10;17;20;33;34;34;0;235
07;Kronobergs län;63;Tingsryd;10099;Kommunhuset;20;32;16;9;0;45;44;67;35;46;49;0;89;141;117;82;134;72;43;1041
07;Kronobergs län;63;Tingsryd;13149;Linnerydskolan;0;0;0;0;0;0;0;0;0;0;0;0;0;0;0;0;0;0;323;323
07;Kronobergs län;63;Tingsryd;14146;Kastanjebacken;0;0;0;0;0;0;0;0;0;0;0;4;0;0;0;0;0;0;0;4
07;Kronobergs län;63;Tingsryd;14168;Tingsryds kommuns mobila vallokal;0;0;0;15;26;0;0;0;0;0;2;0;2;0;0;19;2;11;0;77
07;Kronobergs län;63;Tingsryd;6338;Ekeliden;0;0;0;0;0;0;0;0;0;0;0;6;5;0;0;0;0;0;0;11
07;Kronobergs län;63;Tingsryd;6339;Lindegården;0;0;0;0;0;0;0;0;0;0;0;8;0;0;0;0;0;0;0;8
07;Kronobergs län;63;Tingsryd;6340;Äppelgården;0;0;0;0;0;0;0;0;0;0;0;0;0;0;0;0;0;0;0;0
07;Kronobergs län;63;Tingsryd;6341;Solängen;0;0;0;0;0;0;0;0;0;0;0;15;0;0;0;0;0;0;0;15
07;Kronobergs län;63;Tingsryd;6342;Ekbacka Sjukhem;0;0;0;0;0;0;0;0;0;0;0;20;0;0;0;0;0;0;0;20
07;Kronobergs län;63;Tingsryd;6343;Älmegården;0;0;0;0;0;0;0;0;0;0;0;3;0;0;0;0;0;0;0;3
07;Kronobergs län;63;Tingsryd;6344;Solhaga;0;0;0;0;0;0;0;0;0;0;0;4;0;0;0;0;0;0;0;4
07;Kronobergs län;63;Tingsryd;6345;Tingsgården;0;0;0;0;0;0;0;0;0;0;0;9;0;0;0;0;0;0;0;9
07;Kronobergs län;64;Alvesta;8151;Moheda bibliotek;0;39;26;0;0;46;27;0;87;46;0;0;135;60;0;167;82;0;0;715
07;Kronobergs län;64;Alvesta;8152;Vislanda bibliotek;6;39;15;0;0;46;34;24;59;16;0;0;124;30;54;122;45;0;0;614
07;Kronobergs län;64;Alvesta;8153;Alvesta bibliotek;27;77;26;44;0;80;115;77;96;80;71;0;233;253;171;334;223;168;38;2113
07;Kronobergs län;65;Älmhult;12548;Solhem;0;0;0;0;0;0;0;0;0;0;0;0;0;0;8;0;0;0;0;8
07;Kronobergs län;65;Älmhult;6351;Almgården;0;0;0;0;0;0;0;0;0;0;0;0;0;0;41;0;0;0;0;41
07;Kronobergs län;65;Älmhult;6352;Solgården;0;0;0;0;0;0;0;0;0;0;0;0;0;0;8;0;0;0;0;8
07;Kronobergs län;65;Älmhult;6353;Ekebo;0;0;0;0;0;0;0;0;0;0;0;0;0;0;20;0;0;0;0;20
07;Kronobergs län;65;Älmhult;6354;Nicklagården;0;0;0;0;0;0;0;0;0;0;0;0;0;0;20;0;0;0;0;20
07;Kronobergs län;65;Älmhult;6355;Per Hörbergsgården;0;0;0;0;0;0;0;0;0;0;0;0;0;0;2;0;0;0;0;2
07;Kronobergs län;65;Älmhult;9509;Kommunhuset;51;43;49;0;0;86;80;47;84;103;0;0;174;134;131;119;185;118;66;1470
07;Kronobergs län;65;Älmhult;9512;Älmhults bibliotek;36;55;40;28;0;67;52;61;66;63;46;0;153;167;179;198;165;54;0;1430
07;Kronobergs län;65;Älmhult;9514;Diö filialbibliotek;0;0;0;0;0;0;18;0;0;0;0;0;0;44;0;0;0;0;0;62
07;Kronobergs län;65;Älmhult;9517;Eneryda filialbibliotek/skola;0;0;0;0;0;0;0;0;50;0;0;0;0;0;0;58;0;0;113;221
07;Kronobergs län;65;Älmhult;9682;Hallaryds filialbibliotek/skola;0;0;0;0;0;34;0;0;0;0;0;0;42;0;0;0;0;0;154;230
07;Kronobergs län;65;Älmhult;9683;Häradsbäcks filialbibliotek/skola;0;0;0;0;0;0;20;0;0;0;0;0;0;58;0;0;0;0;108;186
07;Kronobergs län;65;Älmhult;9684;Pjätteryds skola;0;22;0;0;0;0;0;0;0;0;0;0;0;0;0;70;0;0;84;176
07;Kronobergs län;65;Älmhult;9685;Liatorps filialbibliotek;0;0;0;0;0;0;24;0;0;0;0;0;0;45;0;0;0;0;0;69
07;Kronobergs län;65;Älmhult;9686;Ryfors filialbibliotek;0;0;0;0;0;0;0;35;0;0;0;0;0;0;41;0;0;0;0;76
07;Kronobergs län;65;Älmhult;9687;Virestads filialbibliotek/skola;0;0;0;0;0;0;0;0;24;0;0;0;0;0;0;36;0;0;64;124
07;Kronobergs län;65;Älmhult;9693;Haganässkolan;0;0;0;0;0;2;0;2;0;4;0;0;2;0;6;0;11;0;0;27
07;Kronobergs län;65;Älmhult;9711;Möckelns förskola;0;0;0;0;0;0;0;0;0;0;0;0;0;0;0;0;0;0;22;22
07;Kronobergs län;65;Älmhult;9718;Urania;0;0;0;0;0;0;0;0;0;0;0;0;0;0;0;0;0;0;192;192
07;Kronobergs län;67;Markaryd;13856;Coop Konsum Markaryd;14;30;24;16;23;43;39;27;47;28;13;29;57;65;55;68;133;115;72;898
07;Kronobergs län;67;Markaryd;13857;ICA Kvantum;23;21;22;15;5;29;43;30;19;50;20;28;58;80;73;94;125;109;81;925
07;Kronobergs län;67;Markaryd;13858;ICA Nära;11;28;13;6;12;19;20;14;21;24;19;9;40;35;33;43;35;22;35;439
07;Kronobergs län;67;Markaryd;13859;Coop Nära;5;10;5;5;6;4;6;10;11;9;4;12;6;15;8;14;18;20;17;185
07;Kronobergs län;67;Markaryd;13860;Håkanssons Bygg & Livs;0;3;4;0;0;1;7;6;4;4;0;0;6;7;3;8;11;21;0;85
07;Kronobergs län;67;Markaryd;13963;Fyrklövern;0;4;0;0;0;0;0;0;0;0;0;0;0;0;0;0;0;0;0;4
07;Kronobergs län;67;Markaryd;14001;Medborgarhuset/biblioteket;0;0;0;0;0;0;0;0;0;0;0;0;0;16;0;0;0;0;0;16
07;Kronobergs län;67;Markaryd;6357;Ekliden;0;12;0;0;0;0;0;0;0;0;0;0;0;0;0;0;0;0;0;12
07;Kronobergs län;67;Markaryd;6358;Sjögården;0;0;11;0;0;0;0;0;0;0;0;0;0;0;0;0;0;0;0;11
07;Kronobergs län;67;Markaryd;6359;Utsikten;0;0;7;0;0;0;0;0;0;0;0;0;0;0;0;0;0;0;0;7
07;Kronobergs län;80;Växjö;11644;Evelid, Träffpunkten;0;0;0;0;0;0;0;0;0;0;0;19;0;0;0;0;0;0;0;19
07;Kronobergs län;80;Växjö;11744;Stadsbiblioteket, Växjö;190;179;212;152;0;258;243;262;265;313;270;0;475;483;571;662;917;509;307;6268
07;Kronobergs län;80;Växjö;13557;Åbovägen;0;0;0;0;0;0;0;0;0;0;0;19;0;0;0;0;0;0;0;19
07;Kronobergs län;80;Växjö;13558;Lasarettet;0;0;0;0;0;0;0;0;0;0;0;0;0;0;0;0;0;0;71;71
07;Kronobergs län;80;Växjö;6362;Borgmästaren;0;0;0;0;0;0;0;0;0;0;0;39;0;0;0;0;0;0;0;39
07;Kronobergs län;80;Växjö;6363;Rättspsykiatriska regionkliniken;0;0;0;0;0;0;0;0;0;0;0;42;0;0;0;0;0;0;0;42
07;Kronobergs län;80;Växjö;6364;Vuxenpsyk.kliniken, andaktsrummet;0;0;0;0;0;0;0;0;0;0;0;7;0;0;0;0;0;0;0;7
07;Kronobergs län;80;Växjö;6366;Mekans dagcentral;0;0;0;0;0;0;0;0;0;0;0;32;0;0;0;0;0;0;0;32
07;Kronobergs län;80;Växjö;6367;Häktet;0;0;0;0;0;0;0;0;0;0;0;10;0;0;0;0;0;0;0;10
07;Kronobergs län;80;Växjö;6369;Östregården;0;0;0;0;0;0;0;0;0;0;0;13;0;0;0;0;0;0;0;13
07;Kronobergs län;80;Växjö;6370;Bågen;0;0;0;0;0;0;0;0;0;0;0;17;0;0;0;0;0;0;0;17
07;Kronobergs län;80;Växjö;6371;Hov Västregård;0;0;0;0;0;0;0;0;0;0;0;15;0;0;0;0;0;0;0;15
07;Kronobergs län;80;Växjö;6373;Dalbo servicehus,;0;0;0;0;0;0;0;0;0;0;0;36;0;0;0;0;0;0;0;36
07;Kronobergs län;80;Växjö;6375;Lyckanshöjd;0;0;0;0;0;0;0;0;0;0;0;15;0;0;0;0;0;0;0;15
07;Kronobergs län;80;Växjö;6377;Solgården;0;0;0;0;0;0;0;0;0;0;0;22;0;0;0;0;0;0;0;22
07;Kronobergs län;80;Växjö;6378;Kvarngården;0;0;0;0;0;0;0;0;0;0;0;23;0;0;0;0;0;0;0;23
07;Kronobergs län;80;Växjö;6379;Kinnevaldsgården;0;0;0;0;0;0;0;0;0;0;0;9;0;0;0;0;0;0;0;9
07;Kronobergs län;80;Växjö;9191;Valpaviljong, Stortorget;186;173;194;164;0;230;226;232;257;251;266;0;415;414;519;526;652;335;0;5040
07;Kronobergs län;80;Växjö;9192;Teleborgs centrum;36;36;50;0;0;61;60;58;65;74;0;0;234;214;280;283;339;0;0;1790
07;Kronobergs län;80;Växjö;9193;Hovshaga Bibliotek;35;38;32;0;0;48;46;53;51;38;0;0;125;118;121;159;169;0;0;1033
07;Kronobergs län;80;Växjö;9194;Öster, Birka vårdboende;21;28;31;0;0;38;43;40;39;27;0;0;104;76;74;79;80;0;0;680
07;Kronobergs län;80;Växjö;9195;Lammhult, biblioteket;21;17;15;0;0;14;15;18;19;15;0;0;68;48;59;57;94;0;0;460
07;Kronobergs län;80;Växjö;9196;Braås, Sjöliden;6;12;8;0;0;17;21;20;26;11;0;0;51;56;60;57;74;0;0;419
07;Kronobergs län;80;Växjö;9197;Ingelstad, biblioteket;11;10;11;0;0;30;6;16;32;25;0;0;87;45;65;74;97;0;0;509
07;Kronobergs län;80;Växjö;9198;Sörgården, Rottne;17;27;20;0;0;31;34;27;22;29;0;0;95;63;87;88;115;0;0;655
07;Kronobergs län;80;Växjö;9199;Öjaby, Tofsmesen;24;10;4;0;0;17;20;26;31;12;0;0;40;53;67;87;84;0;0;475
07;Kronobergs län;80;Växjö;9200;Araby, Tallgården;12;27;18;0;0;22;26;21;21;18;0;0;57;54;67;65;97;0;0;505
07;Kronobergs län;80;Växjö;9212;Tolgs föreningslokal;0;0;0;0;0;0;0;0;0;0;0;0;0;0;0;0;0;0;172;172
07;Kronobergs län;80;Växjö;9218;Drevs sockenstuga;0;0;0;0;0;0;0;0;0;0;0;0;0;0;0;0;0;0;91;91
07;Kronobergs län;80;Växjö;9221;Asa Vandrarhem;0;0;0;0;0;0;0;0;0;0;0;0;0;0;0;0;0;0;84;84
07;Kronobergs län;80;Växjö;9227;Jäts Folkets Hus;0;0;0;0;0;0;0;0;0;0;0;0;0;0;0;0;0;0;141;141
07;Kronobergs län;80;Växjö;9228;Kalvsviks bygdegård;0;0;0;0;0;0;0;0;0;0;0;0;0;0;0;0;0;0;211;211
07;Kronobergs län;80;Växjö;9229;Öhrtagården;0;0;0;0;0;0;0;0;0;0;0;0;0;0;0;0;0;0;163;163
07;Kronobergs län;81;Ljungby;13109;Sunnerbogymnasiet;0;0;0;0;0;0;0;0;0;0;0;0;0;24;42;0;0;0;0;66
07;Kronobergs län;81;Ljungby;13120;Annerstad;0;0;0;0;0;0;0;0;0;0;0;0;0;0;0;0;0;0;165;165
07;Kronobergs län;81;Ljungby;13121;Bolmsö;0;0;0;0;0;0;0;0;0;0;0;0;0;0;0;0;0;0;289;289
07;Kronobergs län;81;Ljungby;13122;Vittaryd;0;0;0;0;0;0;0;0;0;0;0;0;0;0;0;0;0;0;215;215
07;Kronobergs län;81;Ljungby;13123;Hamneda;0;0;0;0;0;0;0;0;0;0;0;0;0;0;0;0;0;0;224;224
07;Kronobergs län;81;Ljungby;13124;Södra Ljunga;0;0;0;0;0;0;0;0;0;0;0;0;0;0;0;0;0;0;249;249
07;Kronobergs län;81;Ljungby;13125;Torpa;0;0;0;0;0;0;0;0;0;0;0;0;0;0;0;0;0;0;222;222
07;Kronobergs län;81;Ljungby;13126;Vrå;0;0;0;0;0;0;0;0;0;0;0;0;0;0;0;0;0;0;109;109
07;Kronobergs län;81;Ljungby;13127;Agunnaryd;0;0;0;0;0;0;0;0;0;0;0;0;0;0;0;0;0;0;288;288
07;Kronobergs län;81;Ljungby;14128;Ryssbygymnasiet;0;0;0;0;0;0;0;0;0;0;0;0;0;0;0;33;0;0;0;33
07;Kronobergs län;81;Ljungby;14167;Ljungagården;0;0;0;0;0;0;0;0;0;0;0;0;0;0;0;13;0;0;0;13
07;Kronobergs län;81;Ljungby;9552;ICA Lagan - Bergahallen;8;10;15;3;7;15;22;28;37;30;22;27;34;46;55;98;74;73;23;627
07;Kronobergs län;81;Ljungby;9650;ICA Nära, I-köp, Ryssby;1;10;9;3;0;8;3;9;13;12;6;0;19;16;26;33;38;15;0;221
07;Kronobergs län;81;Ljungby;9651;ICA Lidhult;7;9;11;8;7;12;11;19;15;12;6;13;25;27;25;24;17;48;5;301
07;Kronobergs län;81;Ljungby;9652;Ljungby Bibliotek;103;168;169;74;0;187;247;220;224;247;110;0;357;430;402;397;499;180;213;4227
08;Kalmar län;21;Högsby;11790;Misteln - bibliotek/turistbyrå;18;48;50;17;22;69;77;81;98;83;39;25;138;160;142;163;224;75;25;1554
08;Kalmar län;34;Torsås;12802;Kalmar lantmän;17;22;9;6;0;11;20;17;7;17;28;0;27;22;33;34;50;22;0;342
08;Kalmar län;34;Torsås;6394;Mariahemmet;0;0;0;0;0;0;0;0;0;0;0;10;0;0;0;0;0;0;0;10
08;Kalmar län;34;Torsås;6395;Sophiagården/Solgläntan;0;0;0;0;0;0;0;0;0;0;0;7;0;0;0;0;0;0;0;7
08;Kalmar län;34;Torsås;9794;Torsås Bibliotek;19;22;21;9;0;33;50;29;65;42;37;0;92;107;105;107;92;73;15;918
08;Kalmar län;34;Torsås;9796;ICA Möre Livs AB;5;5;10;4;2;4;8;8;13;12;11;15;13;20;24;36;33;26;2;251
08;Kalmar län;40;Mörbylånga;10092;Färjestadens bibliotek;89;96;117;45;0;160;115;126;116;149;84;0;249;261;250;164;273;170;0;2464
08;Kalmar län;40;Mörbylånga;10096;ICA Nära Skansen, Mörbylånga;20;25;28;22;19;42;39;39;22;39;44;63;66;80;65;124;94;104;43;978
08;Kalmar län;40;Mörbylånga;10103;ICA Nära, Södra Möckleby;7;12;14;0;0;20;16;20;27;15;0;0;35;47;26;25;43;0;0;307
08;Kalmar län;60;Hultsfred;10282;Lönneberga-Tuna-Vena Sparbank;8;17;7;0;0;5;9;23;20;25;0;0;17;22;21;21;32;5;0;232
08;Kalmar län;60;Hultsfred;10577;Jörg o Rosa Livsmedel, Järnforsen;0;1;1;1;0;3;7;2;7;3;6;3;12;3;12;24;27;15;0;127
08;Kalmar län;60;Hultsfred;8917;Mörlunda Blomsterhandel;6;3;9;0;0;14;13;13;23;29;0;0;52;53;59;49;51;11;0;385
08;Kalmar län;60;Hultsfred;8918;Skeppet Målilla;4;11;27;0;0;19;14;22;18;33;0;0;57;64;56;76;22;78;0;501
08;Kalmar län;60;Hultsfred;8919;Biblioteket Virserum;2;0;45;0;0;30;18;69;0;46;0;0;92;43;118;0;51;64;0;578
08;Kalmar län;60;Hultsfred;8921;Kommunhuset Hultsfred;32;30;52;0;0;58;50;53;82;128;20;0;124;158;155;188;227;66;40;1463
08;Kalmar län;61;Mönsterås;10186;Ålems Sparbank;15;16;0;0;0;43;0;67;39;0;0;0;55;0;87;89;0;0;0;411
08;Kalmar län;61;Mönsterås;10187;Biblioteket Ålem;0;33;0;0;0;46;15;0;48;0;0;0;66;37;0;90;0;0;0;335
08;Kalmar län;61;Mönsterås;10188;Biblioteket;51;60;66;47;0;123;121;109;145;127;65;0;215;199;215;225;235;116;67;2186
08;Kalmar län;61;Mönsterås;10190;Biblioteket Fliseryd;17;0;0;0;0;30;0;38;0;0;0;0;70;0;86;0;0;0;0;241
08;Kalmar län;61;Mönsterås;10191;Biblioteket Timmernabben;0;30;0;0;0;49;12;0;55;0;0;0;78;22;0;73;0;0;0;319
08;Kalmar län;61;Mönsterås;6401;Sörgården;0;0;0;0;0;0;0;0;0;0;0;12;0;0;0;0;0;0;0;12
08;Kalmar län;61;Mönsterås;6402;Torshaga;0;0;0;0;0;0;0;0;0;0;0;14;0;0;0;0;0;0;0;14
08;Kalmar län;61;Mönsterås;6403;Allégården;0;0;0;0;0;0;0;0;0;0;0;7;0;0;0;0;0;0;0;7
08;Kalmar län;61;Mönsterås;6404;Åshaga;0;0;0;0;0;0;0;0;0;0;0;2;0;0;0;0;0;0;0;2
08;Kalmar län;61;Mönsterås;6405;Prästkullen;0;0;0;0;0;0;0;0;0;0;0;22;0;0;0;0;0;0;0;22
08;Kalmar län;61;Mönsterås;6406;Ekåsa;0;0;0;0;0;0;0;0;0;0;0;13;0;0;0;0;0;0;0;13
08;Kalmar län;62;Emmaboda;13561;Emmaboda Bibliotek;31;58;41;41;31;64;77;69;68;113;69;61;180;192;223;256;213;103;0;1890
08;Kalmar län;62;Emmaboda;13687;Vilhelm Mobergsgymnasiet;0;0;0;0;0;0;0;0;0;0;0;0;0;0;22;0;0;0;0;22
08;Kalmar län;62;Emmaboda;6407;Allaktivitetshuset Loket;0;0;0;0;0;0;0;0;0;0;0;21;0;0;0;0;0;0;0;21
08;Kalmar län;62;Emmaboda;8189;Eriksmåla skola;0;0;0;0;0;0;0;0;0;0;0;0;0;0;0;0;0;0;80;80
08;Kalmar län;62;Emmaboda;8190;Boda Bildningscentrum;0;0;0;0;0;0;0;0;0;0;0;0;0;0;0;0;0;0;88;88
08;Kalmar län;62;Emmaboda;8191;Kommunförvaltningen/Kommunhuset;0;0;0;0;0;0;0;0;0;0;0;0;0;0;0;0;0;0;25;25
08;Kalmar län;80;Kalmar;12957;Läckeby Livs;2;5;6;0;7;2;10;12;4;6;5;14;10;17;17;28;40;35;0;220
08;Kalmar län;80;Kalmar;12964;Huvudbiblioteket Kalmar;110;137;101;72;64;127;164;160;131;142;127;146;343;325;361;508;492;367;0;3877
08;Kalmar län;80;Kalmar;12965;Bergaviksbiblioteket;27;39;9;0;0;9;32;24;31;25;0;0;34;43;38;57;19;42;0;429
08;Kalmar län;80;Kalmar;14181;Coop Konsum Norrliden;0;0;1;14;4;13;12;15;13;15;26;27;24;47;40;54;58;39;0;402
08;Kalmar län;80;Kalmar;14186;Möregården;0;0;0;0;0;0;0;0;14;0;0;0;0;0;0;0;0;0;0;14
08;Kalmar län;80;Kalmar;14187;Ljungbyhemmet;0;0;0;0;0;0;0;0;0;0;0;0;0;0;0;0;0;0;0;0
08;Kalmar län;80;Kalmar;14188;Smedby gård;0;0;0;0;0;0;0;0;0;0;0;0;17;0;0;0;0;0;0;17
08;Kalmar län;80;Kalmar;14189;Smedängen;0;0;0;0;0;0;0;0;0;0;0;0;12;0;0;0;0;0;0;12
08;Kalmar län;80;Kalmar;14190;Björkhaga;0;0;0;0;0;0;0;0;0;0;0;0;0;19;0;0;0;0;0;19
08;Kalmar län;80;Kalmar;14191;KOSMO Vasallparken;0;0;0;0;0;0;0;0;0;0;0;0;0;0;9;0;0;0;0;9
08;Kalmar län;80;Kalmar;14192;Norrlidshemmet;0;0;0;0;0;0;0;0;0;0;0;0;0;0;18;0;0;0;0;18
08;Kalmar län;80;Kalmar;6412;Häktet Kalmar;0;0;0;0;0;0;0;0;0;0;0;21;0;0;0;0;0;0;0;21
08;Kalmar län;80;Kalmar;6413;Länssjukhuset Kalmar, Huvudentrén;0;0;0;0;0;0;0;0;0;0;0;0;0;0;0;0;0;82;0;82
08;Kalmar län;80;Kalmar;6415;Kriminalvårdsanstalten;0;0;0;0;0;0;0;0;0;0;0;33;0;0;0;0;0;0;0;33
08;Kalmar län;80;Kalmar;9774;Stadshuset;66;38;45;0;0;49;72;56;65;71;0;0;95;86;121;140;153;135;311;1503
08;Kalmar län;80;Kalmar;9775;ICA Nära Rockneby;15;15;17;18;17;28;20;24;25;32;13;49;24;39;49;59;91;69;0;604
08;Kalmar län;80;Kalmar;9780;ICA Supermarket Magneten, Lindsdal;51;53;23;29;39;45;50;66;80;78;56;71;112;143;125;150;193;132;0;1496
08;Kalmar län;80;Kalmar;9782;ICA Supermarket, Berga Centrum;73;103;98;82;79;130;150;159;139;134;104;121;184;200;204;264;307;233;0;2764
08;Kalmar län;80;Kalmar;9783;ICA Södercentrum Supermarket;46;53;50;36;55;83;78;83;67;73;74;112;142;165;220;219;288;234;0;2078
08;Kalmar län;80;Kalmar;9784;ICA Smedby Supermarket;14;13;14;14;23;30;19;30;29;32;31;53;60;67;88;86;138;145;0;886
08;Kalmar län;80;Kalmar;9785;ICA Nära Trekanten;5;11;7;6;7;9;19;20;21;12;23;34;24;40;47;52;62;47;0;446
08;Kalmar län;80;Kalmar;9786;Preem Rinkabyholm;8;11;12;12;14;25;20;13;30;27;33;36;52;30;65;59;97;60;0;604
08;Kalmar län;80;Kalmar;9787;ICA Supermarket Stinsen, Ljungbyholm;19;22;22;27;26;27;34;39;34;40;19;58;75;71;52;104;120;96;0;885
08;Kalmar län;80;Kalmar;9788;Preem, Påryd;4;9;12;2;3;9;19;13;12;12;4;19;25;13;20;20;32;19;0;247
08;Kalmar län;81;Nybro;13045;Strandvägens äldreboende;0;0;0;0;0;0;0;0;0;0;0;20;0;0;0;0;0;0;0;20
08;Kalmar län;81;Nybro;13046;Stallgården;0;0;0;0;0;0;0;0;0;0;0;10;0;0;0;0;0;0;0;10
08;Kalmar län;81;Nybro;13933;Åkrahällskolan;0;0;0;0;0;0;0;13;0;0;0;0;0;0;0;0;0;0;0;13
08;Kalmar län;81;Nybro;6423;Kvarnbacken;0;0;0;0;0;0;0;0;0;0;0;18;0;0;0;0;0;0;0;18
08;Kalmar län;81;Nybro;6424;Fröjdekulla;0;0;0;0;0;0;0;0;0;0;0;26;0;0;0;0;0;0;0;26
08;Kalmar län;81;Nybro;6426;Madesjögläntan;0;0;0;0;0;0;0;0;0;0;0;24;0;0;0;0;0;0;0;24
08;Kalmar län;81;Nybro;8783;Almen, äldreboende;0;0;0;0;0;0;0;0;0;0;0;16;0;0;0;0;0;0;0;16
08;Kalmar län;81;Nybro;8802;Biblioteket i Nybro;106;188;145;94;84;225;254;261;244;250;149;126;386;429;463;549;490;331;32;4806
08;Kalmar län;82;Oskarshamn;10180;Konsum Figeholm;2;15;13;8;0;31;11;17;25;21;10;0;57;46;60;67;75;27;0;485
08;Kalmar län;82;Oskarshamn;13019;Kulturhuset Oskarshamn;53;190;162;108;0;290;264;231;271;246;147;128;399;446;513;503;572;331;77;4931
08;Kalmar län;82;Oskarshamn;13795;Oscarsgymnasiet;0;0;0;0;0;0;0;0;24;0;0;0;0;0;0;55;0;0;0;79
08;Kalmar län;82;Oskarshamn;13957;Bockara Församlingshem;0;0;0;0;0;0;0;0;0;0;0;0;0;0;0;0;0;215;0;215
08;Kalmar län;82;Oskarshamn;13958;Misterhults Församlingshem;0;0;0;0;0;0;0;0;0;0;0;0;0;0;0;0;0;150;0;150
08;Kalmar län;82;Oskarshamn;9714;Konsum Påskallavik;5;7;8;6;0;24;10;25;25;16;12;0;29;43;56;31;55;12;0;364
08;Kalmar län;82;Oskarshamn;9715;Konsum Kristdala;1;8;10;2;0;7;13;14;16;12;8;0;36;19;37;51;52;26;0;312
08;Kalmar län;83;Västervik;12550;Västerviks gymnasium;0;0;0;0;0;0;0;0;0;0;0;0;68;0;0;0;0;0;0;68
08;Kalmar län;83;Västervik;13809;Odensvi lanthandel;2;0;3;2;0;0;0;6;7;8;9;0;0;20;16;19;18;29;0;139
08;Kalmar län;83;Västervik;13810;Blackstad lanthandel;0;7;5;6;3;7;13;9;9;8;7;7;14;11;28;20;29;0;0;183
08;Kalmar län;83;Västervik;13811;Ukna Diversehandel;0;5;4;5;0;4;3;0;10;12;27;0;9;18;26;20;17;17;0;177
08;Kalmar län;83;Västervik;13844;Edshöjden;0;0;0;0;0;0;0;0;0;0;0;15;0;0;0;0;0;0;0;15
08;Kalmar län;83;Västervik;14178;Gamleby folkhögskola;0;0;0;0;0;8;0;0;0;0;0;0;0;0;0;0;0;0;0;8
08;Kalmar län;83;Västervik;6427;Gertrudsgården, särskilt boende;0;0;0;0;0;0;0;0;0;0;0;11;0;0;0;0;0;0;0;11
08;Kalmar län;83;Västervik;6428;Annagården, särskilt boende;0;0;0;0;0;0;0;0;0;0;0;11;0;0;0;0;0;0;0;11
08;Kalmar län;83;Västervik;6429;Västerviks Sjukhus;0;0;0;0;0;0;0;0;0;0;0;12;0;0;0;0;0;0;0;12
08;Kalmar län;83;Västervik;6430;Vapengränd, särskilt boende;0;0;0;0;0;0;0;0;0;0;0;14;0;0;0;0;0;0;0;14
08;Kalmar län;83;Västervik;6433;Tjustgården, särskilt boende;0;0;0;0;0;0;0;0;0;0;0;23;0;0;0;0;0;0;0;23
08;Kalmar län;83;Västervik;6436;Dalsgården, särskilt boende;0;0;0;0;0;0;0;0;0;0;0;8;0;0;0;0;0;0;0;8
08;Kalmar län;83;Västervik;6437;Hagnäsgården, särskilt boende;0;0;0;0;0;0;0;0;0;0;0;12;0;0;0;0;0;0;0;12
08;Kalmar län;83;Västervik;6438;Erneborg, särskilt boende;0;0;0;0;0;0;0;0;0;0;0;25;0;0;0;0;0;0;0;25
08;Kalmar län;83;Västervik;6440;Sundsgården, särskilt boende;0;0;0;0;0;0;0;0;0;0;0;6;0;0;0;0;0;0;0;6
08;Kalmar län;83;Västervik;6441;Nynäsgården, särskilt boende;0;0;0;0;0;0;0;0;0;0;0;14;0;0;0;0;0;0;0;14
08;Kalmar län;83;Västervik;6442;Kungshöjden, särskilt boende;0;0;0;0;0;0;0;0;0;0;0;12;0;0;0;0;0;0;0;12
08;Kalmar län;83;Västervik;6443;Ekhamra, särskilt boende;0;0;0;0;0;0;0;0;0;0;0;6;0;0;0;0;0;0;0;6
08;Kalmar län;83;Västervik;7924;Stadsbiblioteket, Västervik;100;383;348;170;0;341;356;383;346;374;220;0;540;667;643;666;722;383;0;6642
08;Kalmar län;83;Västervik;7925;Biblioteket, Gamleby;22;62;57;0;0;85;78;67;83;114;0;0;138;98;110;172;158;0;0;1244
08;Kalmar län;83;Västervik;7926;Nämndhuset, Valnämnden;0;0;0;0;0;0;0;0;0;0;0;0;0;0;0;0;0;0;51;51
08;Kalmar län;83;Västervik;7927;ICA Ankaret, Ankarsrum;5;24;34;0;0;37;26;44;40;41;0;0;63;75;59;72;56;0;0;576
08;Kalmar län;83;Västervik;7928;Konsum, Edsbruk;4;13;8;0;0;25;18;23;19;16;0;0;27;30;31;40;44;0;0;298
08;Kalmar län;83;Västervik;7929;Konsum, Överum;3;11;12;8;0;19;21;32;22;35;14;0;46;31;42;54;81;45;0;476
08;Kalmar län;83;Västervik;7930;ICA Nära Kusten, Loftahammar;3;9;14;2;24;25;15;23;21;17;6;15;39;31;24;34;26;33;0;361
08;Kalmar län;83;Västervik;7931;Nära Dig, Gunnebo;4;13;11;5;0;16;15;10;16;17;10;0;23;44;34;25;17;18;0;278
08;Kalmar län;83;Västervik;8316;Anstalten, Västervik Norra;0;0;0;0;0;0;0;0;0;0;0;116;0;0;0;7;0;0;0;123
08;Kalmar län;84;Vimmerby;9170;Vimmerby, huvudbiblioteket;35;111;116;57;0;155;185;198;181;221;106;0;359;325;428;322;457;190;76;3522
08;Kalmar län;84;Vimmerby;9171;Storebro, filialbibliotek;0;0;0;0;0;62;0;0;0;0;0;0;121;0;0;0;0;0;0;183
08;Kalmar län;84;Vimmerby;9172;Södra Vi, filialbibliotek;23;0;0;0;0;0;0;124;0;0;0;0;0;0;146;0;0;0;0;293
08;Kalmar län;85;Borgholm;8877;Huvudbiblioteket i Borgholm;83;118;107;39;0;164;151;159;178;141;103;0;271;249;277;258;217;148;85;2748
08;Kalmar län;85;Borgholm;8878;Biblioteket, Åkerboskolan;5;34;24;0;0;36;47;25;66;34;0;0;55;85;40;93;28;0;0;572
08;Kalmar län;85;Borgholm;8879;ICA Byxelkrokshallen;2;6;8;12;4;14;11;28;17;14;10;1;40;18;28;10;20;19;0;262
09;Gotlands län;80;Gotland;10024;Malmahallen, Stånga;14;3;9;8;8;10;9;25;20;11;14;10;28;30;43;35;38;0;0;315
09;Gotlands län;80;Gotland;10027;Sudrets Livs, Havdhem;1;4;7;4;8;4;11;16;19;18;7;3;23;24;32;32;41;0;0;254
09;Gotlands län;80;Gotland;10030;Vibblehallen, Vibble;32;35;19;10;14;30;26;31;20;23;24;42;53;86;77;83;106;0;0;711
09;Gotlands län;80;Gotland;10032;Konsum Klintehamn;9;29;22;29;26;28;39;45;67;59;39;42;84;81;81;68;83;0;0;831
09;Gotlands län;80;Gotland;10033;Ljugarns Handels AB;5;12;9;0;0;23;18;19;11;11;0;0;31;16;27;20;33;0;0;235
09;Gotlands län;80;Gotland;10034;Bungehallen, Fårösund;8;17;16;14;9;22;32;26;18;21;14;25;34;60;69;63;68;0;0;516
09;Gotlands län;80;Gotland;10036;ICA Forsa Livs, Lärbro;9;19;16;16;8;18;21;10;23;14;12;11;34;27;42;55;34;0;0;369
09;Gotlands län;80;Gotland;10038;Konsum, Slite;30;22;24;21;11;33;32;34;50;58;23;39;66;73;93;84;92;64;51;900
09;Gotlands län;80;Gotland;10040;Coop Forum, Visby;136;160;140;94;56;192;199;220;240;294;145;162;347;400;320;519;640;452;306;5022
09;Gotlands län;80;Gotland;10042;ICA Roma;14;16;13;12;21;27;22;35;26;51;21;21;60;75;78;84;104;0;0;680
09;Gotlands län;80;Gotland;10052;ICA Nära, Katthammarsvik;7;1;7;4;0;8;7;12;12;26;2;9;15;6;15;15;28;0;0;174
09;Gotlands län;80;Gotland;13786;Åkermanska;0;0;0;0;31;0;0;0;0;0;0;0;0;0;0;0;0;0;0;31
09;Gotlands län;80;Gotland;14057;ICA Wisborg;63;85;61;57;66;89;95;108;114;118;78;102;211;188;164;343;260;0;0;2202
09;Gotlands län;80;Gotland;14058;Gotlands kommun;20;23;26;0;0;37;36;34;39;38;0;0;41;56;58;64;79;104;173;828
09;Gotlands län;80;Gotland;14172;Kilåkern äldreboende;0;0;0;0;14;0;0;0;0;0;0;0;0;0;0;0;0;0;0;14
09;Gotlands län;80;Gotland;14173;Visby lasarett;0;0;0;0;3;0;0;0;0;0;0;0;0;0;0;0;0;0;0;3
09;Gotlands län;80;Gotland;6456;Äldreboende, Fältgatan 75,77 och 79;0;0;0;0;30;0;0;0;0;0;0;0;0;0;0;0;0;0;0;30
09;Gotlands län;80;Gotland;6457;Gotlands Sjukhem;0;0;0;0;11;0;0;0;0;0;0;0;0;0;0;0;0;0;0;11
09;Gotlands län;80;Gotland;6463;Kriminalvårdsanstalten och häktet;0;0;0;0;7;0;0;0;0;0;0;0;0;0;0;0;0;0;0;7
09;Gotlands län;80;Gotland;6466;Kråkan;0;0;0;0;18;0;0;0;0;0;0;0;0;0;0;0;0;0;0;18
09;Gotlands län;80;Gotland;6467;Åvallegården och Vallemo;0;0;0;0;17;0;0;0;0;0;0;0;0;0;0;0;0;0;0;17
09;Gotlands län;80;Gotland;6468;Hemse vårdcentrum och Hagagatan;0;0;0;0;22;0;0;0;0;0;0;0;0;0;0;0;0;0;0;22
09;Gotlands län;80;Gotland;6469;Sudergården;0;0;0;0;14;0;0;0;0;0;0;0;0;0;0;0;0;0;0;14
09;Gotlands län;80;Gotland;9668;Shells Bensinstation Burgsvik;7;10;9;7;12;8;10;13;6;10;22;8;18;21;19;20;44;0;0;244
09;Gotlands län;80;Gotland;9670;Konsum, Hemse;26;38;36;21;18;34;23;60;41;52;23;60;56;83;108;112;125;53;78;1047
09;Gotlands län;80;Gotland;9728;Pjäsen;0;0;0;0;28;0;0;0;0;0;0;0;0;0;0;0;0;0;0;28
09;Gotlands län;80;Gotland;9730;Roma äldreboende;0;0;0;0;20;0;0;0;0;0;0;0;0;0;0;0;0;0;0;20
10;Blekinge län;60;Olofström;11203;Hemsjö Samlingslokal;0;0;0;0;0;0;0;0;0;0;0;0;0;0;0;0;0;0;92;92
10;Blekinge län;60;Olofström;11205;Vilshults skola;0;0;0;0;0;0;0;0;0;0;0;0;0;0;0;0;0;0;255;255
10;Blekinge län;60;Olofström;11206;Gränums skola;0;0;0;0;0;0;0;0;0;0;0;0;0;0;0;0;0;0;321;321
10;Blekinge län;60;Olofström;13428;Nordenbergsskolan;0;0;0;0;0;0;0;0;0;0;0;0;0;5;5;8;0;0;0;18
10;Blekinge län;60;Olofström;6472;Brännaregårdens dagcentral;0;0;0;0;0;0;0;0;0;0;0;23;0;0;0;0;0;0;0;23
10;Blekinge län;60;Olofström;6473;Kyrkhults dagcentral;0;0;0;0;0;0;0;0;0;0;0;22;0;0;0;0;0;0;0;22
10;Blekinge län;60;Olofström;6474;Västralid;0;0;0;0;0;0;0;0;0;0;0;11;0;0;0;0;0;0;0;11
10;Blekinge län;60;Olofström;8272;Olofströms Bibliotek;84;99;98;55;0;101;144;140;140;134;76;0;239;236;238;248;346;113;40;2531
10;Blekinge län;60;Olofström;8274;Kyrkhults Bibliotek;0;0;0;0;0;0;0;0;79;0;0;0;0;0;0;136;0;0;0;215
10;Blekinge län;60;Olofström;8288;Jämshögs Bibliotek;0;0;0;0;0;75;0;0;0;0;0;0;149;0;0;0;0;0;0;224
10;Blekinge län;80;Karlskrona;10016;Hasslö Konsum;6;12;17;0;0;17;16;18;15;28;0;0;48;29;50;27;57;0;0;340
10;Blekinge län;80;Karlskrona;10017;Fridlevstads skola, biblioteket;19;0;0;0;0;13;0;24;0;0;0;0;25;0;31;0;0;0;0;112
10;Blekinge län;80;Karlskrona;10018;Holmsjö bibliotek;0;0;0;0;0;46;0;0;0;0;0;0;67;0;0;0;0;0;0;113
10;Blekinge län;80;Karlskrona;10019;Jämjö bibliotek;53;0;0;0;0;84;0;115;0;0;0;0;190;0;234;0;0;0;0;676
10;Blekinge län;80;Karlskrona;10021;Nättraby OKQ8;19;22;29;0;0;80;41;54;50;48;0;0;103;64;68;118;140;0;0;836
10;Blekinge län;80;Karlskrona;10022;Rödeby bibliotek;48;0;0;0;0;80;0;78;0;0;0;0;140;0;171;0;0;0;0;517
10;Blekinge län;80;Karlskrona;10023;Sturköskolan;29;0;0;0;0;40;0;42;0;0;0;0;53;0;63;0;0;0;0;227
10;Blekinge län;80;Karlskrona;10284;Fågelmara skola;4;0;0;0;0;21;0;29;0;0;0;0;46;0;25;0;0;0;0;125
10;Blekinge län;80;Karlskrona;10366;Konserthuset;164;171;186;146;73;235;183;209;192;236;185;134;282;246;373;346;585;538;235;4719
10;Blekinge län;80;Karlskrona;12767;Amiralens köpcentrum;116;176;175;144;110;181;211;221;283;318;284;206;349;396;427;463;707;678;0;5445
10;Blekinge län;80;Karlskrona;12960;Tvings skola;6;0;0;0;0;17;0;27;0;0;0;0;42;0;37;0;0;0;0;129
10;Blekinge län;80;Karlskrona;12962;Lyckeby Medborgarhus;37;54;41;0;0;57;56;54;45;64;0;0;74;55;53;67;81;0;0;738
10;Blekinge län;80;Karlskrona;13079;Flymen;0;0;0;0;0;0;0;0;0;0;0;0;0;0;0;0;0;0;0;0
10;Blekinge län;80;Karlskrona;13080;Nävragöl;0;0;0;0;0;0;0;0;0;0;0;0;0;0;0;0;0;0;0;0
10;Blekinge län;80;Karlskrona;13081;Blåningsmåla;0;0;0;0;0;0;0;0;0;0;0;0;0;0;0;0;0;0;0;0
10;Blekinge län;80;Karlskrona;13089;Blekingesjukhuset;0;0;0;0;0;0;0;0;0;0;0;1;0;0;0;0;0;0;0;1
10;Blekinge län;80;Karlskrona;13090;Rosengården;0;0;0;0;0;0;0;0;0;0;0;0;0;0;0;0;0;0;0;0
10;Blekinge län;80;Karlskrona;13091;Fridlevstads servicecenter;0;0;0;0;0;0;0;0;0;0;0;9;0;0;0;0;0;0;0;9
10;Blekinge län;80;Karlskrona;13293;Blekinge Tekniska Högskola;24;20;40;0;0;30;23;23;26;30;0;0;40;39;52;40;142;0;0;529
10;Blekinge län;80;Karlskrona;13946;City Gross;89;137;146;0;0;133;143;150;166;228;0;0;263;274;327;374;516;0;0;2946
10;Blekinge län;80;Karlskrona;13947;Kungsmarksplan;4;4;2;0;0;4;2;6;0;6;0;0;6;1;7;6;13;0;0;61
10;Blekinge län;80;Karlskrona;13948;Verkö Baltic House;0;3;2;0;0;3;7;6;10;9;0;0;1;10;7;11;17;0;0;86
10;Blekinge län;80;Karlskrona;6476;af Klint;0;0;0;0;0;0;0;0;0;0;0;17;0;0;0;0;0;0;0;17
10;Blekinge län;80;Karlskrona;6478;Kriminalvårdsanstalten;0;0;0;0;0;0;0;0;0;0;0;7;0;0;0;0;0;0;0;7
10;Blekinge län;80;Karlskrona;6479;Häktet;0;0;0;0;0;0;0;0;0;0;0;8;0;0;0;0;0;0;0;8
10;Blekinge län;80;Karlskrona;6480;Fregatten;0;0;0;0;0;0;0;0;0;0;0;40;0;0;0;0;0;0;0;40
10;Blekinge län;80;Karlskrona;6484;Kungshöjden;0;0;0;0;0;0;0;0;0;0;0;13;0;0;0;0;0;0;0;13
10;Blekinge län;80;Karlskrona;6485;Ekliden;0;0;0;0;0;0;0;0;0;0;0;10;0;0;0;0;0;0;0;10
10;Blekinge län;80;Karlskrona;6486;Östergården;0;0;0;0;0;0;0;0;0;0;0;13;0;0;0;0;0;0;0;13
10;Blekinge län;80;Karlskrona;6494;Hammarbygården;0;0;0;0;0;0;0;0;0;0;0;14;0;0;0;0;0;0;0;14
10;Blekinge län;80;Karlskrona;6496;Fredriksdal;0;0;0;0;0;0;0;0;0;0;0;10;0;0;0;0;0;0;0;10
10;Blekinge län;80;Karlskrona;6498;Mogården;0;0;0;0;0;0;0;0;0;0;0;14;0;0;0;0;0;0;0;14
10;Blekinge län;80;Karlskrona;6499;Elineberg;0;0;0;0;0;0;0;0;0;0;0;25;0;0;0;0;0;0;0;25
10;Blekinge län;80;Karlskrona;9802;Adlersten;0;0;0;0;0;0;0;0;0;0;0;11;0;0;0;0;0;0;0;11
10;Blekinge län;80;Karlskrona;9803;Annagården;0;0;0;0;0;0;0;0;0;0;0;6;0;0;0;0;0;0;0;6
10;Blekinge län;80;Karlskrona;9814;Björkbacken;0;0;0;0;0;0;0;0;0;0;0;13;0;0;0;0;0;0;0;13
10;Blekinge län;80;Karlskrona;9815;Björkhaga;0;0;0;0;0;0;0;0;0;0;0;3;0;0;0;0;0;0;0;3
10;Blekinge län;80;Karlskrona;9827;Hjulhammar;0;0;0;0;0;0;0;0;0;0;0;3;0;0;0;0;0;0;0;3
10;Blekinge län;80;Karlskrona;9829;Mölleberg;0;0;0;0;0;0;0;0;0;0;0;8;0;0;0;0;0;0;0;8
10;Blekinge län;80;Karlskrona;9830;Pantern;0;0;0;0;0;0;0;0;0;0;0;29;0;0;0;0;0;0;0;29
10;Blekinge län;80;Karlskrona;9831;Ringöhemmet;0;0;0;0;0;0;0;0;0;0;0;5;0;0;0;0;0;0;0;5
10;Blekinge län;80;Karlskrona;9834;Vedebylund;0;0;0;0;0;0;0;0;0;0;0;14;0;0;0;0;0;0;0;14
10;Blekinge län;80;Karlskrona;9835;Nya Pantern;0;0;0;0;0;0;0;0;0;0;0;0;0;0;0;0;0;0;0;0
10;Blekinge län;80;Karlskrona;9843;Kommunhus Ruthensparre;35;19;11;0;0;21;25;16;17;22;0;0;32;88;42;47;138;0;0;513
10;Blekinge län;80;Karlskrona;9846;Torhamnsgården;8;0;0;0;0;13;0;14;0;0;0;0;46;0;70;0;0;0;0;151
10;Blekinge län;81;Ronneby;13098;Eringsboda skola;0;0;0;0;0;0;0;0;0;0;0;0;0;0;0;0;0;0;0;0
10;Blekinge län;81;Ronneby;13099;Bräknegården;0;0;0;0;0;0;0;0;0;0;0;0;0;0;0;0;0;0;133;133
10;Blekinge län;81;Ronneby;13101;Leråkra bygdegård;0;0;0;0;0;0;0;0;0;0;0;0;0;0;0;0;0;0;98;98
10;Blekinge län;81;Ronneby;14090;Matöppet Listerby Livs;7;13;7;0;0;16;20;25;12;24;0;0;40;40;33;20;64;0;0;321
10;Blekinge län;81;Ronneby;9134;Matöppet Eringsboda;1;4;4;0;0;13;4;6;14;13;1;9;11;8;11;28;18;0;0;145
10;Blekinge län;81;Ronneby;9135;Konsum Kallinge;33;39;44;0;0;69;48;61;62;60;0;0;99;120;113;124;184;0;0;1056
10;Blekinge län;81;Ronneby;9136;Ica Nära, Bräkne Hoby;18;21;24;0;0;37;21;42;35;64;0;0;73;83;102;91;114;0;0;725
10;Blekinge län;81;Ronneby;9137;Ica Nära, Johannishus;20;8;13;0;0;20;18;25;9;15;0;0;28;33;41;56;53;0;0;339
10;Blekinge län;81;Ronneby;9138;Ica Nära/Träffpunkten, Backaryd;1;10;14;0;0;16;9;15;18;21;0;0;25;55;29;37;40;0;0;290
10;Blekinge län;81;Ronneby;9139;Stadshuset;132;156;157;0;0;216;210;239;238;309;159;0;396;404;399;454;565;263;152;4449
10;Blekinge län;81;Ronneby;9358;Hallagården;0;0;0;0;0;0;0;0;0;0;0;0;0;0;0;0;0;0;132;132
10;Blekinge län;82;Karlshamn;12790;Konsum Mörrum;22;31;39;22;0;48;82;55;68;98;29;0;129;114;106;125;153;96;0;1217
10;Blekinge län;82;Karlshamn;12791;Coop Konsum, Svängsta;14;21;23;7;0;20;38;31;27;26;18;0;34;46;53;55;90;35;0;538
10;Blekinge län;82;Karlshamn;13817;Hemköp;87;97;119;79;0;170;161;157;140;153;124;0;264;211;251;279;329;223;131;2975
10;Blekinge län;82;Karlshamn;6508;Blekingesjukhuset, cafeterian;0;0;0;0;0;0;0;0;0;0;0;16;0;0;0;0;0;0;0;16
10;Blekinge län;82;Karlshamn;6509;Östralycke, Samlingssalen;0;0;0;0;0;0;0;0;0;0;0;28;0;0;0;0;0;0;0;28
10;Blekinge län;82;Karlshamn;6511;Gustavsborgs samlingssal;0;0;0;0;0;0;0;0;0;0;0;31;0;0;0;0;0;0;0;31
10;Blekinge län;82;Karlshamn;6514;Eklunden;0;0;0;0;0;0;0;0;0;0;0;3;0;0;0;0;0;0;0;3
10;Blekinge län;82;Karlshamn;6515;Mariegården;0;0;0;0;0;0;0;0;0;0;0;27;0;0;0;0;0;0;0;27
10;Blekinge län;82;Karlshamn;6516;Persgård;0;0;0;0;0;0;0;0;0;0;0;8;0;0;0;0;0;0;0;8
10;Blekinge län;82;Karlshamn;9559;Coop Konsum, Asarum;30;41;53;23;0;84;68;59;68;74;59;0;105;129;127;156;155;120;0;1351
10;Blekinge län;82;Karlshamn;9564;Coop Forum;48;73;100;40;0;99;97;114;133;174;86;0;236;201;265;256;331;255;187;2695
10;Blekinge län;82;Karlshamn;9580;Matöppet i Hällaryd;9;8;10;0;0;18;22;18;23;30;0;0;35;42;48;32;44;0;0;339
10;Blekinge län;83;Sölvesborg;6518;Tärnan;0;0;0;0;0;0;0;0;0;0;0;12;0;0;0;0;0;0;0;12
10;Blekinge län;83;Sölvesborg;6519;Svalan;0;0;0;0;0;0;0;0;0;0;0;15;0;0;0;0;0;0;0;15
10;Blekinge län;83;Sölvesborg;6520;Duvan;0;0;0;0;0;0;0;0;0;0;0;31;0;0;0;0;0;0;0;31
10;Blekinge län;83;Sölvesborg;6521;Falkalyckan;0;0;0;0;0;0;0;0;0;0;0;9;0;0;0;0;0;0;0;9
10;Blekinge län;83;Sölvesborg;6522;Slottsgården;0;0;0;0;0;0;0;0;0;0;0;20;0;0;0;0;0;0;0;20
10;Blekinge län;83;Sölvesborg;6523;Gerbogården;0;0;0;0;0;0;0;0;0;0;0;29;0;0;0;0;0;0;0;29
10;Blekinge län;83;Sölvesborg;9657;Medborgarkontoret i Stadshuset;102;122;94;49;0;160;162;195;131;225;94;0;301;267;274;324;407;146;84;3137
10;Blekinge län;83;Sölvesborg;9658;Biblioteket i Mjällby;0;0;0;0;0;89;0;92;0;0;0;0;156;0;169;0;0;0;0;506
10;Blekinge län;83;Sölvesborg;9659;Biblioteket i Norje;0;0;0;0;0;0;66;0;37;0;0;0;0;129;0;95;0;0;0;327
12;Skåne län;14;Svalöv;11923;Kommunhuset Svalöv;0;0;0;0;0;0;0;0;0;0;0;0;0;0;0;0;0;2;16;18
12;Skåne län;14;Svalöv;11924;Stenestads bibliotek;0;0;0;0;0;0;0;0;0;0;0;0;0;0;0;0;0;0;85;85
12;Skåne län;14;Svalöv;12320;F d skolan i Ask;0;0;0;0;0;0;0;0;0;0;0;0;0;0;0;0;0;0;3;3
12;Skåne län;14;Svalöv;12321;Billeberga Bibliotek;3;6;0;0;0;15;0;18;2;0;0;0;36;0;17;17;0;0;2;116
12;Skåne län;14;Svalöv;12792;Svalövs Gymnasium;0;0;0;0;0;0;0;10;0;0;0;0;0;0;0;10;0;0;0;20
12;Skåne län;14;Svalöv;13695;Fridhems Folkhögskola;0;0;0;0;0;0;0;0;18;0;0;0;0;0;91;0;0;0;0;109
12;Skåne län;14;Svalöv;6524;Åsgården;0;0;0;0;0;0;0;0;0;0;0;9;0;0;0;0;0;0;0;9
12;Skåne län;14;Svalöv;6525;Solgården;0;0;0;0;0;0;0;0;0;0;0;5;0;0;0;0;0;0;0;5
12;Skåne län;14;Svalöv;6526;Ängslyckan;0;0;0;0;0;0;0;0;0;0;0;2;0;0;0;0;0;0;0;2
12;Skåne län;14;Svalöv;8384;Svalövs huvudbibliotek;31;62;46;26;0;61;55;48;96;58;58;0;148;124;112;214;175;97;0;1411
12;Skåne län;14;Svalöv;8386;Kågeröds bibliotek;25;0;0;0;0;6;44;42;0;0;0;0;11;59;81;0;0;0;5;273
12;Skåne län;14;Svalöv;8387;Röstånga bibliotek;0;10;0;0;0;0;27;0;15;0;0;0;0;49;0;47;0;0;1;149
12;Skåne län;14;Svalöv;8388;Teckomatorps bibliotek;14;34;0;0;0;0;22;16;49;0;0;0;0;26;27;84;0;0;5;277
12;Skåne län;14;Svalöv;8389;Tågarps bibliotek/fritidsgården;0;3;0;0;0;0;2;0;8;0;0;0;0;10;0;29;0;0;6;58
12;Skåne län;30;Staffanstorp;6527;Magnoliagården;0;0;0;0;0;0;0;0;0;0;0;15;0;0;0;0;0;0;0;15
12;Skåne län;30;Staffanstorp;6528;Pilegården;0;0;0;0;0;0;0;0;0;0;0;10;0;0;0;0;0;0;0;10
12;Skåne län;30;Staffanstorp;6529;Gruppboende Centrumgården i Hjärup;0;0;0;0;0;0;0;0;0;0;0;7;0;0;0;0;0;0;0;7
12;Skåne län;30;Staffanstorp;9626;Rådhuset;118;120;125;0;0;142;164;178;206;186;0;0;287;244;372;396;310;247;62;3157
12;Skåne län;30;Staffanstorp;9627;Hjärups bibliotek;31;40;15;0;0;55;28;32;27;23;0;0;90;78;92;99;56;0;0;666
12;Skåne län;31;Burlöv;13547;Arlövs bibliotek;61;71;58;51;0;111;91;81;74;82;78;0;183;149;176;174;165;156;0;1761
12;Skåne län;31;Burlöv;13548;Möllegården;29;35;19;0;0;59;51;44;51;58;0;0;108;91;102;108;113;0;0;868
12;Skåne län;31;Burlöv;6531;Segegården (Solidens Sjukhem);0;0;0;0;0;0;0;0;0;0;0;22;0;0;0;0;0;0;0;22
12;Skåne län;31;Burlöv;6532;Svenshögs äldreboende;0;0;0;0;0;0;0;0;0;0;0;5;0;0;0;0;0;0;0;5
12;Skåne län;31;Burlöv;6533;Harakärrsgården;0;0;0;0;0;0;0;0;0;0;0;20;0;0;0;0;0;0;0;20
12;Skåne län;31;Burlöv;9988;Medborgarhuset;0;0;0;0;0;0;0;0;0;0;0;0;0;0;0;0;0;0;29;29
12;Skåne län;33;Vellinge;9544;Vellinge Bibliotek;54;60;54;51;0;79;69;94;100;100;106;0;206;211;198;220;207;188;75;2072
12;Skåne län;33;Vellinge;9546;Toppengallerian, Höllviken;161;179;173;88;0;254;172;300;277;304;164;0;420;392;407;445;572;292;0;4600
12;Skåne län;33;Vellinge;9548;Bäckagårdens servicehus;0;0;0;0;0;0;0;0;0;0;0;58;0;0;0;0;0;0;0;58
12;Skåne län;33;Vellinge;9553;Månstorpshemmets vård- & omsorgsb;0;0;0;0;0;0;0;0;0;0;0;11;0;0;0;0;0;0;0;11
12;Skåne län;33;Vellinge;9555;Eskilsgårdens vård- & omsorgsboend;0;0;0;0;0;0;0;0;0;0;0;17;0;0;0;0;0;0;0;17
12;Skåne län;33;Vellinge;9558;Almgårdens servicehus;0;0;0;0;0;0;0;0;0;0;0;24;0;0;0;0;0;0;0;24
12;Skåne län;33;Vellinge;9560;Kronodalsgårdens vård- & omsorgsb;0;0;0;0;0;0;0;0;0;0;0;15;0;0;0;0;0;0;0;15
12;Skåne län;33;Vellinge;9561;Postgårdens servicehus;0;0;0;0;0;0;0;0;0;0;0;14;0;0;0;0;0;0;0;14
12;Skåne län;33;Vellinge;9565;St Knuts vård- och omsorgsboende;68;76;53;30;0;83;89;66;58;73;47;0;117;72;89;80;118;57;0;1176
12;Skåne län;56;Östra Göinge;10855;Sibbhults Bibliotek;0;23;0;0;0;8;8;0;18;0;0;0;26;6;0;44;0;0;0;133
12;Skåne län;56;Östra Göinge;12820;Kommunhuset, Göinge Direkt;6;25;22;0;0;24;16;11;15;19;0;0;40;30;24;33;75;0;71;411
12;Skåne län;56;Östra Göinge;6534;Servicehuset Lindgården;0;0;0;0;0;0;0;0;0;0;0;11;0;0;0;0;0;0;0;11
12;Skåne län;56;Östra Göinge;6535;Servicehuset Västanvid;0;0;0;0;0;0;0;0;0;0;0;14;0;0;0;0;0;0;0;14
12;Skåne län;56;Östra Göinge;6537;Servicehuset Skogsbrynet;0;0;0;0;0;0;0;0;0;0;0;12;0;0;0;0;0;0;0;12
12;Skåne län;56;Östra Göinge;8760;Broby Bibliotek;27;28;19;14;0;37;22;41;22;32;37;0;78;76;67;90;124;71;0;785
12;Skåne län;56;Östra Göinge;8761;Glimåkra Bibliotek;19;12;0;0;0;30;0;35;45;0;0;0;45;0;58;86;0;0;0;330
12;Skåne län;56;Östra Göinge;8762;Hanaskogs Bibliotek;0;36;0;0;0;36;39;0;36;0;0;0;42;54;0;36;0;0;0;279
12;Skåne län;56;Östra Göinge;8763;Knislinge Bibliotek;34;41;0;0;0;55;29;41;68;0;0;0;83;83;57;144;0;0;0;635
12;Skåne län;57;Örkelljunga;10155;Huvudbiblioteket;36;66;70;49;0;117;94;80;87;132;63;0;222;214;178;179;256;152;25;2020
12;Skåne län;57;Örkelljunga;13044;Solberga/Solhaga;0;0;0;0;0;0;0;0;0;0;0;3;0;0;0;0;0;0;0;3
12;Skåne län;57;Örkelljunga;6538;Servicehuset Södergården;0;0;0;0;0;0;0;0;0;0;0;19;0;0;0;0;0;0;0;19
12;Skåne län;57;Örkelljunga;6539;Servicehuset Tallgården;0;0;0;0;0;0;0;0;0;0;0;7;0;0;0;0;0;0;0;7
12;Skåne län;57;Örkelljunga;6540;Servicehuset Solgården;0;0;0;0;0;0;0;0;0;0;0;1;0;0;0;0;0;0;0;1
12;Skåne län;60;Bjuv;12744;Ekhaga;0;0;0;0;0;0;0;0;0;0;0;5;0;0;0;0;0;0;0;5
12;Skåne län;60;Bjuv;14060;ALMLIDEN;10;13;12;0;0;5;4;5;12;9;0;0;14;19;20;22;22;0;0;167
12;Skåne län;60;Bjuv;6542;Varagården;0;0;0;0;0;0;0;0;0;0;0;15;0;0;0;0;0;0;0;15
12;Skåne län;60;Bjuv;8859;Biblioteket, Bjuv;68;51;30;16;0;89;52;87;48;44;34;0;130;108;131;100;98;78;0;1164
12;Skåne län;60;Bjuv;8860;Biblioteket, Billesholm;35;34;0;0;0;35;29;23;51;0;0;0;48;94;48;107;0;0;0;504
12;Skåne län;60;Bjuv;8861;Biblioteket, Ekeby;10;31;22;0;0;32;24;18;47;8;0;0;77;15;25;82;21;0;0;412
12;Skåne län;60;Bjuv;8862;Valnämndens kansli;7;3;7;4;0;0;8;3;6;6;0;0;14;14;12;10;22;39;79;234
12;Skåne län;61;Kävlinge;13822;Dösjebroskolan, Dösjebro;0;0;0;0;0;0;25;0;0;0;0;0;0;40;0;0;0;0;0;65
12;Skåne län;61;Kävlinge;13827;Ligustern, Furulund;0;0;0;0;0;0;0;43;0;0;0;0;0;0;86;0;0;0;0;129
12;Skåne län;61;Kävlinge;13828;Skönadalsskolan, Hofterup;0;0;0;0;0;0;0;0;44;0;0;0;0;0;0;62;0;0;0;106
12;Skåne län;61;Kävlinge;13830;Frans Möllergymnasiet, Kävlinge;0;0;0;0;0;0;0;0;0;0;0;0;0;7;0;2;0;0;0;9
12;Skåne län;61;Kävlinge;8828;Löddeköpinge bibliotek;118;78;101;55;0;146;149;130;143;141;91;0;287;270;275;243;231;206;0;2664
12;Skåne län;61;Kävlinge;8831;Kommunhuset, Kävlinge;87;79;83;0;79;81;119;101;180;93;0;114;202;277;174;425;196;0;89;2379
12;Skåne län;62;Lomma;10053;Kommunhuset;59;56;54;34;34;99;99;93;85;61;75;131;156;278;214;179;215;146;59;2127
12;Skåne län;62;Lomma;10057;Biblioteket;57;54;72;29;40;59;75;84;92;90;62;81;193;203;178;206;220;139;15;1949
12;Skåne län;63;Svedala;10475;Biblioteket Svedala;72;169;93;60;40;172;160;152;210;152;117;68;287;276;291;377;372;241;96;3405
12;Skåne län;63;Svedala;10476;Biblioteket Klågerup;0;0;0;0;0;22;11;15;29;0;0;0;51;30;37;57;0;0;0;252
12;Skåne län;63;Svedala;6548;Toftaängen;0;0;0;0;0;0;0;0;0;0;0;6;0;0;0;0;0;0;0;6
12;Skåne län;63;Svedala;6549;Holmagården;0;0;0;0;0;0;0;0;0;0;0;29;0;0;0;0;0;0;0;29
12;Skåne län;63;Svedala;6550;Solgården;0;0;0;0;0;0;0;0;0;0;0;19;0;0;0;0;0;0;0;19
12;Skåne län;63;Svedala;6551;Stella;0;0;0;0;0;0;0;0;0;0;0;22;0;0;0;0;0;0;0;22
12;Skåne län;63;Svedala;8587;Biblioteket Bara;22;27;19;28;0;41;36;42;44;35;37;0;79;69;69;63;97;62;0;770
12;Skåne län;64;Skurup;12768;Kommunhuset;78;76;67;75;0;131;127;149;118;159;136;0;225;164;264;235;330;215;33;2582
12;Skåne län;64;Skurup;6552;Flintebrohemmet;0;0;0;0;0;0;0;0;0;0;0;21;0;0;0;0;0;0;0;21
12;Skåne län;64;Skurup;6553;Lillgården;0;0;0;0;0;0;0;0;0;0;0;11;0;0;0;0;0;0;0;11
12;Skåne län;64;Skurup;6554;Bruksgården;0;0;0;0;0;0;0;0;0;0;0;11;0;0;0;0;0;0;0;11
12;Skåne län;65;Sjöbo;10409;Sandbäcksgården;0;0;0;0;0;0;0;0;0;0;0;2;0;0;0;0;0;0;0;2
12;Skåne län;65;Sjöbo;6555;Björkbacken i Sjöbo;0;0;0;0;0;0;0;0;0;0;0;19;0;0;0;0;0;0;0;19
12;Skåne län;65;Sjöbo;6556;Ängsgården;0;0;0;0;0;0;0;0;0;0;0;5;0;0;0;0;0;0;0;5
12;Skåne län;65;Sjöbo;6557;Solkullen;0;0;0;0;0;0;0;0;0;0;0;11;0;0;0;0;0;0;0;11
12;Skåne län;65;Sjöbo;6558;Blentarpsgården;0;0;0;0;0;0;0;0;0;0;0;3;0;0;0;0;0;0;0;3
12;Skåne län;65;Sjöbo;6559;Rosenlund;0;0;0;0;0;0;0;0;0;0;0;7;0;0;0;0;0;0;0;7
12;Skåne län;65;Sjöbo;6560;Nämndemansgården;0;0;0;0;0;0;0;0;0;0;0;15;0;0;0;0;0;0;0;15
12;Skåne län;65;Sjöbo;9921;Biblioteket, Sjöbo;109;91;80;42;0;124;123;91;131;137;74;0;231;219;226;278;284;147;32;2419
12;Skåne län;65;Sjöbo;9928;Tempo;0;27;39;0;0;17;12;20;31;20;22;22;27;49;40;55;56;76;24;537
12;Skåne län;65;Sjöbo;9929;ICA Nära;3;13;9;5;1;11;9;13;18;19;8;22;29;27;37;33;50;61;31;399
12;Skåne län;65;Sjöbo;9949;Malmgrens Lotteriservice;0;13;20;0;0;25;15;20;9;40;0;0;20;20;40;54;40;22;0;338
12;Skåne län;66;Hörby;13680;Östra Sallerups församlingshem;0;0;0;0;0;0;0;0;0;0;0;0;0;99;0;0;0;0;0;99
12;Skåne län;66;Hörby;13681;Svensköps församlingshem;0;0;0;0;0;0;0;0;0;0;0;0;0;0;127;0;0;0;0;127
12;Skåne län;66;Hörby;13682;Lyby församlingsgård;0;0;0;0;0;0;0;0;0;0;0;0;75;0;0;0;0;0;0;75
12;Skåne län;66;Hörby;14074;Äspinge kyrka;0;0;0;0;0;0;0;0;0;0;0;0;0;0;0;65;0;0;0;65
12;Skåne län;66;Hörby;9776;Källhaga Serviceboende;0;0;0;0;0;0;0;0;0;0;0;0;0;0;0;0;0;0;22;22
12;Skåne län;66;Hörby;9777;Önnebo Serviceboende;0;0;0;0;0;0;0;0;0;0;0;0;0;0;0;0;0;0;11;11
12;Skåne län;66;Hörby;9778;Hagadals Serviceboende;0;0;0;0;0;0;0;0;0;0;0;0;0;0;0;0;0;0;18;18
12;Skåne län;66;Hörby;9790;Biblioteket Hörby;72;96;106;37;0;100;117;108;134;177;88;0;217;258;257;272;329;173;165;2706
12;Skåne län;67;Höör;8614;Kommunhuset Höör;149;117;96;0;0;180;162;141;147;142;143;0;345;338;336;408;464;211;118;3497
12;Skåne län;67;Höör;8615;Tjörnarps biblioteksfilial;0;0;0;0;0;0;9;0;5;0;0;0;0;42;0;19;0;0;0;75
12;Skåne län;67;Höör;8616;Norra Rörums biblioteksfilial;0;0;0;0;0;0;24;0;0;0;0;0;0;54;0;0;0;0;0;78
12;Skåne län;67;Höör;8617;Snogeröds biblioteksfilial;0;0;0;0;0;0;14;0;0;0;0;0;0;47;0;0;0;0;0;61
12;Skåne län;70;Tomelilla;13512;Onslunda bibliotek;0;0;0;0;0;0;20;0;0;0;0;0;0;34;0;0;0;0;0;54
12;Skåne län;70;Tomelilla;13513;Vägstationen i Brösarp;0;0;0;0;0;0;0;0;68;65;0;0;0;0;0;85;80;0;0;298
12;Skåne län;70;Tomelilla;14055;Medborgarhuset;0;0;0;0;0;20;0;0;0;0;0;0;0;0;16;0;0;0;0;36
12;Skåne län;70;Tomelilla;6562;Valkyrian;0;0;6;0;0;0;0;0;0;0;0;0;0;0;0;0;0;0;0;6
12;Skåne län;70;Tomelilla;6563;Byavången;0;0;0;0;0;17;0;0;0;0;0;0;0;0;0;0;0;0;0;17
12;Skåne län;70;Tomelilla;6564;Norrevång;0;0;0;0;0;7;0;0;0;0;0;0;0;0;0;0;0;0;0;7
12;Skåne län;70;Tomelilla;9809;Kommunhuset;91;147;98;0;0;112;108;146;190;141;0;0;202;310;303;363;296;160;38;2705
12;Skåne län;70;Tomelilla;9823;Brinkehem;0;0;6;0;0;0;0;0;0;0;0;0;0;0;0;0;0;0;0;6
12;Skåne län;72;Bromölla;9824;Bromölla Bibliotek;101;146;150;58;0;146;189;204;209;208;114;0;312;342;306;351;435;239;91;3601
12;Skåne län;72;Bromölla;9967;Näsums Bibliotek;34;18;0;0;0;28;0;42;21;0;0;0;47;0;82;32;0;0;0;304
12;Skåne län;73;Osby;6570;Bergfast servicehus;0;0;0;0;0;0;0;0;0;0;0;26;0;0;0;0;0;0;0;26
12;Skåne län;73;Osby;6571;Rönnebacken vårdboende;0;0;0;0;0;0;0;0;0;0;0;19;0;0;0;0;0;0;0;19
12;Skåne län;73;Osby;6572;Lindhem servicehus;0;0;0;0;0;0;0;0;0;0;0;7;0;0;0;0;0;0;0;7
12;Skåne län;73;Osby;6573;Soldalen servicehus;0;0;0;0;0;0;0;0;0;0;0;9;0;0;0;0;0;0;0;9
12;Skåne län;73;Osby;9804;Biblioteket Osby;0;0;0;0;0;128;126;89;128;110;61;0;213;232;208;245;283;106;64;1993
12;Skåne län;73;Osby;9806;Hemgården Killeberg;0;0;0;0;0;0;24;6;21;0;0;0;0;25;24;34;0;0;0;134
12;Skåne län;73;Osby;9807;Medborgarhuset Lönsboda;0;0;0;0;0;40;40;59;52;52;0;0;97;100;63;99;106;0;0;708
12;Skåne län;75;Perstorp;7956;Biblioteket i Perstorp;72;52;76;37;0;93;79;91;83;95;79;0;174;149;198;154;259;133;0;1824
12;Skåne län;75;Perstorp;9150;Centralskolan;0;0;0;0;0;0;0;0;0;0;0;0;0;0;0;0;0;0;18;18
12;Skåne län;76;Klippan;10000;Biblioteket i Östra Ljungby;12;20;0;0;0;26;22;20;25;0;0;0;60;60;52;43;35;0;0;375
12;Skåne län;76;Klippan;9839;Biblioteket Klippan;60;123;76;40;33;113;136;87;130;79;59;72;197;188;235;231;290;114;66;2329
12;Skåne län;76;Klippan;9979;Biblioteket i Ljungbyhed;25;29;39;0;0;57;34;35;88;43;0;0;116;80;80;96;129;0;0;851
12;Skåne län;77;Åstorp;13097;Åstorps bibliotek;38;50;33;34;0;92;80;80;61;72;39;0;120;154;138;159;151;106;0;1407
12;Skåne län;77;Åstorp;13573;Medborgarkontoret;26;40;25;0;0;28;32;35;23;16;0;0;63;44;40;44;74;0;0;490
12;Skåne län;77;Åstorp;13636;Nyvångs bibliotek;5;0;0;0;0;2;0;8;0;0;0;0;4;0;20;0;0;0;0;39
12;Skåne län;77;Åstorp;13637;Astern;0;0;0;0;0;0;0;0;0;0;0;4;0;0;0;0;0;0;0;4
12;Skåne län;77;Åstorp;13638;Stationen, valnämndens kansli;0;0;0;0;0;0;0;0;0;5;0;0;4;0;3;3;11;0;36;62
12;Skåne län;77;Åstorp;6576;Backsippan;0;0;0;0;0;0;0;0;0;0;0;3;0;0;0;0;0;0;0;3
12;Skåne län;77;Åstorp;6578;Rönnåsen;0;0;0;0;0;0;0;0;0;0;0;8;0;0;0;0;0;0;0;8
12;Skåne län;77;Åstorp;6579;Vidåsen;0;0;0;0;0;0;0;0;0;0;0;5;0;0;0;0;0;0;0;5
12;Skåne län;77;Åstorp;9805;Kvidinge bibliotek;0;25;0;0;0;22;27;0;47;0;0;0;26;66;0;74;0;0;0;287
12;Skåne län;77;Åstorp;9810;Hyllinge bibliotek;0;17;0;0;0;33;0;0;30;0;0;0;32;0;0;77;0;0;0;189
12;Skåne län;78;Båstad;13937;Grevie bibliotek;0;15;0;0;0;0;24;0;33;0;0;0;0;26;0;42;0;0;0;140
12;Skåne län;78;Båstad;6580;Åsliden;0;0;0;0;0;0;0;0;0;0;0;14;0;0;0;0;0;0;0;14
12;Skåne län;78;Båstad;6581;Vårliden;0;0;0;0;0;0;0;0;0;0;0;23;0;0;0;0;0;0;0;23
12;Skåne län;78;Båstad;6582;Skogsliden;0;0;0;0;0;0;0;0;0;0;0;20;0;0;0;0;0;0;0;20
12;Skåne län;78;Båstad;6583;Bjärehemmet;0;0;0;0;0;0;0;0;0;0;0;10;0;0;0;0;0;0;0;10
12;Skåne län;78;Båstad;6585;Ängahällan;0;0;0;0;0;0;0;0;0;0;0;14;0;0;0;0;0;0;0;14
12;Skåne län;78;Båstad;8746;Kommunkontoret;93;110;95;41;43;133;114;109;118;140;92;83;210;205;250;195;288;208;20;2547
12;Skåne län;78;Båstad;8747;Förslövs bygdegård;29;48;0;0;0;61;0;71;65;0;0;0;72;58;87;87;103;0;0;681
12;Skåne län;78;Båstad;8748;Torekovs bibliotek;24;0;49;0;0;59;0;24;0;75;0;0;91;0;55;0;72;0;0;449
12;Skåne län;80;Malmö;10354;Skogshill;21;0;0;0;0;0;0;0;0;0;0;0;0;0;0;0;0;0;0;21
12;Skåne län;80;Malmö;10355;Marietorp;6;0;0;0;0;0;0;0;0;0;0;0;0;0;0;0;0;0;0;6
12;Skåne län;80;Malmö;10356;Jylland;0;0;0;0;0;0;0;0;0;0;0;0;0;22;0;0;0;0;0;22
12;Skåne län;80;Malmö;10362;Storskarven;0;0;0;0;0;0;0;0;0;0;0;0;0;0;6;0;0;0;0;6
12;Skåne län;80;Malmö;10363;Vittlingen;0;0;0;0;0;0;0;0;0;0;0;0;0;0;18;0;0;0;0;18
12;Skåne län;80;Malmö;10364;Rönnbäret;0;0;0;0;0;0;19;0;0;0;0;0;0;0;0;0;0;0;0;19
12;Skåne län;80;Malmö;10365;Hyllie Park;0;0;0;0;0;0;0;0;0;35;0;0;0;0;0;0;0;0;0;35
12;Skåne län;80;Malmö;11002;ICA Maxi Stormarknad;127;143;166;165;205;171;178;201;215;242;280;476;328;365;378;515;644;914;517;6230
12;Skåne län;80;Malmö;11004;ICA Maxi Stormarknad;75;109;99;137;148;114;118;163;180;197;249;340;293;310;318;440;550;744;0;4584
12;Skåne län;80;Malmö;11035;Garaget;26;17;16;13;0;14;22;21;16;4;12;0;29;43;61;33;48;27;0;402
12;Skåne län;80;Malmö;11055;Medborgarkontor Rosengård;27;19;8;0;0;24;8;16;16;20;0;0;19;22;32;39;55;0;0;305
12;Skåne län;80;Malmö;11056;Stadsbiblioteket;135;105;98;125;107;145;141;162;193;125;144;207;321;261;331;408;412;548;0;3968
12;Skåne län;80;Malmö;11057;Bellevuegårdsbiblioteket;171;164;0;0;90;284;188;175;143;110;0;120;274;217;252;265;219;0;0;2672
12;Skåne län;80;Malmö;11666;Lekattens vårdboende;0;0;0;0;0;0;9;0;0;0;0;0;0;0;0;0;0;0;0;9
12;Skåne län;80;Malmö;11667;Sjöstjärnan;0;0;0;0;0;0;0;0;0;0;0;0;0;0;0;10;0;0;0;10
12;Skåne län;80;Malmö;11668;Bunkeflogården;0;0;0;0;0;0;0;0;0;0;0;0;0;0;0;6;0;0;0;6
12;Skåne län;80;Malmö;11669;Nattsländan;0;0;0;0;0;0;0;0;0;0;0;0;0;0;0;17;0;0;0;17
12;Skåne län;80;Malmö;11941;Rönnens vårdboende;0;0;0;0;0;0;0;0;0;0;0;0;0;0;0;0;0;0;0;0
12;Skåne län;80;Malmö;12142;Kriminalvårdsanstalten Kirseberg;0;0;0;0;0;0;0;0;0;0;0;0;54;0;0;0;0;0;0;54
12;Skåne län;80;Malmö;12327;Vårdboendet Heleneholm;0;0;0;0;0;0;0;0;0;25;0;0;0;0;0;0;0;0;0;25
12;Skåne län;80;Malmö;12328;Fosietorp;0;0;0;0;0;0;0;0;0;6;0;0;0;0;0;0;0;0;0;6
12;Skåne län;80;Malmö;12330;Söderkullahemmet;0;0;0;0;0;0;0;0;0;6;0;0;0;0;0;0;0;0;0;6
12;Skåne län;80;Malmö;12331;Särskilt boende;0;0;0;0;0;0;0;0;0;0;0;0;0;0;0;25;0;0;0;25
12;Skåne län;80;Malmö;12332;Mötesplats Kirseberg;0;0;0;0;0;0;0;10;0;0;0;0;0;0;0;0;0;0;0;10
12;Skåne län;80;Malmö;12333;Korttidsenheterna;0;0;0;0;0;0;0;0;0;0;0;0;0;0;0;17;0;0;0;17
12;Skåne län;80;Malmö;12335;SUS - Ingång 44, plan 1;0;0;0;0;0;0;0;0;0;84;0;0;0;0;0;0;0;0;0;84
12;Skåne län;80;Malmö;12336;Lindängelund;0;0;0;0;0;0;0;0;0;16;0;0;0;0;0;0;0;0;0;16
12;Skåne län;80;Malmö;12338;Vårdboendet Södergården;0;0;0;0;0;0;0;0;0;0;0;0;0;0;8;0;0;0;0;8
12;Skåne län;80;Malmö;12339;Vårdboendet Rosenholm;0;0;0;0;0;0;0;0;0;0;0;0;0;0;20;0;0;0;0;20
12;Skåne län;80;Malmö;12340;Lindängenbiblioteket;84;66;65;7;0;113;108;115;64;79;30;0;112;137;156;135;149;91;0;1511
12;Skåne län;80;Malmö;12542;Entré;150;168;173;185;174;169;195;202;240;252;270;350;344;373;518;571;798;881;0;6013
12;Skåne län;80;Malmö;12823;Segevångsgården;0;0;0;0;0;0;0;0;0;0;0;0;0;0;0;17;0;0;0;17
12;Skåne län;80;Malmö;13295;Vårdboendet Kryddgården;0;10;0;0;0;0;0;0;0;0;0;0;0;0;0;0;0;0;0;10
12;Skåne län;80;Malmö;13541;Varda Informationscenter;1;7;0;0;0;34;11;0;9;0;0;0;8;0;0;0;27;0;0;97
12;Skåne län;80;Malmö;13576;Agnesfrids gymnasium;38;22;0;0;0;0;0;0;0;0;0;0;0;0;0;0;0;0;0;60
12;Skåne län;80;Malmö;13577;Bellevue gymnasium;0;0;1;0;0;0;0;0;0;0;0;0;0;0;0;0;0;0;0;1
12;Skåne län;80;Malmö;13578;Frans Suells gymnasium;0;0;0;0;0;0;14;15;8;0;0;0;0;0;0;0;0;0;0;37
12;Skåne län;80;Malmö;13579;Heleneholms gymnasium;8;6;0;0;0;0;0;0;0;0;0;0;0;0;0;0;0;0;0;14
12;Skåne län;80;Malmö;13580;Malmö Borgarskola;0;0;0;0;0;0;10;8;9;0;0;0;0;0;0;0;0;0;0;27
12;Skåne län;80;Malmö;13581;Norra Sorgenfri gymnasium;0;0;0;0;0;0;16;0;11;0;0;0;0;0;0;0;0;0;0;27
12;Skåne län;80;Malmö;13582;Mediegymnasiet;0;0;0;0;0;0;0;0;0;14;0;0;20;0;0;0;0;0;0;34
12;Skåne län;80;Malmö;13583;Malmö latinskola;0;0;0;0;0;0;0;0;0;5;0;0;7;0;0;0;0;0;0;12
12;Skåne län;80;Malmö;13584;Pauli gymnasium;0;0;4;0;0;8;0;0;0;0;0;0;0;0;0;0;0;0;0;12
12;Skåne län;80;Malmö;13585;Rönnens gymnasium;0;0;0;0;0;0;0;0;0;9;0;0;9;0;0;0;0;0;0;18
12;Skåne län;80;Malmö;13587;S:t Petri gymnasium;10;11;0;0;0;0;0;0;0;0;0;0;0;0;0;0;0;0;0;21
12;Skåne län;80;Malmö;13590;Komvux Södervärn;0;0;0;0;0;0;10;49;36;0;0;0;0;0;0;0;0;0;0;95
12;Skåne län;80;Malmö;13651;Universitetholmens gymnasium;0;0;3;0;0;15;0;0;0;0;0;0;0;0;0;0;0;0;0;18
12;Skåne län;80;Malmö;13660;Cybergymnasiet;0;0;0;0;0;0;0;0;0;9;0;0;0;0;0;0;0;0;0;9
12;Skåne län;80;Malmö;13661;John Bauergymnasiet;0;0;6;0;0;10;0;0;0;0;0;0;0;0;0;0;0;0;0;16
12;Skåne län;80;Malmö;13662;Jensen gymnasium;0;0;0;0;0;0;0;0;0;0;0;0;0;0;11;0;0;0;0;11
12;Skåne län;80;Malmö;13663;Klara Nya Gymnasium;0;0;0;0;0;0;0;0;3;0;0;0;0;0;0;0;0;0;0;3
12;Skåne län;80;Malmö;13666;ProCivitas Privata Gymnasium;0;0;0;0;0;0;0;0;0;0;0;0;0;0;16;0;0;0;0;16
12;Skåne län;80;Malmö;13667;Kunskapsgymnasiet;0;0;0;0;0;0;0;0;0;0;0;0;0;0;0;0;0;0;0;0
12;Skåne län;80;Malmö;13733;Nya Lönngården;15;0;0;0;0;0;0;0;0;0;0;0;0;0;0;0;0;0;0;15
12;Skåne län;80;Malmö;13734;Celsiusgatans vårdboende;0;0;15;0;0;0;0;0;0;0;0;0;0;0;0;0;0;0;0;15
12;Skåne län;80;Malmö;13735;Lundavägens korttidsvård;0;13;0;0;0;0;0;0;0;0;0;0;0;0;0;0;0;0;0;13
12;Skåne län;80;Malmö;13736;Gråbröder;0;0;5;0;0;0;0;0;0;0;0;0;0;0;0;0;0;0;0;5
12;Skåne län;80;Malmö;13737;Havsuttern;0;0;0;0;0;0;18;0;0;0;0;0;0;0;0;0;0;0;0;18
12;Skåne län;80;Malmö;13840;Mötesplats Lindängen;0;0;0;0;0;0;0;0;0;0;0;0;0;0;4;0;0;0;0;4
12;Skåne län;80;Malmö;13890;Södertorpsgården, Neptuna;0;45;0;0;0;0;0;0;0;0;0;0;0;0;0;0;0;0;0;45
12;Skåne län;80;Malmö;13891;Södertorpsgården;0;164;0;0;0;0;0;0;0;0;0;0;0;0;0;0;0;0;0;164
12;Skåne län;80;Malmö;13892;Vårdboendet N Bulltoftavägen;0;0;0;0;0;0;0;5;0;0;0;0;0;0;0;0;0;0;0;5
12;Skåne län;80;Malmö;6589;Tryggheten;16;0;0;0;0;0;0;0;0;0;0;0;0;0;0;0;0;0;0;16
12;Skåne län;80;Malmö;6592;Högsåkers vårdboende;0;0;0;0;0;0;0;0;0;0;0;0;0;0;26;0;0;0;0;26
12;Skåne län;80;Malmö;6593;Gyllebogårdens vårdboende;0;0;0;0;0;0;0;0;0;0;0;0;0;72;0;0;0;0;0;72
12;Skåne län;80;Malmö;6595;Basunen;9;0;0;0;0;0;0;0;0;0;0;0;0;0;0;0;0;0;0;9
12;Skåne län;80;Malmö;6599;Mathildenborgs vårdboende;28;0;0;0;0;0;0;0;0;0;0;0;0;0;0;0;0;0;0;28
12;Skåne län;80;Malmö;6600;Tygelsjöanstalten;0;0;0;0;0;0;0;0;0;0;0;0;0;45;0;0;0;0;0;45
12;Skåne län;80;Malmö;6601;Tygelsjögårdens vårdboende;0;0;0;0;0;0;0;0;0;0;0;0;0;18;0;0;0;0;0;18
12;Skåne län;80;Malmö;6602;Häktet;0;0;0;0;0;0;0;0;0;0;0;0;38;0;0;0;0;0;0;38
12;Skåne län;80;Malmö;6606;Blomstergården;0;12;0;0;0;0;0;0;0;0;0;0;0;0;0;0;0;0;0;12
12;Skåne län;80;Malmö;6607;Vishetens vårdboende;0;18;0;0;0;0;0;0;0;0;0;0;0;0;0;0;0;0;0;18
12;Skåne län;80;Malmö;6609;Fosieanstalten;0;0;0;0;0;0;0;0;0;0;0;0;0;58;0;0;0;0;0;58
12;Skåne län;80;Malmö;6610;Oxie Vårdhem;0;32;0;0;0;0;0;0;0;0;0;0;0;0;0;0;0;0;0;32
12;Skåne län;80;Malmö;8807;Medborgarkontor Centrum;64;33;45;0;0;46;37;46;57;51;0;0;82;74;119;116;140;0;0;910
12;Skåne län;80;Malmö;8808;Medborgarkontor Limhamn-Bunkeflo;226;179;206;0;0;259;272;222;289;342;0;0;499;337;405;403;489;285;0;4413
12;Skåne län;80;Malmö;8809;Medborgarkontor Södra Innerstaden;60;61;58;32;0;72;69;68;52;61;27;0;83;77;141;139;218;130;0;1348
12;Skåne län;80;Malmö;8825;Medborgarkontor Husie;49;33;47;0;0;80;58;58;71;44;0;0;82;90;99;78;102;0;0;891
12;Skåne län;80;Malmö;8839;Medborgarkontor Fosie;95;89;81;0;0;128;86;100;79;64;23;0;161;128;197;154;168;89;0;1642
12;Skåne län;80;Malmö;8842;Medborgarkontor Oxie;72;77;60;0;0;73;88;75;71;83;45;0;115;110;132;146;184;104;0;1435
12;Skåne län;80;Malmö;8843;Dammfrigården;49;28;41;0;0;34;31;21;33;27;0;0;40;29;37;45;52;0;0;467
12;Skåne län;80;Malmö;8844;Kirsebergsbiblioteket;50;48;39;0;0;43;38;35;56;45;0;0;67;49;63;82;90;0;0;705
12;Skåne län;80;Malmö;8845;Triangeln Köpcenter;165;179;179;182;175;230;243;263;277;288;288;368;445;514;658;715;882;707;0;6758
12;Skåne län;80;Malmö;8846;Kronprinsen Köpcenter;369;337;322;244;166;409;377;422;397;371;350;314;593;556;595;699;868;779;461;8629
12;Skåne län;80;Malmö;8847;City Gross;92;117;134;85;136;129;173;193;194;183;170;165;286;357;412;520;602;1003;1096;6047
12;Skåne län;80;Malmö;8848;Mobilia;262;294;287;213;198;305;324;338;300;330;350;451;555;524;572;706;908;929;731;8577
12;Skåne län;80;Malmö;8849;Jägersro Center;98;161;161;103;130;178;186;231;265;322;213;256;330;409;440;511;583;546;0;5123
12;Skåne län;80;Malmö;8851;ICA Nära Träffen;20;27;18;22;42;34;37;45;37;52;41;66;77;82;65;82;96;135;0;978
12;Skåne län;80;Malmö;8854;Malmö högskola, Lärarutbildningen;23;39;35;3;0;43;76;72;66;51;11;0;95;146;140;201;225;52;0;1278
12;Skåne län;80;Malmö;8857;Malmö högskola, Hälsa och samhälle;14;19;29;0;0;28;30;31;43;31;0;0;69;65;70;127;165;0;0;721
12;Skåne län;80;Malmö;8863;Stadshuset;133;105;83;0;0;94;82;84;76;95;58;105;123;104;145;189;265;337;790;2868
12;Skåne län;81;Lund;10657;Solbacken;0;0;0;0;0;0;0;0;0;0;0;12;0;0;0;0;0;0;0;12
12;Skåne län;81;Lund;10658;Papegojelyckan;0;0;0;0;0;0;0;0;0;0;0;29;0;0;0;0;0;0;0;29
12;Skåne län;81;Lund;13312;Norrdala (Annegården 2);0;0;0;0;0;0;0;0;0;0;0;22;0;0;0;0;0;0;0;22
12;Skåne län;81;Lund;13485;Fästan;0;0;0;0;0;0;0;0;0;0;0;24;0;0;0;0;0;0;0;24
12;Skåne län;81;Lund;13553;Kårhuset, huvudingången;0;0;0;0;0;29;35;53;51;44;0;0;147;171;218;338;563;0;0;1649
12;Skåne län;81;Lund;13776;Eden, huvudingången;0;0;0;0;0;27;22;33;42;30;0;0;51;105;128;152;197;0;0;787
12;Skåne län;81;Lund;6611;Källbyhemmet;0;0;0;0;0;0;0;0;0;0;0;10;0;0;0;0;0;0;0;10
12;Skåne län;81;Lund;6612;Hunnerupshemmet;0;0;0;0;0;0;0;0;0;0;0;15;0;0;0;0;0;0;0;15
12;Skåne län;81;Lund;6613;MC-Huset, Verks.omr.psyk.;0;0;0;0;0;0;0;0;0;0;0;9;0;0;0;0;0;0;0;9
12;Skåne län;81;Lund;6615;LVM-hemmet Lunden;0;0;0;0;0;0;0;0;0;0;0;13;0;0;0;0;0;0;0;13
12;Skåne län;81;Lund;6617;Värpinge;0;0;0;0;0;0;0;0;0;0;0;23;0;0;0;0;0;0;0;23
12;Skåne län;81;Lund;6618;Nibblegården;0;0;0;0;0;0;0;0;0;0;0;21;0;0;0;0;0;0;0;21
12;Skåne län;81;Lund;6619;Kompassen, Soluret;0;0;0;0;0;0;0;0;0;0;0;7;0;0;0;0;0;0;0;7
12;Skåne län;81;Lund;6620;Norregården;0;0;0;0;0;0;0;0;0;0;0;6;0;0;0;0;0;0;0;6
12;Skåne län;81;Lund;6621;Reimersdal (Annegården 1);0;0;0;0;0;0;0;0;0;0;0;14;0;0;0;0;0;0;0;14
12;Skåne län;81;Lund;6622;Skånes universitetssjukhus, Lund;0;0;0;0;0;0;0;0;0;0;0;84;0;0;0;0;0;0;0;84
12;Skåne län;81;Lund;6623;Ribbingska äldreboendet;0;0;0;0;0;0;0;0;0;0;0;21;0;0;0;0;0;0;0;21
12;Skåne län;81;Lund;6624;Mårtenslund;0;0;0;0;0;0;0;0;0;0;0;50;0;0;0;0;0;0;0;50
12;Skåne län;81;Lund;6625;Brunnsbo;0;0;0;0;0;0;0;0;0;0;0;16;0;0;0;0;0;0;0;16
12;Skåne län;81;Lund;6628;Österbo;0;0;0;0;0;0;0;0;0;0;0;13;0;0;0;0;0;0;0;13
12;Skåne län;81;Lund;6629;Björkbacken;0;0;0;0;0;0;0;0;0;0;0;19;0;0;0;0;0;0;0;19
12;Skåne län;81;Lund;6631;Vevrehemmet;0;0;0;0;0;0;0;0;0;0;0;11;0;0;0;0;0;0;0;11
12;Skåne län;81;Lund;6632;Solhem;0;0;0;0;0;0;0;0;0;0;0;10;0;0;0;0;0;0;0;10
12;Skåne län;81;Lund;7935;Stadsbiblioteket;451;356;320;243;192;420;439;412;495;477;473;451;926;936;1129;1339;1561;1368;664;12652
12;Skåne län;81;Lund;7936;Bibliotek Väster;64;72;0;0;0;64;71;71;89;0;0;0;101;142;121;170;0;0;0;965
12;Skåne län;81;Lund;7937;Bibliotek Klostergården;0;69;58;0;0;73;66;0;58;56;0;0;100;131;0;149;92;0;0;852
12;Skåne län;81;Lund;7938;Bibliotek Norra Fäladen;49;39;29;0;0;49;38;82;59;53;0;0;146;87;187;149;217;0;0;1184
12;Skåne län;81;Lund;7939;Bibliotek Linero;83;57;63;0;0;90;91;101;106;103;0;0;132;144;153;191;179;0;0;1493
12;Skåne län;81;Lund;7940;Bibliotek Dalby;44;41;41;49;0;48;57;76;91;95;51;0;160;102;138;171;154;141;0;1459
12;Skåne län;81;Lund;7941;Bibliotek Genarp;27;22;0;21;0;28;18;47;61;0;51;0;79;72;77;98;0;75;0;676
12;Skåne län;81;Lund;7942;Bibliotek Södra Sandby;43;44;38;61;0;57;46;82;92;80;73;0;157;158;130;159;136;158;0;1514
12;Skåne län;81;Lund;7943;Bibliotek Veberöd;35;33;22;44;0;37;36;42;45;50;62;0;91;127;82;104;120;125;0;1055
12;Skåne län;81;Lund;7944;Bibliotek Nöbbelöv;47;16;26;0;0;48;24;44;35;25;0;0;116;39;127;52;62;0;0;661
12;Skåne län;81;Lund;9468;Fäladshöjden;0;0;0;0;0;0;0;0;0;0;0;27;0;0;0;0;0;0;0;27
12;Skåne län;81;Lund;9469;Brunnslyckan;0;0;0;0;0;0;0;0;0;0;0;8;0;0;0;0;0;0;0;8
12;Skåne län;81;Lund;9470;Råby Ungdomshem;0;0;0;0;0;0;0;0;0;0;0;5;0;0;0;0;0;0;0;5
12;Skåne län;82;Landskrona;10835;ICA Kvantum;49;47;44;53;0;68;30;77;97;81;146;0;219;203;225;289;342;278;0;2248
12;Skåne län;82;Landskrona;14147;S:t Ibbs prästgård;0;0;0;0;0;0;0;0;0;0;0;0;0;0;0;0;0;0;6;6
12;Skåne län;82;Landskrona;9065;Stadshuset;56;56;37;0;0;47;36;38;50;39;0;0;71;97;84;75;154;0;145;985
12;Skåne län;82;Landskrona;9066;Stadsbiblioteket;115;128;93;108;0;138;122;125;117;105;151;92;177;201;198;209;172;212;0;2463
12;Skåne län;82;Landskrona;9067;Västra Fäladens servicehus;73;64;88;45;0;113;73;73;65;83;55;0;103;64;82;109;78;52;0;1220
12;Skåne län;82;Landskrona;9069;Glumslövs bibliotek;0;52;0;0;0;39;34;0;58;0;0;0;66;70;0;102;0;0;0;421
12;Skåne län;82;Landskrona;9070;Sandåkerskolan, biblioteket;42;0;11;0;0;35;0;54;0;41;0;0;96;0;101;0;59;0;0;439
12;Skåne län;82;Landskrona;9071;Asmundtorps Församlingshem;30;0;0;0;0;37;0;65;0;0;0;0;44;0;104;0;0;0;0;280
12;Skåne län;83;Helsingborg;12814;Stadsbiblioteket;197;243;240;144;0;162;155;132;153;178;100;0;232;214;263;259;366;293;0;3331
12;Skåne län;83;Helsingborg;12815;Rådhuset;0;0;0;0;0;173;144;116;126;111;100;0;190;173;195;254;230;244;0;2056
12;Skåne län;83;Helsingborg;12816;Lasarettet;0;0;0;0;0;156;159;141;127;114;98;185;207;206;228;244;304;306;0;2475
12;Skåne län;83;Helsingborg;13705;Borgvalla;0;0;0;0;0;0;0;0;0;0;0;0;0;11;0;15;0;0;0;26
12;Skåne län;83;Helsingborg;13706;Knutpunkten;0;0;0;0;0;37;24;27;33;35;0;0;37;45;56;78;119;0;0;491
12;Skåne län;83;Helsingborg;13707;Linneaträdgården;0;0;0;0;0;26;32;20;16;26;31;69;29;20;31;53;81;0;0;434
12;Skåne län;83;Helsingborg;13708;Lundhagen;0;0;0;0;0;0;0;0;0;0;0;0;17;0;38;0;25;0;0;80
12;Skåne län;83;Helsingborg;13709;Träffpunkten 56:an;0;0;0;0;0;30;31;23;34;0;0;0;0;0;0;0;0;0;0;118
12;Skåne län;83;Helsingborg;13710;Träffpunkt Rosenknoppen;0;0;0;0;0;0;0;0;0;0;0;0;35;33;41;36;56;0;0;201
12;Skåne län;83;Helsingborg;13711;Gy Filbornaskolan;0;0;0;0;0;13;0;17;0;0;0;0;0;0;0;0;0;0;0;30
12;Skåne län;83;Helsingborg;13712;Gy Nya Nicolaiskolan;0;0;0;0;0;0;0;0;0;0;0;0;7;0;8;0;17;0;0;32
12;Skåne län;83;Helsingborg;13713;Gy Rönnowska skolan;0;0;0;0;0;0;0;0;0;0;0;0;0;9;0;6;0;0;0;15
12;Skåne län;83;Helsingborg;13714;Tuvehagen;0;0;0;0;0;0;0;0;0;0;0;19;0;0;0;0;0;0;0;19
12;Skåne län;83;Helsingborg;13715;Romares stiftelse;0;0;0;0;0;0;0;0;0;0;0;15;0;0;0;0;0;0;0;15
12;Skåne län;83;Helsingborg;13716;Fullriggaren;0;0;0;0;0;0;0;0;0;0;0;10;0;0;0;0;0;0;0;10
12;Skåne län;83;Helsingborg;13717;Fregatten;0;0;0;0;0;0;0;0;0;0;0;12;0;0;0;0;0;0;0;12
12;Skåne län;83;Helsingborg;13718;Lussebäcksgården;0;0;0;0;0;0;0;0;0;0;0;18;0;0;0;0;0;0;0;18
12;Skåne län;83;Helsingborg;13719;Jordbodalen;0;0;0;0;0;0;0;0;0;0;0;13;0;0;0;0;0;0;0;13
12;Skåne län;83;Helsingborg;13720;Murteglet;0;0;0;0;0;0;0;0;0;0;0;10;0;0;0;0;0;0;0;10
12;Skåne län;83;Helsingborg;13721;Rangvallagården;0;0;0;0;0;0;0;0;0;0;0;10;0;0;0;0;0;0;0;10
12;Skåne län;83;Helsingborg;13722;Fredriksdalshemmet;0;0;0;0;0;0;0;0;0;0;0;23;0;0;0;0;0;0;0;23
12;Skåne län;83;Helsingborg;13723;Bergalid;0;0;0;0;0;0;0;0;0;0;0;15;0;0;0;0;0;0;0;15
12;Skåne län;83;Helsingborg;13724;Valltorp;0;0;0;0;0;0;0;0;0;0;0;14;0;0;0;0;0;0;0;14
12;Skåne län;83;Helsingborg;13725;Stattenahemmet;0;0;0;0;0;0;0;0;0;0;0;17;0;0;0;0;0;0;0;17
12;Skåne län;83;Helsingborg;13732;Valkansliet, Stadsbyggnadshuset;0;0;0;0;0;0;0;0;0;0;0;0;0;0;0;0;0;0;142;142
12;Skåne län;83;Helsingborg;13863;Häktet, arresten;0;0;0;0;0;0;0;0;0;0;0;0;0;0;6;0;0;0;0;6
12;Skåne län;83;Helsingborg;6650;Häktet, anstalten;0;0;0;0;0;0;0;0;0;0;0;0;0;0;9;0;0;0;0;9
12;Skåne län;83;Helsingborg;6651;Kriminalvårdsanstalten Berga;0;0;0;0;0;0;0;0;0;0;0;0;0;0;32;0;0;0;0;32
12;Skåne län;83;Helsingborg;9243;Drottninghögs Bibliotek;69;75;65;0;0;125;63;46;56;67;0;0;153;83;70;84;135;0;0;1091
12;Skåne län;83;Helsingborg;9244;Elinebergs Bibliotek;60;40;42;0;0;121;71;54;40;58;0;0;211;93;119;61;109;0;0;1079
12;Skåne län;83;Helsingborg;9245;Laröds Bibliotek;51;62;0;40;0;56;41;38;78;0;54;0;91;66;85;101;0;60;0;823
12;Skåne län;83;Helsingborg;9246;Påarps Bibliotek;46;36;25;0;0;58;24;42;48;36;0;0;116;31;64;79;64;0;0;669
12;Skåne län;83;Helsingborg;9247;Ringstorps Bibliotek;115;110;103;0;0;157;65;125;108;94;0;0;197;107;209;84;175;0;0;1649
12;Skåne län;83;Helsingborg;9248;Rosengårdens Bibliotek;39;94;31;0;0;88;47;46;91;67;0;0;167;64;70;120;104;0;0;1028
12;Skåne län;83;Helsingborg;9249;Råå Bibliotek;91;92;0;86;0;115;129;53;99;0;95;0;189;175;118;140;0;142;0;1524
12;Skåne län;83;Helsingborg;9251;Rydebäcks Bibliotek;78;38;30;0;0;84;56;87;44;51;0;0;164;82;153;97;100;0;0;1064
12;Skåne län;83;Helsingborg;9252;Ödåkra Bibliotek;24;26;15;16;0;33;25;45;44;10;28;0;51;37;50;53;23;0;0;480
12;Skåne län;83;Helsingborg;9254;Campus Helsingborg;0;0;0;0;0;13;20;20;24;45;0;0;44;66;81;98;152;0;0;563
12;Skåne län;83;Helsingborg;9259;Söderpunkten;0;0;0;0;0;224;208;210;212;223;187;0;331;299;399;373;544;465;0;3675
12;Skåne län;83;Helsingborg;9261;Väla centrum;0;0;0;0;0;196;206;208;227;285;262;387;317;381;420;504;677;670;0;4740
12;Skåne län;84;Höganäs;13829;Mölle stationshus;0;0;0;0;0;0;0;0;198;0;0;0;0;0;0;0;0;0;0;198
12;Skåne län;84;Höganäs;9027;Höganäs Stadshus;155;0;167;105;0;152;164;255;159;0;281;0;344;280;431;323;425;283;75;3599
12;Skåne län;84;Höganäs;9028;Biblioteket i Jonstorp;0;0;0;0;0;0;134;0;0;0;0;0;0;136;0;134;0;0;0;404
12;Skåne län;84;Höganäs;9029;Biblioteket i Viken;0;0;97;0;0;147;0;0;0;107;0;0;209;80;69;0;96;0;0;805
12;Skåne län;84;Höganäs;9030;Biblioteket i Nyhamnsläge;0;69;0;0;0;0;0;0;0;0;0;0;99;0;0;114;0;0;0;282
12;Skåne län;85;Eslöv;14015;Järnvägsstationen i Eslöv;9;0;0;0;0;0;0;16;0;0;0;0;0;8;0;0;20;0;0;53
12;Skåne län;85;Eslöv;14021;Hurva församlingshem;0;0;13;0;0;0;0;0;0;11;0;0;0;0;0;0;0;0;0;24
12;Skåne län;85;Eslöv;14024;Billinge församlingshem;0;0;0;0;0;7;0;0;0;6;0;0;0;0;0;0;0;0;0;13
12;Skåne län;85;Eslöv;14048;Rönneberga verksamhetslokal;0;13;0;0;0;0;22;0;0;0;0;0;0;0;0;0;0;0;0;35
12;Skåne län;85;Eslöv;14097;Örtofta församlingsgård;0;0;0;0;0;0;0;0;0;0;0;0;7;0;0;0;0;0;0;7
12;Skåne län;85;Eslöv;14098;Berga Samlingslokal;6;0;0;0;0;0;0;0;0;0;0;0;0;0;13;0;0;0;0;19
12;Skåne län;85;Eslöv;14169;Gymnasieskolans bibliotek, Berga;0;0;0;0;0;1;1;0;0;0;0;0;4;4;0;0;16;0;0;26
12;Skåne län;85;Eslöv;14170;Gymnasieskolans bibliotek, Sallius;1;0;0;0;0;0;0;3;1;0;0;0;0;0;6;6;0;0;0;17
12;Skåne län;85;Eslöv;8868;Kärråkra;0;0;0;0;0;0;0;0;0;0;0;5;0;0;0;0;0;0;0;5
12;Skåne län;85;Eslöv;8869;Karidal;0;0;0;0;0;0;0;0;0;0;0;27;0;0;0;0;0;0;0;27
12;Skåne län;85;Eslöv;8870;Solhällan;0;0;0;0;0;0;0;0;0;0;0;23;0;0;0;0;0;0;0;23
12;Skåne län;85;Eslöv;8871;Trollsjögården;0;0;0;0;0;0;0;0;0;0;0;12;0;0;0;0;0;0;0;12
12;Skåne län;85;Eslöv;8872;Bergagården;0;0;0;0;0;0;0;0;0;0;0;7;0;0;0;0;0;0;0;7
12;Skåne län;85;Eslöv;8873;Gjutaregården;0;0;0;0;0;0;0;0;0;0;0;11;0;0;0;0;0;0;0;11
12;Skåne län;85;Eslöv;8874;Partnergruppen;0;0;0;0;0;0;0;0;0;0;0;6;0;0;0;0;0;0;0;6
12;Skåne län;85;Eslöv;8875;Ölycke servicehus;0;0;0;0;0;0;0;0;0;0;0;10;0;0;0;0;0;0;0;10
12;Skåne län;85;Eslöv;9096;Stadshuset;37;27;30;0;0;40;25;45;40;56;0;0;72;49;60;66;93;0;0;640
12;Skåne län;85;Eslöv;9097;Stadsbiblioteket;107;154;116;79;0;195;193;206;172;193;154;0;360;333;337;483;512;333;184;4111
12;Skåne län;85;Eslöv;9098;Flyinge filialbibliotek;16;9;0;0;0;20;0;29;14;0;0;0;35;0;58;21;0;0;0;202
12;Skåne län;85;Eslöv;9099;Harlösa filialbibliotek;0;20;0;0;0;0;27;0;37;0;0;0;0;57;0;78;0;0;0;219
12;Skåne län;85;Eslöv;9100;Löberöds filialbibliotek;8;17;0;0;0;25;0;25;26;0;0;0;57;0;65;51;0;0;0;274
12;Skåne län;85;Eslöv;9101;Marieholms filialbibliotek;0;39;25;0;0;22;0;0;26;9;0;0;65;0;0;60;28;0;0;274
12;Skåne län;85;Eslöv;9102;Stehags filialbibliotek;0;21;0;0;0;6;0;0;28;0;0;0;34;0;0;52;0;0;0;141
12;Skåne län;86;Ystad;13789;Löderups Bibliotek;18;0;0;0;0;20;0;26;0;0;0;0;45;0;56;0;0;0;0;165
12;Skåne län;86;Ystad;13790;Glemminge bibliotek;18;0;0;0;0;16;0;20;0;0;0;0;39;0;49;0;0;0;0;142
12;Skåne län;86;Ystad;13791;Köpingebro bibliotek;0;34;0;0;0;0;29;0;41;0;0;0;0;52;0;93;0;0;0;249
12;Skåne län;86;Ystad;13792;Svarte bibliotek;0;19;0;0;0;0;26;0;16;0;0;0;0;53;0;41;0;0;0;155
12;Skåne län;86;Ystad;13800;Ljuskällan;0;0;0;0;0;0;0;0;0;0;0;21;0;0;0;0;0;0;0;21
12;Skåne län;86;Ystad;13802;Bellevuehemmet;0;0;0;0;0;0;0;0;0;0;0;30;0;0;0;0;0;0;0;30
12;Skåne län;86;Ystad;13803;Vigs Ängar;0;0;0;0;0;0;0;0;0;0;0;6;0;0;0;0;0;0;0;6
12;Skåne län;86;Ystad;13804;Löderupsgården;0;0;0;0;0;0;0;0;0;0;0;21;0;0;0;0;0;0;0;21
12;Skåne län;86;Ystad;13805;Kriminalvårdsanstalten;0;0;0;0;0;0;0;0;0;0;0;19;0;0;0;0;0;0;0;19
12;Skåne län;86;Ystad;14150;Österportskolan;0;0;0;0;0;0;0;0;7;0;0;0;0;0;0;0;0;0;0;7
12;Skåne län;86;Ystad;8798;Nya Rådhuset Ystad;270;268;259;138;0;323;255;304;279;326;285;0;531;458;560;562;667;342;193;6020
12;Skåne län;87;Trelleborg;11860;Willys;42;69;54;45;0;63;47;74;68;90;92;0;124;151;150;193;204;199;0;1665
12;Skåne län;87;Trelleborg;11861;City Gross;30;83;92;48;0;80;95;119;118;95;107;0;170;189;186;207;274;223;0;2116
12;Skåne län;87;Trelleborg;11862;ICA Maxi;31;75;67;61;0;70;63;64;73;107;113;0;148;131;142;188;266;169;0;1768
12;Skåne län;87;Trelleborg;8928;Biblioteket;91;96;91;90;0;144;115;109;97;144;128;0;201;183;221;172;233;254;100;2469
12;Skåne län;87;Trelleborg;8930;Smygehem;20;43;38;24;0;44;14;19;23;17;42;0;52;59;43;45;61;59;0;603
12;Skåne län;87;Trelleborg;8931;Gröningens servicecentrum;18;9;13;11;0;31;31;28;22;15;11;0;42;44;65;47;49;14;0;450
12;Skåne län;90;Kristianstad;11023;Huaröds församlingshem;0;0;0;0;0;0;0;0;0;0;0;0;0;0;0;0;0;0;199;199
12;Skåne län;90;Kristianstad;11024;Maglehems Bygdegård;0;0;0;0;0;0;0;0;0;0;0;0;0;0;0;0;0;0;0;0
12;Skåne län;90;Kristianstad;11026;Vånga församlingshem;0;0;0;0;0;0;0;0;0;0;0;0;0;0;0;0;0;0;198;198
12;Skåne län;90;Kristianstad;11027;Linderöds Bygdegård;0;0;0;0;0;0;0;0;0;0;0;0;0;0;0;0;0;0;0;0
12;Skåne län;90;Kristianstad;11028;Yngsjö Kyrkstuga;0;0;0;0;0;0;0;0;0;0;0;0;0;0;0;0;0;0;0;0
12;Skåne län;90;Kristianstad;11029;Fjälkestads skola;0;0;0;0;0;0;0;0;0;0;0;0;0;0;0;0;0;0;142;142
12;Skåne län;90;Kristianstad;11283;Äsphult bibliotek;0;0;0;0;0;21;0;0;0;0;0;0;21;0;0;0;0;0;0;42
12;Skåne län;90;Kristianstad;11303;Linderöds bibliotek;0;0;0;0;0;0;14;0;0;0;0;0;0;30;0;0;0;0;0;44
12;Skåne län;90;Kristianstad;6693;Anstalten Kristianstad-Centrum;0;0;0;0;0;0;0;0;0;0;0;16;0;0;0;0;0;0;0;16
12;Skåne län;90;Kristianstad;6694;Anstalten Kristianstad;0;0;0;0;0;0;0;0;0;0;0;46;0;0;0;0;0;0;0;46
12;Skåne län;90;Kristianstad;6695;Häktet;0;0;0;0;0;0;0;0;0;0;0;16;0;0;0;0;0;0;0;16
12;Skåne län;90;Kristianstad;9049;Stadsbiblioteket;197;281;244;149;133;298;277;319;334;351;248;252;581;619;711;761;1128;681;348;7912
12;Skåne län;90;Kristianstad;9050;Arkelstorps bibliotek;16;23;0;0;0;31;0;31;19;0;0;0;61;0;86;50;0;0;0;317
12;Skåne län;90;Kristianstad;9051;Degeberga bibliotek;14;20;0;0;0;40;2;42;20;2;0;0;74;2;96;62;0;0;0;374
12;Skåne län;90;Kristianstad;9052;Everöds Bibliotek;19;11;0;0;0;9;0;10;12;0;0;0;26;0;36;38;0;0;0;161
12;Skåne län;90;Kristianstad;9053;Fjälkinge Bibliotek;25;14;0;0;0;27;27;30;22;1;0;0;54;41;62;59;0;0;0;362
12;Skåne län;90;Kristianstad;9054;Färlövs bibliotek;0;38;0;0;0;27;17;0;28;0;0;0;36;47;0;52;0;0;0;245
12;Skåne län;90;Kristianstad;9055;Gamlegårdens bibliotek;51;71;47;0;0;78;60;86;58;74;0;0;112;116;93;136;196;0;0;1178
12;Skåne län;90;Kristianstad;9056;Tollarps bibliotek;30;40;0;0;0;87;94;74;62;0;0;0;117;185;124;118;0;0;0;931
12;Skåne län;90;Kristianstad;9058;Vä bibliotek;43;50;41;0;0;91;28;95;66;77;0;0;158;51;208;146;209;0;0;1263
12;Skåne län;90;Kristianstad;9059;Åhus bibliotek;128;141;147;60;0;139;168;136;135;203;124;0;290;314;318;239;362;223;0;3127
12;Skåne län;90;Kristianstad;9060;Önnestads bibliotek;14;9;0;0;0;26;12;13;12;0;0;0;53;22;45;46;0;0;0;252
12;Skåne län;90;Kristianstad;9061;Österängs bibliotek;18;34;0;0;0;51;54;32;31;0;0;0;65;79;52;72;0;0;0;488
12;Skåne län;90;Kristianstad;9072;Trolle Ljungby skola;0;0;0;0;0;0;0;0;0;0;0;0;0;0;0;0;0;0;230;230
12;Skåne län;90;Kristianstad;9073;Ivö Föreningsgård;0;0;0;0;0;0;0;0;0;0;0;0;0;0;0;0;0;0;55;55
12;Skåne län;90;Kristianstad;9079;Rinkaby församlingshem;0;0;0;0;0;0;0;0;0;0;0;0;0;0;0;0;0;0;224;224
12;Skåne län;91;Simrishamn;10076;Stadshuset i Simrishamn;53;80;68;0;0;64;70;60;64;57;0;0;81;45;88;82;76;100;118;1106
12;Skåne län;91;Simrishamn;10078;Simrishamns bibliotek;74;101;78;67;0;117;98;112;130;139;94;0;230;224;206;203;239;173;0;2285
12;Skåne län;91;Simrishamn;10079;Borrby bibliotek;33;0;0;0;0;30;0;36;0;0;0;0;65;0;42;0;0;0;0;206
12;Skåne län;91;Simrishamn;10080;Gärsnäs bibliotek;0;21;0;0;0;0;14;0;28;0;0;0;0;22;0;27;0;0;0;112
12;Skåne län;91;Simrishamn;10082;Hammenhögs bibliotek;14;0;0;0;0;42;0;28;0;0;0;0;53;0;60;0;0;0;0;197
12;Skåne län;91;Simrishamn;10084;Kiviks bibliotek;0;72;0;0;0;0;77;0;51;0;0;0;0;92;0;73;0;0;0;365
12;Skåne län;91;Simrishamn;10093;S:t Olofs bibliotek;0;15;0;0;0;0;16;0;13;0;0;0;0;34;0;38;0;0;0;116
12;Skåne län;91;Simrishamn;10094;Skillinge bibliotek;0;47;0;0;0;0;11;0;35;0;0;0;0;26;0;39;0;0;0;158
12;Skåne län;91;Simrishamn;6705;Servicehuset Ankaret;0;0;0;0;0;0;0;0;0;0;0;8;0;0;0;0;0;0;0;8
12;Skåne län;91;Simrishamn;6706;Sankt Olofshemmet;0;0;0;0;0;0;0;0;0;0;0;6;0;0;0;0;0;0;0;6
12;Skåne län;91;Simrishamn;6707;Solgläntan;0;0;0;0;0;0;0;0;0;0;0;6;0;0;0;0;0;0;0;6
12;Skåne län;91;Simrishamn;6708;Servicehuset Tulpanen;0;0;0;0;0;0;0;0;0;0;0;8;0;0;0;0;0;0;0;8
12;Skåne län;91;Simrishamn;6709;Lillevångshemmet;0;0;0;0;0;0;0;0;0;0;0;12;0;0;0;0;0;0;0;12
12;Skåne län;91;Simrishamn;6710;Rosenborg;0;0;0;0;0;0;0;0;0;0;0;17;0;0;0;0;0;0;0;17
12;Skåne län;91;Simrishamn;6711;Borrbyhemmet;0;0;0;0;0;0;0;0;0;0;0;12;0;0;0;0;0;0;0;12
12;Skåne län;91;Simrishamn;6712;Simrishamns sjukhus;0;0;0;0;0;0;0;0;0;0;0;4;0;0;0;0;0;0;0;4
12;Skåne län;91;Simrishamn;6713;Skönadalshemmet;0;0;0;0;0;0;0;0;0;0;0;17;0;0;0;0;0;0;0;17
12;Skåne län;92;Ängelholm;11670;Munka-Ljungby bibliotek;46;63;0;0;0;72;46;35;99;0;0;0;136;118;109;196;0;0;0;920
12;Skåne län;92;Ängelholm;7971;Stadshuset, Medborgarlinjen;49;29;48;0;25;60;59;57;60;86;0;60;96;116;151;125;214;0;56;1291
12;Skåne län;92;Ängelholm;7972;Stadsbiblioteket;198;237;170;142;0;254;237;253;271;266;264;0;402;362;463;524;607;474;0;5124
12;Skåne län;92;Ängelholm;7974;Hjärnarps bibliotek;0;55;21;0;0;29;29;0;67;0;0;0;83;59;0;126;88;0;0;557
12;Skåne län;92;Ängelholm;7975;Vejbystrands bibliotek;31;42;0;29;0;45;34;53;61;0;72;0;90;83;108;96;0;80;0;824
12;Skåne län;93;Hässleholm;10381;Kaptensgården;0;0;0;0;0;0;0;0;0;0;0;9;0;0;0;0;0;0;0;9
12;Skåne län;93;Hässleholm;12684;Stadsbiblioteket i Hässleholm;143;182;193;116;0;281;269;279;256;254;230;0;436;434;554;555;681;456;169;5488
12;Skåne län;93;Hässleholm;14103;Sjögläntan;0;0;0;0;0;0;0;0;0;0;0;13;0;0;0;0;0;0;0;13
12;Skåne län;93;Hässleholm;6714;Högalidshemmet;0;0;0;0;0;0;0;0;0;0;0;17;0;0;0;0;0;0;0;17
12;Skåne län;93;Hässleholm;6715;Nybo Servicehus;0;0;0;0;0;0;0;0;0;0;0;16;0;0;0;0;0;0;0;16
12;Skåne län;93;Hässleholm;6717;Hemgården;0;0;0;0;0;0;0;0;0;0;0;14;0;0;0;0;0;0;0;14
12;Skåne län;93;Hässleholm;9316;Biblioteket i Bjärnum;13;52;27;0;0;28;43;27;75;51;0;0;47;70;23;119;75;0;0;650
12;Skåne län;93;Hässleholm;9317;Biblioteket i Sösdala;18;25;11;0;0;42;11;33;28;25;0;0;41;34;79;97;73;0;0;517
12;Skåne län;93;Hässleholm;9319;Biblioteket i Tyringe;45;44;82;0;0;89;69;64;79;118;0;0;132;138;116;179;192;0;0;1347
12;Skåne län;93;Hässleholm;9320;Biblioteket i Vinslöv;37;56;40;0;0;73;43;54;133;71;0;0;135;68;76;191;149;0;0;1126
12;Skåne län;93;Hässleholm;9321;Servicekontoret i Hästveda;8;27;10;0;0;27;24;14;59;11;0;0;45;63;28;107;27;0;0;450
12;Skåne län;93;Hässleholm;9322;Servicekontoret i Vittsjö;0;36;13;0;0;24;43;0;79;33;0;0;43;59;0;150;58;0;0;538
13;Hallands län;15;Hylte;12382;Glada Hörnan;35;40;39;16;28;50;50;56;57;73;28;54;101;107;158;132;171;96;77;1368
13;Hallands län;15;Hylte;9955;ICA Målet Matbutiken;0;0;0;0;0;0;17;0;0;20;0;0;20;0;40;20;30;12;8;167
13;Hallands län;15;Hylte;9964;Torups Byggshop;12;10;36;11;0;25;23;29;33;45;0;0;50;45;62;44;101;45;0;571
13;Hallands län;15;Hylte;9973;Unnaryds Bilverkstad;7;8;4;2;6;10;2;14;11;14;6;5;14;35;27;30;41;19;12;267
13;Hallands län;80;Halmstad;10370;Andersbergs äldreboende;0;0;0;0;0;0;0;0;0;0;0;15;0;0;0;0;0;0;0;15
13;Hallands län;80;Halmstad;13026;Medborgarservice Andersberg;61;49;34;0;0;71;58;107;52;45;44;0;131;70;125;120;117;0;0;1084
13;Hallands län;80;Halmstad;13042;Haverdalshallen;0;70;0;0;0;81;0;0;101;0;81;0;86;0;0;185;0;0;0;604
13;Hallands län;80;Halmstad;13954;Kattegattgymnasiet;1;2;0;0;0;0;0;0;0;0;0;0;0;0;2;5;0;0;0;10
13;Hallands län;80;Halmstad;13955;Sturegymnasiet;0;2;0;0;0;0;0;4;0;0;0;0;0;0;2;6;0;0;0;14
13;Hallands län;80;Halmstad;13956;Vuxenutbildningen;0;5;0;0;0;0;6;7;5;0;0;0;0;3;8;12;0;0;0;46
13;Hallands län;80;Halmstad;6719;Länssjukhuset i Halmstad;0;0;0;0;0;0;0;0;0;0;0;14;0;0;0;0;0;0;0;14
13;Hallands län;80;Halmstad;6720;Bäckagårds äldreboende;0;0;0;0;0;0;0;0;0;0;0;12;0;0;0;0;0;0;0;12
13;Hallands län;80;Halmstad;6721;Karl XI servicehus;0;0;0;0;0;0;0;0;0;0;0;41;0;0;0;0;0;0;0;41
13;Hallands län;80;Halmstad;6722;Kriminalvårdsantalten;0;0;0;0;0;0;0;0;0;0;0;61;0;0;0;0;0;0;0;61
13;Hallands län;80;Halmstad;6723;Vidablick;0;0;0;0;0;0;0;0;0;0;0;19;0;0;0;0;0;0;0;19
13;Hallands län;80;Halmstad;6724;Vallås äldreboende;0;0;0;0;0;0;0;0;0;0;0;36;0;0;0;0;0;0;0;36
13;Hallands län;80;Halmstad;6725;Slottsparkens äldreboende;0;0;0;0;0;0;0;0;0;0;0;15;0;0;0;0;0;0;0;15
13;Hallands län;80;Halmstad;6726;Pålsbo servicehus;0;0;0;0;0;0;0;0;0;0;0;54;0;0;0;0;0;0;0;54
13;Hallands län;80;Halmstad;6727;Patrikshills äldreboende;0;0;0;0;0;0;0;0;0;0;0;16;0;0;0;0;0;0;0;16
13;Hallands län;80;Halmstad;6728;Olsgårdens äldreboende;0;0;0;0;0;0;0;0;0;0;0;10;0;0;0;0;0;0;0;10
13;Hallands län;80;Halmstad;6729;Nyhems servicehus;0;0;0;0;0;0;0;0;0;0;0;54;0;0;0;0;0;0;0;54
13;Hallands län;80;Halmstad;6730;Kvarnlyckan;0;0;0;0;0;0;0;0;0;0;0;37;0;0;0;0;0;0;0;37
13;Hallands län;80;Halmstad;6732;109:ans servicehus;0;0;0;0;0;0;0;0;0;0;0;16;0;0;0;0;0;0;0;16
13;Hallands län;80;Halmstad;6733;Ljungblommans servicehus;0;0;0;0;0;0;0;0;0;0;0;7;0;0;0;0;0;0;0;7
13;Hallands län;80;Halmstad;6734;Begonians servicehus;0;0;0;0;0;0;0;0;0;0;0;12;0;0;0;0;0;0;0;12
13;Hallands län;80;Halmstad;6736;Hemgården;0;0;0;0;0;0;0;0;0;0;0;12;0;0;0;0;0;0;0;12
13;Hallands län;80;Halmstad;6737;Västersol servicecenter;0;0;0;0;0;0;0;0;0;0;0;16;0;0;0;0;0;0;0;16
13;Hallands län;80;Halmstad;6738;Almgården;0;0;0;0;0;0;0;0;0;0;0;16;0;0;0;0;0;0;0;16
13;Hallands län;80;Halmstad;6739;Soldalen;0;0;0;0;0;0;0;0;0;0;0;0;0;0;0;0;0;0;0;0
13;Hallands län;80;Halmstad;8393;Stadsbiblioteket;228;180;156;155;0;280;225;280;271;227;291;0;535;474;705;672;821;795;0;6295
13;Hallands län;80;Halmstad;8423;Biblioteket Fyllinge;25;6;0;0;0;70;0;33;8;0;46;0;72;0;69;15;0;0;0;344
13;Hallands län;80;Halmstad;8429;Biblioteket i Getinge;0;49;10;0;0;43;2;0;72;17;35;0;55;12;0;137;42;0;0;474
13;Hallands län;80;Halmstad;8436;Biblioteket Gullbrandstorp;0;45;0;0;0;46;0;0;98;0;50;0;52;0;0;111;0;0;0;402
13;Hallands län;80;Halmstad;8441;Biblioteket i Harplinge;0;35;3;0;0;27;9;0;52;25;31;0;69;24;0;68;20;0;0;363
13;Hallands län;80;Halmstad;8464;Biblioteket i Oskarström;0;74;29;32;0;49;49;0;67;31;59;0;98;115;0;194;55;117;0;969
13;Hallands län;80;Halmstad;8470;Biblioteket i Simlångsdalen;0;34;0;0;0;0;37;0;25;0;8;0;0;41;0;71;0;0;0;216
13;Hallands län;80;Halmstad;8471;Biblioteket i Söndrum;145;177;175;97;0;184;197;202;225;208;168;0;373;332;338;356;290;231;0;3698
13;Hallands län;80;Halmstad;8480;Trönningeskolan;0;56;0;0;0;67;0;0;92;0;83;0;101;0;0;173;0;0;0;572
13;Hallands län;80;Halmstad;8488;Biblioteket på Vallås;0;105;76;58;0;142;103;142;140;110;99;0;242;240;228;276;198;191;0;2350
13;Hallands län;80;Halmstad;8494;Biblioteket i Åled;0;18;0;0;0;31;0;0;63;0;26;0;52;0;0;67;0;0;0;257
13;Hallands län;80;Halmstad;8507;Biblioteket i Kvibille;0;27;0;0;0;0;33;0;27;0;31;0;0;53;0;58;0;0;0;229
13;Hallands län;80;Halmstad;8513;Kärlekens kyrka;0;32;0;0;0;0;41;0;61;0;41;0;0;94;0;97;0;0;0;366
13;Hallands län;80;Halmstad;8517;Holms bygdegård;0;0;0;0;0;0;12;0;16;0;20;0;0;43;0;32;0;0;0;123
13;Hallands län;80;Halmstad;8557;Krusbärets äldreboende;0;0;0;0;0;0;0;0;0;0;0;17;0;0;0;0;0;0;0;17
13;Hallands län;80;Halmstad;8559;Frennarps äldreboende;0;0;0;0;0;0;0;0;0;0;0;23;0;0;0;0;0;0;0;23
13;Hallands län;80;Halmstad;8561;Akvarellens servicehus;0;0;0;0;0;0;0;0;0;0;0;29;0;0;0;0;0;0;0;29
13;Hallands län;80;Halmstad;9095;Rådhuset;164;96;119;73;0;125;123;114;126;106;122;0;185;175;237;217;298;195;0;2475
13;Hallands län;81;Laholm;9518;Medborgarkontoret, Stadshuset;75;56;65;29;0;100;77;98;114;106;50;0;173;171;287;227;248;79;66;2021
13;Hallands län;81;Laholm;9579;Maxi Stormarknad;41;83;72;73;66;83;83;87;120;159;173;181;133;170;207;241;293;352;0;2617
13;Hallands län;81;Laholm;9591;Knäreds bibliotek, Knäredsskolan;7;0;0;8;0;28;0;16;0;0;24;0;80;0;38;0;0;29;0;230
13;Hallands län;81;Laholm;9594;Veinge bibliotek, Veingeskolan;0;16;0;5;0;6;0;6;29;0;19;0;25;0;20;48;0;25;0;199
13;Hallands län;81;Laholm;9604;Våxtorps bibliotek, Våxtorpsskolan;0;8;0;6;0;12;13;0;21;0;14;0;46;18;0;57;0;30;0;225
13;Hallands län;81;Laholm;9703;Bokbussen;6;4;0;0;0;13;6;6;9;7;0;0;2;3;8;12;0;0;0;76
13;Hallands län;82;Falkenberg;13821;Falkenbergs huvudbibliotek;51;43;53;31;0;71;50;71;83;87;54;0;160;168;188;222;235;154;0;1721
13;Hallands län;82;Falkenberg;13823;Falkenbergs gymnasieskola;0;0;0;0;0;0;0;0;9;16;0;0;0;0;0;0;0;0;0;25
13;Hallands län;82;Falkenberg;13825;Drottning Blankas gymnasieskola;0;0;0;0;0;0;0;0;0;0;0;0;5;5;0;0;0;0;0;10
13;Hallands län;82;Falkenberg;13826;Mobila biblioteket (Bokbussen);2;0;0;0;0;15;0;0;15;0;0;0;0;7;6;0;0;0;0;45
13;Hallands län;82;Falkenberg;9492;Stadshuset, Falkenberg;187;168;141;108;0;197;141;246;177;188;169;0;320;249;372;356;402;213;262;3896
13;Hallands län;82;Falkenberg;9493;Coop Nära, Glommen;16;16;11;4;15;20;18;26;17;19;23;22;24;22;30;23;20;15;27;368
13;Hallands län;82;Falkenberg;9494;Långås Livs, Långås;8;6;11;6;0;11;10;14;21;25;11;0;22;19;42;27;45;24;0;302
13;Hallands län;82;Falkenberg;9570;ICA Supermarket, Ullared;16;26;26;20;12;32;43;38;33;62;37;33;61;86;71;103;120;134;69;1022
13;Hallands län;82;Falkenberg;9572;Matöppet i Ätran;8;11;12;6;7;10;13;13;22;5;8;0;18;26;40;23;23;23;4;272
13;Hallands län;82;Falkenberg;9573;Vessigebro Byggmarknad;6;18;11;5;0;17;23;10;21;22;15;0;42;40;44;54;72;39;0;439
13;Hallands län;82;Falkenberg;9574;Netto, Heberg;12;36;34;15;20;29;33;32;29;38;20;40;58;42;50;53;65;42;22;670
13;Hallands län;82;Falkenberg;9575;Matöppet i Slöinge;10;8;13;1;7;19;18;13;19;18;3;20;14;33;35;37;58;32;13;371
13;Hallands län;82;Falkenberg;9736;Stenfalken, Falkagård;0;0;0;0;0;0;0;0;0;0;0;0;0;0;0;0;0;0;102;102
13;Hallands län;83;Varberg;13605;Galleria Trädgården Varberg;178;214;180;166;0;206;223;219;234;209;308;0;373;363;472;491;589;597;0;5022
13;Hallands län;83;Varberg;13618;Peder Skrivares skola;5;4;12;0;0;7;7;6;5;6;0;0;13;15;18;13;23;0;0;134
13;Hallands län;83;Varberg;9038;Bua bibliotek;54;50;52;0;0;55;49;75;58;48;0;0;97;52;131;140;88;0;0;949
13;Hallands län;83;Varberg;9039;Kungsäters bibliotek;7;0;0;0;0;6;0;29;0;0;0;0;16;0;31;0;0;0;0;89
13;Hallands län;83;Varberg;9040;Rolfstorps bibliotek;4;23;0;0;0;4;10;12;24;0;0;0;10;20;6;30;0;0;0;143
13;Hallands län;83;Varberg;9041;Träslövsläges bibliotek;29;40;0;0;0;47;25;35;89;0;0;0;81;39;39;101;0;0;0;525
13;Hallands län;83;Varberg;9042;Tvååkers bibliotek;28;15;24;0;0;37;31;83;19;48;0;0;123;70;111;76;64;0;0;729
13;Hallands län;83;Varberg;9043;Veddige bibliotek;21;37;26;0;0;41;24;21;44;14;0;0;83;78;33;106;66;0;0;594
13;Hallands län;83;Varberg;9044;Varbergs huvudbibliotek;96;119;118;93;0;126;104;96;163;146;130;0;229;255;270;294;326;219;0;2784
13;Hallands län;83;Varberg;9045;Skällinge skola;4;5;3;0;0;17;6;7;4;10;0;0;21;21;17;28;14;0;0;157
13;Hallands län;83;Varberg;9046;Kommunens informationstorg;86;65;52;0;0;69;75;80;61;63;0;0;93;93;134;119;135;0;0;1125
13;Hallands län;83;Varberg;9047;Valnämndens kansli;0;0;0;0;0;0;0;0;0;0;0;0;0;0;0;0;0;0;156;156
13;Hallands län;84;Kungsbacka;10575;Tölö Smedja äldreboende;0;0;0;0;0;0;0;0;0;0;0;19;0;0;0;0;0;0;0;19
13;Hallands län;84;Kungsbacka;10755;Vickan äldreboende;0;0;0;0;0;0;0;0;0;0;0;22;0;0;0;0;0;0;0;22
13;Hallands län;84;Kungsbacka;10756;Båt och Sjöfartsmuseet;68;64;63;0;0;86;78;59;73;74;0;0;130;136;159;205;224;0;0;1419
13;Hallands län;84;Kungsbacka;10757;Kungsmässan;300;336;359;297;275;353;425;422;446;495;588;559;644;688;839;889;1095;1152;543;10705
13;Hallands län;84;Kungsbacka;10758;Älvsåkersskolan;2;4;10;0;0;5;11;6;12;7;0;0;21;23;22;29;24;0;0;176
13;Hallands län;84;Kungsbacka;13949;ICA Maxi;0;0;92;81;108;0;0;0;0;181;212;257;0;0;0;0;410;483;0;1824
13;Hallands län;84;Kungsbacka;13960;Elof Lindälvs gymnasium;0;0;0;0;0;6;0;0;0;0;0;0;6;0;0;0;0;0;0;12
13;Hallands län;84;Kungsbacka;13961;Aranäsgymnasiet;0;0;0;0;0;0;20;0;0;0;0;0;0;26;0;0;0;0;0;46
13;Hallands län;84;Kungsbacka;6765;Måhaga äldreboende;0;0;0;0;0;0;0;0;0;0;0;35;0;0;0;0;0;0;0;35
13;Hallands län;84;Kungsbacka;6767;Kolla äldreboende;0;0;0;0;0;0;0;0;0;0;0;32;0;0;0;0;0;0;0;32
13;Hallands län;84;Kungsbacka;6768;Ekhaga äldreboende;0;0;0;0;0;0;0;0;0;0;0;46;0;0;0;0;0;0;0;46
13;Hallands län;84;Kungsbacka;6769;Löftagårdens äldreboende;0;0;0;0;0;0;0;0;0;0;0;11;0;0;0;0;0;0;0;11
13;Hallands län;84;Kungsbacka;6770;Pölagårdens äldreboende;0;0;0;0;0;0;0;0;0;0;0;11;0;0;0;0;0;0;0;11
13;Hallands län;84;Kungsbacka;6771;Åsa äldreboende;0;0;0;0;0;0;0;0;0;0;0;19;0;0;0;0;0;0;0;19
13;Hallands län;84;Kungsbacka;6772;Tölö äldreboende;0;0;0;0;0;0;0;0;0;0;0;13;0;0;0;0;0;0;0;13
13;Hallands län;84;Kungsbacka;6773;Signeshus;0;0;0;0;0;0;0;0;0;0;0;75;0;0;0;0;0;0;0;75
13;Hallands län;84;Kungsbacka;6774;Bukärrsgården;0;0;0;0;0;0;0;0;0;0;0;39;0;0;0;0;0;0;0;39
13;Hallands län;84;Kungsbacka;6775;Kyviks äldreboende;0;0;0;0;0;0;0;0;0;0;0;17;0;0;0;0;0;0;0;17
13;Hallands län;84;Kungsbacka;9265;Frillesåsskolan elevcafé/bibliotek;26;16;18;0;0;33;18;26;33;34;0;0;42;37;66;65;76;0;0;490
13;Hallands län;84;Kungsbacka;9269;Åsaskolan, "Teatern";40;43;40;0;0;56;61;41;55;47;0;0;106;87;110;91;94;0;0;871
13;Hallands län;84;Kungsbacka;9270;Fjärås fritidsgård;16;8;9;0;0;22;20;19;23;16;0;0;28;39;41;39;75;0;0;355
13;Hallands län;84;Kungsbacka;9271;Kungsbacka, Stadshuset;120;98;90;0;0;139;100;91;98;76;83;82;197;122;154;175;185;232;251;2293
13;Hallands län;84;Kungsbacka;9272;Toråsskolan, biblioteket;23;22;24;0;0;35;37;24;33;21;0;0;50;44;76;64;98;0;0;551
13;Hallands län;84;Kungsbacka;9274;Kullaviksskolan;92;89;0;0;0;108;0;141;106;0;0;0;237;0;205;209;0;0;0;1187
14;Västra Götalands län;01;Härryda;6777;Rådahemmet;0;0;0;0;0;0;0;0;0;0;0;23;0;0;0;0;0;0;0;23
14;Västra Götalands län;01;Härryda;6778;Ekdalagården;0;0;0;0;0;0;0;0;0;0;0;20;0;0;0;0;0;0;0;20
14;Västra Götalands län;01;Härryda;6779;Björkelid;0;0;0;0;0;0;0;0;0;0;0;17;0;0;0;0;0;0;0;17
14;Västra Götalands län;01;Härryda;6780;Bygården;0;0;0;0;0;0;0;0;0;0;0;26;0;0;0;0;0;0;0;26
14;Västra Götalands län;01;Härryda;7958;Kommunhuset;120;160;135;67;0;157;166;146;193;123;130;0;309;309;330;480;389;348;85;3647
14;Västra Götalands län;01;Härryda;7959;Landvetter bibliotek;70;128;94;55;0;131;117;72;183;150;124;0;248;234;133;368;263;208;0;2578
14;Västra Götalands län;01;Härryda;7997;Hindås bibliotek;21;0;33;0;0;30;35;32;0;33;0;0;97;38;97;0;59;0;0;475
14;Västra Götalands län;01;Härryda;7998;Rävlanda bibliotek;0;29;0;0;0;9;51;0;76;0;0;0;31;88;0;135;0;0;0;419
14;Västra Götalands län;02;Partille;13510;Allum;151;175;174;173;118;245;182;249;292;311;366;460;447;468;578;661;772;805;0;6627
14;Västra Götalands län;02;Partille;8966;Kulturum;88;130;105;66;48;165;134;123;130;104;109;83;226;189;264;208;298;168;0;2638
14;Västra Götalands län;02;Partille;8975;Vallhamra  bibliotek;0;0;0;0;0;86;144;67;132;0;0;0;128;166;101;207;0;0;0;1031
14;Västra Götalands län;02;Partille;9026;Partille kommunhus;0;0;0;0;0;0;0;0;0;0;0;0;0;0;0;0;0;0;204;204
14;Västra Götalands län;07;Öckerö;10156;Öckerö Bibliotek;103;109;75;47;0;95;112;103;112;83;79;0;219;136;166;215;153;190;33;2030
14;Västra Götalands län;07;Öckerö;10158;Björkö Västergårds By;0;0;0;0;0;0;0;0;0;0;0;0;45;0;55;0;58;0;0;158
14;Västra Götalands län;07;Öckerö;10159;Turistbyrån Hönö Klåva;0;0;0;0;0;0;0;0;0;0;0;0;152;135;132;111;149;0;0;679
14;Västra Götalands län;07;Öckerö;10160;Centrumlivs;0;0;0;0;0;0;0;0;0;0;0;0;13;14;6;15;13;0;0;61
14;Västra Götalands län;07;Öckerö;10161;Rörö Strandkassa;0;0;0;0;0;0;0;0;0;0;0;0;8;6;10;5;15;0;0;44
14;Västra Götalands län;07;Öckerö;12549;Solhöjden (äldreboende på Öckerö);0;0;0;0;0;0;0;0;0;0;0;54;0;0;0;0;0;0;0;54
14;Västra Götalands län;15;Stenungsund;13567;Nösnäsgymnasiet;3;10;0;0;0;6;7;3;1;2;0;0;5;4;17;8;13;0;0;79
14;Västra Götalands län;15;Stenungsund;13657;Stenungsunds Bokbuss;0;0;0;0;0;0;5;0;3;2;0;0;0;9;0;6;0;0;0;25
14;Västra Götalands län;15;Stenungsund;6783;Hällebäcks Äldreboende;0;0;0;0;0;0;0;0;0;0;0;13;0;0;0;0;0;0;0;13
14;Västra Götalands län;15;Stenungsund;8289;Tallåsen;0;0;0;0;0;0;0;0;0;0;0;24;0;0;0;0;0;0;0;24
14;Västra Götalands län;15;Stenungsund;8290;Stenungsunds kommunhus;64;47;75;0;0;57;73;56;70;78;0;0;148;91;102;121;142;80;107;1311
14;Västra Götalands län;15;Stenungsund;8291;Kulturhuset Fregatten;154;183;186;93;0;214;224;225;205;253;238;0;424;431;426;487;536;417;0;4696
14;Västra Götalands län;19;Tjörn;10108;Tjörns kommunkont, medborgarkontoret;89;121;123;0;0;84;96;121;182;197;0;0;242;294;252;303;298;207;100;2709
14;Västra Götalands län;19;Tjörn;10109;Åstols skola;0;0;0;0;0;0;0;0;0;0;0;0;0;0;0;19;0;0;0;19
14;Västra Götalands län;19;Tjörn;10111;Långekärrs skola;0;0;0;0;0;0;0;0;0;0;0;0;0;0;0;65;0;0;0;65
14;Västra Götalands län;19;Tjörn;10112;Kållekärrs skola;0;0;0;0;0;0;0;0;0;0;0;0;0;0;0;87;0;0;0;87
14;Västra Götalands län;19;Tjörn;10113;Rönnäng skola;0;0;0;0;0;0;0;0;0;0;0;0;0;0;0;64;0;0;0;64
14;Västra Götalands län;19;Tjörn;10114;Myggenäs skola;0;0;0;0;0;0;0;0;0;0;0;0;0;0;0;71;0;0;0;71
14;Västra Götalands län;19;Tjörn;10115;Häggvallskolan;0;0;0;0;0;0;0;0;0;0;0;0;0;0;0;137;0;0;0;137
14;Västra Götalands län;19;Tjörn;13111;Dyröns EFS;0;0;0;0;0;0;0;0;0;0;0;0;0;0;0;36;0;0;0;36
14;Västra Götalands län;19;Tjörn;14104;Klädesholmen, församlingshemmet;0;0;0;0;0;0;0;0;0;0;0;0;0;0;0;97;0;0;0;97
14;Västra Götalands län;19;Tjörn;14132;Bokbussen;0;0;0;0;0;18;0;0;0;0;0;0;23;0;0;0;0;0;0;41
14;Västra Götalands län;21;Orust;12469;Mollösunds affär, Tempo;0;0;0;0;4;6;7;6;4;10;6;4;8;22;10;9;16;1;0;113
14;Västra Götalands län;21;Orust;9328;Ågården;0;0;0;0;0;0;0;0;0;0;0;0;0;0;0;0;0;0;2;2
14;Västra Götalands län;21;Orust;9330;Kaprifolgården;0;0;0;0;0;0;0;0;0;0;0;0;0;0;0;0;0;0;6;6
14;Västra Götalands län;21;Orust;9331;Ängsviken;0;0;0;0;0;0;0;0;0;0;0;0;0;0;0;0;0;0;14;14
14;Västra Götalands län;21;Orust;9332;Strandgården;0;0;0;0;0;0;0;0;0;0;0;0;0;0;0;0;0;0;27;27
14;Västra Götalands län;21;Orust;9333;Fyrklövern;0;0;0;0;0;0;0;0;0;0;0;0;0;0;0;0;0;0;7;7
14;Västra Götalands län;21;Orust;9336;Huvudbiblioteket Henån;57;73;76;48;0;0;103;102;90;148;101;0;0;257;277;199;225;179;72;2007
14;Västra Götalands län;21;Orust;9338;Biblioteket Svanesund;22;53;26;0;0;0;69;25;59;27;0;0;0;133;53;129;64;0;0;660
14;Västra Götalands län;21;Orust;9345;Biblioteket Ellös;21;42;32;0;0;0;51;36;52;47;0;0;0;141;57;113;59;0;0;651
14;Västra Götalands län;21;Orust;9346;Biblioteket Varekil;13;15;0;0;0;0;11;28;13;0;0;0;0;32;83;40;0;0;0;235
14;Västra Götalands län;21;Orust;9348;Biblioteket Gullholmen;0;0;0;10;0;0;0;0;0;0;15;0;0;0;0;0;0;6;0;31
14;Västra Götalands län;21;Orust;9349;SSTC Kontor;0;6;0;0;0;16;9;12;15;0;0;0;20;6;6;8;0;0;0;98
14;Västra Götalands län;27;Sotenäs;13481;Församlingshemmet, Askum;0;0;0;0;0;0;0;0;0;0;0;0;0;0;0;0;0;0;40;40
14;Västra Götalands län;27;Sotenäs;13488;Folkets Hus, Kungshamn;45;58;60;51;0;74;77;99;111;99;100;0;157;161;135;198;201;123;0;1749
14;Västra Götalands län;27;Sotenäs;13508;Jörgens Magasin, Hovenäset;0;0;0;0;0;0;0;0;0;0;0;0;0;0;0;0;0;0;62;62
14;Västra Götalands län;27;Sotenäs;6789;Hunnebohemmet, Hunnebostrand;0;0;0;0;0;0;0;0;0;0;0;0;0;0;0;7;0;0;0;7
14;Västra Götalands län;27;Sotenäs;6790;Bankeberg, Hunnebostrand;0;0;0;0;0;0;0;0;0;0;0;0;0;0;0;13;0;0;0;13
14;Västra Götalands län;27;Sotenäs;6791;Kvarnberget, Kungshamn;0;0;0;0;0;0;0;0;0;0;0;0;0;0;0;24;0;0;0;24
14;Västra Götalands län;27;Sotenäs;8779;Spruthuset, Smögen;18;25;22;30;0;29;19;18;43;46;51;0;68;34;44;67;55;47;0;616
14;Västra Götalands län;27;Sotenäs;8781;Församlingshemmet, Hunnebostrand;24;33;28;23;0;39;57;64;60;68;63;0;108;114;115;130;121;84;0;1131
14;Västra Götalands län;27;Sotenäs;8782;Tumlaren, Väjern, (valdagen);0;0;0;0;0;0;0;0;0;0;0;0;0;0;0;0;0;0;91;91
14;Västra Götalands län;27;Sotenäs;8796;Biblioteket, Bohus-Malmön;0;0;0;0;0;0;0;0;0;0;0;0;0;0;0;0;0;0;102;102
14;Västra Götalands län;27;Sotenäs;8799;Bovallstrands skola;0;0;0;0;0;0;0;0;0;0;0;0;0;0;0;0;0;0;140;140
14;Västra Götalands län;30;Munkedal;8922;Biblioteket Munkedal;43;61;49;0;0;70;99;91;102;107;0;0;173;217;202;215;233;126;26;1814
14;Västra Götalands län;30;Munkedal;8923;Biblioteket Hällevadsholm;2;0;6;0;0;8;0;15;0;23;0;0;41;0;64;0;38;0;0;197
14;Västra Götalands län;30;Munkedal;8924;Biblioteket Dingle;0;17;0;0;0;17;28;0;24;0;0;0;17;63;0;61;0;0;0;227
14;Västra Götalands län;30;Munkedal;8925;Sörbygården Hedekas;16;0;10;0;0;6;0;11;0;17;0;0;19;0;52;0;25;0;0;156
14;Västra Götalands län;35;Tanum;10014;Kommunhuset Tanumshede;0;0;0;0;0;92;74;92;0;0;0;0;158;156;162;0;0;148;54;936
14;Västra Götalands län;35;Tanum;12987;Grebbestads Infocenter;0;51;0;0;0;0;0;0;118;0;0;0;0;0;0;184;0;0;0;353
14;Västra Götalands län;35;Tanum;12988;Hamburgsunds bibliotek;0;0;72;0;0;0;0;0;0;142;0;0;0;0;0;0;146;0;0;360
14;Västra Götalands län;35;Tanum;12989;Futura Tanumshede;0;0;0;0;0;0;0;0;131;95;0;0;0;0;0;252;202;0;0;680
14;Västra Götalands län;35;Tanum;6792;Hedegården;0;0;0;0;0;0;0;0;0;0;0;25;0;0;0;0;0;0;0;25
14;Västra Götalands län;35;Tanum;6794;Tärnegården;0;0;0;0;0;0;0;0;0;0;0;23;0;0;0;0;0;0;0;23
14;Västra Götalands län;35;Tanum;9860;Fjällbacka service;45;0;0;0;0;0;0;88;0;0;0;0;0;0;166;0;0;0;0;299
14;Västra Götalands län;35;Tanum;9873;Östanvind Östad;0;0;0;0;0;0;23;0;0;0;0;0;0;51;0;0;0;0;0;74
14;Västra Götalands län;38;Dals-Ed;10228;Kommunhuset;14;46;43;0;0;48;28;57;95;55;0;0;81;102;141;206;182;51;21;1170
14;Västra Götalands län;38;Dals-Ed;6795;Edsgärdets sjukhem;0;0;0;0;0;0;0;0;0;0;0;12;0;0;0;0;0;0;0;12
14;Västra Götalands län;38;Dals-Ed;6796;Hagalid Servicehus;0;0;0;0;0;0;0;0;0;0;0;8;0;0;0;0;0;0;0;8
14;Västra Götalands län;39;Färgelanda;6797;Lillågården;0;0;0;0;0;0;0;0;0;0;0;2;0;0;0;0;0;0;0;2
14;Västra Götalands län;39;Färgelanda;6798;Håvestensgården;0;0;0;0;0;0;0;0;0;0;0;9;0;0;0;0;0;0;0;9
14;Västra Götalands län;39;Färgelanda;6800;Solgården;0;0;0;0;0;0;0;0;0;0;0;10;0;0;0;0;0;0;0;10
14;Västra Götalands län;39;Färgelanda;8015;Högsäters f.d. bibliotek;13;3;0;0;0;12;11;13;21;0;0;0;25;23;23;48;0;0;0;192
14;Västra Götalands län;39;Färgelanda;8129;Centrumhuset, Medborgarkontoret;32;64;61;12;0;70;69;97;96;93;36;0;122;162;149;170;222;84;16;1555
14;Västra Götalands län;40;Ale;11884;Medborgarkontoret, Nödinge;59;107;75;55;0;111;99;137;128;165;123;0;223;203;235;258;343;216;22;2559
14;Västra Götalands län;40;Ale;11885;Surte bibliotek;35;27;0;0;0;0;64;65;35;0;0;0;0;111;74;52;0;0;0;463
14;Västra Götalands län;40;Ale;11886;Dagcentralen, Älvängen;44;49;50;0;0;71;63;87;80;77;0;0;155;164;167;206;236;0;0;1449
14;Västra Götalands län;40;Ale;13400;Skepplanda bibliotek;0;51;0;0;0;60;39;0;82;0;0;0;112;85;0;135;0;0;0;564
14;Västra Götalands län;40;Ale;13401;Bohus Servicehus;0;53;0;0;0;0;61;0;67;0;0;0;0;110;0;112;0;0;0;403
14;Västra Götalands län;40;Ale;13625;Medborgarhuset, Alafors;0;0;0;0;0;0;0;0;0;0;0;0;35;62;0;0;79;0;0;176
14;Västra Götalands län;40;Ale;13628;Nol Företagscenter;0;0;0;0;0;0;0;0;0;0;0;0;0;0;76;58;0;0;0;134
14;Västra Götalands län;41;Lerum;12442;Tollereds bibliotek;0;0;0;0;0;19;0;0;0;0;0;0;29;0;0;0;0;0;0;48
14;Västra Götalands län;41;Lerum;12443;Sjövik bibliotek;0;0;0;0;0;0;49;0;0;0;0;0;0;83;0;0;0;0;0;132
14;Västra Götalands län;41;Lerum;14087;Lerums bibliotek;34;33;35;21;0;49;52;40;52;41;64;0;92;78;101;149;154;146;0;1141
14;Västra Götalands län;41;Lerum;8143;Medborgarkontoret;121;139;161;55;0;201;196;224;229;241;162;0;325;359;450;478;567;300;119;4327
14;Västra Götalands län;41;Lerum;8146;Floda bibliotek;57;102;0;0;0;92;110;64;130;0;0;0;197;152;92;261;0;0;0;1257
14;Västra Götalands län;41;Lerum;8147;Gråbo bibliotek;0;114;67;0;0;85;106;0;147;84;0;0;159;169;0;256;129;0;0;1316
14;Västra Götalands län;42;Vårgårda;9424;Vårgårda Kommun, Medborgarkontoret;36;60;57;24;0;84;122;91;106;79;27;57;161;137;189;230;217;123;38;1838
14;Västra Götalands län;43;Bollebygd;6812;Bollegården;0;0;0;0;0;0;0;0;0;0;0;20;0;0;0;0;0;0;0;20
14;Västra Götalands län;43;Bollebygd;8804;Bollebygds kommun, kommunhuset;47;47;58;38;0;82;49;57;128;130;64;0;134;138;152;263;193;81;45;1706
14;Västra Götalands län;44;Grästorp;10251;Kommunens Hus;28;33;42;47;0;72;54;47;70;82;79;0;182;102;100;129;187;140;10;1404
14;Västra Götalands län;44;Grästorp;9696;Medborgarkontor;0;0;0;0;0;0;0;0;0;0;0;0;0;0;0;0;0;0;0;0
14;Västra Götalands län;45;Essunga;13812;Essunga Folkbibliotek;20;42;37;0;0;59;46;39;99;60;0;0;120;125;62;178;101;76;25;1089
14;Västra Götalands län;45;Essunga;6813;Kerstinsås;0;0;0;0;0;0;0;0;0;0;0;29;0;0;0;0;0;0;0;29
14;Västra Götalands län;46;Karlsborg;10250;Karlsborgs kommunhus, växeln;23;56;59;0;0;83;76;82;139;78;0;0;141;123;220;235;177;74;22;1588
14;Västra Götalands län;47;Gullspång;10286;Gullspångs Bibliotek;33;38;46;0;0;34;37;49;48;54;0;0;79;114;92;142;105;0;19;890
14;Västra Götalands län;47;Gullspång;6815;Mogården;0;0;0;0;0;0;0;0;0;0;0;11;0;0;0;0;0;0;0;11
14;Västra Götalands län;47;Gullspång;6816;Amnegården;0;0;0;0;0;0;0;0;0;0;0;12;0;0;0;0;0;0;0;12
14;Västra Götalands län;47;Gullspång;9619;Hova bibliotek;13;34;0;0;0;30;30;23;48;0;0;0;76;90;49;122;0;63;0;578
14;Västra Götalands län;52;Tranemo;12101;Sockenstugan i Ljungsarp;0;0;0;0;0;0;0;0;0;0;0;0;0;0;0;95;0;0;0;95
14;Västra Götalands län;52;Tranemo;12103;Sjötofta skola;0;0;0;0;0;0;0;0;0;0;0;0;0;0;0;40;0;0;0;40
14;Västra Götalands län;52;Tranemo;13016;Tranemo Gymnasieskola;0;0;0;0;0;0;0;0;0;0;0;0;0;0;0;5;0;0;0;5
14;Västra Götalands län;52;Tranemo;13668;Uddebo Fritidsgård;0;0;0;0;0;0;0;0;0;0;0;0;0;0;0;62;0;0;0;62
14;Västra Götalands län;52;Tranemo;13671;Bygdegården Månstad;0;0;0;0;0;0;0;0;0;0;0;0;0;0;0;136;0;0;0;136
14;Västra Götalands län;52;Tranemo;14038;Tranemo bibliotek;16;15;17;17;0;22;20;33;34;22;35;0;53;79;63;101;48;91;0;666
14;Västra Götalands län;52;Tranemo;14039;Nittorps Bygdegård;0;0;0;0;0;0;0;0;0;0;0;0;0;0;0;128;0;0;0;128
14;Västra Götalands län;52;Tranemo;9588;Kommunkontoret Tranemo;27;37;36;0;0;77;44;61;44;71;0;0;98;78;77;83;104;0;21;858
14;Västra Götalands län;52;Tranemo;9603;Gudarpsgården Tranemo;0;0;0;0;0;0;0;0;0;0;0;0;32;0;0;0;0;0;0;32
14;Västra Götalands län;52;Tranemo;9608;Solbacken;0;0;0;0;0;0;51;0;0;0;0;0;0;0;80;0;0;0;0;131
14;Västra Götalands län;52;Tranemo;9609;Hjälmå;0;0;0;0;0;0;0;32;0;0;0;0;0;67;0;0;0;0;0;99
14;Västra Götalands län;52;Tranemo;9614;Glimringe;0;0;0;0;0;0;96;0;0;0;0;0;0;0;54;0;0;0;0;150
14;Västra Götalands län;52;Tranemo;9615;Ängslyckan;0;0;0;0;0;0;0;22;0;0;0;0;0;30;0;0;0;0;0;52
14;Västra Götalands län;60;Bengtsfors;10043;Biblioteket Bäckefors;28;0;0;0;0;22;0;47;0;0;0;0;42;0;60;0;0;18;0;217
14;Västra Götalands län;60;Bengtsfors;10044;Biblioteket Dals Långed;16;27;0;0;0;42;25;33;55;0;0;0;63;67;80;123;0;33;0;564
14;Västra Götalands län;60;Bengtsfors;12979;Årbols skola;0;0;0;0;0;0;0;0;0;0;0;0;0;0;0;0;0;0;70;70
14;Västra Götalands län;60;Bengtsfors;12980;Folkets hus Gustavsfors;5;0;0;0;0;10;0;14;0;0;0;0;15;0;22;0;0;6;55;127
14;Västra Götalands län;60;Bengtsfors;12982;Torrskogs stom bygdegård;0;0;0;0;0;0;0;0;0;0;0;0;0;0;0;0;0;0;69;69
14;Västra Götalands län;60;Bengtsfors;12983;Skåpafors skola;0;0;0;0;0;0;0;0;0;0;0;0;0;0;0;0;0;0;86;86
14;Västra Götalands län;60;Bengtsfors;12985;Steneby Bygdegård;0;0;0;0;0;0;0;0;0;0;0;0;0;0;0;0;0;0;104;104
14;Västra Götalands län;60;Bengtsfors;12986;IOGT-lokalen Ödskölt;0;0;0;0;0;0;0;0;0;0;0;0;0;0;0;0;0;0;71;71
14;Västra Götalands län;60;Bengtsfors;14112;Biblioteket Bengtsfors;29;42;52;27;0;86;98;96;75;80;70;0;144;162;152;120;198;143;0;1574
14;Västra Götalands län;60;Bengtsfors;14113;Lövåsenskolan;1;4;0;0;0;0;22;6;11;0;0;0;0;23;29;14;0;7;0;117
14;Västra Götalands län;60;Bengtsfors;14149;Kommunhuset i Bengtsfors;0;0;0;0;0;0;0;0;0;0;0;0;0;0;0;0;0;0;12;12
14;Västra Götalands län;61;Mellerud;6827;Bergs sjukhem;0;0;0;0;0;0;0;0;0;0;0;18;0;0;0;0;0;0;0;18
14;Västra Götalands län;61;Mellerud;6828;Servicehuset Älvan;0;0;0;0;0;0;0;0;0;0;0;6;0;0;0;0;0;0;0;6
14;Västra Götalands län;61;Mellerud;6829;Servicehuset Karolinen;0;0;0;0;0;0;0;0;0;0;0;4;0;0;0;0;0;0;0;4
14;Västra Götalands län;61;Mellerud;6830;Skållerudshemmet;0;0;0;0;0;0;0;0;0;0;0;18;0;0;0;0;0;0;0;18
14;Västra Götalands län;61;Mellerud;6831;Kroppefjälls Vårdhem;0;0;0;0;0;0;0;0;0;0;0;5;0;0;0;0;0;0;0;5
14;Västra Götalands län;61;Mellerud;6832;Fagerlidshemmet;0;0;0;0;0;0;0;0;0;0;0;30;0;0;0;0;0;0;0;30
14;Västra Götalands län;61;Mellerud;8307;Medborgarkontoret;49;92;68;20;0;81;92;88;151;140;57;0;179;214;212;252;251;97;36;2079
14;Västra Götalands län;62;Lilla Edet;12969;Biblioteket Lödöse;0;0;0;0;0;76;53;0;0;0;0;0;100;78;0;0;0;91;0;398
14;Västra Götalands län;62;Lilla Edet;9700;Kommunhuset Lilla Edet;41;48;60;31;0;83;73;75;89;98;62;0;166;150;196;218;225;112;38;1765
14;Västra Götalands län;63;Mark;10281;Klockaregårdens Servicehus;0;0;0;0;0;0;0;0;0;0;0;7;0;0;0;0;0;0;0;7
14;Västra Götalands län;63;Mark;10345;Rydals Museum;0;0;0;0;0;0;0;0;0;0;0;0;0;0;0;0;0;0;111;111
14;Västra Götalands län;63;Mark;10346;Karstorps Naturförskola;0;0;0;0;0;0;0;0;0;0;0;0;0;0;0;0;0;0;129;129
14;Västra Götalands län;63;Mark;10347;Älekulla Bygdegård;0;0;0;0;0;0;0;0;0;0;0;0;0;0;0;0;0;0;191;191
14;Västra Götalands län;63;Mark;11815;Björketorps dagcentral;16;0;0;0;0;0;27;17;0;0;0;0;0;31;39;0;0;0;0;130
14;Västra Götalands län;63;Mark;11820;Bokbussen;2;2;3;0;0;8;5;3;13;3;0;0;6;9;9;2;9;0;0;74
14;Västra Götalands län;63;Mark;13168;Kunskapens hus, biblioteket;1;7;13;0;0;5;5;7;8;6;0;0;7;7;17;28;46;0;0;157
14;Västra Götalands län;63;Mark;14063;Demokratidagen;0;0;0;41;0;0;0;0;0;0;0;0;0;0;0;0;0;0;0;41
14;Västra Götalands län;63;Mark;14064;Skene Marten;0;0;0;0;0;0;0;0;0;0;201;149;0;0;0;0;0;0;0;350
14;Västra Götalands län;63;Mark;14066;Öxabäckskolan;0;0;0;0;0;0;0;0;0;0;0;0;0;0;0;0;0;0;390;390
14;Västra Götalands län;63;Mark;14105;Olof Markusgården;0;0;0;0;0;0;0;0;0;0;0;13;0;0;0;0;0;0;0;13
14;Västra Götalands län;63;Mark;14106;Kriminalvårdsanstalten Smälteryd;0;0;0;0;0;0;0;0;0;0;0;3;0;0;0;0;0;0;0;3
14;Västra Götalands län;63;Mark;14107;Sätilaskolan;0;0;0;0;0;0;0;0;0;0;0;0;0;0;0;0;0;0;0;0
14;Västra Götalands län;63;Mark;14108;Hajomskolan;0;0;0;0;0;0;0;0;0;0;0;0;0;0;0;0;0;0;249;249
14;Västra Götalands län;63;Mark;14109;Björketorpskolan;0;0;0;0;0;0;0;0;0;0;0;0;0;0;0;0;0;0;278;278
14;Västra Götalands län;63;Mark;14110;Istorps församlingshem;0;0;0;0;0;0;0;0;0;0;0;0;0;0;0;0;0;0;174;174
14;Västra Götalands län;63;Mark;14127;Ängsätra Vård & Omsorg;0;0;0;0;0;0;0;0;0;0;0;13;0;0;0;0;0;0;0;13
14;Västra Götalands län;63;Mark;6837;Malmsäter Servicehus;0;0;0;0;0;0;0;0;0;0;0;26;0;0;0;0;0;0;0;26
14;Västra Götalands län;63;Mark;6838;Rönnäng Servicehus;0;0;0;0;0;0;0;0;0;0;0;24;0;0;0;0;0;0;0;24
14;Västra Götalands län;63;Mark;6840;Solgårds Servicehus;0;0;0;0;0;0;0;0;0;0;0;11;0;0;0;0;0;0;0;11
14;Västra Götalands län;63;Mark;6841;Ekås Servicehus;0;0;0;0;0;0;0;0;0;0;0;8;0;0;0;0;0;0;0;8
14;Västra Götalands län;63;Mark;6842;Kullabyns Servicehus;0;0;0;0;0;0;0;0;0;0;0;27;0;0;0;0;0;0;0;27
14;Västra Götalands län;63;Mark;6843;Lindängs Servicehus;0;0;0;0;0;0;0;0;0;0;0;27;0;0;0;0;0;0;0;27
14;Västra Götalands län;63;Mark;8157;Skene bibliotek;40;74;82;37;0;93;104;101;163;145;0;0;234;224;243;246;340;147;0;2273
14;Västra Götalands län;63;Mark;8158;Horreds bibliotek;15;21;0;0;0;34;7;21;64;0;0;0;73;53;66;107;18;0;0;479
14;Västra Götalands län;63;Mark;8159;Fritsla bibliotek;17;28;0;0;0;0;54;58;67;0;0;0;0;92;73;123;0;0;0;512
14;Västra Götalands län;63;Mark;8160;Sätila bibliotek;15;26;0;0;0;55;0;55;69;0;0;0;90;0;112;113;0;0;0;535
14;Västra Götalands län;63;Mark;8162;Kommunhuset, Kinna;68;89;95;0;0;127;104;119;159;188;0;21;233;238;230;249;361;313;118;2712
14;Västra Götalands län;63;Mark;9342;Hyssna skolbibliotek;11;17;0;0;0;0;0;28;29;0;0;0;0;0;66;57;0;0;0;208
14;Västra Götalands län;63;Mark;9344;Örby dagcentral;0;24;0;0;0;35;0;0;39;0;0;0;49;0;0;105;0;0;0;252
14;Västra Götalands län;65;Svenljunga;6844;Furubergsgården;0;0;0;0;0;0;0;0;0;0;0;4;0;0;0;0;0;0;0;4
14;Västra Götalands län;65;Svenljunga;6845;Klockaregården;0;0;0;0;0;0;0;0;0;0;0;13;0;0;0;0;0;0;0;13
14;Västra Götalands län;65;Svenljunga;6846;Lysjölid;0;0;0;0;0;0;0;0;0;0;0;11;0;0;0;0;0;0;0;11
14;Västra Götalands län;65;Svenljunga;6847;Toftalyckan;0;0;0;0;0;0;0;0;0;0;0;11;0;0;0;0;0;0;0;11
14;Västra Götalands län;65;Svenljunga;6848;Östrabo;0;0;0;0;0;0;0;0;0;0;0;5;0;0;0;0;0;0;0;5
14;Västra Götalands län;65;Svenljunga;8195;Holsljunga Idrottshall;0;0;0;0;0;0;0;0;0;0;0;0;0;0;0;0;0;0;161;161
14;Västra Götalands län;65;Svenljunga;8196;Kalvs Bygdegård;0;0;0;0;0;0;0;0;0;0;0;0;0;0;0;0;0;0;128;128
14;Västra Götalands län;65;Svenljunga;8197;Håcksviks Bygdegård;0;0;0;0;0;0;0;0;0;0;0;0;0;0;0;0;0;0;134;134
14;Västra Götalands län;65;Svenljunga;8198;Mårdaklevs Skola;0;0;0;0;0;0;0;0;0;0;0;0;0;0;0;0;0;0;95;95
14;Västra Götalands län;65;Svenljunga;8898;Svenljunga huvudbibliotek;37;44;46;22;0;58;64;78;127;110;44;0;143;150;191;199;237;85;59;1694
14;Västra Götalands län;65;Svenljunga;8963;Hillareds biblioteksfilial;0;0;0;0;0;0;15;0;0;0;0;0;0;60;0;0;0;0;0;75
14;Västra Götalands län;65;Svenljunga;8968;Sexdrega biblioteksfilial;0;0;0;0;0;0;28;0;0;0;0;0;0;42;0;0;0;0;0;70
14;Västra Götalands län;65;Svenljunga;8969;Holsljunga biblioteksfilial;0;0;0;0;0;0;32;0;0;0;0;0;0;61;0;0;0;0;0;93
14;Västra Götalands län;65;Svenljunga;8971;Östra Frölunda biblioteksfilial;0;0;0;0;0;0;13;0;0;0;0;0;0;43;0;0;0;0;0;56
14;Västra Götalands län;65;Svenljunga;8974;Kalvs biblioteksfilial;0;0;0;0;0;0;10;0;0;0;0;0;0;38;0;0;0;0;0;48
14;Västra Götalands län;65;Svenljunga;8976;Mjöbäcks biblioteksfilial;0;0;0;0;0;37;0;0;0;0;0;0;65;0;0;0;0;0;0;102
14;Västra Götalands län;65;Svenljunga;8986;Överlida biblioteksfilial;0;0;0;0;0;0;0;39;0;0;0;0;0;0;86;0;0;0;0;125
14;Västra Götalands län;65;Svenljunga;8987;Mårdaklevs biblioteksfilial;0;0;0;0;0;0;0;17;0;0;0;0;0;0;36;0;0;0;0;53
14;Västra Götalands län;66;Herrljunga;10368;Kommunhuset Herrljunga;0;0;0;0;0;0;0;0;0;0;0;0;0;0;0;0;0;0;85;85
14;Västra Götalands län;66;Herrljunga;14116;Eggvena skola;0;0;0;0;0;0;0;0;0;0;16;0;0;0;0;0;0;0;201;217
14;Västra Götalands län;66;Herrljunga;14117;Källeryds kapell;0;0;0;0;0;0;0;0;0;0;15;0;0;0;0;0;0;0;41;56
14;Västra Götalands län;66;Herrljunga;14119;Od skola;0;0;0;0;0;0;0;0;0;0;47;0;0;0;0;0;0;0;131;178
14;Västra Götalands län;66;Herrljunga;14120;Molla skola;0;0;0;0;0;0;0;0;0;0;17;0;0;0;0;0;0;0;181;198
14;Västra Götalands län;66;Herrljunga;6849;Hagen;0;0;0;0;0;0;0;0;0;0;0;10;0;0;0;0;0;0;0;10
14;Västra Götalands län;66;Herrljunga;6850;Hemgården;0;0;0;0;0;0;0;0;0;0;0;5;0;0;0;0;0;0;0;5
14;Västra Götalands län;66;Herrljunga;6851;Gäsenegården;0;0;0;0;0;0;0;0;0;0;0;6;0;0;0;0;0;0;0;6
14;Västra Götalands län;66;Herrljunga;8678;Huvudbibliotek Herrljunga;50;77;76;13;0;55;69;107;90;93;58;0;171;159;146;149;201;108;0;1622
14;Västra Götalands län;66;Herrljunga;8679;Biblioteket Ljung;11;37;26;12;0;28;21;20;44;32;18;0;51;23;30;134;35;29;0;551
14;Västra Götalands län;70;Vara;12502;Biblioteket Tråvad;0;0;0;0;0;0;0;53;0;0;0;0;0;0;80;0;0;0;0;133
14;Västra Götalands län;70;Vara;12840;Jungs Bygdegård;0;0;0;0;0;0;0;0;39;0;0;0;0;0;0;84;0;0;0;123
14;Västra Götalands län;70;Vara;13994;Lagmansgymnasiet;0;0;0;0;0;0;0;0;0;0;0;0;0;0;0;0;0;0;0;0
14;Västra Götalands län;70;Vara;8775;Biblioteket Vara;72;96;101;27;0;110;124;117;120;139;68;0;248;249;285;286;390;142;0;2574
14;Västra Götalands län;70;Vara;8776;Stenkilsgården;0;0;0;0;0;31;0;0;0;0;0;0;44;0;0;0;0;0;0;75
14;Västra Götalands län;70;Vara;8777;Biblioteket Vedum;12;0;34;0;0;30;0;36;0;18;0;0;48;0;86;0;61;0;0;325
14;Västra Götalands län;70;Vara;8778;Biblioteket Kvänum;8;19;25;0;0;26;12;22;33;15;0;0;77;53;48;75;69;0;0;482
14;Västra Götalands län;70;Vara;9795;Kommunhuset;0;0;1;0;0;1;5;4;0;8;0;0;5;5;3;13;6;0;41;92
14;Västra Götalands län;71;Götene;10615;Tempo Lundsbrunn;4;6;6;3;0;6;8;9;17;15;18;16;29;40;33;37;33;22;15;317
14;Västra Götalands län;71;Götene;13885;Äldreboende Källby, Fridebogården;0;0;0;0;0;0;0;0;0;0;0;10;0;0;0;2;0;0;0;12
14;Västra Götalands län;71;Götene;13886;Kunskapscenter;0;0;0;0;0;0;0;0;0;0;0;0;0;0;0;24;0;0;0;24
14;Västra Götalands län;71;Götene;6858;Hällesäter;0;0;0;0;0;0;0;0;0;0;0;12;6;0;0;0;0;0;0;18
14;Västra Götalands län;71;Götene;6860;Götene Äldrecenter;0;0;0;0;0;0;0;0;0;0;0;21;0;0;18;0;0;0;0;39
14;Västra Götalands län;71;Götene;6861;Lundagården;0;0;0;0;0;0;0;0;0;0;0;14;0;4;0;0;0;0;0;18
14;Västra Götalands län;71;Götene;7996;Källby Gård;2;1;3;0;0;6;19;5;13;5;0;0;18;49;16;46;9;0;0;192
14;Västra Götalands län;71;Götene;8394;Holmestads Bygdegård;0;0;0;0;0;0;0;0;0;0;0;0;0;0;0;0;0;0;78;78
14;Västra Götalands län;71;Götene;8501;Österängs bygdegård;0;0;0;0;0;0;0;0;0;0;0;0;0;0;0;0;0;0;102;102
14;Västra Götalands län;71;Götene;8505;Hembygdsgården Husaby;0;0;0;0;0;0;0;0;0;0;0;0;0;0;0;0;0;0;80;80
14;Västra Götalands län;71;Götene;8512;Medborgarkontoret Götene kommun;63;56;55;20;19;89;91;100;120;87;31;25;146;219;207;217;242;131;33;1951
14;Västra Götalands län;71;Götene;8556;Coop Nära Hällekis;9;5;23;8;8;10;15;6;20;10;15;15;13;32;21;35;44;35;25;349
14;Västra Götalands län;72;Tibro;13024;Tibro Bibliotek;53;44;45;0;0;74;68;68;86;63;0;0;125;136;137;135;114;0;0;1148
14;Västra Götalands län;72;Tibro;13025;Kommunhuset;0;0;0;0;0;0;0;0;0;0;0;0;205;181;177;176;202;130;67;1138
14;Västra Götalands län;73;Töreboda;10144;Älgarås servicehus;3;1;4;0;0;5;4;2;6;6;0;0;9;4;4;6;13;0;0;67
14;Västra Götalands län;73;Töreboda;10145;Moholms skola;2;6;8;0;0;13;16;9;9;17;0;0;27;23;51;35;30;0;0;246
14;Västra Götalands län;73;Töreboda;13070;Rådhuset;44;64;66;0;0;82;94;130;100;147;0;0;155;164;215;270;275;77;48;1931
14;Västra Götalands län;73;Töreboda;6866;Bergmansgården;0;0;0;0;0;0;0;0;0;0;0;12;0;0;0;0;0;0;0;12
14;Västra Götalands län;73;Töreboda;6867;Krabbängsgården;0;0;0;0;0;0;0;0;0;0;0;12;0;0;0;0;0;0;0;12
14;Västra Götalands län;80;Göteborg;10262;Hisingens bibliotek;138;207;160;113;0;236;254;244;283;0;178;0;459;371;485;488;587;530;0;4733
14;Västra Götalands län;80;Göteborg;10351;Toftaåsens äldrecenter;0;0;0;0;0;0;0;0;0;0;0;50;0;0;0;0;0;0;0;50
14;Västra Götalands län;80;Göteborg;12482;Kåken Härlanda/Örgryte bibliotek;184;191;159;0;180;247;253;261;283;194;0;370;487;473;497;677;464;0;0;4920
14;Västra Götalands län;80;Göteborg;12544;Börsen;130;103;127;0;0;115;118;112;114;0;0;70;200;158;312;477;634;0;0;2670
14;Västra Götalands län;80;Göteborg;12803;Teckenspråksforum;0;0;0;0;0;0;0;0;0;0;0;0;0;0;0;18;0;0;0;18
14;Västra Götalands län;80;Göteborg;12807;Dalheimers hus;49;49;63;0;0;56;79;71;71;58;0;0;120;113;129;160;203;0;0;1221
14;Västra Götalands län;80;Göteborg;13351;Barkens Äldreboende;0;0;0;0;0;0;0;0;0;0;0;10;0;0;0;0;0;0;0;10
14;Västra Götalands län;80;Göteborg;13352;Sankt Jörgens Äldreboende;0;0;0;0;0;0;0;0;0;0;0;17;0;0;0;0;0;0;0;17
14;Västra Götalands län;80;Göteborg;13354;Geråshus Äldreboende;0;0;0;0;0;0;0;0;0;0;0;43;0;0;0;0;0;0;0;43
14;Västra Götalands län;80;Göteborg;13355;Lillhagsparken;0;0;0;0;0;0;0;0;0;0;0;30;0;0;0;0;0;0;0;30
14;Västra Götalands län;80;Göteborg;13356;Lillhagsparkens Äldreboende;0;0;0;0;0;0;0;0;0;0;0;0;0;0;0;0;0;0;0;0
14;Västra Götalands län;80;Göteborg;13838;Gårdsten Centrum;28;30;42;0;0;29;29;30;37;0;0;0;43;37;65;66;133;0;0;569
14;Västra Götalands län;80;Göteborg;14133;Gråbergets vård- och äldreboende;0;0;0;0;0;0;0;0;0;0;0;0;0;0;0;0;0;0;34;34
14;Västra Götalands län;80;Göteborg;14134;Kastanjebackens äldreboende;0;0;0;0;0;0;0;0;0;0;0;0;0;0;0;0;0;0;5;5
14;Västra Götalands län;80;Göteborg;14135;Kärrahus;0;0;0;0;0;0;0;0;0;0;0;0;0;0;0;0;0;0;0;0
14;Västra Götalands län;80;Göteborg;14136;Hammarhus;0;0;0;0;0;0;0;0;0;0;0;0;0;0;0;0;0;0;24;24
14;Västra Götalands län;80;Göteborg;14137;Vegahusen 55;0;0;0;0;0;0;0;0;0;0;0;0;0;0;0;0;0;0;23;23
14;Västra Götalands län;80;Göteborg;14138;Bagaregårdens äldreboende;0;0;0;0;0;0;0;0;0;0;0;0;0;0;0;0;0;0;23;23
14;Västra Götalands län;80;Göteborg;14139;Svartedalens äldrecentrum;0;0;0;0;0;0;0;0;0;0;0;0;0;0;0;0;0;0;36;36
14;Västra Götalands län;80;Göteborg;14140;Landalahus äldreboende;0;0;0;0;0;0;0;0;0;0;0;0;0;0;0;0;0;0;34;34
14;Västra Götalands län;80;Göteborg;14141;Högsbotorpshemmet;0;0;0;0;0;0;0;0;0;0;0;0;0;0;0;0;0;0;26;26
14;Västra Götalands län;80;Göteborg;14142;Glöstorpshöjden;0;0;0;0;0;0;0;0;0;0;0;0;0;0;0;0;0;0;6;6
14;Västra Götalands län;80;Göteborg;14143;Kallebäcks äldreboende;0;0;0;0;0;0;0;0;0;0;0;0;0;0;0;0;0;0;18;18
14;Västra Götalands län;80;Göteborg;14144;Morängatans äldreboende;0;0;0;0;0;0;0;0;0;0;0;0;0;0;0;0;0;0;8;8
14;Västra Götalands län;80;Göteborg;14145;Äldreboendet Götaholm;0;0;0;0;0;0;0;0;0;0;0;17;0;0;0;0;0;0;0;17
14;Västra Götalands län;80;Göteborg;6868;Altplatsens äldreboende;0;0;0;0;0;0;0;0;0;0;0;42;0;0;0;0;0;0;0;42
14;Västra Götalands län;80;Göteborg;6869;Annedals äldreboende;0;0;0;0;0;0;0;0;0;0;0;36;0;0;0;0;0;0;0;36
14;Västra Götalands län;80;Göteborg;6870;Backadalens äldreboende;0;0;0;0;0;0;0;0;0;0;0;27;0;0;0;0;0;0;0;27
14;Västra Götalands län;80;Göteborg;6871;Backahus;0;0;0;0;0;0;0;0;0;0;0;22;0;0;0;0;0;0;0;22
14;Västra Götalands län;80;Göteborg;6873;Bergsjöhöjds boende;0;0;0;0;0;0;0;0;0;0;0;58;0;0;0;0;0;0;0;58
14;Västra Götalands län;80;Göteborg;6874;Bjurslätts äldreboende;0;0;0;0;0;0;0;0;0;0;0;12;0;0;0;0;0;0;0;12
14;Västra Götalands län;80;Göteborg;6875;Bjöla äldreboende;0;0;0;0;0;0;0;0;0;0;0;20;0;0;0;0;0;0;0;20
14;Västra Götalands län;80;Göteborg;6876;Björkekärrs hus;0;0;0;0;0;0;0;0;0;0;0;42;0;0;0;0;0;0;0;42
14;Västra Götalands län;80;Göteborg;6877;Björkåshemmet;0;0;0;0;0;0;0;0;0;0;0;23;0;0;0;0;0;0;0;23
14;Västra Götalands län;80;Göteborg;6878;Bräcke Västergård;0;0;0;0;0;0;0;0;0;0;0;32;0;0;0;0;0;0;0;32
14;Västra Götalands län;80;Göteborg;6879;Dicksons hus;0;0;0;0;0;0;0;0;0;0;0;60;0;0;0;0;0;0;0;60
14;Västra Götalands län;80;Göteborg;6881;Ekparkens äldreboende;0;0;0;0;0;0;0;0;0;0;0;19;0;0;0;0;0;0;0;19
14;Västra Götalands län;80;Göteborg;6882;Fiskebäcks äldreboende/Capio;0;0;0;0;0;0;0;0;0;0;0;30;0;0;0;0;0;0;0;30
14;Västra Götalands län;80;Göteborg;6883;Fjällyckan/Utbyberg;0;0;0;0;0;0;0;0;0;0;0;110;0;0;0;0;0;0;0;110
14;Västra Götalands län;80;Göteborg;6884;Flatås gård;0;0;0;0;0;0;0;0;0;0;0;6;0;0;0;0;0;0;0;6
14;Västra Götalands län;80;Göteborg;6885;Fogdegårdens äldreboende;0;0;0;0;0;0;0;0;0;0;0;31;0;0;0;0;0;0;0;31
14;Västra Götalands län;80;Göteborg;6886;Fridkulla äldreboende;0;0;0;0;0;0;0;0;0;0;0;26;0;0;0;0;0;0;0;26
14;Västra Götalands län;80;Göteborg;6887;Fyrväpplingens äldreboende;0;0;0;0;0;0;0;0;0;0;0;28;0;0;0;0;0;0;0;28
14;Västra Götalands län;80;Göteborg;6888;Gerdas Gård;0;0;0;0;0;0;0;0;0;0;0;27;0;0;0;0;0;0;0;27
14;Västra Götalands län;80;Göteborg;6891;Granlidens äldreboende;0;0;0;0;0;0;0;0;0;0;0;19;0;0;0;0;0;0;0;19
14;Västra Götalands län;80;Göteborg;6892;Grevegårdens äldreboende;0;0;0;0;0;0;0;0;0;0;0;26;0;0;0;0;0;0;0;26
14;Västra Götalands län;80;Göteborg;6894;Gunnareds äldreboende;0;0;0;0;0;0;0;0;0;0;0;10;0;0;0;0;0;0;0;10
14;Västra Götalands län;80;Göteborg;6896;Häktet Polishuset;0;0;0;0;0;0;0;0;0;0;0;53;0;0;0;0;0;0;0;53
14;Västra Götalands län;80;Göteborg;6897;Högsbo sjukhus/SU Geriatrik;0;0;0;0;0;0;0;0;0;0;0;28;0;0;0;0;0;0;0;28
14;Västra Götalands län;80;Göteborg;6899;KVA Högsbo;0;0;0;0;0;0;0;0;0;0;0;60;0;0;0;0;0;0;0;60
14;Västra Götalands län;80;Göteborg;6900;KVA Skogome;0;0;0;0;0;0;0;0;0;0;0;73;0;0;0;0;0;0;0;73
14;Västra Götalands län;80;Göteborg;6903;Kaverös Äng;0;0;0;0;0;0;0;0;0;0;0;37;0;0;0;0;0;0;0;37
14;Västra Götalands län;80;Göteborg;6904;Krokslätts äldreboende/Örgrytehemmet;0;0;0;0;0;0;0;0;0;0;0;76;0;0;0;0;0;0;0;76
14;Västra Götalands län;80;Göteborg;6905;Kvibergs äldreboende;0;0;0;0;0;0;0;0;0;0;0;31;0;0;0;0;0;0;0;31
14;Västra Götalands län;80;Göteborg;6906;Kyrkbyhemmet;0;0;0;0;0;0;0;0;0;0;0;36;0;0;0;0;0;0;0;36
14;Västra Götalands län;80;Göteborg;6908;Kålltorps äldreboende;0;0;0;0;0;0;0;0;0;0;0;37;0;0;0;0;0;0;0;37
14;Västra Götalands län;80;Göteborg;6910;Lillekärrs äldreboende;0;0;0;0;0;0;0;0;0;0;0;18;0;0;0;0;0;0;0;18
14;Västra Götalands län;80;Göteborg;6911;Lotsens äldreboende, Attendo Care;0;0;0;0;0;0;0;0;0;0;0;11;0;0;0;0;0;0;0;11
14;Västra Götalands län;80;Göteborg;6912;Lövgärdets äldreboende;0;0;0;0;0;0;0;0;0;0;0;23;0;0;0;0;0;0;0;23
14;Västra Götalands län;80;Göteborg;6913;Majstångshemmet  äldreboende;0;0;0;0;0;0;0;0;0;0;0;9;0;0;0;0;0;0;0;9
14;Västra Götalands län;80;Göteborg;6915;Nya Varvets äldreboende;0;0;0;0;0;0;0;0;0;0;0;17;0;0;0;0;0;0;0;17
14;Västra Götalands län;80;Göteborg;6916;Rättspsyk. avd  Gbg  (RMV);0;0;0;0;0;0;0;0;0;0;0;8;0;0;0;0;0;0;0;8
14;Västra Götalands län;80;Göteborg;6918;Rättspsykiatrin avd 921;0;0;0;0;0;0;0;0;0;0;0;17;0;0;0;0;0;0;0;17
14;Västra Götalands län;80;Göteborg;6922;Sekelbo äldreboende;0;0;0;0;0;0;0;0;0;0;0;15;0;0;0;0;0;0;0;15
14;Västra Götalands län;80;Göteborg;6924;Äldreboendet Solängsvägen 55/57;0;0;0;0;0;0;0;0;0;0;0;50;0;0;0;0;0;0;0;50
14;Västra Götalands län;80;Göteborg;6925;Solängen;0;0;0;0;0;0;0;0;0;0;0;14;0;0;0;0;0;0;0;14
14;Västra Götalands län;80;Göteborg;6926;Stiftelsen Neuberghska ålderdomshemm;0;0;0;0;0;0;0;0;0;0;0;19;0;0;0;0;0;0;0;19
14;Västra Götalands län;80;Göteborg;6927;Otium, stiftelsen;0;0;0;0;0;0;0;0;0;0;0;24;0;0;0;0;0;0;0;24
14;Västra Götalands län;80;Göteborg;6928;Styrsöhemmet;0;0;0;0;0;0;0;0;0;0;0;10;0;0;0;0;0;0;0;10
14;Västra Götalands län;80;Göteborg;6929;Svaleboskogens  äldreboende;0;0;0;0;0;0;0;0;0;0;0;51;0;0;0;0;0;0;0;51
14;Västra Götalands län;80;Göteborg;6932;Uggledals äldreboende;0;0;0;0;0;0;0;0;0;0;0;28;0;0;0;0;0;0;0;28
14;Västra Götalands län;80;Göteborg;6933;Vasahemmet;0;0;0;0;0;0;0;0;0;0;0;27;0;0;0;0;0;0;0;27
14;Västra Götalands län;80;Göteborg;6937;Kostern äldreboende;0;0;0;0;0;0;0;0;0;0;0;10;0;0;0;0;0;0;0;10
14;Västra Götalands län;80;Göteborg;6939;Åkerhus äldreboende;0;0;0;0;0;0;0;0;0;0;0;52;0;0;0;0;0;0;0;52
14;Västra Götalands län;80;Göteborg;6940;Änggårdsbackens äldreboende tre stif;0;0;0;0;0;0;0;0;0;0;0;66;0;0;0;0;0;0;0;66
14;Västra Götalands län;80;Göteborg;8296;Tuve bibliotek;76;106;104;0;0;164;109;78;184;0;0;0;256;246;145;315;165;0;0;1948
14;Västra Götalands län;80;Göteborg;8323;Bokbussarna;0;0;0;0;0;0;0;0;0;0;0;0;0;0;0;0;0;0;0;0
14;Västra Götalands län;80;Göteborg;8324;Kyrkbyns bibliotek;69;109;0;0;0;140;77;97;131;0;0;0;257;113;134;113;0;0;0;1240
14;Västra Götalands län;80;Göteborg;8325;Biskopsgårdens bibliotek;89;152;117;75;0;163;129;127;214;0;99;0;306;253;316;336;327;308;0;3011
14;Västra Götalands län;80;Göteborg;8327;Backa bibliotek;217;220;165;0;0;205;196;255;214;0;0;0;399;282;418;431;409;0;0;3411
14;Västra Götalands län;80;Göteborg;8328;Älvstrandens bibliotek;46;53;37;0;0;66;86;52;64;0;0;0;119;110;112;110;199;0;0;1054
14;Västra Götalands län;80;Göteborg;8329;Torslanda bibliotek;107;150;98;85;0;176;144;136;204;0;175;0;248;324;210;461;250;465;0;3233
14;Västra Götalands län;80;Göteborg;8330;Kulturhuset Vingen;47;58;63;0;0;65;77;73;81;0;0;0;140;107;121;137;215;0;0;1184
14;Västra Götalands län;80;Göteborg;8332;Kärra bibliotek;87;121;90;0;0;156;137;97;161;0;0;0;231;251;135;334;213;0;0;2013
14;Västra Götalands län;80;Göteborg;8338;Blå Stället;123;138;121;75;0;210;159;125;199;0;119;0;326;250;330;359;468;0;0;3002
14;Västra Götalands län;80;Göteborg;8339;Hammarkullens bibliotek;28;59;36;0;0;59;46;52;77;0;0;0;104;101;119;164;196;0;0;1041
14;Västra Götalands län;80;Göteborg;8340;Hjällbo bibliotek;47;39;56;0;0;99;62;58;55;0;0;0;149;106;151;94;176;0;0;1092
14;Västra Götalands län;80;Göteborg;8341;Bergsjöns bibliotek;35;42;42;0;0;45;64;62;43;58;0;0;151;106;136;163;199;0;0;1146
14;Västra Götalands län;80;Göteborg;8342;Kortedala bibliotek;143;148;103;0;0;175;141;166;160;107;99;0;287;255;327;288;222;410;0;3031
14;Västra Götalands län;80;Göteborg;8343;Gamlestadens bibliotek;42;83;66;38;0;79;87;64;93;85;64;0;167;187;141;245;205;206;0;1852
14;Västra Götalands län;80;Göteborg;8349;Stadsbiblioteket;505;510;458;374;377;592;605;619;652;516;648;767;1168;1066;1417;1759;1864;1512;0;15409
14;Västra Götalands län;80;Göteborg;8350;Nordstan;1157;1223;1380;1289;1107;1481;1610;1497;1680;1886;1874;1784;2604;2732;3037;3431;3754;3377;3385;40288
14;Västra Götalands län;80;Göteborg;8351;Linnéstadens bibliotek;130;232;187;0;0;294;212;199;261;223;238;0;541;310;422;770;695;530;0;5244
14;Västra Götalands län;80;Göteborg;8352;Guldhedens bibliotek;72;101;96;58;0;111;100;79;104;72;92;0;205;192;138;294;213;279;0;2206
14;Västra Götalands län;80;Göteborg;8355;Styrsö bibliotek;14;23;20;0;0;0;65;0;0;0;0;0;0;0;0;294;0;0;0;416
14;Västra Götalands län;80;Göteborg;8357;Majornas bibliotek;160;240;155;201;0;241;202;219;186;155;168;0;424;398;445;459;500;432;0;4585
14;Västra Götalands län;80;Göteborg;8358;Högsbo bibliotek;120;158;135;69;0;237;199;178;212;144;141;0;322;274;348;433;369;314;0;3653
14;Västra Götalands län;80;Göteborg;8359;Frölunda bibliotek;251;393;421;280;286;526;552;513;508;493;483;582;926;848;901;1005;1065;1074;0;11107
14;Västra Götalands län;80;Göteborg;8360;Askims bibliotek;193;148;200;0;0;291;202;179;233;251;0;0;487;340;392;385;384;0;0;3685
14;Västra Götalands län;80;Göteborg;8362;Älvsborg stadsdelskontor;42;78;82;0;0;91;89;102;118;133;0;0;189;171;169;196;244;0;0;1704
14;Västra Götalands län;80;Göteborg;8554;Asperö skola;0;0;0;0;0;0;0;0;0;0;0;0;0;0;0;0;0;0;0;0
14;Västra Götalands län;80;Göteborg;8555;Vrångö skola, Vrångöhuset;0;0;0;0;0;0;0;0;0;0;0;0;0;0;0;0;0;0;0;0
14;Västra Götalands län;80;Göteborg;8991;Östra Sjukhuset;31;61;57;31;52;80;72;88;89;0;53;0;125;154;200;221;286;235;0;1835
14;Västra Götalands län;80;Göteborg;8997;Sahlgrenska sjukhuset;58;88;136;29;26;120;134;125;126;142;42;60;260;239;342;351;454;195;0;2927
14;Västra Götalands län;80;Göteborg;9640;Medborgarservice Tynnered;32;64;50;0;0;87;69;68;86;77;0;0;106;120;105;141;114;0;0;1119
14;Västra Götalands län;81;Mölndal;13696;Fagareds ungdomshem;0;0;0;0;0;0;0;0;0;0;0;6;0;0;0;0;0;0;0;6
14;Västra Götalands län;81;Mölndal;13699;Balltorps bibliotek;14;12;0;0;0;0;24;5;22;0;0;0;0;68;10;41;0;0;0;196
14;Västra Götalands län;81;Mölndal;6941;Berzelius äldreboende;0;0;0;0;0;0;0;0;0;0;0;40;0;0;0;0;0;0;0;40
14;Västra Götalands län;81;Mölndal;6942;Lackarebäcks äldreboende;0;0;0;0;0;0;0;0;0;0;0;29;0;0;0;0;0;0;0;29
14;Västra Götalands län;81;Mölndal;6945;Kriminalvårdsanstalten;0;0;0;0;0;0;0;0;0;0;0;23;0;0;0;0;0;0;0;23
14;Västra Götalands län;81;Mölndal;6947;Fässbergs äldreboende;0;0;0;0;0;0;0;0;0;0;0;21;0;0;0;0;0;0;0;21
14;Västra Götalands län;81;Mölndal;6948;Brogårdens äldreboende;0;0;0;0;0;0;0;0;0;0;0;34;0;0;0;0;0;0;0;34
14;Västra Götalands län;81;Mölndal;9388;Huvudbiblioteket;244;218;260;123;0;367;337;354;379;319;219;0;746;573;689;766;836;440;339;7209
14;Västra Götalands län;81;Mölndal;9389;Kållereds bibliotek;58;71;56;45;0;102;96;115;104;67;71;0;183;183;210;191;107;171;0;1830
14;Västra Götalands län;81;Mölndal;9390;Lindome bibliotek;56;87;71;54;0;137;89;120;110;92;127;0;237;246;254;301;207;214;0;2402
14;Västra Götalands län;81;Mölndal;9850;Krokslättsgymnasiet;0;0;0;0;0;0;0;0;23;0;0;0;0;0;0;0;0;0;0;23
14;Västra Götalands län;81;Mölndal;9851;Fässbergsgymnasiet;0;0;0;0;0;0;0;0;13;0;0;0;0;0;0;0;0;0;0;13
14;Västra Götalands län;82;Kungälv;14121;Bokbuss i Kode;23;0;0;0;0;0;0;37;0;0;0;0;0;0;64;0;0;0;0;124
14;Västra Götalands län;82;Kungälv;8900;Kungälvs Stadsbibliotek;107;157;163;114;0;248;242;262;258;309;267;0;466;516;561;590;661;488;0;5409
14;Västra Götalands län;82;Kungälv;8902;Kärna Bibliotek;27;28;0;0;0;51;0;27;62;0;0;0;105;0;63;104;0;0;0;467
14;Västra Götalands län;82;Kungälv;8903;Marstrands Bibliotek;0;33;0;0;0;0;37;0;44;0;0;0;0;75;0;54;0;0;0;243
14;Västra Götalands län;82;Kungälv;8904;Diseröds Bibliotek;11;23;0;0;0;24;0;6;41;0;0;0;59;0;12;49;0;0;0;225
14;Västra Götalands län;82;Kungälv;8905;Ytterby Bibliotek;45;38;19;0;0;38;16;68;51;45;0;0;57;58;174;66;66;0;0;741
14;Västra Götalands län;82;Kungälv;9078;Nämndhuset;73;87;77;0;0;138;108;105;92;107;0;0;192;128;163;168;167;144;175;1924
14;Västra Götalands län;84;Lysekil;8810;Kommunhuset   -  Lysekil;63;75;109;0;0;146;146;162;162;205;0;0;250;239;221;262;324;154;69;2587
14;Västra Götalands län;84;Lysekil;8820;Folkets Hus - Brastad;50;41;36;0;0;43;64;59;60;62;0;0;92;161;124;140;148;0;0;1080
14;Västra Götalands län;84;Lysekil;8822;Församlingshemmet  -  Skaftö;18;14;14;0;0;27;26;26;43;40;0;0;52;65;61;69;61;0;0;516
14;Västra Götalands län;85;Uddevalla;9861;Medborgarkontoret;137;105;138;0;0;251;172;145;149;200;0;0;392;288;303;329;479;0;0;3088
14;Västra Götalands län;85;Uddevalla;9862;Bohusläns museum;106;125;105;68;0;0;187;126;142;100;137;0;0;292;286;309;252;244;0;2479
14;Västra Götalands län;85;Uddevalla;9866;Dalabergs bibliotek;77;65;71;0;0;88;89;103;99;69;0;0;159;141;176;190;169;0;0;1496
14;Västra Götalands län;85;Uddevalla;9871;Ljungskile bibliotek;40;46;28;32;0;45;37;53;54;75;65;0;118;119;126;137;104;145;9;1233
14;Västra Götalands län;85;Uddevalla;9884;Torp köpcentrum;108;143;168;66;0;165;178;197;210;291;195;0;368;459;481;507;700;322;0;4558
14;Västra Götalands län;85;Uddevalla;9933;Äsperödsskolan;0;0;0;0;0;0;0;0;0;0;0;0;0;0;0;0;0;0;2;2
14;Västra Götalands län;85;Uddevalla;9936;Östraboskolan;0;0;0;0;0;0;0;0;0;0;0;0;0;0;0;0;0;0;7;7
14;Västra Götalands län;85;Uddevalla;9937;Vuxenutbildningen;0;0;0;0;0;0;0;0;0;0;0;0;0;0;0;0;0;0;7;7
14;Västra Götalands län;85;Uddevalla;9938;Linkärvens dagcenter;0;0;0;0;0;0;0;0;0;0;0;0;0;0;0;0;0;0;4;4
14;Västra Götalands län;85;Uddevalla;9939;Agnebergshallen;0;0;0;0;0;0;0;0;0;0;0;0;0;0;0;0;0;0;9;9
14;Västra Götalands län;85;Uddevalla;9940;Ryttarens servicehus;0;0;0;0;0;0;0;0;0;0;0;0;0;0;0;0;0;0;17;17
14;Västra Götalands län;85;Uddevalla;9942;Sommarhemsskolan;0;0;0;0;0;0;0;0;0;0;0;0;0;0;0;0;0;0;5;5
14;Västra Götalands län;85;Uddevalla;9943;Ardmore Dagcenter;0;0;0;0;0;0;0;0;0;0;0;0;0;0;0;0;0;0;7;7
14;Västra Götalands län;85;Uddevalla;9944;Unnerödsskolan;0;0;0;0;0;0;0;0;0;0;0;0;0;0;0;0;0;0;1;1
14;Västra Götalands län;85;Uddevalla;9946;Skogslyckehemmet;0;0;0;0;0;0;0;0;0;0;0;0;0;0;0;0;0;0;6;6
14;Västra Götalands län;85;Uddevalla;9948;Ramnerödsskolan;0;0;0;0;0;0;0;0;0;0;0;0;0;0;0;0;0;0;3;3
14;Västra Götalands län;85;Uddevalla;9950;Jacobsbergs förskola;0;0;0;0;0;0;0;0;0;0;0;0;0;0;0;0;0;0;16;16
14;Västra Götalands län;85;Uddevalla;9951;Killingens förskola;0;0;0;0;0;0;0;0;0;0;0;0;0;0;0;0;0;0;0;0
14;Västra Götalands län;85;Uddevalla;9952;Dalabergs centrumhus;0;0;0;0;0;0;0;0;0;0;0;0;0;0;0;0;0;0;0;0
14;Västra Götalands län;85;Uddevalla;9957;Hovhults servicebostäder;0;0;0;0;0;0;0;0;0;0;0;0;0;0;0;0;0;0;11;11
14;Västra Götalands län;85;Uddevalla;9959;Fasseröds förskola;0;0;0;0;0;0;0;0;0;0;0;0;0;0;0;0;0;0;1;1
14;Västra Götalands län;85;Uddevalla;9960;Hovhultsskolan;0;0;0;0;0;0;0;0;0;0;0;0;0;0;0;0;0;0;1;1
14;Västra Götalands län;85;Uddevalla;9961;Helenedals förskola;0;0;0;0;0;0;0;0;0;0;0;0;0;0;0;0;0;0;5;5
14;Västra Götalands län;85;Uddevalla;9962;Stadshuset;0;0;0;0;0;0;0;0;0;0;0;0;0;0;0;0;0;0;45;45
14;Västra Götalands län;85;Uddevalla;9963;Forshälla församlingshem;0;0;0;0;0;0;0;0;0;0;0;0;0;0;0;0;0;0;3;3
14;Västra Götalands län;85;Uddevalla;9965;Stenshults IF klubbhus;0;0;0;0;0;0;0;0;0;0;0;0;0;0;0;0;0;0;2;2
14;Västra Götalands län;85;Uddevalla;9970;Ljungskileskolan;0;0;0;0;0;0;0;0;0;0;0;0;0;0;0;0;0;0;8;8
14;Västra Götalands län;85;Uddevalla;9971;Ljungskilegården;0;0;0;0;0;0;0;0;0;0;0;0;0;0;0;0;0;0;3;3
14;Västra Götalands län;85;Uddevalla;9974;Ljungs församlingshem;0;0;0;0;0;0;0;0;0;0;0;0;0;0;0;0;0;0;1;1
14;Västra Götalands län;85;Uddevalla;9975;Bokenäs församlingshem;0;0;0;0;0;0;0;0;0;0;0;0;0;0;0;0;0;0;6;6
14;Västra Götalands län;85;Uddevalla;9976;Herrestads församlingshem;0;0;0;0;0;0;0;0;0;0;0;0;0;0;0;0;0;0;4;4
14;Västra Götalands län;85;Uddevalla;9978;Herrestadsskolan;0;0;0;0;0;0;0;0;0;0;0;0;0;0;0;0;0;0;2;2
14;Västra Götalands län;85;Uddevalla;9980;Källdals förskola;0;0;0;0;0;0;0;0;0;0;0;0;0;0;0;0;0;0;2;2
14;Västra Götalands län;85;Uddevalla;9982;Hogstorps skola;0;0;0;0;0;0;0;0;0;0;0;0;0;0;0;0;0;0;0;0
14;Västra Götalands län;85;Uddevalla;9983;Jaktstugan Rotviksbro;0;0;0;0;0;0;0;0;0;0;0;0;0;0;0;0;0;0;0;0
14;Västra Götalands län;85;Uddevalla;9984;Skredsviks församlingshem;0;0;0;0;0;0;0;0;0;0;0;0;0;0;0;0;0;0;0;0
14;Västra Götalands län;85;Uddevalla;9987;Lane-Ryrs Skola;0;0;0;0;0;0;0;0;0;0;0;0;0;0;0;0;0;0;4;4
14;Västra Götalands län;86;Strömstad;13861;Strömstads Museum;95;115;146;75;50;154;156;174;149;191;118;121;202;262;275;363;361;220;89;3316
14;Västra Götalands län;86;Strömstad;13862;Strömstad Gymnasium;0;0;0;0;0;0;0;34;0;0;0;0;0;39;42;0;0;0;0;115
14;Västra Götalands län;87;Vänersborg;11704;Vänersborgs bibliotek;236;284;284;109;0;340;291;309;332;355;234;0;591;506;597;572;868;382;0;6290
14;Västra Götalands län;87;Vänersborg;11723;Biblioteket, Frändefors;0;20;0;0;0;33;0;0;16;0;0;0;84;0;0;27;0;0;0;180
14;Västra Götalands län;87;Vänersborg;6963;Kriminalvårdsanstalten Östragård;0;0;0;0;0;0;0;0;0;19;0;0;0;0;0;0;0;0;0;19
14;Västra Götalands län;87;Vänersborg;6964;RPV Restad Gård;0;0;0;0;0;0;0;0;0;12;0;0;0;0;0;0;0;0;0;12
14;Västra Götalands län;87;Vänersborg;6965;Kriminalvårdsanstalten Brinkeberg;0;0;0;0;0;0;0;0;0;44;0;0;0;0;0;0;0;0;0;44
14;Västra Götalands län;87;Vänersborg;9282;Kommunhuset;0;0;0;0;0;0;0;0;0;0;0;0;0;0;0;0;0;0;116;116
14;Västra Götalands län;87;Vänersborg;9287;Biblioteket Brålanda;0;39;0;0;0;0;91;0;95;0;0;0;0;164;0;125;0;0;0;514
14;Västra Götalands län;87;Vänersborg;9290;Biblioteket Vargön;47;116;0;0;0;0;114;51;130;0;0;0;0;317;75;254;0;0;0;1104
14;Västra Götalands län;88;Trollhättan;10795;ICA MAXI ÖVERBY;0;0;0;0;0;68;55;74;95;172;89;0;163;185;177;216;249;207;0;1750
14;Västra Götalands län;88;Trollhättan;13813;Kronans bibliotek;23;66;47;0;0;50;49;60;63;79;0;0;110;97;101;127;204;0;0;1076
14;Västra Götalands län;88;Trollhättan;13836;Mobil röstningslokal;0;0;0;0;0;0;0;10;78;13;0;0;16;17;17;139;29;0;0;319
14;Västra Götalands län;88;Trollhättan;6966;Stavregården;0;0;0;0;0;0;0;0;0;0;0;0;0;0;34;0;0;0;0;34
14;Västra Götalands län;88;Trollhättan;6967;Källstorpsgården;0;0;0;0;0;0;0;0;0;0;0;0;0;0;0;54;0;0;0;54
14;Västra Götalands län;88;Trollhättan;6969;Nordängen;0;0;0;0;0;0;0;0;0;0;0;0;0;0;0;22;0;0;0;22
14;Västra Götalands län;88;Trollhättan;6970;Humlegården;0;0;0;0;0;0;0;0;0;0;0;0;0;0;20;0;0;0;0;20
14;Västra Götalands län;88;Trollhättan;6971;Landbogården;0;0;0;0;0;0;0;0;0;0;0;0;0;0;0;10;0;0;0;10
14;Västra Götalands län;88;Trollhättan;6973;Tallbacken;0;0;0;0;0;0;0;0;0;0;0;0;0;0;0;15;0;0;0;15
14;Västra Götalands län;88;Trollhättan;6974;Blåvingen;0;0;0;0;0;0;0;0;0;0;0;0;0;0;25;0;0;0;0;25
14;Västra Götalands län;88;Trollhättan;6975;Granngården, dagverksamheten;0;0;0;0;0;0;0;0;0;0;0;0;0;0;8;0;0;0;0;8
14;Västra Götalands län;88;Trollhättan;7949;NU-biblioteket, NÄL;9;28;21;0;0;20;18;23;19;30;0;0;35;45;39;58;91;0;0;436
14;Västra Götalands län;88;Trollhättan;7952;ICA Jätten, Stavre;0;0;0;0;0;147;165;156;191;204;162;0;350;315;386;448;456;407;0;3387
14;Västra Götalands län;88;Trollhättan;7953;Stadshuset;53;58;34;0;0;48;52;83;44;42;0;0;100;81;85;113;141;0;109;1043
14;Västra Götalands län;88;Trollhättan;7954;Stadsbiblioteket;180;201;186;84;0;229;250;188;191;179;199;0;357;312;394;425;523;375;0;4273
14;Västra Götalands län;88;Trollhättan;7955;Syltebiblioteket;26;65;61;0;0;158;109;95;59;67;0;0;188;136;139;72;116;0;0;1291
14;Västra Götalands län;89;Alingsås;14088;Tuvegården;0;0;0;0;0;0;0;0;0;0;0;40;0;0;0;0;0;0;0;40
14;Västra Götalands län;89;Alingsås;14094;Alströmergymnasium;0;0;0;0;0;0;0;0;0;0;0;0;0;0;0;5;14;0;0;19
14;Västra Götalands län;89;Alingsås;14095;Farkosten utbildningens hus;0;0;0;0;0;0;0;0;0;0;0;0;0;0;8;0;0;0;0;8
14;Västra Götalands län;89;Alingsås;6977;Hagagården;0;0;0;0;0;0;0;0;0;0;0;32;0;0;0;0;0;0;0;32
14;Västra Götalands län;89;Alingsås;6979;Ängabogården;0;0;0;0;0;0;0;0;0;0;0;28;0;0;0;0;0;0;0;28
14;Västra Götalands län;89;Alingsås;6980;Hemsjögården;0;0;0;0;0;0;0;0;0;0;0;17;0;0;0;0;0;0;0;17
14;Västra Götalands län;89;Alingsås;6982;Mellbygårdens vård- och gruppboende;0;0;0;0;0;0;0;0;0;0;0;28;0;0;0;0;0;0;0;28
14;Västra Götalands län;89;Alingsås;6983;Brunnsgården;0;0;0;0;0;0;0;0;0;0;0;27;0;0;0;0;0;0;0;27
14;Västra Götalands län;89;Alingsås;6984;Bjärkegården;0;0;0;0;0;0;0;0;0;0;0;18;0;0;0;0;0;0;0;18
14;Västra Götalands län;89;Alingsås;9694;Mjörnviksholms sjukhem;0;0;0;0;0;0;0;0;0;0;0;12;0;0;0;0;0;0;0;12
14;Västra Götalands län;89;Alingsås;9695;Alingsås kulturhus biblioteket;264;236;274;122;0;368;305;336;324;383;271;0;650;660;720;754;829;469;96;7061
14;Västra Götalands län;89;Alingsås;9698;Ingareds bibliotek;20;18;14;0;0;33;7;39;19;14;0;0;61;50;109;39;34;28;0;485
14;Västra Götalands län;89;Alingsås;9699;Sollebrunns bibliotek, Växthuset;24;37;35;0;0;35;31;25;65;33;0;0;107;94;126;129;132;58;0;931
14;Västra Götalands län;90;Borås;13490;Skogslid;0;0;0;0;0;0;0;0;0;0;0;28;0;0;0;0;0;0;0;28
14;Västra Götalands län;90;Borås;13492;Fagersro;0;0;0;0;0;0;0;0;0;0;0;27;0;0;0;0;0;0;0;27
14;Västra Götalands län;90;Borås;13493;Svärdfästet;0;0;0;0;0;0;0;0;0;0;0;30;0;0;0;0;0;0;0;30
14;Västra Götalands län;90;Borås;13697;Bodaklint;0;0;0;0;0;0;0;0;0;0;0;23;0;0;0;0;0;0;0;23
14;Västra Götalands län;90;Borås;13698;Knallerian Knalleland;63;111;122;134;180;95;138;167;150;179;206;334;287;286;400;448;655;738;0;4693
14;Västra Götalands län;90;Borås;13730;Kapplandsgatan 8;0;0;0;0;0;0;0;0;0;0;0;14;0;0;0;0;0;0;0;14
14;Västra Götalands län;90;Borås;6990;Dalhem;0;0;0;0;0;0;0;0;0;0;0;55;0;0;0;0;0;0;0;55
14;Västra Götalands län;90;Borås;6992;Sanderöd;0;0;0;0;0;0;0;0;0;0;0;29;0;0;0;0;0;0;0;29
14;Västra Götalands län;90;Borås;6994;Agamemnon;0;0;0;0;0;0;0;0;0;0;0;21;0;0;0;0;0;0;0;21
14;Västra Götalands län;90;Borås;6996;Häktet Polishuset;0;0;0;0;0;0;0;0;0;0;0;14;0;0;0;0;0;0;0;14
14;Västra Götalands län;90;Borås;6997;Kriminalvårdsanstalten;0;0;0;0;0;0;0;0;0;0;0;56;0;0;0;0;0;0;0;56
14;Västra Götalands län;90;Borås;6998;Hulta Seniorboende;0;0;0;0;0;0;0;0;0;0;0;37;0;0;0;0;0;0;0;37
14;Västra Götalands län;90;Borås;8703;Dalsjöfors kommundelskontor;30;36;40;0;0;57;40;43;59;101;0;0;88;96;120;119;184;0;0;1013
14;Västra Götalands län;90;Borås;8710;Sjöbo Bibliotek;34;78;102;0;0;113;72;53;65;66;0;0;120;94;108;105;149;0;0;1159
14;Västra Götalands län;90;Borås;8711;Göta  bibliotek, Jössagården;49;51;61;0;0;77;68;68;48;81;0;0;86;89;101;97;167;0;0;1043
14;Västra Götalands län;90;Borås;8714;Biblioteket Viskafors;16;26;37;0;0;43;27;36;36;40;0;0;73;92;73;72;98;0;0;669
14;Västra Götalands län;90;Borås;8719;Fristads kommundelskontor;20;50;59;0;0;74;58;64;64;100;0;0;129;102;97;115;134;0;0;1066
14;Västra Götalands län;90;Borås;8720;Norrby kommundelskontor;17;31;29;0;0;21;31;41;26;31;0;0;69;46;63;60;87;0;0;552
14;Västra Götalands län;90;Borås;8730;Sandhults kommundelskontor;15;28;43;0;0;21;31;34;69;49;0;0;70;70;99;73;127;0;0;729
14;Västra Götalands län;90;Borås;8759;Stadshuset;0;0;0;0;25;0;0;0;0;0;0;59;0;0;0;0;0;0;298;382
14;Västra Götalands län;90;Borås;8791;Trandareds kommundelskontor;41;33;40;0;0;73;61;63;68;62;0;0;103;107;108;120;127;0;0;1006
14;Västra Götalands län;90;Borås;8795;Kommunens valstuga;357;431;425;466;0;503;542;517;620;577;602;0;839;779;990;1016;999;794;0;10457
14;Västra Götalands län;90;Borås;8818;VI-Hässleholmen Hässletorg;34;40;45;0;0;60;58;67;53;64;0;0;103;76;97;98;100;0;0;895
14;Västra Götalands län;91;Ulricehamn;13560;Mobil röstningslokal;10;32;35;72;0;27;62;66;104;76;47;61;47;68;159;96;107;55;0;1124
14;Västra Götalands län;91;Ulricehamn;8803;Stadshuset;98;115;137;66;0;200;191;228;229;237;158;0;400;409;426;504;609;286;142;4435
14;Västra Götalands län;92;Åmål;12800;Mo Bygdegård;0;0;0;0;0;0;0;0;0;0;0;0;61;0;0;0;0;0;0;61
14;Västra Götalands län;92;Åmål;13814;Edsleskogs skola;0;0;0;0;0;0;0;0;0;0;0;0;0;73;0;0;0;0;0;73
14;Västra Götalands län;92;Åmål;13815;Fengersfors skola;0;0;0;0;0;0;0;0;0;0;0;0;0;0;0;155;0;0;0;155
14;Västra Götalands län;92;Åmål;7003;Illern;0;0;0;0;0;0;0;0;0;0;0;0;9;0;0;0;0;0;0;9
14;Västra Götalands län;92;Åmål;7004;Ekbacken;0;0;0;0;0;0;0;0;0;0;0;0;14;0;0;0;0;0;0;14
14;Västra Götalands län;92;Åmål;7005;Åmålsgården;0;0;0;0;0;0;0;0;0;0;0;0;0;34;0;0;0;0;0;34
14;Västra Götalands län;92;Åmål;7006;Solsätershemmet;0;0;0;0;0;0;0;0;0;0;0;0;0;0;14;0;0;0;0;14
14;Västra Götalands län;92;Åmål;8130;Stadshuset;0;0;0;0;0;0;0;0;0;0;0;0;0;0;0;0;0;0;15;15
14;Västra Götalands län;92;Åmål;8135;Biblioteket;110;158;165;73;0;167;171;171;209;203;115;0;298;283;272;415;453;181;0;3444
14;Västra Götalands län;92;Åmål;9515;Ånimskogs Bygdegård;0;0;0;0;0;0;0;0;0;0;0;0;0;0;70;0;0;0;0;70
14;Västra Götalands län;93;Mariestad;13929;Coop Extra;20;22;35;13;14;28;44;44;63;64;49;68;92;111;176;176;233;109;0;1361
14;Västra Götalands län;93;Mariestad;13930;Torsö skola;0;0;0;0;0;0;0;0;0;0;0;0;0;0;91;66;0;0;0;157
14;Västra Götalands län;93;Mariestad;13931;Tidavads skola;0;0;0;0;0;0;0;0;0;0;0;0;0;0;110;94;0;0;0;204
14;Västra Götalands län;93;Mariestad;13932;Samhällsgården i Sjötorp;0;0;0;0;0;0;0;0;0;0;0;0;0;0;106;109;0;0;0;215
14;Västra Götalands län;93;Mariestad;7009;Myran;0;0;0;0;0;0;0;0;0;0;0;0;0;15;0;0;0;0;0;15
14;Västra Götalands län;93;Mariestad;7012;Kriminalvårdsanstalten Rödjan;0;0;0;0;0;0;0;0;0;0;0;0;27;0;0;0;0;0;0;27
14;Västra Götalands län;93;Mariestad;7013;Ullerås;0;0;0;0;0;0;0;0;0;0;0;0;6;0;0;0;0;0;0;6
14;Västra Götalands län;93;Mariestad;7015;Sjukhuset i Mariestad;0;0;0;0;0;0;0;0;0;0;0;0;0;12;0;0;0;0;0;12
14;Västra Götalands län;93;Mariestad;7016;Björkgården;0;0;0;0;0;0;0;0;0;0;0;0;18;0;0;0;0;0;0;18
14;Västra Götalands län;93;Mariestad;7017;Humlet;0;0;0;0;0;0;0;0;0;0;0;0;45;0;0;0;0;0;0;45
14;Västra Götalands län;93;Mariestad;7018;Fredslund;0;0;0;0;0;0;0;0;0;0;0;0;0;9;0;0;0;0;0;9
14;Västra Götalands län;93;Mariestad;9258;Stadshuset;102;127;118;46;0;161;168;202;185;240;115;0;377;315;448;418;507;156;90;3775
14;Västra Götalands län;93;Mariestad;9264;Lyrestad skola;16;0;0;0;0;22;0;10;0;0;0;0;70;0;0;0;0;0;0;118
14;Västra Götalands län;93;Mariestad;9266;Kriminalvårdsanläggningen;0;0;0;0;0;0;0;0;0;0;0;0;0;35;0;0;0;0;0;35
14;Västra Götalands län;94;Lidköping;12582;Tuns biblioteksfilial;0;0;0;0;0;36;5;15;13;17;11;0;23;26;11;33;34;19;0;243
14;Västra Götalands län;94;Lidköping;12813;De la Gardiegymnasiet;0;0;0;0;0;0;0;0;0;0;0;0;15;39;0;0;0;0;0;54
14;Västra Götalands län;94;Lidköping;7019;Solhaga;0;0;0;0;0;0;0;0;0;0;18;0;0;0;0;0;0;0;0;18
14;Västra Götalands län;94;Lidköping;7020;Ågården;0;0;0;0;0;0;0;0;0;0;23;0;0;0;0;0;0;0;0;23
14;Västra Götalands län;94;Lidköping;7021;Tolsjöhemmet;0;0;0;0;0;0;0;0;0;0;35;0;0;0;0;0;0;0;0;35
14;Västra Götalands län;94;Lidköping;7022;Lugnet;0;0;0;0;0;0;0;0;0;0;22;0;0;0;0;0;0;0;0;22
14;Västra Götalands län;94;Lidköping;7024;Majgården;0;0;0;0;0;0;0;0;0;0;11;0;0;0;0;0;0;0;0;11
14;Västra Götalands län;94;Lidköping;7025;Bräddegården;0;0;0;0;0;0;0;0;0;0;27;0;0;0;0;0;0;0;0;27
14;Västra Götalands län;94;Lidköping;7026;Bäckliden;0;0;0;0;0;0;0;0;0;0;8;0;0;0;0;0;0;0;0;8
14;Västra Götalands län;94;Lidköping;7028;Östhaga;0;0;0;0;0;0;0;0;0;0;33;0;0;0;0;0;0;0;0;33
14;Västra Götalands län;94;Lidköping;7029;Guldvingens äldreboende;0;0;0;0;0;0;0;0;0;0;15;0;0;0;0;0;0;0;0;15
14;Västra Götalands län;94;Lidköping;9918;Stadshuset;223;283;320;124;0;405;353;374;327;414;258;0;679;637;773;778;869;349;122;7288
14;Västra Götalands län;94;Lidköping;9923;Järpås biblioteksfilial;0;0;0;0;0;27;17;25;10;16;9;0;32;26;27;37;18;26;0;270
14;Västra Götalands län;94;Lidköping;9926;Vinninga biblioteksfilial;0;0;0;0;0;28;15;9;28;13;11;0;38;46;29;56;57;25;0;355
14;Västra Götalands län;95;Skara;14018;Varnhemsgården;0;0;0;0;0;0;0;66;0;0;0;0;0;0;0;0;0;0;0;66
14;Västra Götalands län;95;Skara;14026;Husaren;0;0;0;0;0;0;0;0;0;0;0;0;0;135;0;0;0;0;0;135
14;Västra Götalands län;95;Skara;14027;Ardalagården;0;0;0;0;0;0;0;0;0;0;0;0;0;0;0;86;0;0;0;86
14;Västra Götalands län;95;Skara;14030;Katedralskolan;0;0;0;0;0;0;0;0;0;0;0;0;0;0;27;0;0;0;0;27
14;Västra Götalands län;95;Skara;14053;Vallegården;0;0;0;0;0;0;0;0;124;0;0;0;0;0;0;0;0;0;0;124
14;Västra Götalands län;95;Skara;9487;Stifts- och landsbiblioteket;149;139;150;81;0;204;175;162;202;212;130;0;401;373;415;446;465;255;91;4050
14;Västra Götalands län;96;Skövde;10095;Biblioteksfilialen, S:a Ryd;11;13;25;0;0;39;8;17;8;13;0;0;105;39;37;34;48;0;0;397
14;Västra Götalands län;96;Skövde;10097;Biblioteksfilialen, Stöpen;0;26;0;0;0;0;0;0;62;0;0;0;0;0;0;119;0;0;0;207
14;Västra Götalands län;96;Skövde;10100;Biblioteksfilialen, Värsås;0;0;0;0;0;0;17;0;0;0;0;0;0;50;0;0;0;0;0;67
14;Västra Götalands län;96;Skövde;10101;Biblioteksfilialen, Timmersdala;0;18;0;0;0;0;0;0;41;0;0;0;0;0;0;97;0;0;0;156
14;Västra Götalands län;96;Skövde;10102;Biblioteksfilialen, Tidan;0;0;0;0;0;41;0;0;0;0;0;0;94;0;0;0;0;0;0;135
14;Västra Götalands län;96;Skövde;10104;Biblioteksfilialen, Skultorp;27;0;0;0;0;0;0;123;0;0;0;0;0;0;211;0;0;0;0;361
14;Västra Götalands län;96;Skövde;10106;Stadshuset, entréplan;94;149;179;142;0;203;219;224;227;265;260;0;447;448;447;418;617;380;296;5015
14;Västra Götalands län;96;Skövde;10934;Stadsbiblioteket;71;110;103;0;0;169;141;131;169;181;0;0;325;416;476;492;613;0;0;3397
14;Västra Götalands län;96;Skövde;13077;Västerhöjdsgymnasiet;0;0;0;0;0;0;0;0;0;0;0;0;0;11;21;0;0;0;0;32
14;Västra Götalands län;96;Skövde;13078;Kavelbrogymnasiet;0;0;0;0;0;0;0;0;0;0;0;0;0;16;37;0;0;0;0;53
14;Västra Götalands län;96;Skövde;7034;Äldreboende Billingsdal;0;0;0;0;0;0;0;0;0;0;0;0;11;0;0;0;0;0;0;11
14;Västra Götalands län;96;Skövde;7035;Kärnsjukhuset;0;0;0;0;0;0;0;0;0;0;46;0;0;0;0;0;0;0;0;46
14;Västra Götalands län;96;Skövde;7036;Äldreboende Tomtegården;0;0;0;0;0;0;0;0;0;0;0;0;25;0;0;0;0;0;0;25
14;Västra Götalands län;96;Skövde;7037;Äldreboende Sörbacka;0;0;0;0;0;0;0;0;0;0;0;0;10;0;0;0;0;0;0;10
14;Västra Götalands län;96;Skövde;7038;Äldreboende Solgården;0;0;0;0;0;0;0;0;0;0;0;0;19;0;0;0;0;0;0;19
14;Västra Götalands län;96;Skövde;7039;Skaraborgs läns sjukhem;0;0;0;0;0;0;0;0;0;0;0;0;21;0;0;0;0;0;0;21
14;Västra Götalands län;96;Skövde;7040;Servicehus Bagaren;0;0;0;0;0;0;0;0;0;0;0;0;17;0;0;0;0;0;0;17
14;Västra Götalands län;96;Skövde;7042;Äldreboende Norrmalm;0;0;0;0;0;0;0;0;0;0;0;0;43;0;0;0;0;0;0;43
14;Västra Götalands län;96;Skövde;7043;Servicehus Käpplunda gärde;0;0;0;0;0;0;0;0;0;0;0;0;43;0;0;0;0;0;0;43
14;Västra Götalands län;96;Skövde;7045;Äldreboende Boken;0;0;0;0;0;0;0;0;0;0;0;0;17;0;0;0;0;0;0;17
14;Västra Götalands län;96;Skövde;7046;Äldreboende Ekedal;0;0;0;0;0;0;0;0;0;0;0;0;15;0;0;0;0;0;0;15
14;Västra Götalands län;96;Skövde;7047;Äldreboende Hentorp;0;0;0;0;0;0;0;0;0;0;0;0;15;0;0;0;0;0;0;15
14;Västra Götalands län;97;Hjo;13057;Stadshuset;71;72;87;0;0;120;108;83;113;136;0;0;204;229;233;213;285;104;37;2095
14;Västra Götalands län;98;Tidaholm;7052;Äldreboende Midgård;0;0;0;0;0;0;0;0;0;0;0;30;0;0;0;0;0;0;0;30
14;Västra Götalands län;98;Tidaholm;7053;Kriminalvårdsanstalten;0;0;0;0;0;0;0;0;0;0;0;84;0;0;0;0;0;0;0;84
14;Västra Götalands län;98;Tidaholm;7054;Äldreboende Lindängen;0;0;0;0;0;0;0;0;0;0;0;13;0;0;0;0;0;0;0;13
14;Västra Götalands län;98;Tidaholm;7055;Äldreboende Solvik;0;0;0;0;0;0;0;0;0;0;0;26;0;0;0;0;0;0;0;26
14;Västra Götalands län;98;Tidaholm;7056;Äldreboende Hellidshemmet;0;0;0;0;0;0;0;0;0;0;0;13;0;0;0;0;0;0;0;13
14;Västra Götalands län;98;Tidaholm;7907;Stadsbiblioteket;71;137;70;72;0;199;172;143;197;77;123;0;306;302;209;434;392;181;41;3126
14;Västra Götalands län;99;Falköping;10403;Biblioteket i Stenstorp;0;0;0;0;0;0;0;0;0;0;0;0;126;79;96;88;84;0;0;473
14;Västra Götalands län;99;Falköping;7058;Församlingshemmet Gudhem;0;0;0;0;0;0;0;0;0;0;0;0;38;23;46;23;27;0;0;157
14;Västra Götalands län;99;Falköping;7060;Länsförsäkringar, Storgatan;0;0;0;0;0;0;0;0;0;0;0;0;0;0;0;0;0;156;0;156
14;Västra Götalands län;99;Falköping;7066;Valnämndens kansli;0;0;0;0;0;0;0;0;0;0;0;0;0;0;0;0;0;0;82;82
14;Västra Götalands län;99;Falköping;7069;Folkets Park;0;0;0;49;0;0;0;0;0;0;0;0;0;0;0;0;0;0;0;49
14;Västra Götalands län;99;Falköping;8021;Falköpings Bibliotek;141;177;147;0;0;238;239;205;205;243;210;0;562;482;566;601;715;0;0;4731
14;Västra Götalands län;99;Falköping;8023;Biblioteket i Floby;0;0;0;0;0;0;0;0;0;0;0;0;103;86;102;112;69;0;0;472
14;Västra Götalands län;99;Falköping;8025;Biblioteket  i Alvershus;0;0;0;0;0;0;0;0;0;0;0;0;46;47;30;24;29;0;0;176
14;Västra Götalands län;99;Falköping;8026;Biblioteket i Elvagården;0;0;0;0;0;0;0;0;0;0;0;0;29;31;34;21;24;0;0;139
14;Västra Götalands län;99;Falköping;8027;Biblioteket  i Broddetorpsskolan;0;0;0;0;0;0;0;0;0;0;0;0;12;24;28;16;12;0;0;92
14;Västra Götalands län;99;Falköping;8051;Biblioteket i Kinnarpsskolan;0;0;0;0;0;0;0;0;0;0;0;0;33;35;31;42;35;0;0;176
17;Värmlands län;15;Kil;7080;Sannerudshemmet;0;0;0;0;0;0;0;0;0;0;0;21;0;0;0;0;0;0;0;21
17;Värmlands län;15;Kil;7081;Servicehuset Smeden;0;0;0;0;0;0;0;0;0;0;0;2;0;0;0;0;0;0;0;2
17;Värmlands län;15;Kil;8740;Biblioteket;99;83;101;0;0;139;122;127;159;154;88;0;287;259;256;327;365;150;31;2747
17;Värmlands län;30;Eda;8038;Biblioteket Charlottenberg;20;23;32;0;0;48;39;52;53;52;0;0;108;119;160;104;137;53;13;1013
17;Värmlands län;30;Eda;8040;Biblioteket Koppom;13;6;10;0;0;21;12;24;18;10;0;0;51;42;50;60;72;0;0;389
17;Värmlands län;30;Eda;8041;Biblioteket Åmotfors;9;9;29;0;0;35;25;18;34;27;0;0;69;52;88;72;82;0;0;549
17;Värmlands län;30;Eda;8042;Bruksgården Skillingsfors;0;0;0;0;0;0;0;0;0;0;0;0;0;0;0;0;0;0;159;159
17;Värmlands län;37;Torsby;11103;Biblioteket Torsby;39;55;86;39;0;71;96;129;97;61;61;0;135;166;205;234;257;173;0;1904
17;Värmlands län;37;Torsby;11123;Biblioteket Sysslebäck;20;10;23;0;0;39;19;32;31;38;0;0;64;31;70;66;69;0;0;512
17;Värmlands län;37;Torsby;12785;Bygdekooperativet Södra Finnskoga;0;0;0;69;0;0;0;0;0;0;0;0;0;0;0;0;0;0;0;69
17;Värmlands län;37;Torsby;12853;Finnskogsjätten Höljes;0;0;0;89;0;0;0;0;0;0;0;0;0;0;0;0;0;0;0;89
17;Värmlands län;37;Torsby;13818;Kommunkontoret Torsby;28;22;42;0;0;43;46;33;45;43;0;0;74;59;75;72;141;0;70;793
17;Värmlands län;37;Torsby;13819;Samverkanskontoret Sysslebäck;0;0;0;0;0;0;0;0;0;0;0;0;0;0;0;0;0;0;7;7
17;Värmlands län;37;Torsby;13841;Biografen Stjärnan;0;0;0;0;0;0;0;0;0;0;31;34;0;0;0;0;0;0;0;65
17;Värmlands län;60;Storfors;9452;Kommunhuset;20;52;42;0;0;38;37;22;108;44;0;0;64;43;69;170;96;0;15;820
17;Värmlands län;61;Hammarö;8680;Biblioteket, Hammarö kommun;146;114;128;0;0;219;169;188;123;173;0;0;354;369;382;362;391;149;42;3309
17;Värmlands län;62;Munkfors;10912;Munkfors kommunkontor;28;38;46;0;0;38;59;52;52;46;0;0;81;124;65;74;97;36;0;836
17;Värmlands län;62;Munkfors;12787;Pastorsexpeditionen Munkfors;0;0;0;0;0;0;0;0;0;0;0;0;0;0;0;0;0;0;0;0
17;Värmlands län;62;Munkfors;7087;Servicehuset;0;0;0;37;0;0;0;0;0;0;0;0;0;0;0;0;0;0;0;37
17;Värmlands län;63;Forshaga;11763;Kulturhuset i Deje Folkets hus;37;33;44;0;0;49;46;46;51;65;0;0;111;83;115;131;163;64;23;1061
17;Värmlands län;63;Forshaga;11764;Lärcenter Forshaga;52;103;72;0;0;79;78;105;133;114;0;0;196;172;194;203;232;100;38;1871
17;Värmlands län;63;Forshaga;12240;Olsätersskolans matsal;0;0;0;0;0;0;0;0;0;0;0;0;0;0;0;0;0;0;224;224
17;Värmlands län;64;Grums;9418;Grums Bibliotek;77;95;68;35;0;132;137;142;100;81;35;53;211;225;224;241;206;109;49;2220
17;Värmlands län;65;Årjäng;10069;Biblioteket Årjäng;36;41;57;34;0;44;78;88;91;122;49;0;146;167;187;222;256;86;64;1768
17;Värmlands län;65;Årjäng;10073;Biblioteket Töcksfors;9;20;14;10;0;19;32;25;29;9;31;0;27;51;61;77;62;49;0;525
17;Värmlands län;65;Årjäng;12854;Blomskogs Församlingshem;0;0;0;0;0;0;0;0;0;0;0;0;0;0;0;0;0;0;119;119
17;Värmlands län;65;Årjäng;12856;Holmedals skola;0;0;0;0;0;0;0;0;0;0;0;0;0;0;0;0;0;0;147;147
17;Värmlands län;65;Årjäng;12857;Böns skola;0;0;0;0;0;0;0;0;0;0;0;0;0;0;0;0;0;0;176;176
17;Värmlands län;65;Årjäng;13982;Ica Nära;4;0;8;3;0;8;3;5;2;5;4;0;16;27;12;17;32;15;0;161
17;Värmlands län;65;Årjäng;13987;Brukshandeln;1;0;7;1;0;3;4;5;6;8;7;0;9;10;14;19;21;18;0;133
17;Värmlands län;65;Årjäng;13991;Röda Korset Kupan;3;4;3;0;0;9;3;6;9;14;0;0;13;8;8;8;20;0;0;108
17;Värmlands län;66;Sunne;7091;Allégårdens Servicehus;0;0;0;0;0;0;0;0;0;0;0;22;0;0;0;0;0;0;0;22
17;Värmlands län;66;Sunne;7092;Kålsgården servicehus;0;0;0;0;0;0;0;0;0;0;0;15;0;0;0;0;0;0;0;15
17;Värmlands län;66;Sunne;7093;Sjukhemmet Hagen 1-3;0;0;0;0;0;0;0;0;0;0;0;7;0;0;0;0;0;0;0;7
17;Värmlands län;66;Sunne;7094;Uddebo Servicehus;0;0;0;0;0;0;0;0;0;0;0;5;0;0;0;0;0;0;0;5
17;Värmlands län;66;Sunne;9697;Kommunkontoret;70;98;86;0;0;100;130;139;127;175;0;0;199;326;248;420;398;135;42;2693
17;Värmlands län;80;Karlstad;11906;Väse bibliotek;0;33;0;0;0;26;6;0;34;0;0;0;47;28;0;79;0;0;0;253
17;Värmlands län;80;Karlstad;11920;Tempelriddaren;78;57;84;55;52;70;76;68;68;90;60;71;99;95;138;123;158;206;360;2008
17;Värmlands län;80;Karlstad;12649;Stagnellska;0;0;0;0;0;0;0;0;0;0;0;13;0;0;0;0;0;0;0;13
17;Värmlands län;80;Karlstad;12650;Tullholmsgymnasiet;0;0;0;0;0;16;0;0;0;0;0;0;0;0;0;0;0;0;0;16
17;Värmlands län;80;Karlstad;12651;Klara  gymnasium;0;0;0;0;0;0;0;0;0;0;0;0;11;0;0;0;0;0;0;11
17;Värmlands län;80;Karlstad;12652;Hammarö utbildningscenter;0;0;0;0;0;0;22;0;0;0;0;0;0;0;0;0;0;0;0;22
17;Värmlands län;80;Karlstad;12653;Tingvallagymnasiet;0;0;0;0;0;0;9;0;0;0;0;0;0;0;0;0;0;0;0;9
17;Värmlands län;80;Karlstad;12654;Älvkullegymnasiet;0;0;0;0;0;0;0;1;0;0;0;0;0;0;0;0;0;0;0;1
17;Värmlands län;80;Karlstad;12655;Sundstagymnasiet;0;0;0;0;0;0;0;13;0;0;0;0;0;0;0;0;0;0;0;13
17;Värmlands län;80;Karlstad;12656;Nobelgymnasiet;0;0;0;0;0;0;0;0;17;0;0;0;0;0;0;0;0;0;0;17
17;Värmlands län;80;Karlstad;12657;Lilleruds gymnasium;0;0;18;0;0;0;0;0;0;0;0;0;0;0;0;0;0;0;0;18
17;Värmlands län;80;Karlstad;12658;Karlstads universitet;0;0;0;0;0;0;0;0;0;0;0;0;62;124;175;229;249;0;0;839
17;Värmlands län;80;Karlstad;13427;Folkets Hus, Edsvalla;0;23;9;0;0;15;0;0;29;13;0;0;17;0;0;58;20;0;0;184
17;Värmlands län;80;Karlstad;13549;Bergvik Köpcenter;0;0;0;0;0;0;0;0;80;78;249;288;0;0;0;287;241;335;0;1558
17;Värmlands län;80;Karlstad;13550;Centralsjukhuset;0;0;0;0;0;0;0;0;0;0;0;0;0;0;0;224;0;0;0;224
17;Värmlands län;80;Karlstad;13683;Folkuniversitetets gymnasium;0;0;0;0;0;0;0;0;0;15;0;0;0;0;0;0;0;0;0;15
17;Värmlands län;80;Karlstad;13684;Karlstads Praktiska Gymnasium;0;0;0;0;0;0;0;0;0;24;0;0;0;0;0;0;0;0;0;24
17;Värmlands län;80;Karlstad;13685;John Bauer gymnasiet;0;0;0;0;0;0;0;0;0;0;0;0;0;0;14;0;0;0;0;14
17;Värmlands län;80;Karlstad;14182;Ruds vårdboende;0;0;0;0;0;0;0;0;0;0;0;30;0;0;0;0;0;0;0;30
17;Värmlands län;80;Karlstad;7095;Kriminalvården, Häktet;0;0;0;0;0;0;0;0;0;0;0;29;21;0;0;0;0;0;0;50
17;Värmlands län;80;Karlstad;7098;Brattska Gården;0;0;0;0;0;0;0;0;0;0;0;17;0;0;0;0;0;0;0;17
17;Värmlands län;80;Karlstad;9103;Bibliotekshuset;333;455;431;274;223;458;526;515;524;490;424;411;789;809;1112;1051;1240;807;0;10872
17;Värmlands län;80;Karlstad;9104;Kronoparkens bibliotek;46;77;63;0;0;82;66;63;89;64;0;0;182;128;170;223;260;144;0;1657
17;Värmlands län;80;Karlstad;9105;Våxnäs bibliotek;179;108;0;0;0;257;109;211;154;0;0;0;320;180;291;212;294;138;0;2453
17;Värmlands län;80;Karlstad;9106;Skåre bibliotek;53;49;39;0;0;99;71;78;81;58;0;0;156;92;190;115;135;0;0;1216
17;Värmlands län;80;Karlstad;9107;Skattkärrs bibliotek;22;37;10;0;0;43;0;23;63;33;0;0;61;50;53;124;53;0;0;572
17;Värmlands län;80;Karlstad;9108;Molkoms medborgarkontor/bibliotek;0;61;27;0;0;57;51;0;124;49;0;0;91;81;92;157;80;0;0;870
17;Värmlands län;80;Karlstad;9109;Vålbergs medborgarkontor/bibliotek;53;49;36;0;0;57;0;120;47;33;0;0;127;82;153;77;79;0;0;913
17;Värmlands län;81;Kristinehamn;10222;Turistbyrån - Framtidsrummet;202;176;211;84;0;206;236;239;229;287;152;0;399;404;407;444;526;271;0;4473
17;Värmlands län;81;Kristinehamn;10223;Coop Nära Björneborg;7;8;16;0;0;15;6;19;7;16;0;0;39;23;40;39;40;20;13;308
17;Värmlands län;81;Kristinehamn;10224;Kommunhuset Uroxen;14;24;22;0;0;20;28;29;24;21;0;0;34;28;31;51;48;0;46;420
17;Värmlands län;81;Kristinehamn;13054;Tapiren;0;0;0;0;0;0;0;0;0;0;0;16;0;0;0;0;0;0;0;16
17;Värmlands län;81;Kristinehamn;13055;Broängen;0;0;0;0;0;0;0;0;0;0;0;18;0;0;0;0;0;0;0;18
17;Värmlands län;81;Kristinehamn;14065;Kristinehamns bibliotek;67;76;98;35;0;105;90;120;118;83;63;0;249;239;223;256;282;161;0;2265
17;Värmlands län;81;Kristinehamn;7102;Skogshyddan 1 och 2;0;0;0;0;0;0;0;0;0;0;0;6;0;0;0;0;0;0;0;6
17;Värmlands län;81;Kristinehamn;7103;Vintergården;0;0;0;0;0;0;0;0;0;0;0;4;0;0;0;0;0;0;0;4
17;Värmlands län;81;Kristinehamn;7104;Kolgården;0;0;0;0;0;0;0;0;0;0;0;9;0;0;0;0;0;0;0;9
17;Värmlands län;81;Kristinehamn;7105;Regnbågen;0;0;0;0;0;0;0;0;0;0;0;10;0;0;0;0;0;0;0;10
17;Värmlands län;82;Filipstad;9326;Folkets Hus;64;81;58;0;0;113;128;169;138;188;0;0;284;235;270;320;322;108;9;2487
17;Värmlands län;82;Filipstad;9327;Servicehuset Ugglan;9;9;15;0;0;35;34;11;41;11;0;0;31;11;38;26;28;0;0;299
17;Värmlands län;82;Filipstad;9329;Åhrlundsgården Nykroppa;17;12;8;0;0;12;16;17;26;11;0;0;13;7;26;44;13;0;0;222
17;Värmlands län;83;Hagfors;10165;Råda församlingshem;0;34;0;0;0;25;0;27;25;0;0;0;25;0;39;71;0;0;0;246
17;Värmlands län;83;Hagfors;11081;Bellmansgården;0;0;0;0;0;0;0;0;0;0;10;0;0;0;0;0;0;0;0;10
17;Värmlands län;83;Hagfors;11082;Häggården;0;0;0;0;0;0;0;0;0;0;6;0;0;0;0;0;0;0;0;6
17;Värmlands län;83;Hagfors;12966;Stadshuset i Hagfors;74;86;108;0;0;119;103;97;234;150;0;0;208;261;209;390;331;216;21;2607
17;Värmlands län;83;Hagfors;12967;Sunnemo skola;0;13;0;0;0;0;0;55;44;0;0;0;0;23;36;80;36;0;0;287
17;Värmlands län;83;Hagfors;13903;Hagfors Bibliotek;10;21;0;0;0;0;19;13;27;0;0;0;0;41;37;35;0;0;0;203
17;Värmlands län;83;Hagfors;13904;Ekshärads församlingshem;0;27;41;0;0;0;0;69;99;63;0;0;0;0;97;140;85;0;0;621
17;Värmlands län;83;Hagfors;14099;Korttidsboendet Svalan;0;0;0;0;0;0;0;0;0;0;0;6;0;0;0;0;0;0;0;6
17;Värmlands län;83;Hagfors;7114;Skogvaktaren;0;0;0;0;0;0;0;0;0;0;0;25;0;0;0;0;0;0;0;25
17;Värmlands län;84;Arvika;10323;Gunnebo, matsalen;0;0;0;0;0;0;0;0;0;0;0;0;0;0;0;0;0;0;0;0
17;Värmlands län;84;Arvika;10325;Lövåsen, biblioteket;0;0;0;0;0;0;0;0;0;0;0;0;0;0;0;0;0;0;0;0
17;Värmlands län;84;Arvika;10326;Smedberg;0;0;0;0;0;0;0;0;0;0;0;0;0;0;0;0;0;0;0;0
17;Värmlands län;84;Arvika;10327;Solgården;0;0;0;0;0;0;0;0;0;0;0;0;0;0;0;0;0;0;0;0
17;Värmlands län;84;Arvika;10328;Västängsgården;0;0;0;0;0;0;0;0;0;0;0;0;0;0;0;0;0;0;0;0
17;Värmlands län;84;Arvika;12958;Biblioteket;133;137;143;115;0;229;209;226;270;279;186;0;419;400;502;581;541;367;0;4737
17;Värmlands län;84;Arvika;12959;Stadshuset, kundtjänst;44;39;59;0;0;75;65;95;78;116;0;0;133;139;151;215;0;0;113;1322
17;Värmlands län;84;Arvika;12961;Bokbussen;1;9;9;0;0;8;38;9;8;4;0;0;0;9;29;16;0;0;102;242
17;Värmlands län;84;Arvika;7116;Sjukhuset;0;0;0;0;0;0;0;0;0;0;0;0;0;0;0;0;0;0;0;0
17;Värmlands län;84;Arvika;7117;Tapeten-Korpralen;0;0;0;0;0;0;0;0;0;0;0;0;0;0;0;0;0;0;0;0
17;Värmlands län;84;Arvika;7118;Vågen;0;0;0;0;0;0;0;0;0;0;0;0;0;0;0;0;0;0;0;0
17;Värmlands län;85;Säffle;14017;Silvénska villan;0;0;0;0;0;41;36;46;43;65;0;0;145;105;108;142;171;0;0;902
17;Värmlands län;85;Säffle;14020;Bokbussen;2;6;0;0;0;0;8;17;3;3;0;0;15;2;0;19;0;14;0;89
17;Värmlands län;85;Säffle;8590;Biblioteket;104;128;126;48;0;146;120;151;199;164;101;0;276;305;300;328;309;260;0;3065
17;Värmlands län;85;Säffle;9571;Stadshuset;0;0;0;0;0;0;0;0;0;0;0;59;0;0;0;0;0;0;47;106
18;Örebro län;14;Lekeberg;9708;Information Lekeberg;27;51;49;0;0;41;40;70;80;62;0;0;138;91;88;192;173;30;18;1150
18;Örebro län;60;Laxå;12201;Biblioteket i Laxå;37;65;53;0;0;89;81;65;84;99;0;0;161;155;111;160;150;104;0;1414
18;Örebro län;60;Laxå;14000;Tiveds skolbyggnad;0;0;0;0;0;0;0;0;0;0;0;0;0;0;0;0;0;0;130;130
18;Örebro län;60;Laxå;14046;Kunskapens Hus;0;0;0;0;0;0;0;0;0;0;0;0;0;0;0;0;0;0;9;9
18;Örebro län;60;Laxå;7125;Björkhagen serviceboende;0;0;0;0;0;0;0;0;0;0;0;15;0;0;0;0;0;0;0;15
18;Örebro län;60;Laxå;7126;Korttidsboende Gläntan;0;0;0;0;0;0;0;0;0;0;0;10;0;0;0;0;0;0;0;10
18;Örebro län;60;Laxå;7127;Ramundergårdens äldreboende;0;0;0;0;0;0;0;0;0;0;0;4;0;0;0;0;0;0;0;4
18;Örebro län;60;Laxå;7128;Edegårdens äldreboende;0;0;0;0;0;0;0;0;0;0;0;13;0;0;0;0;0;0;0;13
18;Örebro län;60;Laxå;7129;Tivedsgårdens äldreboende;0;0;0;0;0;0;0;0;0;0;0;13;0;0;0;0;0;0;0;13
18;Örebro län;61;Hallsberg;12610;Hjortkvarns bibliotek;0;3;0;0;0;0;0;0;12;0;0;0;0;0;0;17;0;0;0;32
18;Örebro län;61;Hallsberg;14171;Alléskolan;0;0;2;0;0;3;2;3;4;0;0;0;5;3;4;0;10;0;0;36
18;Örebro län;61;Hallsberg;14175;Green Cargo;0;21;0;0;0;0;0;0;0;15;0;0;0;0;0;0;17;0;0;53
18;Örebro län;61;Hallsberg;8982;ICA Supermarket Sojas;8;10;0;0;0;16;12;9;15;23;0;0;32;23;34;24;25;0;0;231
18;Örebro län;61;Hallsberg;8983;Pålsboda Järn & Färg;20;28;23;7;0;27;30;28;35;26;15;0;66;60;70;66;80;46;0;627
18;Örebro län;61;Hallsberg;8984;Östansjö Handelsbod;7;11;7;5;0;6;8;13;11;6;10;0;32;24;18;19;21;35;0;233
18;Örebro län;61;Hallsberg;8985;Biblioteket Hallsberg;77;74;55;17;0;86;79;86;112;76;48;0;140;149;122;182;172;74;0;1549
18;Örebro län;61;Hallsberg;8988;Kupan, Röda Korsets lokal;34;27;27;21;0;32;26;28;36;43;24;0;44;58;56;62;71;44;0;633
18;Örebro län;61;Hallsberg;8989;Sköllersta Handlar´n;6;5;6;1;0;7;17;10;17;6;11;0;26;19;37;20;38;30;0;256
18;Örebro län;61;Hallsberg;8990;Vingens vallokal, V Skolan;0;0;0;0;0;0;0;0;0;0;0;0;0;0;0;0;0;0;28;28
18;Örebro län;62;Degerfors;10054;Folkets Hus;68;113;54;73;0;130;99;145;109;96;82;0;183;182;208;218;235;96;9;2100
18;Örebro län;62;Degerfors;10058;Folkets Hus Svartå;0;0;0;0;0;11;8;8;13;11;0;0;19;14;26;25;21;0;0;156
18;Örebro län;62;Degerfors;10117;Åtorps skola;0;0;0;0;0;8;8;18;10;16;0;0;22;15;31;23;29;0;0;180
18;Örebro län;62;Degerfors;7132;Västergården;0;0;0;0;0;0;0;0;0;0;0;32;0;0;0;0;0;0;0;32
18;Örebro län;62;Degerfors;7133;Letälvsgården;0;0;0;0;0;0;0;0;0;0;0;16;0;0;0;0;0;0;0;16
18;Örebro län;63;Hällefors;7134;Sörgården (cafeterian);0;0;0;0;0;0;0;0;0;0;0;16;0;0;0;0;0;0;0;16
18;Örebro län;63;Hällefors;7137;Björkhaga (matsalen);0;0;0;0;0;0;0;0;0;0;0;38;0;0;0;0;0;0;0;38
18;Örebro län;63;Hällefors;8766;Kommunkontoret;67;85;61;0;0;66;78;79;74;69;0;0;171;164;154;157;196;61;41;1523
18;Örebro län;63;Hällefors;8767;ICA Hyttan;6;7;21;2;0;27;19;18;23;21;16;0;37;45;49;66;58;41;0;456
18;Örebro län;64;Ljusnarsberg;10162;Tingshuset;45;40;41;31;35;71;49;0;110;74;47;52;119;0;202;134;162;93;18;1323
18;Örebro län;64;Ljusnarsberg;13082;Ställberg Folkets Hus;0;0;0;0;0;0;0;12;0;0;0;0;0;0;0;0;0;0;0;12
18;Örebro län;64;Ljusnarsberg;13083;Dagcentralen;0;0;0;0;0;0;0;0;0;0;0;0;0;29;0;0;0;0;0;29
18;Örebro län;80;Örebro;10055;Brevensgården;0;0;0;0;0;0;0;0;0;0;0;0;0;0;0;0;0;0;87;87
18;Örebro län;80;Örebro;10056;Vinöns skola;0;0;0;0;0;0;0;0;0;0;0;0;0;0;0;0;0;0;79;79
18;Örebro län;80;Örebro;13040;Almby seniorboende;33;49;52;0;0;69;51;47;52;75;0;0;89;75;92;118;130;0;0;932
18;Örebro län;80;Örebro;13093;Rådhuset;0;0;0;0;0;0;0;0;0;0;0;0;0;0;0;0;0;0;438;438
18;Örebro län;80;Örebro;13796;Odensbackens bibliotek;0;35;0;0;0;58;45;0;60;0;0;0;104;70;0;166;0;0;0;538
18;Örebro län;80;Örebro;13797;Marieberg Galleria;7;123;116;115;133;157;132;149;186;205;237;298;232;329;384;420;574;665;0;4462
18;Örebro län;80;Örebro;13798;Adolfsbergskolan 7-9;17;17;20;0;0;10;13;20;13;19;0;0;17;22;71;22;36;0;0;297
18;Örebro län;80;Örebro;13799;Örebro Universitet;13;16;6;0;0;32;32;42;46;46;0;0;72;109;161;217;331;0;0;1123
18;Örebro län;80;Örebro;13801;Örebro Konsthall;0;0;0;0;0;0;0;0;0;0;0;0;184;133;121;160;162;158;0;918
18;Örebro län;80;Örebro;13808;Lillåns församlingshem;37;36;34;0;0;51;26;30;60;67;0;0;73;77;115;74;102;0;0;782
18;Örebro län;80;Örebro;14044;Rosenlund;0;0;0;0;0;0;0;0;0;0;0;18;0;0;0;0;0;0;0;18
18;Örebro län;80;Örebro;14045;Ädelgården;0;0;0;0;0;0;0;0;0;0;0;3;0;0;0;0;0;0;0;3
18;Örebro län;80;Örebro;14047;Länsmuseet;104;90;96;66;69;0;114;143;113;93;136;132;0;160;280;139;246;345;0;2326
18;Örebro län;80;Örebro;14056;Karlahuset Rättspsyk avd 9;0;0;0;0;0;0;0;0;0;0;0;0;0;4;0;0;0;0;0;4
18;Örebro län;80;Örebro;7142;Klosterbacken;0;0;0;0;0;0;0;0;0;0;0;21;0;0;0;0;0;0;0;21
18;Örebro län;80;Örebro;7145;Eken, Rättspsykiatriska avdelningen;0;0;0;0;0;0;0;0;0;0;0;0;15;0;0;0;0;0;0;15
18;Örebro län;80;Örebro;7146;Runnagården;0;0;0;0;0;0;0;0;0;0;0;0;34;0;0;0;0;0;0;34
18;Örebro län;80;Örebro;7148;Häktet;0;0;0;0;0;0;0;0;0;0;0;0;0;22;0;0;0;0;0;22
18;Örebro län;80;Örebro;7150;Löwenhjelmska;0;0;0;0;0;0;0;0;0;0;0;11;0;0;0;0;0;0;0;11
18;Örebro län;80;Örebro;7153;Sirishof;0;0;0;0;0;0;0;0;0;0;0;8;0;0;0;0;0;0;0;8
18;Örebro län;80;Örebro;8033;Brickebackens bibliotek;27;32;27;0;0;33;24;28;50;0;0;0;111;72;97;106;148;0;0;755
18;Örebro län;80;Örebro;9148;Garphyttans bibliotek;0;21;0;0;0;28;38;0;16;0;0;0;17;75;0;39;0;0;0;234
18;Örebro län;80;Örebro;9153;Glanshammars bibliotek;20;14;0;0;0;46;0;47;22;0;0;0;74;0;78;36;0;0;0;337
18;Örebro län;80;Örebro;9154;Hagabiblioteket;100;119;106;60;0;148;121;135;145;0;110;0;267;226;301;235;290;203;0;2566
18;Örebro län;80;Örebro;9155;Markbackens bibliotek;69;52;0;0;0;67;42;56;122;0;0;0;102;79;123;200;0;0;0;912
18;Örebro län;80;Örebro;9158;Olaus Petri bibliotek;74;56;54;0;0;0;0;145;76;104;0;0;0;0;252;145;118;0;0;1024
18;Örebro län;80;Örebro;9159;Varberga bibliotek;46;83;0;0;0;84;28;49;91;0;0;0;169;132;129;206;0;0;0;1017
18;Örebro län;80;Örebro;9412;Vivalla bibliotek;72;65;60;0;0;73;82;59;64;0;0;0;170;117;119;190;208;0;0;1279
18;Örebro län;80;Örebro;9420;Stadsbiblioteket;249;231;253;130;74;297;267;273;286;320;289;172;609;512;717;822;922;473;0;6896
18;Örebro län;80;Örebro;9422;Patientbiblioteket USÖ;21;21;26;0;0;39;38;40;43;30;0;0;87;93;119;112;163;0;0;832
18;Örebro län;80;Örebro;9425;Vintrosa bibliotek;0;21;0;0;0;12;0;39;20;0;0;0;25;0;54;64;0;0;0;235
18;Örebro län;81;Kumla;10350;Stadshuset;45;29;47;0;0;65;62;41;78;45;16;0;88;68;99;121;116;99;0;1019
18;Örebro län;81;Kumla;13072;Bokbussen;3;3;0;0;0;6;9;16;20;20;0;0;1;15;53;16;47;0;0;209
18;Örebro län;81;Kumla;7154;Kvarngården;0;0;0;0;0;0;0;0;0;0;0;21;0;0;0;0;0;0;0;21
18;Örebro län;81;Kumla;7155;Solbacka;0;0;0;0;0;0;0;0;0;0;0;24;0;0;0;0;0;0;0;24
18;Örebro län;81;Kumla;7156;Kungsgården;0;0;0;0;0;0;0;0;0;0;0;17;0;0;0;0;0;0;0;17
18;Örebro län;81;Kumla;7157;Sannaheds servicehus;0;0;0;0;0;0;0;0;0;0;0;20;0;0;0;0;0;0;0;20
18;Örebro län;81;Kumla;7158;Kriminalvårdsanstalten;0;0;0;0;0;0;0;0;0;0;0;117;0;0;0;0;0;0;0;117
18;Örebro län;81;Kumla;8812;Kumla bibliotek;131;100;108;44;60;131;123;105;129;123;89;137;247;276;320;304;370;194;59;3050
18;Örebro län;82;Askersund;11703;Rådhuset, Askersund;60;78;85;0;0;84;84;87;109;122;0;0;165;135;196;240;204;122;39;1810
18;Örebro län;82;Askersund;9792;ICA Nära, Åsbro;0;20;13;0;0;20;20;0;20;20;0;0;36;60;40;0;117;0;0;366
18;Örebro län;83;Karlskoga;10407;Solbringens servicehus;0;0;0;0;0;0;0;0;0;0;0;43;0;0;0;0;0;0;0;43
18;Örebro län;83;Karlskoga;10408;Lötängens vårdboende;0;0;0;0;0;0;0;0;0;0;0;13;0;0;0;0;0;0;0;13
18;Örebro län;83;Karlskoga;10420;Geologen servicehus;0;0;0;0;0;0;0;0;0;0;0;23;0;0;0;0;0;0;0;23
18;Örebro län;83;Karlskoga;10422;Skrantahöjden sjukhem;0;0;0;0;0;0;0;0;0;0;0;7;0;0;0;0;0;0;0;7
18;Örebro län;83;Karlskoga;10423;Saxlyckan sjukhem;0;0;0;0;0;0;0;0;0;0;0;11;0;0;0;0;0;0;0;11
18;Örebro län;83;Karlskoga;10425;Torpdalen Servicehus;0;0;0;0;0;0;0;0;0;0;0;0;0;0;0;0;0;0;0;0
18;Örebro län;83;Karlskoga;10450;Björkliden servicehus;0;0;0;0;0;0;0;0;0;0;0;7;0;0;0;0;0;0;0;7
18;Örebro län;83;Karlskoga;10451;Karlskoga lasarett;0;0;0;0;0;0;0;0;0;0;0;8;0;0;0;0;0;0;0;8
18;Örebro län;83;Karlskoga;10452;Anstalten Karlskoga;0;0;0;0;0;0;0;0;36;0;0;0;0;0;0;0;0;0;0;36
18;Örebro län;83;Karlskoga;12745;Karlskoga Bibliotek;167;196;137;87;11;172;163;174;211;232;160;13;338;333;373;430;551;166;0;3914
18;Örebro län;83;Karlskoga;9531;Karlskoga lasarett;55;79;76;0;0;108;99;95;95;95;0;0;124;153;140;156;170;0;0;1445
18;Örebro län;83;Karlskoga;9532;Bergmästaren äldreboende;86;67;53;0;0;58;67;64;82;77;0;0;91;82;111;102;99;0;59;1098
18;Örebro län;84;Nora;12222;Biblioteket;35;36;50;28;0;44;43;66;63;49;32;0;128;86;140;89;115;76;0;1080
18;Örebro län;84;Nora;13511;ICA Norahallen;39;53;34;22;27;45;63;83;56;66;55;72;85;110;115;134;144;134;64;1401
18;Örebro län;84;Nora;7161;Tullbackagården;0;0;0;0;0;0;0;0;0;0;0;25;0;0;0;0;0;0;0;25
18;Örebro län;84;Nora;7162;Hagby Ängar, Sandtäppan;0;0;0;0;0;0;0;0;0;0;0;26;0;0;0;0;0;0;0;26
18;Örebro län;84;Nora;7163;Älvstorps vårdhem;0;0;0;0;0;0;0;0;0;0;0;26;0;0;0;0;0;0;0;26
18;Örebro län;84;Nora;8833;Tingshuset;13;6;14;0;0;24;25;14;20;13;0;0;18;19;30;21;30;0;24;271
18;Örebro län;85;Lindesberg;13524;Mosebacke;0;0;0;0;0;0;0;0;0;0;0;0;3;9;11;14;5;0;0;42
18;Örebro län;85;Lindesberg;14176;Navet;0;0;0;0;0;0;0;0;0;0;0;0;0;0;0;0;0;0;0;0
18;Örebro län;85;Lindesberg;14177;Löa Bygdegård;0;0;0;0;0;0;0;0;0;0;0;0;0;0;0;0;0;0;0;0
18;Örebro län;85;Lindesberg;7164;Lindesbergs lasarett;0;0;0;0;0;0;0;0;0;0;0;0;0;0;42;0;0;0;0;42
18;Örebro län;85;Lindesberg;7165;Hinseberg;0;0;0;0;0;0;0;0;0;0;0;0;49;0;0;0;0;0;0;49
18;Örebro län;85;Lindesberg;9624;Tallåsen;0;0;0;0;0;0;0;0;0;0;0;0;9;0;0;0;0;0;0;9
18;Örebro län;85;Lindesberg;9634;Biblioteket;134;134;152;77;0;181;203;204;196;249;149;0;310;346;332;401;258;259;148;3733
18;Örebro län;85;Lindesberg;9641;Tallen;0;0;0;0;0;50;55;50;70;56;0;0;114;119;103;112;80;0;0;809
18;Örebro län;85;Lindesberg;9645;Grönbodahemmet;0;0;0;0;0;0;0;0;0;0;0;0;67;57;56;36;31;0;0;247
18;Örebro län;85;Lindesberg;9647;Ekgården;0;0;0;0;0;39;29;22;36;17;0;0;64;51;82;83;52;0;0;475
19;Västmanlands län;04;Skinnskatteberg;13052;Ekorrens förskola;0;0;0;0;0;0;0;0;0;0;0;0;0;0;0;0;0;0;187;187
19;Västmanlands län;04;Skinnskatteberg;13480;Nyhammars förskola;0;0;0;0;0;0;0;0;0;0;0;0;0;0;0;0;0;0;237;237
19;Västmanlands län;04;Skinnskatteberg;9490;Kommunhuset;45;28;35;19;0;34;50;35;66;62;49;0;100;96;109;100;174;61;58;1121
19;Västmanlands län;07;Surahammar;12383;Kommunkontoret, Surahammar;0;0;0;0;0;0;0;0;0;0;0;0;0;0;0;0;0;0;0;0
19;Västmanlands län;07;Surahammar;8700;Biblioteket Surahammar;58;80;45;24;0;80;92;94;108;70;35;0;133;160;167;153;164;0;68;1531
19;Västmanlands län;07;Surahammar;8701;Biblioteket Städet;21;12;5;9;0;12;17;13;16;17;13;0;34;23;33;28;24;19;0;296
19;Västmanlands län;07;Surahammar;8702;Biblioteket Virsbo;16;11;8;1;0;13;11;27;23;23;9;0;37;33;30;28;26;23;0;319
19;Västmanlands län;60;Kungsör;10035;Fritidsgården Valskog;11;0;0;0;0;0;0;39;0;0;0;0;0;0;69;0;0;0;0;119
19;Västmanlands län;60;Kungsör;10039;Biblioteket Kungsör;68;59;79;21;0;84;111;135;90;86;78;0;211;183;230;163;220;104;26;1948
19;Västmanlands län;60;Kungsör;10049;Misteln;0;0;0;0;0;0;0;0;0;0;0;37;0;0;0;0;0;0;0;37
19;Västmanlands län;60;Kungsör;13846;Torpa bygdegård;0;0;0;0;0;0;0;0;0;0;0;0;0;0;0;0;0;0;104;104
19;Västmanlands län;60;Kungsör;7177;Södergården;0;0;0;0;0;0;0;0;0;0;0;17;0;0;0;0;0;0;0;17
19;Västmanlands län;60;Kungsör;7178;Tallåsgården;0;0;0;0;0;0;0;0;0;0;0;10;0;0;0;0;0;0;0;10
19;Västmanlands län;61;Hallstahammar;12956;Biblioteket i Hallstahammar;128;117;106;46;0;161;128;129;149;179;86;0;274;219;262;313;358;139;97;2891
19;Västmanlands län;61;Hallstahammar;14101;Kantzowska gymnasiet;0;0;0;0;0;0;0;15;0;0;0;0;0;0;0;0;0;0;0;15
19;Västmanlands län;61;Hallstahammar;7179;Ädelstenen;0;0;0;0;0;0;0;0;0;0;0;15;0;0;0;0;0;0;0;15
19;Västmanlands län;61;Hallstahammar;7180;Hästhoven;0;0;0;0;0;0;0;0;0;0;0;16;0;0;0;0;0;0;0;16
19;Västmanlands län;61;Hallstahammar;7181;Lövåsen;0;0;0;0;0;0;0;0;0;0;0;18;0;0;0;0;0;0;0;18
19;Västmanlands län;61;Hallstahammar;7182;Strandgården;0;0;0;0;0;0;0;0;0;0;0;12;0;0;0;0;0;0;0;12
19;Västmanlands län;61;Hallstahammar;9740;IOGT-NTO-lokalen;11;0;39;0;0;27;0;45;0;61;0;0;72;0;100;0;99;0;34;488
19;Västmanlands län;62;Norberg;7183;Granbacken;0;0;0;0;0;0;0;0;0;0;0;11;0;0;0;0;0;0;0;11
19;Västmanlands län;62;Norberg;7185;Resedan;0;0;0;0;0;0;0;0;0;0;0;14;0;0;0;0;0;0;0;14
19;Västmanlands län;62;Norberg;9853;Biblioteket;50;66;36;26;0;83;57;67;98;77;42;0;135;131;159;155;163;92;47;1484
19;Västmanlands län;80;Västerås;12144;Coop Forum, Stenby;215;246;210;161;0;257;239;276;295;326;264;0;554;461;597;622;689;642;0;6054
19;Västmanlands län;80;Västerås;13777;Valbussen - Dingtuna Torg;15;0;0;0;0;0;0;35;0;0;0;0;43;0;0;0;26;0;0;119
19;Västmanlands län;80;Västerås;13778;Valbussen - ICA Hökåsen;0;0;25;0;0;0;0;48;0;0;0;0;0;53;0;46;0;0;0;172
19;Västmanlands län;80;Västerås;13779;Valbussen - ICA Maxi Hälla;74;59;82;159;0;104;130;106;150;123;189;0;214;205;274;342;324;471;0;3006
19;Västmanlands län;80;Västerås;13780;Valbussen - ICA Sjöhagen;52;0;0;0;0;36;0;0;0;97;0;0;0;110;0;46;0;0;0;341
19;Västmanlands län;80;Västerås;13781;Valbussen - Karlfeldtsplatsen;0;19;0;0;0;0;28;0;37;0;0;0;0;0;0;0;77;0;0;161
19;Västmanlands län;80;Västerås;13782;Valbussen - Pettersbergs Centrum;0;0;55;0;0;0;66;0;33;0;0;0;34;0;89;0;0;0;0;277
19;Västmanlands län;80;Västerås;13783;Valbussen - Irstamacken;0;55;0;0;0;45;0;0;0;34;0;0;0;0;59;0;0;0;0;193
19;Västmanlands län;80;Västerås;13785;ICA Maxi Erikslund;135;198;212;135;0;192;186;207;264;352;285;0;421;445;504;613;797;703;0;5649
19;Västmanlands län;80;Västerås;13832;Amica Restaurang Lugna Gatan;0;0;0;0;0;0;0;0;0;0;0;0;18;32;26;39;28;0;0;143
19;Västmanlands län;80;Västerås;13835;Skallbergets Servicehus;0;0;0;0;0;0;0;0;0;0;0;63;0;0;0;0;0;0;0;63
19;Västmanlands län;80;Västerås;14073;Mälarhemmet "Mälarkoti";0;0;0;0;0;0;0;0;0;0;8;0;0;0;0;0;0;0;0;8
19;Västmanlands län;80;Västerås;7186;Centrallasarettet;0;0;0;0;0;0;0;0;0;0;0;0;0;0;0;0;0;69;0;69
19;Västmanlands län;80;Västerås;7187;Häktet i Västerås;0;0;0;0;0;0;0;0;0;0;0;19;0;0;0;0;0;0;0;19
19;Västmanlands län;80;Västerås;7188;Kriminalvårdsanstalten i Tillberga;0;0;0;0;0;0;0;0;0;0;0;37;0;0;0;0;0;0;0;37
19;Västmanlands län;80;Västerås;7189;Flodinsgården;0;0;0;0;0;0;0;0;0;0;0;40;0;0;0;0;0;0;0;40
19;Västmanlands län;80;Västerås;7190;Gideonsbergs Servicehus;0;0;0;0;0;0;0;0;0;0;0;35;0;0;0;0;0;0;0;35
19;Västmanlands län;80;Västerås;7191;Gryta Korttidsboende;0;0;0;0;0;0;0;0;0;0;0;19;0;0;0;0;0;0;0;19
19;Västmanlands län;80;Västerås;7195;Vallby Servicehus;0;0;0;0;0;0;0;0;0;0;0;37;0;0;0;0;0;0;0;37
19;Västmanlands län;80;Västerås;7196;Karlslunds Servicehus;0;0;0;0;0;0;0;0;0;0;0;56;0;0;0;0;0;0;0;56
19;Västmanlands län;80;Västerås;7197;Vallonen Servicehus;0;0;0;0;0;0;0;0;0;0;0;20;0;0;0;0;0;0;0;20
19;Västmanlands län;80;Västerås;7198;Eriksborgs Ålderdomshem/Änglamarken;0;0;0;0;0;0;0;0;0;0;0;26;0;0;0;0;0;0;0;26
19;Västmanlands län;80;Västerås;9397;Stadshuset;92;84;56;0;0;60;51;103;98;93;0;0;171;138;165;193;255;0;473;2032
19;Västmanlands län;80;Västerås;9398;Stadsbiblioteket;248;202;192;197;0;242;210;236;205;262;288;0;380;380;487;483;614;619;0;5245
19;Västmanlands län;80;Västerås;9399;Bäckby bibliotek;96;96;93;0;0;124;118;112;91;110;0;0;177;181;192;196;203;0;0;1789
19;Västmanlands län;80;Västerås;9400;Skiljebo bibliotek;153;171;152;0;0;186;182;188;169;170;0;0;274;229;302;294;333;0;0;2803
19;Västmanlands län;80;Västerås;9401;Viksängs bibliotek;129;117;136;0;0;152;170;123;107;164;0;0;251;227;215;219;263;0;0;2273
19;Västmanlands län;80;Västerås;9402;Önsta-Gryta bibliotek;55;58;44;0;129;72;44;72;52;99;0;0;150;101;135;143;180;0;0;1334
19;Västmanlands län;80;Västerås;9403;Råby bibliotek;88;91;69;0;0;134;87;113;77;93;0;0;139;133;148;174;215;0;0;1561
19;Västmanlands län;80;Västerås;9404;Skultuna bibliotek;28;69;28;0;0;41;26;41;57;24;0;0;87;33;69;108;46;0;0;657
19;Västmanlands län;80;Västerås;9405;Tillberga bibliotek;28;11;10;0;0;17;12;28;11;17;0;0;43;8;91;38;46;0;0;360
19;Västmanlands län;80;Västerås;9408;Vallby Bokstuga;42;28;34;0;0;44;19;27;30;34;0;0;68;43;62;69;98;0;0;598
19;Västmanlands län;80;Västerås;9411;Mälardalens högskola;14;15;14;0;0;28;24;28;35;22;0;0;35;65;73;105;140;0;0;598
19;Västmanlands län;80;Västerås;9502;Hammarby Servicehus;0;0;0;0;0;0;0;0;0;0;0;30;0;0;0;0;0;0;0;30
19;Västmanlands län;80;Västerås;9503;Lövsångargården Ålderdomshem;0;0;0;0;0;0;0;0;0;0;0;9;0;0;0;0;0;0;0;9
19;Västmanlands län;80;Västerås;9504;Parkgården Servicehus/Ålderdomshem;0;0;0;0;0;0;0;0;0;0;0;26;0;0;0;0;0;0;0;26
19;Västmanlands län;81;Sala;12300;Rättspsykiatri Västmanland;0;0;0;0;0;0;0;0;0;0;0;0;0;0;15;0;0;0;0;15
19;Västmanlands län;81;Sala;12302;Jakobsbergsgården;0;0;0;0;0;35;20;22;30;34;16;0;31;65;59;44;82;36;0;474
19;Västmanlands län;81;Sala;12303;Möklintagården;8;2;8;5;0;9;10;12;6;6;13;0;12;24;16;15;23;18;0;187
19;Västmanlands län;81;Sala;12304;Ransta lanthandel;0;0;0;0;0;10;17;11;8;7;9;11;19;33;25;39;94;0;0;283
19;Västmanlands län;81;Sala;12306;Norrby församlingshem;0;0;0;0;0;0;0;0;0;0;0;0;0;0;0;0;0;0;161;161
19;Västmanlands län;81;Sala;12307;Kilbo skola;0;0;0;0;0;0;0;0;0;0;0;0;0;0;0;0;0;0;294;294
19;Västmanlands län;81;Sala;12308;Sätra Brunn förskola;0;0;0;0;0;0;0;0;0;0;0;0;0;0;0;0;0;0;236;236
19;Västmanlands län;81;Sala;12362;Kriminalvårdsanstalten Salberga;0;0;0;0;0;0;0;0;0;0;0;0;31;101;0;0;2;0;0;134
19;Västmanlands län;81;Sala;14022;Kungsängsgymnasiet;0;0;0;0;0;0;0;0;0;0;0;0;0;7;6;14;0;0;0;27
19;Västmanlands län;81;Sala;14032;COOP Extra;0;0;0;0;0;0;0;0;0;0;0;0;0;0;56;57;100;147;0;360
19;Västmanlands län;81;Sala;14033;Willys;0;0;0;0;0;0;0;0;0;0;0;0;29;34;39;68;0;0;0;170
19;Västmanlands län;81;Sala;14034;Åkrahallen;0;0;0;0;0;0;0;0;0;0;0;0;0;0;44;74;120;207;0;445
19;Västmanlands län;81;Sala;14052;Gallerian;13;22;28;35;0;27;18;47;0;0;0;0;59;65;70;69;0;0;0;453
19;Västmanlands län;81;Sala;14054;Tärna folkhögskola;0;0;0;0;0;0;0;0;0;0;0;0;0;0;28;0;0;0;0;28
19;Västmanlands län;81;Sala;9817;Stadsbiblioteket;96;127;120;77;0;125;144;146;181;180;124;0;281;305;287;261;335;192;93;3074
19;Västmanlands län;81;Sala;9818;Björkgården;9;8;9;16;0;8;11;8;5;17;15;0;28;24;42;51;46;25;0;322
19;Västmanlands län;82;Fagersta;13896;Brinellskolans aula;0;0;0;0;0;0;0;0;0;0;0;0;5;6;9;13;32;0;0;65
19;Västmanlands län;82;Fagersta;7205;Koltrasten;0;0;0;0;0;0;0;0;0;0;14;0;0;0;0;0;0;0;0;14
19;Västmanlands län;82;Fagersta;7206;Stolpvreten;0;0;0;0;0;0;0;0;0;0;35;0;0;0;0;0;0;0;0;35
19;Västmanlands län;82;Fagersta;7207;Malmen;0;0;0;0;0;0;0;0;0;0;41;0;0;0;0;0;0;0;0;41
19;Västmanlands län;82;Fagersta;7209;Solliden;0;0;0;0;0;0;0;0;0;0;14;0;0;0;0;0;0;0;0;14
19;Västmanlands län;82;Fagersta;8693;Sveasalongen;0;0;0;0;0;47;47;43;57;45;0;0;107;92;108;95;152;0;0;793
19;Västmanlands län;82;Fagersta;8981;Biblioteket;104;77;107;0;0;156;103;98;132;119;106;0;191;198;203;176;289;149;51;2259
19;Västmanlands län;82;Fagersta;9495;Sockenstugan, Västervåla;0;0;0;0;0;0;0;0;0;0;0;0;0;0;0;0;0;0;140;140
19;Västmanlands län;83;Köping;12746;Biblioteket, Köping;146;140;128;0;0;217;208;225;258;228;0;0;424;356;435;419;424;296;0;3904
19;Västmanlands län;83;Köping;12747;Biblioteket, Kolsva;21;32;23;0;0;52;47;44;83;66;0;0;89;88;94;81;109;101;0;930
19;Västmanlands län;83;Köping;12751;Himmeta skola;0;0;0;0;0;0;0;0;0;0;0;0;0;0;0;0;0;0;155;155
19;Västmanlands län;83;Köping;12752;Odensvigården;0;0;0;0;0;0;0;0;0;0;0;0;0;0;0;0;0;0;244;244
19;Västmanlands län;83;Köping;13845;Turistbyrån;45;50;63;0;0;83;63;55;78;99;0;0;138;128;110;130;169;0;27;1238
19;Västmanlands län;83;Köping;13888;Almen;0;0;0;0;0;0;0;0;0;0;0;7;0;0;0;0;0;0;0;7
19;Västmanlands län;83;Köping;14152;Ullvigymnasiet;0;0;0;0;0;0;0;0;4;0;0;0;0;0;0;0;0;0;0;4
19;Västmanlands län;83;Köping;7210;Nygården;0;0;0;0;0;0;0;0;0;0;0;22;0;0;0;0;0;0;0;22
19;Västmanlands län;83;Köping;7212;Sorbygården;0;0;0;0;0;0;0;0;0;0;0;0;9;0;0;0;0;0;0;9
19;Västmanlands län;83;Köping;7213;Ängslund-Hagaberg;0;0;0;0;0;0;0;0;0;0;0;13;0;0;0;0;0;0;0;13
19;Västmanlands län;83;Köping;7214;Köpings lasarett;0;0;0;0;0;0;0;0;0;0;0;2;0;0;0;0;0;0;0;2
19;Västmanlands län;83;Köping;7215;Ekliden;0;0;0;0;0;0;0;0;0;0;0;0;3;0;0;0;0;0;0;3
19;Västmanlands län;83;Köping;9825;Västra Skedvi Bygdegård;0;0;0;0;0;0;0;0;0;0;0;0;0;0;0;0;0;0;116;116
19;Västmanlands län;84;Arboga;11950;Medåkers skola;0;0;0;0;0;0;0;0;0;0;0;0;0;0;0;0;0;0;279;279
19;Västmanlands län;84;Arboga;7216;Trädgården;0;0;0;0;0;0;0;0;0;0;0;9;0;0;0;0;0;0;0;9
19;Västmanlands län;84;Arboga;7217;Hällbacken;0;0;0;0;0;0;0;0;0;0;0;21;0;0;0;0;0;0;0;21
19;Västmanlands län;84;Arboga;7218;Götgården;0;0;0;0;0;0;0;0;0;0;0;5;0;0;0;0;0;0;0;5
19;Västmanlands län;84;Arboga;7219;Strömsborg;0;0;0;0;0;0;0;0;0;0;0;0;13;0;0;0;0;0;0;13
19;Västmanlands län;84;Arboga;7220;Strandgården;0;0;0;0;0;0;0;0;0;0;0;0;23;0;0;0;0;0;0;23
19;Västmanlands län;84;Arboga;7923;Arboga stadsbibliotek;123;104;94;58;0;187;162;161;166;177;107;0;296;290;378;389;399;177;76;3344
20;Dalarnas län;21;Vansbro;13793;Ordenshuset Hulån;0;0;0;0;0;0;0;0;0;0;0;0;0;0;0;0;0;0;81;81
20;Dalarnas län;21;Vansbro;13794;Ordenshuset Uppsälje;0;0;0;0;0;0;0;0;0;0;0;0;0;0;0;0;0;0;80;80
20;Dalarnas län;21;Vansbro;9074;Biblioteket Vansbro;35;49;36;0;0;47;53;70;63;72;0;0;140;137;138;147;200;101;23;1311
20;Dalarnas län;21;Vansbro;9075;Biblioteket Dala-Järna;0;0;0;0;0;0;59;0;93;0;0;0;0;97;0;135;0;0;13;397
20;Dalarnas län;23;Malung-Sälen;12723;Tyngsjö bygdegård;0;0;0;0;0;0;0;0;0;0;0;0;0;0;0;0;0;0;49;49
20;Dalarnas län;23;Malung-Sälen;13114;IOGT/NTO-Gården;0;0;0;0;0;0;0;0;0;0;0;0;0;0;0;0;0;0;7;7
20;Dalarnas län;23;Malung-Sälen;13678;Ungärde skola;0;0;0;0;0;0;0;0;0;0;0;0;0;0;0;0;0;0;2;2
20;Dalarnas län;23;Malung-Sälen;13847;Hole Bystuga;0;0;0;0;0;0;0;0;0;0;0;0;0;0;0;0;0;0;0;0
20;Dalarnas län;23;Malung-Sälen;13850;Malungsfors skola;0;0;0;0;0;0;0;0;0;0;0;0;0;0;0;0;0;0;0;0
20;Dalarnas län;23;Malung-Sälen;13851;Yttermalungs skola;0;0;0;0;0;0;0;0;0;0;0;0;0;0;0;0;0;0;0;0
20;Dalarnas län;23;Malung-Sälen;13853;Blomsterbäcksskolan;0;0;0;0;0;0;0;0;0;0;0;0;0;0;0;0;0;0;2;2
20;Dalarnas län;23;Malung-Sälen;9453;Malungs bibliotek;69;67;86;34;0;73;95;84;126;121;55;0;175;220;231;295;283;141;0;2155
20;Dalarnas län;23;Malung-Sälen;9456;Skålmogårdens äldreboende;0;0;25;0;0;0;27;0;0;35;0;0;0;41;0;0;108;0;0;236
20;Dalarnas län;23;Malung-Sälen;9458;Transtrands bibliotek;13;11;0;16;0;11;27;34;32;0;35;0;41;70;69;82;0;60;0;501
20;Dalarnas län;23;Malung-Sälen;9460;Rörbäcksnäs skola;0;0;0;0;0;0;0;0;0;0;0;0;0;0;0;0;0;0;113;113
20;Dalarnas län;23;Malung-Sälen;9461;Kooperativet Dalen, Sörsjön;0;0;0;0;0;0;0;0;0;0;0;0;0;0;0;0;0;0;63;63
20;Dalarnas län;23;Malung-Sälen;9462;Öje centrumhus;0;0;0;0;0;0;0;0;0;0;0;0;0;0;0;0;0;0;85;85
20;Dalarnas län;23;Malung-Sälen;9466;Olnispagården;0;0;0;0;0;0;0;0;0;0;0;0;0;0;0;0;0;0;19;19
20;Dalarnas län;26;Gagnef;8785;Biblioteket Djurås;12;23;7;0;0;11;26;11;25;29;0;0;49;33;33;71;52;0;0;382
20;Dalarnas län;26;Gagnef;8786;Biblioteket Björbo;0;14;0;0;0;19;0;0;22;0;0;0;44;0;0;13;0;0;0;112
20;Dalarnas län;26;Gagnef;8787;Biblioteket Dala-Floda;9;16;0;0;0;0;26;11;9;0;0;0;0;37;14;24;0;0;0;146
20;Dalarnas län;26;Gagnef;8788;Biblioteket Gagnef;7;8;0;0;0;0;8;7;10;0;0;0;0;13;7;25;0;0;0;85
20;Dalarnas län;26;Gagnef;8789;Biblioteket Mockfjärd;12;41;0;0;0;30;20;13;47;0;0;0;72;41;29;89;0;0;0;394
20;Dalarnas län;26;Gagnef;8790;OK-Q8  Djurås Centrum;23;29;38;16;15;34;38;36;42;54;32;77;85;109;120;122;187;179;85;1321
20;Dalarnas län;29;Leksand;12859;Leksands bibliotek;69;90;95;39;0;106;85;121;138;122;68;0;160;180;213;252;291;140;0;2169
20;Dalarnas län;29;Leksand;12893;Insjöns bibliotek;13;40;0;0;0;0;29;15;48;0;0;0;0;91;21;115;0;0;0;372
20;Dalarnas län;29;Leksand;12913;OKQ8;19;42;32;33;40;36;29;46;42;54;63;87;73;84;96;134;174;251;138;1473
20;Dalarnas län;29;Leksand;13056;Kulturhuset i Rättvik;0;0;0;0;0;0;0;0;0;0;0;0;0;0;0;0;0;0;0;0
20;Dalarnas län;29;Leksand;13879;Siljansnäs sockenkontor;7;22;11;0;0;10;10;6;23;16;0;0;16;41;17;32;42;0;0;253
20;Dalarnas län;31;Rättvik;12973;Kommunhuset;0;1;1;0;0;2;2;4;0;2;0;0;2;2;4;4;3;0;0;27
20;Dalarnas län;31;Rättvik;13774;Stiernhööksgymnasiet;0;0;0;0;0;0;0;0;0;0;0;0;3;21;0;0;0;0;0;24
20;Dalarnas län;31;Rättvik;7232;Enåbackens servicehus;0;0;0;0;0;0;0;0;0;0;0;0;1;2;1;7;1;0;0;12
20;Dalarnas län;31;Rättvik;7233;Enådal Servicehus;0;0;0;0;0;0;0;0;0;0;0;0;10;10;13;11;8;0;0;52
20;Dalarnas län;31;Rättvik;7234;Prästskogen Servicehus;0;0;0;0;0;0;0;0;0;0;0;0;5;6;6;4;3;0;0;24
20;Dalarnas län;31;Rättvik;7235;Backåkern Servicehus;0;0;0;0;0;0;0;0;0;0;0;9;0;0;0;0;0;0;0;9
20;Dalarnas län;31;Rättvik;7236;Orestrand Servicehus;0;0;0;0;0;0;0;0;0;0;0;7;0;0;0;0;0;0;0;7
20;Dalarnas län;31;Rättvik;9004;Söderås skola;0;0;0;0;0;0;0;0;0;0;0;0;0;0;0;0;0;0;136;136
20;Dalarnas län;31;Rättvik;9005;Backa bystuga;0;0;0;0;0;0;0;0;0;0;0;0;0;0;0;0;0;0;162;162
20;Dalarnas län;31;Rättvik;9006;Röjeråsens bystuga;0;0;0;0;0;0;0;0;0;0;0;0;0;0;0;0;0;0;71;71
20;Dalarnas län;31;Rättvik;9007;Stumsnäs bystuga;0;0;0;0;0;0;0;0;0;0;0;0;0;0;0;0;0;0;51;51
20;Dalarnas län;31;Rättvik;9009;Bingsjö bystuga;0;0;0;0;0;0;0;0;0;0;0;0;0;0;0;0;0;0;62;62
20;Dalarnas län;31;Rättvik;9010;Ingels skola;0;0;0;0;0;0;0;0;0;0;0;0;0;0;0;0;0;0;218;218
20;Dalarnas län;31;Rättvik;9011;Dalfors bystuga;0;0;0;0;0;0;0;0;0;0;0;0;0;0;0;0;0;0;35;35
20;Dalarnas län;31;Rättvik;9013;Kulturhuset;82;121;102;53;57;129;95;129;152;127;91;116;222;215;241;291;244;228;93;2788
20;Dalarnas län;31;Rättvik;9016;Oreboden;2;18;5;5;0;13;20;17;15;21;7;0;32;36;25;18;40;26;0;300
20;Dalarnas län;34;Orsa;7237;Lillåhem;0;0;0;0;0;0;0;0;0;0;0;19;0;0;0;0;0;0;0;19
20;Dalarnas län;34;Orsa;7238;Orsagården;0;0;0;0;0;0;0;0;0;0;0;10;0;0;0;0;0;0;0;10
20;Dalarnas län;34;Orsa;7909;Kommunhuset/Tingshuset;23;71;44;0;0;71;56;84;130;98;0;0;196;161;135;285;181;112;67;1714
20;Dalarnas län;39;Älvdalen;9567;Hotell Älvdalen, Porfyrsalen;0;0;0;0;0;0;0;0;0;0;0;0;0;0;0;0;0;0;44;44
20;Dalarnas län;39;Älvdalen;9583;Kyrkbacksgården;0;0;0;0;0;0;0;0;0;0;0;0;0;0;0;0;0;0;10;10
20;Dalarnas län;39;Älvdalen;9585;Strandskolan;0;0;0;0;0;0;0;0;0;0;0;0;0;0;0;0;0;0;20;20
20;Dalarnas län;39;Älvdalen;9590;Restaurang Fjällbjörken;0;0;0;0;0;0;0;0;0;0;0;0;0;0;0;0;0;0;25;25
20;Dalarnas län;39;Älvdalen;9593;Flötningens bygdegård;0;0;0;0;0;0;0;0;0;0;0;0;0;0;0;0;0;0;24;24
20;Dalarnas län;39;Älvdalen;9600;Storsäterns skola;0;0;0;0;0;0;0;0;0;0;0;0;0;0;0;0;0;0;45;45
20;Dalarnas län;39;Älvdalen;9601;Gördalens bystuga;0;0;0;0;0;0;0;0;0;0;0;0;0;0;0;0;0;0;13;13
20;Dalarnas län;39;Älvdalen;9602;Blybergs bygdegård;0;0;0;0;0;0;0;0;0;0;0;0;0;0;0;0;0;0;68;68
20;Dalarnas län;39;Älvdalen;9605;Gamla småskolan Evertsberg;0;0;0;0;0;0;0;0;0;0;0;0;0;0;0;0;0;0;100;100
20;Dalarnas län;39;Älvdalen;9610;Klittens bystuga;0;0;0;0;0;0;0;0;0;0;0;0;0;0;0;0;0;0;66;66
20;Dalarnas län;39;Älvdalen;9611;Folkets Hus Nornäs;0;0;0;0;0;0;0;0;0;0;0;0;0;0;0;0;0;0;48;48
20;Dalarnas län;39;Älvdalen;9612;Brunnsbergs bystuga;0;0;0;0;0;0;0;0;0;0;0;0;0;0;0;0;0;0;70;70
20;Dalarnas län;39;Älvdalen;9617;Kommunalhuset i Älvdalen;8;17;24;0;0;22;14;22;23;25;0;0;29;40;38;46;50;19;0;377
20;Dalarnas län;39;Älvdalen;9618;Medborgarkontoret i Särna;6;5;8;0;0;17;4;8;16;36;0;0;24;21;28;27;61;11;0;272
20;Dalarnas län;39;Älvdalen;9620;Kommunalkontoret i Idre;11;20;18;0;0;11;19;20;20;21;0;0;29;26;34;45;41;7;0;322
20;Dalarnas län;39;Älvdalen;9622;Biblioteket i Älvdalen;12;13;10;16;0;31;15;62;30;53;51;0;101;57;105;92;129;90;0;867
20;Dalarnas län;39;Älvdalen;9623;Biblioteket i Särna;0;25;0;0;0;0;15;0;17;0;0;0;0;41;0;38;0;0;0;136
20;Dalarnas län;39;Älvdalen;9625;Biblioteket i Idre;1;3;0;0;0;9;0;4;13;0;0;0;22;0;15;26;0;0;0;93
20;Dalarnas län;61;Smedjebacken;13038;Biblioteket Söderbärke;15;33;12;26;0;22;37;24;33;23;41;0;66;53;48;43;23;34;0;533
20;Dalarnas län;61;Smedjebacken;13050;Gubbo Folkets Hus;0;0;0;0;0;0;0;0;0;0;0;0;0;0;0;0;0;0;115;115
20;Dalarnas län;61;Smedjebacken;13065;Biblioteket Smedjebacken;0;0;0;0;0;0;0;0;0;0;0;0;0;0;0;0;0;0;23;23
20;Dalarnas län;61;Smedjebacken;13066;Söderbärke Folkets Hus;0;0;0;0;0;0;0;0;0;0;0;0;0;0;0;0;0;0;11;11
20;Dalarnas län;61;Smedjebacken;13110;Malingsbo Pensionat;0;0;0;0;0;0;0;0;0;0;0;0;0;0;0;0;0;0;46;46
20;Dalarnas län;61;Smedjebacken;13941;Munkbogården;0;0;0;0;0;0;0;0;0;0;0;0;20;0;0;0;0;0;0;20
20;Dalarnas län;61;Smedjebacken;13942;Solhöjden;0;0;0;0;0;0;0;0;0;0;0;0;8;0;0;0;0;0;0;8
20;Dalarnas län;61;Smedjebacken;13943;Alllégården;0;0;0;0;0;0;0;0;0;0;0;0;0;12;0;0;0;0;0;12
20;Dalarnas län;61;Smedjebacken;14148;Hedgården Söderbärke;0;0;0;0;0;0;0;17;0;0;0;0;0;0;0;0;0;0;0;17
20;Dalarnas län;61;Smedjebacken;8292;Kommunhuset Smedjebacken;53;89;100;44;0;113;112;115;116;94;67;0;173;208;191;243;281;115;0;2114
20;Dalarnas län;61;Smedjebacken;8295;Snöå Skola;0;0;0;0;0;0;0;0;0;0;0;0;0;0;0;0;0;0;69;69
20;Dalarnas län;62;Mora;13482;Mora bibliotek;117;125;132;74;0;156;151;192;212;235;183;0;414;399;446;479;587;263;0;4165
20;Dalarnas län;62;Mora;13483;Handlarn i Venjan;0;0;0;0;0;0;0;0;0;0;0;0;17;24;12;27;17;12;0;109
20;Dalarnas län;62;Mora;8742;Handlarn i Våmhus;0;0;0;0;0;0;0;0;0;0;0;0;35;39;38;46;73;51;0;282
20;Dalarnas län;62;Mora;8743;Konsum Sollerön;0;0;0;0;0;0;0;0;0;0;0;0;44;36;30;33;43;63;0;249
20;Dalarnas län;62;Mora;8749;Garsås bygdegård;0;0;0;0;0;0;0;0;0;0;0;0;0;0;0;0;0;0;0;0
20;Dalarnas län;62;Mora;8750;Nusnäs bygdegård;0;0;0;0;0;0;0;0;0;0;0;0;0;0;0;0;0;0;0;0
20;Dalarnas län;62;Mora;8752;Andreasgården;0;0;0;0;0;0;0;0;0;0;0;0;0;0;0;0;0;0;61;61
20;Dalarnas län;62;Mora;8753;Venjans kommunalhus;0;0;0;0;0;0;0;0;0;0;0;0;0;0;0;0;0;0;4;4
20;Dalarnas län;62;Mora;8754;Siknäs bygdegård;0;0;0;0;0;0;0;0;0;0;0;0;0;0;0;0;0;0;2;2
20;Dalarnas län;62;Mora;8756;Oxbergsgården;0;0;0;0;0;0;0;0;0;0;0;0;0;0;0;0;0;0;1;1
20;Dalarnas län;62;Mora;9048;Selja-Långlets bygdegård;0;0;0;0;0;0;0;0;0;0;0;0;0;0;0;0;0;0;2;2
20;Dalarnas län;80;Falun;13658;Kristinegården, Falun;51;40;60;49;0;88;53;68;61;90;66;0;114;100;143;129;171;183;0;1466
20;Dalarnas län;80;Falun;9671;Bjursås Bibliotek;12;10;0;0;0;32;16;43;44;0;0;0;94;49;78;51;0;0;0;429
20;Dalarnas län;80;Falun;9672;Sågmyra Bibliotek;0;36;0;0;0;0;39;0;43;0;0;0;0;46;0;80;0;0;0;244
20;Dalarnas län;80;Falun;9673;Grycksbo Bibliotek;10;25;0;0;0;40;16;22;52;0;0;0;68;39;23;95;0;0;0;390
20;Dalarnas län;80;Falun;9674;Envikens Bibliotek;11;18;0;0;0;32;0;31;20;0;0;0;76;0;37;44;0;0;0;269
20;Dalarnas län;80;Falun;9675;Svärdsjö Bibliotek;46;66;0;0;0;83;35;70;77;0;0;0;136;68;98;158;0;0;0;837
20;Dalarnas län;80;Falun;9676;Sundborns Bibliotek;8;38;0;0;0;9;22;36;51;0;0;0;36;29;25;80;0;0;0;334
20;Dalarnas län;80;Falun;9677;Näs Bibliotek;0;65;0;0;0;44;64;0;52;0;0;0;30;138;0;146;0;0;0;539
20;Dalarnas län;80;Falun;9678;Vika Bibliotek;9;14;0;0;0;12;0;17;22;0;0;0;55;0;16;61;0;0;0;206
20;Dalarnas län;80;Falun;9679;Stadsbiblioteket, Falun;257;332;287;173;0;445;384;469;496;532;315;0;798;744;988;950;1150;570;0;8890
20;Dalarnas län;80;Falun;9681;Rådhuset, Falun;0;0;0;0;0;0;0;0;0;0;0;0;0;0;0;0;0;0;132;132
20;Dalarnas län;80;Falun;9985;Åsgården;0;0;0;0;0;0;0;0;0;0;0;0;0;0;0;0;0;0;93;93
20;Dalarnas län;80;Falun;9986;Toftaskolan;0;0;0;0;0;0;0;0;0;0;0;0;0;0;0;0;0;0;166;166
20;Dalarnas län;81;Borlänge;7246;Hagalundshuset;0;0;0;0;0;0;0;0;0;0;0;50;0;0;0;0;0;0;0;50
20;Dalarnas län;81;Borlänge;7247;Hällsjöhemmet;0;0;0;0;0;0;0;0;0;0;0;38;0;0;0;0;0;0;0;38
20;Dalarnas län;81;Borlänge;7248;Tunagården;0;0;0;0;0;0;0;0;0;0;0;19;0;0;0;0;0;0;0;19
20;Dalarnas län;81;Borlänge;7249;Åkershem;0;0;0;0;0;0;0;0;0;0;0;38;0;0;0;0;0;0;0;38
20;Dalarnas län;81;Borlänge;9547;Stadshuset Borlänge kommun;140;160;151;0;0;167;161;154;183;164;50;0;325;301;328;377;546;448;152;3807
20;Dalarnas län;81;Borlänge;9549;Huvudbiblioteket;248;330;275;0;0;378;314;318;346;349;239;0;576;561;625;679;827;334;0;6399
20;Dalarnas län;81;Borlänge;9551;Folkets Hus - Kvarnsveden;0;0;0;0;0;131;89;81;80;78;0;0;147;132;138;117;128;0;0;1121
20;Dalarnas län;81;Borlänge;9557;Församlingsgården Jakobsgården;0;0;0;0;0;50;43;53;42;62;0;0;77;85;97;109;105;0;0;723
20;Dalarnas län;81;Borlänge;9599;Idkerbergets skola;0;0;0;0;0;0;0;0;0;0;0;0;0;0;0;0;0;0;0;0
20;Dalarnas län;82;Säter;12795;Säters Sjukhus;0;0;0;0;0;0;0;0;0;0;0;0;23;0;0;0;0;0;0;23
20;Dalarnas län;82;Säter;13996;Stora Skedvi bibliotek;17;22;0;0;0;0;7;20;32;0;0;0;0;28;43;87;0;0;0;256
20;Dalarnas län;82;Säter;13997;Gustafs bibliotek;23;20;0;0;0;57;0;37;25;0;0;0;97;0;77;50;0;0;0;386
20;Dalarnas län;82;Säter;8838;Säters bibliotek;51;84;86;49;0;102;83;137;125;140;85;0;194;219;221;237;283;141;77;2314
20;Dalarnas län;82;Säter;8840;Församlingssalen i Grängshammar;0;0;0;0;0;0;0;0;0;0;0;0;0;0;0;0;0;0;107;107
20;Dalarnas län;83;Hedemora;12830;Vikmanshyttans Folket Hus;0;0;0;0;0;0;0;0;0;0;0;0;0;0;92;89;29;0;0;210
20;Dalarnas län;83;Hedemora;13831;Långshyttan, g:a kommunalhuset;0;0;0;0;0;0;0;0;0;0;0;0;0;0;190;167;65;0;0;422
20;Dalarnas län;83;Hedemora;8826;Receptionen Tjädernhuset;87;101;108;0;0;126;117;96;221;208;66;0;254;251;283;410;389;140;62;2919
20;Dalarnas län;83;Hedemora;8830;Garpenbergs centrum;0;0;0;0;0;0;0;0;0;0;0;0;0;36;36;28;0;0;0;100
20;Dalarnas län;84;Avesta;7266;Balders;0;0;0;0;0;0;0;0;0;0;0;19;0;0;0;0;0;0;0;19
20;Dalarnas län;84;Avesta;7269;Framnäs;0;0;0;0;0;0;0;0;0;0;0;15;0;0;0;0;0;0;0;15
20;Dalarnas län;84;Avesta;7270;Björkhagen;0;0;0;0;0;0;0;0;0;0;0;25;0;0;0;0;0;0;0;25
20;Dalarnas län;84;Avesta;7271;Tallbacken;0;0;0;0;0;0;0;0;0;0;0;22;0;0;0;0;0;0;0;22
20;Dalarnas län;84;Avesta;9629;Avesta bibliotek;226;247;244;132;0;263;232;254;276;301;172;0;418;465;427;476;582;313;0;5028
20;Dalarnas län;84;Avesta;9631;Krylbo bibliotek;25;0;34;0;0;36;0;58;0;32;0;0;42;0;60;0;37;0;0;324
20;Dalarnas län;84;Avesta;9632;Fors bibliotek;0;36;0;0;0;0;17;0;40;0;0;0;0;20;0;62;0;0;0;175
20;Dalarnas län;84;Avesta;9633;Horndals bibliotek;18;8;9;0;0;20;17;36;14;22;0;0;38;22;60;13;35;0;0;312
20;Dalarnas län;84;Avesta;9636;Skogsgläntan;0;0;0;0;0;0;0;0;0;0;0;0;34;26;25;23;38;0;0;146
20;Dalarnas län;84;Avesta;9639;Stadshuset;0;0;0;0;0;0;0;0;0;0;0;0;0;0;0;0;0;0;86;86
20;Dalarnas län;85;Ludvika;13833;Ludvika Folkets Hus;132;123;117;77;0;205;186;159;169;206;119;0;337;319;362;313;494;244;0;3562
20;Dalarnas län;85;Ludvika;13834;Ludvika lasarett;65;53;40;0;0;40;60;54;49;71;0;0;79;80;82;73;100;0;0;846
20;Dalarnas län;85;Ludvika;8910;Lorensberga bibliotek;26;30;18;0;0;55;27;23;64;29;0;0;74;68;66;131;51;0;0;662
20;Dalarnas län;85;Ludvika;8912;Fredriksbergs bibliotek;16;35;0;0;0;35;26;23;26;0;0;0;30;37;55;42;0;0;0;325
20;Dalarnas län;85;Ludvika;8913;Nyhammars bibliotek;39;27;23;0;0;0;34;30;55;30;0;0;0;110;51;99;54;0;0;552
20;Dalarnas län;85;Ludvika;8916;Grängesbergs bibliotek;47;54;40;22;0;31;71;48;59;71;31;0;135;104;130;104;132;55;0;1134
20;Dalarnas län;85;Ludvika;8948;Håksbergs förskola;0;0;0;0;0;0;0;0;0;0;0;0;0;0;0;0;0;0;214;214
20;Dalarnas län;85;Ludvika;8951;Nyhammars Folkets Hus;0;0;0;0;0;0;0;0;0;0;0;0;0;0;0;0;0;0;111;111
20;Dalarnas län;85;Ludvika;9765;Församlingsgården;0;0;0;0;0;0;0;0;0;0;0;0;0;0;0;0;0;0;77;77
21;Gävleborgs län;01;Ockelbo;10367;Informationskontoret, Ockelbo;54;69;80;0;0;70;86;80;130;119;0;0;100;120;135;214;204;115;64;1640
21;Gävleborgs län;01;Ockelbo;12364;Biblioteket, Åmotsbruk;0;0;0;0;0;0;0;0;0;0;0;0;116;69;0;0;0;0;0;185
21;Gävleborgs län;01;Ockelbo;12366;Biblioteket, Jädraås;0;0;0;0;0;0;0;0;0;0;0;0;72;47;0;0;0;0;0;119
21;Gävleborgs län;01;Ockelbo;12367;Lingbogården;0;0;0;0;0;0;0;0;0;0;0;0;109;60;0;0;0;0;0;169
21;Gävleborgs län;01;Ockelbo;12368;Åbyggeby Landsbygdscenter;0;0;0;0;0;0;0;0;0;0;0;0;17;23;0;0;0;0;0;40
21;Gävleborgs län;01;Ockelbo;13654;Bysjöstrand Äldreboende;0;0;0;0;0;0;0;0;0;0;0;0;0;17;0;0;0;0;0;17
21;Gävleborgs län;04;Hofors;13897;Björkhagsskolan;0;0;0;0;0;0;0;0;0;0;0;0;0;0;22;0;0;0;0;22
21;Gävleborgs län;04;Hofors;7277;Hesselgrenska;0;0;0;0;0;0;0;0;0;0;0;10;0;0;0;0;0;0;0;10
21;Gävleborgs län;04;Hofors;7278;Spelmannen;0;0;0;0;0;0;0;0;0;0;0;22;0;0;0;0;0;0;0;22
21;Gävleborgs län;04;Hofors;7279;Persgården;0;0;0;0;0;0;0;0;0;0;0;20;0;0;0;0;0;0;0;20
21;Gävleborgs län;04;Hofors;7280;Hantverkar´n;0;0;0;0;0;0;0;0;0;0;0;47;0;0;0;0;0;0;0;47
21;Gävleborgs län;04;Hofors;9275;Folkets Hus;83;129;130;0;0;151;159;144;134;139;78;0;217;218;276;271;331;196;20;2676
21;Gävleborgs län;04;Hofors;9276;Café Olé;0;0;0;0;0;0;28;0;59;0;0;0;0;67;0;71;0;0;0;225
21;Gävleborgs län;21;Ovanåker;8000;ICA Supermarket Edsbyhallen;22;56;55;47;43;68;75;70;88;115;53;100;141;145;172;239;283;236;84;2092
21;Gävleborgs län;21;Ovanåker;8001;ICA Supermarket Alfta;20;24;22;12;21;28;43;52;50;57;32;46;66;124;112;109;157;118;40;1133
21;Gävleborgs län;32;Nordanstig;10996;Älgeredsgården;0;0;0;0;0;0;0;0;0;0;0;0;0;0;0;0;0;0;135;135
21;Gävleborgs län;32;Nordanstig;10997;Ilsbo skola;0;0;0;0;0;0;0;0;0;0;0;0;0;0;0;0;0;0;341;341
21;Gävleborgs län;32;Nordanstig;10998;IOGT, Jättendal;0;0;0;0;0;0;0;0;0;0;0;0;0;0;0;0;0;0;289;289
21;Gävleborgs län;32;Nordanstig;10999;Folkets Hus, Stocka;0;0;0;0;0;0;0;0;0;0;0;0;0;0;0;0;0;0;189;189
21;Gävleborgs län;32;Nordanstig;11000;Strömsbruks skola;0;0;0;0;0;0;0;0;0;0;0;0;0;0;0;0;0;0;157;157
21;Gävleborgs län;32;Nordanstig;7283;Sörgården/Bållebo;0;0;0;0;0;0;0;0;0;0;0;26;0;0;0;0;0;0;0;26
21;Gävleborgs län;32;Nordanstig;7284;Bergesta;0;0;0;0;0;0;0;0;0;0;0;11;0;0;0;0;0;0;0;11
21;Gävleborgs län;32;Nordanstig;7285;Björkbacken;0;0;0;0;0;0;0;0;0;0;0;14;0;0;0;0;0;0;0;14
21;Gävleborgs län;32;Nordanstig;7286;Hagängsgården;0;0;0;0;0;0;0;0;0;0;0;30;0;0;0;0;0;0;0;30
21;Gävleborgs län;32;Nordanstig;9471;Bergsjö bibliotek;18;24;43;0;0;63;24;37;30;56;0;0;191;80;102;91;155;66;20;1000
21;Gävleborgs län;32;Nordanstig;9473;Hassela bibliotek;0;0;0;0;0;0;0;0;0;0;0;0;0;0;66;0;0;0;0;66
21;Gävleborgs län;32;Nordanstig;9474;Gnarps bibliotek;0;0;0;0;0;0;0;0;63;0;0;0;0;0;0;139;0;0;0;202
21;Gävleborgs län;32;Nordanstig;9475;Harmånger bibliotek;0;0;0;0;0;0;30;0;0;0;0;0;0;92;0;0;0;0;0;122
21;Gävleborgs län;61;Ljusdal;10535;Ljusdals Bibliotek;89;140;109;49;0;158;110;168;172;223;106;0;275;302;315;340;471;190;168;3385
21;Gävleborgs län;61;Ljusdal;10595;Los Bibliotek;1;2;0;0;0;11;11;2;23;0;0;0;10;46;13;33;0;0;0;152
21;Gävleborgs län;61;Ljusdal;10596;Ramsjö Bibliotek;0;13;0;0;0;6;0;0;13;0;0;0;23;0;0;25;0;0;0;80
21;Gävleborgs län;61;Ljusdal;13679;Bokbussen i Älvho;0;0;0;0;0;0;6;0;0;0;0;0;0;0;0;0;0;0;0;6
21;Gävleborgs län;61;Ljusdal;8654;Järvsö Bibliotek;26;24;0;0;0;25;27;45;42;0;0;0;73;69;89;84;0;0;0;504
21;Gävleborgs län;61;Ljusdal;8657;Färila Bibliotek;28;30;28;0;0;35;11;20;56;0;0;0;100;50;47;134;90;0;0;629
21;Gävleborgs län;80;Gävle;13563;Stadshuset;110;152;107;67;90;129;131;118;105;127;140;178;192;196;223;396;393;546;271;3671
21;Gävleborgs län;80;Gävle;13586;Andersbergs bibliotek;60;84;27;0;0;77;63;41;80;30;0;0;102;88;88;180;79;0;0;999
21;Gävleborgs län;80;Gävle;13591;Hille bibliotek;16;22;0;0;0;31;66;34;24;0;0;0;43;99;40;26;0;0;0;401
21;Gävleborgs län;80;Gävle;13592;Sätra bibliotek;49;145;32;0;0;50;122;42;135;0;0;0;65;251;64;247;89;0;0;1291
21;Gävleborgs län;80;Gävle;13689;Fyren, Norrsundet;0;54;0;0;0;0;34;0;42;0;0;0;0;69;0;87;0;0;0;286
21;Gävleborgs län;80;Gävle;7296;Gävle Sjukhus;62;88;106;0;0;84;102;99;117;105;0;0;190;185;147;219;300;0;0;1804
21;Gävleborgs län;80;Gävle;7981;Stadsbiblioteket;339;365;314;181;161;339;418;360;351;381;238;243;585;664;726;744;737;341;147;7634
21;Gävleborgs län;80;Gävle;7982;Gävle konserthus (Musikbiblioteket);71;114;80;39;0;81;101;55;91;103;94;0;131;182;163;253;250;215;0;2023
21;Gävleborgs län;80;Gävle;7984;Bomhus bibliotek, Folkets hus;79;163;287;0;0;162;75;52;168;83;0;0;263;98;120;331;135;0;0;2016
21;Gävleborgs län;80;Gävle;7985;Bergby bibliotek;26;0;24;0;0;59;9;34;0;46;0;0;69;43;49;0;49;0;0;408
21;Gävleborgs län;80;Gävle;7986;Forsbacka bibliotek;22;0;19;0;0;32;0;16;0;21;0;0;79;0;36;0;55;0;0;280
21;Gävleborgs län;80;Gävle;7987;Hedesunda bibliotek;15;30;16;0;0;24;80;17;40;16;0;0;51;0;100;77;0;0;0;466
21;Gävleborgs län;80;Gävle;7991;Valbo bibliotek, Sofiedalsskolan;73;88;56;0;0;85;74;76;150;59;0;0;195;94;117;290;129;0;0;1486
21;Gävleborgs län;81;Sandviken;11823;Björksätra bibliotek;0;102;0;0;0;0;0;0;192;0;0;0;0;0;0;245;0;0;0;539
21;Gävleborgs län;81;Sandviken;11824;Järbo bibliotek;0;45;0;0;0;35;0;0;87;0;0;0;106;0;0;175;0;0;0;448
21;Gävleborgs län;81;Sandviken;11825;Österfärnebo bibliotek;0;14;0;0;0;39;0;0;43;0;0;0;53;0;0;104;0;0;0;253
21;Gävleborgs län;81;Sandviken;13551;Åshammars bibliotek;14;0;0;0;0;36;0;24;0;0;0;0;72;0;62;0;0;0;115;323
21;Gävleborgs län;81;Sandviken;13731;Sandvikens Gymnasieskola;0;0;0;0;0;7;0;0;0;0;0;0;0;0;19;0;0;0;0;26
21;Gävleborgs län;81;Sandviken;13742;Hammarby skola;0;0;0;0;0;0;0;0;0;0;0;0;0;0;0;0;0;0;188;188
21;Gävleborgs län;81;Sandviken;14130;Jäderfors skola;0;0;0;0;0;0;0;0;0;0;0;0;0;0;0;0;0;0;168;168
21;Gävleborgs län;81;Sandviken;7303;Ängsbacken;0;0;0;0;0;0;23;0;0;0;0;0;0;0;0;0;0;0;0;23
21;Gävleborgs län;81;Sandviken;7304;Nya Bruket, dagcentral;0;0;0;0;0;0;0;20;0;0;0;0;0;0;0;0;0;0;0;20
21;Gävleborgs län;81;Sandviken;7305;Vallgården Årsunda;0;0;0;0;0;0;0;16;0;0;0;0;0;0;0;0;0;0;0;16
21;Gävleborgs län;81;Sandviken;7306;Solängsgården servicehus;0;0;0;0;0;0;0;16;0;0;0;0;0;0;0;0;0;0;0;16
21;Gävleborgs län;81;Sandviken;7307;Karl-Johan Gårdarna;0;0;0;0;0;0;0;19;0;0;0;0;0;0;0;0;0;0;0;19
21;Gävleborgs län;81;Sandviken;7308;Lillvik servicehus;0;0;0;0;0;0;0;28;0;0;0;0;0;0;0;0;0;0;0;28
21;Gävleborgs län;81;Sandviken;7309;Ovansjögården;0;0;0;0;0;0;17;0;0;0;0;0;0;0;0;0;0;0;0;17
21;Gävleborgs län;81;Sandviken;7311;Kremlan;0;0;0;0;0;0;25;0;0;0;0;0;0;0;0;0;0;0;0;25
21;Gävleborgs län;81;Sandviken;7312;Åsgården servicehus;0;0;0;0;0;0;0;24;0;0;0;0;0;0;0;0;0;0;0;24
21;Gävleborgs län;81;Sandviken;7314;Sandvikens Sjukhus, Rosengården;0;0;0;0;0;0;15;0;0;0;0;0;0;0;0;0;0;0;0;15
21;Gävleborgs län;81;Sandviken;8303;Storvik bibliotek;0;95;0;0;0;102;0;0;164;0;0;0;144;0;0;248;0;0;0;753
21;Gävleborgs län;81;Sandviken;8305;Stadshuset Sandviken;133;119;120;103;76;224;247;249;259;261;158;138;539;555;614;590;796;288;94;5563
21;Gävleborgs län;82;Söderhamn;10118;Servicehuset Linden;0;0;0;0;0;29;33;38;24;32;0;0;62;74;66;85;103;0;0;546
21;Gävleborgs län;82;Söderhamn;10120;Servicehuset Kastanjen;0;0;0;0;0;55;59;44;44;35;0;0;95;72;75;111;90;0;0;680
21;Gävleborgs län;82;Söderhamn;10128;Bykontoret Holmsveden;0;0;0;0;0;0;0;0;0;0;0;0;0;0;35;85;0;0;0;120
21;Gävleborgs län;82;Söderhamn;12160;Söderhamns Stadsbibliotek;184;259;228;118;0;296;249;270;248;307;164;0;445;447;485;546;686;366;0;5298
21;Gävleborgs län;82;Söderhamn;13017;Forsgårdens Servicehus;0;0;0;0;0;0;0;0;0;0;0;0;0;18;0;0;0;0;0;18
21;Gävleborgs län;82;Söderhamn;13119;Rådhuset;0;0;0;0;0;0;0;0;0;0;0;0;0;0;0;0;0;0;53;53
21;Gävleborgs län;82;Söderhamn;14025;Trönö;0;0;0;0;0;0;0;0;0;0;0;0;0;0;0;96;145;0;0;241
21;Gävleborgs län;82;Söderhamn;14028;Eklunda servicehus;0;0;0;0;0;0;0;0;0;0;0;0;8;0;0;0;0;0;0;8
21;Gävleborgs län;82;Söderhamn;7315;Björkbacka servicehus;0;0;0;0;0;0;0;0;0;0;0;0;23;0;0;0;0;0;0;23
21;Gävleborgs län;82;Söderhamn;7316;Enriset servicehuset;0;0;0;0;0;0;0;0;0;0;0;0;0;22;0;0;0;0;0;22
21;Gävleborgs län;82;Söderhamn;7317;Västerbackens Sjukhem;0;0;0;0;0;0;0;0;0;0;0;0;18;0;0;0;0;0;0;18
21;Gävleborgs län;83;Bollnäs;7318;Karlslund;0;0;0;0;0;0;0;0;0;0;0;38;0;0;0;0;0;0;0;38
21;Gävleborgs län;83;Bollnäs;7319;Ängslunda;0;0;0;0;0;0;0;0;0;0;0;31;0;0;0;0;0;0;0;31
21;Gävleborgs län;83;Bollnäs;7322;Hällagården;0;0;0;0;0;0;0;0;0;0;0;25;0;0;0;0;0;0;0;25
21;Gävleborgs län;83;Bollnäs;8271;Ringshög;0;0;0;0;0;0;0;0;0;0;0;0;52;33;41;61;32;0;0;219
21;Gävleborgs län;83;Bollnäs;8285;F d Försäkringskassan, Kilafors;0;0;0;0;0;59;32;27;75;67;0;0;116;83;74;140;118;0;0;791
21;Gävleborgs län;83;Bollnäs;8286;Forum;0;0;0;0;0;46;50;42;96;73;0;0;122;86;101;158;116;0;0;890
21;Gävleborgs län;83;Bollnäs;8287;Bollnäs Infocenter, Bollnäs kommun;111;188;176;122;0;184;175;219;200;215;153;0;444;437;425;504;654;303;114;4624
21;Gävleborgs län;84;Hudiksvall;13566;Hudiksvalls bokbuss;2;1;0;0;0;6;0;21;1;0;0;0;10;0;10;5;0;0;0;56
21;Gävleborgs län;84;Hudiksvall;8637;Hudiksvalls bibliotek;203;204;222;89;0;293;239;285;305;283;153;0;534;533;609;683;819;314;120;5888
21;Gävleborgs län;84;Hudiksvall;8638;Iggesunds bibliotek;47;42;27;22;0;42;48;47;65;39;34;0;97;119;107;127;134;64;0;1061
21;Gävleborgs län;84;Hudiksvall;8639;Edshammars servicehus;40;46;32;29;0;41;49;37;63;53;43;0;108;111;143;133;200;89;0;1217
22;Västernorrlands län;60;Ånge;13555;Munkbysjöns Bygdegård;0;0;0;0;0;0;0;0;0;0;0;0;0;0;0;0;0;0;118;118
22;Västernorrlands län;60;Ånge;8644;Ånge kommunkontor;47;55;71;0;0;95;66;77;115;97;0;0;165;168;214;198;334;101;16;1819
22;Västernorrlands län;60;Ånge;8645;Samservice;33;36;44;0;0;55;61;73;64;79;0;0;112;176;182;160;234;0;0;1309
22;Västernorrlands län;60;Ånge;8647;Överturingens skola;0;0;0;0;0;0;0;0;0;0;0;0;0;0;0;0;0;0;96;96
22;Västernorrlands län;62;Timrå;11001;Ljustorps bygdegård;0;0;0;0;0;0;0;0;0;0;0;0;0;0;0;36;32;0;0;68
22;Västernorrlands län;62;Timrå;11003;Biblioteket;130;118;84;82;0;150;104;175;132;108;82;0;302;204;322;219;388;0;0;2600
22;Västernorrlands län;62;Timrå;13787;Timrå gymnasieskola;0;0;0;0;0;0;0;0;0;0;0;0;0;0;0;22;13;0;0;35
22;Västernorrlands län;62;Timrå;7333;Hagalid/Timrågården;0;0;0;0;0;0;0;0;0;0;0;42;0;0;0;0;0;0;0;42
22;Västernorrlands län;62;Timrå;8934;Kommunhuset;0;0;0;0;0;0;0;0;0;0;0;0;0;0;0;0;0;63;65;128
22;Västernorrlands län;62;Timrå;8941;Söråkers Folkets Hus;25;28;19;18;0;28;42;39;47;37;17;0;91;101;74;92;102;0;0;760
22;Västernorrlands län;62;Timrå;8947;HSB brf Berge;29;23;38;0;0;46;35;25;12;33;0;0;40;41;51;40;74;0;0;487
22;Västernorrlands län;62;Timrå;8952;Bergeforsens skola;0;0;0;0;0;0;0;0;0;0;0;0;0;52;44;0;0;0;0;96
22;Västernorrlands län;62;Timrå;8972;Tallnäs äldreboende;0;0;0;0;0;0;0;0;0;0;0;8;0;0;0;0;0;0;0;8
22;Västernorrlands län;62;Timrå;8973;Strandbo servicehus;0;0;0;0;0;0;0;0;0;0;0;22;0;0;0;0;0;0;0;22
22;Västernorrlands län;80;Härnösand;10209;Utansjögården;7;0;0;0;0;0;13;0;0;0;0;0;26;0;0;0;0;0;0;46
22;Västernorrlands län;80;Härnösand;10211;Högsjögården;0;29;0;0;0;0;0;29;0;0;0;0;0;57;0;0;0;0;0;115
22;Västernorrlands län;80;Härnösand;10214;Viksjö Folkets Hus;0;0;18;0;0;0;0;0;24;0;0;0;0;0;0;48;0;0;0;90
22;Västernorrlands län;80;Härnösand;10216;Brunnegården;0;0;0;17;0;0;0;0;0;21;0;0;0;0;0;20;0;0;0;58
22;Västernorrlands län;80;Härnösand;10218;Älandsbro Folket Hus;0;0;0;0;47;0;0;0;0;0;47;0;0;0;0;0;71;0;0;165
22;Västernorrlands län;80;Härnösand;10220;Häggdånger Församlingshem;0;0;0;0;0;16;0;0;0;0;0;13;0;0;0;0;0;0;0;29
22;Västernorrlands län;80;Härnösand;12683;Sambiblioteket;147;162;161;82;0;202;212;188;214;312;241;0;449;537;553;543;656;362;0;5021
22;Västernorrlands län;80;Härnösand;13517;Härnösands kommun;43;31;49;0;0;51;35;37;37;44;0;0;44;118;75;90;126;86;37;903
22;Västernorrlands län;80;Härnösand;13816;Kriminalvårdsanstalten Saltvik;0;0;0;0;0;0;0;0;0;0;0;30;0;0;0;0;0;0;0;30
22;Västernorrlands län;81;Sundsvall;10013;Folkets Hus Järkvissle;0;0;0;0;0;0;0;0;0;0;0;0;0;0;0;0;0;0;57;57
22;Västernorrlands län;81;Sundsvall;12243;Sundsvalls kommuns bokbuss;3;0;0;0;0;6;1;2;0;0;0;0;2;0;7;2;0;0;0;23
22;Västernorrlands län;81;Sundsvall;12245;Selångers fotbollsklubb kansli;24;23;31;0;0;35;47;51;51;32;0;0;61;142;77;161;112;0;0;847
22;Västernorrlands län;81;Sundsvall;13729;Hedbergska skolan;0;0;0;0;0;0;0;0;18;0;0;0;0;0;0;0;0;0;0;18
22;Västernorrlands län;81;Sundsvall;14041;Birsta City;0;0;0;0;0;0;69;0;0;0;0;0;0;179;0;0;0;0;0;248
22;Västernorrlands län;81;Sundsvall;7345;Alnö Servicehus;0;0;0;0;0;29;0;0;0;0;0;0;0;0;0;0;0;0;0;29
22;Västernorrlands län;81;Sundsvall;7347;Kristinelund;0;0;0;0;0;0;0;22;0;0;0;0;0;0;0;0;0;0;0;22
22;Västernorrlands län;81;Sundsvall;7348;Matfors Servicehus;0;0;0;0;0;0;25;0;0;0;0;0;0;0;0;0;0;0;0;25
22;Västernorrlands län;81;Sundsvall;7352;Lindgården;0;0;0;0;0;0;0;0;0;17;0;0;0;0;0;0;0;0;0;17
22;Västernorrlands län;81;Sundsvall;7353;Knutsgårdens serviceh.;0;0;0;0;0;0;35;0;0;0;0;0;0;0;0;0;0;0;0;35
22;Västernorrlands län;81;Sundsvall;7355;Tunastrand;0;0;0;0;0;0;7;0;0;0;0;0;0;0;0;0;0;0;0;7
22;Västernorrlands län;81;Sundsvall;7357;Skottsundsbacken;0;0;0;0;0;0;0;40;0;0;0;0;0;0;0;0;0;0;0;40
22;Västernorrlands län;81;Sundsvall;9277;Sundsvalls stadsbibliotek;219;237;274;189;131;287;289;277;280;366;307;272;543;579;746;833;1149;724;412;8114
22;Västernorrlands län;81;Sundsvall;9279;Alnö bibliotek;63;47;41;56;0;72;44;77;52;53;72;0;177;85;212;132;120;166;0;1469
22;Västernorrlands län;81;Sundsvall;9280;Bosvedjans bibliotek;39;38;0;0;0;55;33;69;55;0;0;0;79;58;172;165;0;0;0;763
22;Västernorrlands län;81;Sundsvall;9281;Granloholms bibliotek;30;39;0;0;0;82;32;43;27;0;0;0;141;56;59;147;0;0;0;656
22;Västernorrlands län;81;Sundsvall;9442;Indals bibliotek;12;0;0;0;0;27;11;34;0;0;0;0;65;36;69;0;0;0;0;254
22;Västernorrlands län;81;Sundsvall;9443;Kvissleby bibliotek;84;91;90;49;0;131;129;142;99;134;115;0;230;242;295;199;224;232;0;2486
22;Västernorrlands län;81;Sundsvall;9444;Ljustadalens bibliotek;23;24;0;0;0;75;22;15;33;0;0;0;101;49;115;66;0;134;0;657
22;Västernorrlands län;81;Sundsvall;9445;Matfors bibliotek;30;86;52;40;0;71;63;78;106;71;55;0;192;118;125;300;149;123;0;1659
22;Västernorrlands län;81;Sundsvall;9446;Nacksta bibliotek;36;64;0;0;0;65;32;28;50;0;0;0;95;92;106;162;0;0;0;730
22;Västernorrlands län;81;Sundsvall;9447;Skönsbergs bibliotek;74;103;0;0;0;190;116;83;88;0;0;0;241;130;189;114;0;0;0;1328
22;Västernorrlands län;81;Sundsvall;9448;Skönsmons bibliotek;52;76;0;0;0;114;71;48;84;0;0;0;105;91;167;216;0;0;0;1024
22;Västernorrlands län;81;Sundsvall;9449;Stöde bibliotek;6;21;8;0;0;31;8;21;79;29;0;0;72;33;45;165;56;0;0;574
22;Västernorrlands län;81;Sundsvall;9450;Mittuniversitetets bibliotek;12;32;13;12;0;38;27;41;30;31;21;0;53;78;98;134;189;61;0;870
22;Västernorrlands län;81;Sundsvall;9451;Kommunhuset;49;38;59;0;0;39;50;66;36;89;0;0;78;74;90;163;275;0;0;1106
22;Västernorrlands län;81;Sundsvall;9840;Sundsvalls sjukhus;0;0;0;0;0;0;0;0;0;0;0;0;158;212;225;286;376;0;0;1257
22;Västernorrlands län;81;Sundsvall;9841;Anundgårds förskola;0;0;0;0;0;0;0;0;0;0;0;0;0;0;0;0;0;0;126;126
22;Västernorrlands län;81;Sundsvall;9990;Handelsbanken Liden;5;5;6;0;0;8;13;13;12;30;0;0;19;17;24;28;40;0;0;220
22;Västernorrlands län;82;Kramfors;10303;Församlingshemmet i Styrnäs;0;0;0;0;0;0;0;0;0;0;0;0;0;0;0;0;0;0;54;54
22;Västernorrlands län;82;Kramfors;10304;Sockenstugan i Dal;0;0;0;0;0;0;0;0;0;0;0;0;0;0;0;0;0;0;91;91
22;Västernorrlands län;82;Kramfors;10305;Församlingshemmet i Prästmon;0;0;0;0;0;0;0;0;0;0;0;0;0;0;0;0;0;0;91;91
22;Västernorrlands län;82;Kramfors;10306;Olympia i Lungvik;0;0;0;0;0;0;0;0;0;0;0;0;0;0;0;0;0;0;122;122
22;Västernorrlands län;82;Kramfors;12769;Herrskogsskolan;0;0;0;0;0;0;0;0;0;0;0;0;0;0;0;0;0;0;85;85
22;Västernorrlands län;82;Kramfors;13775;ICA-Rosen Supermarket;23;29;21;7;5;33;14;31;36;46;18;10;56;46;73;71;90;28;0;637
22;Västernorrlands län;82;Kramfors;7359;Kaptenens korttidsboende;0;0;0;0;0;0;0;0;0;0;0;4;0;0;0;0;0;0;0;4
22;Västernorrlands län;82;Kramfors;7361;Sunnebo servicehus;0;0;0;0;0;0;0;0;0;0;0;6;0;0;0;0;0;0;0;6
22;Västernorrlands län;82;Kramfors;7362;Kvarnbacken;0;0;0;0;0;0;0;0;0;0;0;22;0;0;0;0;0;0;0;22
22;Västernorrlands län;82;Kramfors;7363;Solsidan servicehus;0;0;0;0;0;0;0;0;0;0;0;7;0;0;0;0;0;0;0;7
22;Västernorrlands län;82;Kramfors;7364;Nybo;0;0;0;0;0;0;0;0;0;0;0;19;0;0;0;0;0;0;0;19
22;Västernorrlands län;82;Kramfors;7365;Viktoriagården;0;0;0;0;0;0;0;0;0;0;0;8;0;0;0;0;0;0;0;8
22;Västernorrlands län;82;Kramfors;7366;Sundbrolund;0;0;0;0;0;0;0;0;0;0;0;18;0;0;0;0;0;0;0;18
22;Västernorrlands län;82;Kramfors;9372;Måvikens gäst- och konvalescenthem;0;0;0;0;0;0;0;0;0;0;0;17;0;0;0;0;0;0;0;17
22;Västernorrlands län;82;Kramfors;9373;Ådalsbygdens pastorat;32;30;41;0;0;36;46;36;38;37;0;0;39;67;53;51;68;0;0;574
22;Västernorrlands län;82;Kramfors;9374;Kommunbiblioteket;117;135;170;47;0;155;147;156;180;192;116;0;266;285;348;308;415;184;0;3221
22;Västernorrlands län;82;Kramfors;9375;Handelsbanken Ullånger;24;24;18;0;0;22;20;31;20;35;0;0;44;32;67;45;57;0;0;439
22;Västernorrlands län;82;Kramfors;9376;Handelsbanken Nordingrå;21;7;20;0;0;15;0;24;9;40;0;0;31;18;47;31;47;0;0;310
22;Västernorrlands län;82;Kramfors;9379;Docksta BTKs kansli;9;12;10;0;0;12;11;14;29;27;0;0;43;26;37;17;56;0;0;303
22;Västernorrlands län;83;Sollefteå;13147;Ärebo;0;0;0;0;0;0;0;0;0;0;0;8;0;0;0;0;0;0;0;8
22;Västernorrlands län;83;Sollefteå;13148;Vallänge;0;0;0;0;0;0;0;0;0;0;0;4;0;0;0;0;0;0;0;4
22;Västernorrlands län;83;Sollefteå;14115;Gudlav Bilderskolan;0;0;0;0;0;0;0;0;0;0;0;0;0;0;0;0;44;0;0;44
22;Västernorrlands län;83;Sollefteå;7367;Skärvstagården;0;0;0;0;0;0;0;0;0;0;0;10;0;0;0;0;0;0;0;10
22;Västernorrlands län;83;Sollefteå;7369;Solgården;0;0;0;0;0;0;0;0;0;0;0;32;0;0;0;0;0;0;0;32
22;Västernorrlands län;83;Sollefteå;7370;Gunillagården;0;0;0;0;0;0;0;0;0;0;0;27;0;0;0;0;0;0;0;27
22;Västernorrlands län;83;Sollefteå;7371;Nipudden;0;0;0;0;0;0;0;0;0;0;0;12;0;0;0;0;0;0;0;12
22;Västernorrlands län;83;Sollefteå;7372;Lissgården;0;0;0;0;0;0;0;0;0;0;0;6;0;0;0;0;0;0;0;6
22;Västernorrlands län;83;Sollefteå;7373;Nipgården;0;0;0;0;0;0;0;0;0;0;0;14;0;0;0;0;0;0;0;14
22;Västernorrlands län;83;Sollefteå;7957;Kommunhuset, Sollefteå;45;63;79;0;0;98;62;88;66;114;0;0;149;104;138;158;214;116;84;1578
22;Västernorrlands län;83;Sollefteå;8595;Biblioteket, Sollefteå;85;107;82;49;0;100;130;119;135;145;113;0;208;248;257;278;273;218;0;2547
22;Västernorrlands län;83;Sollefteå;8597;Medborgarkontoret, Näsåker;5;8;17;0;0;17;13;13;16;34;0;0;28;36;30;27;46;0;0;290
22;Västernorrlands län;83;Sollefteå;8598;Medborgarkontoret, Junsele;11;9;15;0;0;22;22;17;23;37;0;0;40;53;43;56;66;0;0;414
22;Västernorrlands län;83;Sollefteå;8599;Konsum, Långsele;36;32;26;11;17;29;37;24;58;45;26;29;65;85;66;99;100;0;0;785
22;Västernorrlands län;83;Sollefteå;8600;Medborgarkontoret, Ramsele;18;35;25;0;0;17;38;42;45;40;0;0;63;54;45;98;125;0;0;645
22;Västernorrlands län;84;Örnsköldsvik;10205;Arkenbiblioteket;163;183;185;127;0;210;234;242;265;343;231;0;611;593;591;639;753;577;120;6067
22;Västernorrlands län;84;Örnsköldsvik;10206;Kultur & Fritidsgården Gene;45;41;48;0;0;58;74;63;45;83;0;0;182;140;151;83;193;0;0;1206
22;Västernorrlands län;84;Örnsköldsvik;10207;Husums Bibliotek;43;19;0;0;0;42;0;78;49;0;0;0;128;0;193;107;0;0;0;659
22;Västernorrlands län;84;Örnsköldsvik;10208;Bjästa bibliotek;0;73;0;0;0;51;47;0;128;0;0;0;77;178;0;222;0;0;0;776
22;Västernorrlands län;84;Örnsköldsvik;10210;Folkets Hus Gnistan;63;64;63;0;0;64;83;73;100;131;0;0;126;145;151;178;216;0;0;1457
22;Västernorrlands län;84;Örnsköldsvik;10212;Biblioteket i Bredbyn;26;22;0;0;0;43;0;69;34;0;0;0;85;0;190;74;11;0;0;554
22;Västernorrlands län;84;Örnsköldsvik;10213;Konsum Köpmanholmen;12;15;15;5;7;16;17;20;48;0;29;26;27;38;48;46;81;27;0;477
22;Västernorrlands län;84;Örnsköldsvik;10215;Mellansels Bad & Fritid;23;14;15;0;0;5;27;18;22;19;0;0;23;44;24;65;31;0;0;330
22;Västernorrlands län;84;Örnsköldsvik;10217;Biblioteket i Själevad;16;21;42;0;0;29;22;22;18;58;0;0;114;101;20;40;142;0;0;645
22;Västernorrlands län;84;Örnsköldsvik;10219;Stegbo Möbler AB;5;11;6;0;0;10;5;3;13;9;0;0;18;16;11;22;37;0;0;166
22;Västernorrlands län;84;Örnsköldsvik;13085;Örnsköldsviks Sjukhus;57;64;44;0;0;65;82;84;74;73;0;0;172;114;153;139;124;0;0;1245
22;Västernorrlands län;84;Örnsköldsvik;13102;Solstrålen;0;0;0;0;0;0;0;0;0;0;0;0;0;0;0;0;0;0;0;0
22;Västernorrlands län;84;Örnsköldsvik;13103;Bygdegården Skalmsjö;0;0;0;0;0;0;0;0;0;0;0;0;0;0;0;0;0;0;0;0
22;Västernorrlands län;84;Örnsköldsvik;14078;Björna bibliotek;0;0;0;0;0;0;27;0;0;0;0;0;0;86;0;0;0;0;0;113
22;Västernorrlands län;84;Örnsköldsvik;14079;Skorpeds servicecenter;0;0;0;0;0;0;0;0;24;0;0;0;0;0;33;0;0;0;0;57
22;Västernorrlands län;84;Örnsköldsvik;14081;Sidensjöskolan;0;0;0;0;0;19;0;0;0;0;0;0;0;0;0;62;0;0;0;81
22;Västernorrlands län;84;Örnsköldsvik;14083;Medborgarhuset;0;0;0;0;0;0;0;28;0;0;0;0;28;0;0;0;0;0;0;56
23;Jämtlands län;03;Ragunda;14082;Eriksberg;0;0;0;0;0;0;0;0;0;0;0;0;0;0;0;0;0;0;65;65
23;Jämtlands län;03;Ragunda;7374;Strandliden äldreboende;0;0;0;0;0;0;0;0;0;0;0;8;0;0;0;0;0;0;0;8
23;Jämtlands län;03;Ragunda;7375;Björkhammar äldreboende;0;0;0;0;0;0;0;0;0;0;0;9;0;0;0;0;0;0;0;9
23;Jämtlands län;03;Ragunda;7376;Bergegården äldreboende;0;0;0;0;0;0;0;0;0;0;0;25;0;0;0;0;0;0;0;25
23;Jämtlands län;03;Ragunda;7377;Nipängen äldreboende;0;0;0;0;0;0;0;0;0;0;0;9;0;0;0;0;0;0;0;9
23;Jämtlands län;03;Ragunda;9914;Hammarstrand;15;37;31;0;0;35;42;31;57;23;0;0;78;83;68;102;80;63;9;754
23;Jämtlands län;03;Ragunda;9915;Bispgården;10;16;31;0;0;8;25;12;28;19;0;0;34;29;19;63;23;0;0;317
23;Jämtlands län;03;Ragunda;9916;Stugun;15;13;13;0;0;14;41;27;43;41;0;0;39;61;33;62;49;0;0;451
23;Jämtlands län;05;Bräcke;10067;F.d. Försäkringskassans lokaler;18;39;51;0;0;38;50;55;44;100;0;0;73;64;70;106;131;44;24;907
23;Jämtlands län;05;Bräcke;10091;Hotell Östjemten;6;21;20;0;0;6;14;19;10;25;0;0;42;42;28;31;77;0;0;341
23;Jämtlands län;05;Bräcke;10139;Gällö Bibliotek;24;22;25;0;0;26;20;18;26;56;0;0;38;40;56;68;90;0;0;509
23;Jämtlands län;05;Bräcke;10153;Vängåvan;0;0;0;0;0;0;0;0;0;0;0;0;0;0;0;0;0;0;1;1
23;Jämtlands län;05;Bräcke;12873;Tossengård;0;0;0;0;0;0;0;0;0;0;0;0;0;0;0;0;0;0;6;6
23;Jämtlands län;09;Krokom;10435;Biblioteket Nälden;18;0;0;0;0;0;0;68;0;0;0;0;0;0;112;0;0;0;0;198
23;Jämtlands län;09;Krokom;11793;Biblioteket Ås;0;0;0;0;0;0;47;0;0;0;0;0;0;128;0;0;0;0;0;175
23;Jämtlands län;09;Krokom;14093;Hotagsfjärden äldrekooperativ;0;0;0;0;0;0;0;0;0;0;0;70;0;0;0;0;0;0;0;70
23;Jämtlands län;09;Krokom;7381;Hällebo äldreboende;0;0;0;0;0;0;0;0;0;0;0;9;0;0;0;0;0;0;0;9
23;Jämtlands län;09;Krokom;7382;Blomstergården äldreboende;0;0;0;0;0;0;0;0;0;0;0;25;0;0;0;0;0;0;0;25
23;Jämtlands län;09;Krokom;7383;Solbacka äldreboende;0;0;0;0;0;0;0;0;0;0;0;15;0;0;0;0;0;0;0;15
23;Jämtlands län;09;Krokom;8199;Församlingshemmet Laxsjö;0;0;0;0;0;0;0;0;0;0;0;71;0;0;0;0;0;0;0;71
23;Jämtlands län;09;Krokom;8202;Föreningshuset Bredbyn;0;0;0;0;0;0;0;0;0;0;0;70;0;0;0;0;0;0;0;70
23;Jämtlands län;09;Krokom;8203;Bygdegården Kaxås;0;0;0;0;0;0;0;0;0;0;0;63;0;0;0;0;0;0;0;63
23;Jämtlands län;09;Krokom;8204;Bygdegården Tångeråsen;0;0;0;0;0;0;0;0;0;0;0;40;0;0;0;0;0;0;0;40
23;Jämtlands län;09;Krokom;8205;Bygdegården Trångsviken;16;14;12;0;0;12;20;10;25;23;2;0;23;40;38;32;54;0;0;321
23;Jämtlands län;09;Krokom;8207;Kommunkontoret Krokom;38;49;45;0;0;76;62;71;100;89;0;0;211;159;152;178;204;75;30;1539
23;Jämtlands län;09;Krokom;8208;Servicekontoret Föllinge;11;20;23;0;0;25;13;18;27;34;0;0;44;46;54;45;63;0;0;423
23;Jämtlands län;09;Krokom;8209;Servicekontoret Änge;0;29;0;0;0;33;17;0;41;0;0;0;47;69;0;43;0;0;0;279
23;Jämtlands län;13;Strömsund;13655;F.d. post- och banklokalen i Rossön;3;7;7;0;0;6;6;13;5;5;0;0;12;7;36;9;14;0;0;130
23;Jämtlands län;13;Strömsund;13656;Idéstugan Norråker;4;0;17;0;0;5;0;24;0;22;0;0;25;0;31;0;40;0;0;168
23;Jämtlands län;13;Strömsund;13691;Åshamra;0;0;0;0;0;0;0;0;0;0;0;12;0;0;0;0;0;0;0;12
23;Jämtlands län;13;Strömsund;7385;Strömbacka;0;0;0;0;0;0;0;0;0;0;0;42;0;0;0;0;0;0;0;42
23;Jämtlands län;13;Strömsund;7386;Tåsjögården;0;0;0;0;0;0;0;0;0;0;0;7;0;0;0;0;0;0;0;7
23;Jämtlands län;13;Strömsund;7388;Backe sjukhem;0;0;0;0;0;0;0;0;0;0;0;5;0;0;0;0;0;0;0;5
23;Jämtlands län;13;Strömsund;7389;Brismarksgården;0;0;0;0;0;0;0;0;0;0;0;12;0;0;0;0;0;0;0;12
23;Jämtlands län;13;Strömsund;7390;Forsgården;0;0;0;0;0;0;0;0;0;0;0;2;0;0;0;0;0;0;0;2
23;Jämtlands län;13;Strömsund;7391;Uddebo;0;0;0;0;0;0;0;0;0;0;0;4;0;0;0;0;0;0;0;4
23;Jämtlands län;13;Strömsund;8131;Biblioteket Backe;6;6;19;0;0;16;16;14;13;21;0;0;55;17;17;24;43;0;0;267
23;Jämtlands län;13;Strömsund;8132;Biblioteket Gäddede;7;8;20;0;0;9;19;24;12;25;0;0;62;29;16;40;50;0;0;321
23;Jämtlands län;13;Strömsund;8133;Lokalkontoret Hoting;9;14;29;0;0;29;18;15;19;45;0;0;42;39;35;46;61;0;0;401
23;Jämtlands län;13;Strömsund;8134;Biblioteket Hammerdal;18;22;20;0;0;30;14;21;42;36;0;0;63;43;58;119;61;0;0;547
23;Jämtlands län;13;Strömsund;8136;Lidsjöbergs bygdegård;0;0;0;0;0;0;0;0;0;0;0;0;0;0;0;0;0;0;23;23
23;Jämtlands län;13;Strömsund;8139;Norrbygården;0;0;0;0;0;0;0;0;0;0;0;0;0;0;0;0;0;0;41;41
23;Jämtlands län;13;Strömsund;8794;Centralbiblioteket Strömsund;64;100;118;53;0;122;113;108;107;123;56;0;227;220;262;300;287;116;67;2443
23;Jämtlands län;21;Åre;13028;Åre bibliotek;27;27;36;0;0;28;28;42;62;56;0;0;88;99;107;136;177;155;73;1141
23;Jämtlands län;21;Åre;14049;Bjurgården;0;0;0;0;0;0;0;0;0;0;0;1;0;0;0;0;0;0;0;1
23;Jämtlands län;21;Åre;14050;Enaforsholm;0;0;0;0;0;0;0;0;0;0;0;0;0;0;0;0;0;0;119;119
23;Jämtlands län;21;Åre;14051;Sockenstugan, Gärdsta;0;0;0;0;0;0;0;0;0;0;0;0;0;0;0;0;0;0;155;155
23;Jämtlands län;21;Åre;7392;Hamregården;0;0;0;0;0;0;0;0;0;0;0;12;0;0;0;0;0;0;0;12
23;Jämtlands län;21;Åre;7393;Notvallen;0;0;0;0;0;0;0;0;0;0;0;14;0;0;0;0;0;0;0;14
23;Jämtlands län;21;Åre;7394;Thomégården;0;0;0;0;0;0;0;0;0;0;0;9;0;0;0;0;0;0;0;9
23;Jämtlands län;21;Åre;7395;Tallkronan;0;0;0;0;0;0;0;0;0;0;0;11;0;0;0;0;0;0;0;11
23;Jämtlands län;21;Åre;9201;Biblioteket Järpen;34;37;28;0;0;63;42;68;39;68;0;0;125;126;131;98;128;86;65;1138
23;Jämtlands län;21;Åre;9202;Duveds bibliotek;0;17;0;0;0;14;0;0;28;0;0;0;41;0;0;40;0;18;0;158
23;Jämtlands län;21;Åre;9203;Kalls biblioteket;9;0;0;0;0;16;0;8;0;0;0;0;29;0;29;0;0;11;0;102
23;Jämtlands län;21;Åre;9204;Mörsils bibliotek;16;0;11;0;0;23;0;17;0;9;0;0;36;0;37;0;38;48;0;235
23;Jämtlands län;21;Åre;9205;Hallens bibliotek;8;10;15;0;0;18;25;11;14;14;0;0;35;40;21;37;30;19;0;297
23;Jämtlands län;26;Berg;10071;Åsarna Skicenter;6;7;6;6;3;12;4;6;15;7;3;5;27;22;22;16;39;12;1;219
23;Jämtlands län;26;Berg;10334;Treklövern, Åsarna;0;0;0;0;0;0;0;0;0;0;0;11;0;0;0;0;0;0;0;11
23;Jämtlands län;26;Berg;10335;Dalsätra, Myrviken;0;0;0;0;0;0;0;0;0;0;0;33;0;0;0;0;0;0;0;33
23;Jämtlands län;26;Berg;10336;Östgärde;0;0;0;0;0;0;0;0;0;0;0;12;0;0;0;0;0;0;0;12
23;Jämtlands län;26;Berg;13495;ICA Ljungdalen;3;2;0;0;0;10;6;7;7;4;0;0;6;11;6;13;13;9;0;97
23;Jämtlands län;26;Berg;13496;Biblioteket i Svenstavik;15;18;19;0;0;13;27;19;34;18;0;0;69;74;65;86;85;11;11;564
23;Jämtlands län;26;Berg;13497;Turistbyrån i Klövsjö;3;5;12;0;0;6;12;13;13;15;0;0;25;23;11;22;44;0;0;204
23;Jämtlands län;26;Berg;13498;Biblioteket i Hackås;0;14;0;0;0;0;16;0;15;0;0;0;0;40;0;22;0;0;0;107
23;Jämtlands län;26;Berg;13499;Biblioteket i Rätan;11;0;0;0;0;12;6;9;0;0;0;0;21;13;27;0;0;0;0;99
23;Jämtlands län;26;Berg;13500;Biblioteket i Myrviken;3;0;24;0;0;27;0;18;0;16;0;0;40;0;58;0;59;0;0;245
23;Jämtlands län;26;Berg;13501;Storsjö Bygdegård;0;6;0;0;0;0;4;0;19;0;0;0;0;9;0;10;0;0;52;100
23;Jämtlands län;26;Berg;13502;Tallgläntan i Hackås;0;0;0;0;0;0;0;0;0;0;0;20;0;0;0;0;0;0;0;20
23;Jämtlands län;26;Berg;13503;Korttidsboendet Berghem;0;0;0;0;0;0;0;0;0;0;0;20;0;0;0;0;0;0;0;20
23;Jämtlands län;26;Berg;13504;Gillhovs bygdegård;0;0;0;0;0;0;0;0;0;0;0;0;0;0;0;0;0;0;51;51
23;Jämtlands län;26;Berg;13505;Vigge bygdegård;0;0;0;0;0;0;0;0;0;0;0;0;0;0;0;0;0;0;175;175
23;Jämtlands län;26;Berg;13506;Klövsjö skola;0;0;0;0;0;0;0;0;0;0;0;0;0;0;0;0;0;0;128;128
23;Jämtlands län;26;Berg;13507;Sockenstugan i Oviken;0;0;0;0;0;0;0;0;0;0;0;0;0;0;0;0;0;0;84;84
23;Jämtlands län;26;Berg;13554;Myltblomman;0;0;0;0;0;0;0;0;0;0;0;7;0;0;0;0;0;0;0;7
23;Jämtlands län;61;Härjedalen;7396;Svegs Sjukhem;0;0;0;0;0;0;0;0;0;0;0;5;0;0;0;0;0;0;0;5
23;Jämtlands län;61;Härjedalen;7397;Servicehuset Senioren;0;0;0;0;0;0;0;0;0;0;0;34;0;0;0;0;0;0;0;34
23;Jämtlands län;61;Härjedalen;7398;Servicehuset Fjällsol;0;0;0;0;0;0;0;0;0;0;0;26;0;0;0;0;0;0;0;26
23;Jämtlands län;61;Härjedalen;7399;Servicehuset Hedegården;0;0;0;0;0;0;0;0;0;0;0;18;0;0;0;0;0;0;0;18
23;Jämtlands län;61;Härjedalen;7401;Servicehuset Svedjegården;0;0;0;0;0;0;0;0;0;0;0;5;0;0;0;0;0;0;0;5
23;Jämtlands län;61;Härjedalen;7402;Servicehuset Mobacka;0;0;0;0;0;0;0;0;0;0;0;7;0;0;0;0;0;0;0;7
23;Jämtlands län;61;Härjedalen;8565;Biblioteket Medborgarhuset;72;80;70;0;0;101;78;106;108;96;0;0;159;186;171;231;155;85;20;1718
23;Jämtlands län;61;Härjedalen;8566;Biblioteket Ytterhogdal;14;31;0;0;0;31;0;18;48;0;0;0;50;27;26;50;0;0;0;295
23;Jämtlands län;61;Härjedalen;8567;Lokalkontoret Hede;20;27;46;0;0;28;15;16;29;63;0;0;49;66;57;88;79;19;0;602
23;Jämtlands län;61;Härjedalen;8568;Myskomaten Vemdalen;13;8;7;0;0;11;14;18;6;10;0;0;23;25;24;39;41;0;0;239
23;Jämtlands län;61;Härjedalen;8569;Biblioteket Lillhärdal;10;12;0;0;0;16;0;6;16;0;0;0;38;0;24;62;0;0;0;184
23;Jämtlands län;61;Härjedalen;8570;Lokalkontoret Funäsdalen;23;30;34;0;0;26;28;37;51;36;0;0;66;74;54;69;96;49;0;673
23;Jämtlands län;61;Härjedalen;8728;Centralskolan Funäsdalen;0;0;0;0;0;0;0;0;0;0;0;0;0;0;0;0;0;0;39;39
23;Jämtlands län;61;Härjedalen;8731;Bruksvallarnas Bygdegård;0;0;0;0;0;0;0;0;0;0;0;0;0;0;94;0;0;0;0;94
23;Jämtlands län;61;Härjedalen;8732;Tännäs Friskola Matsalen;0;0;0;0;0;0;0;0;0;0;0;0;0;62;0;0;0;0;0;62
23;Jämtlands län;61;Härjedalen;8733;Tänndalens Bygdegård;0;0;0;0;0;0;0;0;0;0;0;0;42;0;0;0;0;0;0;42
23;Jämtlands län;80;Östersund;11813;Rådmansgatan;0;0;0;0;0;0;0;0;0;0;0;0;14;0;0;0;0;0;0;14
23;Jämtlands län;80;Östersund;12423;Solberg;0;0;0;0;0;0;0;0;0;0;0;0;0;0;18;0;0;0;0;18
23;Jämtlands län;80;Östersund;13726;Maxi Ica Stormarknad;43;85;99;47;0;85;112;127;152;175;112;0;251;363;358;494;566;273;0;3342
23;Jämtlands län;80;Östersund;13788;Valla bystuga;28;21;25;0;0;22;29;25;23;33;0;0;60;70;79;61;82;0;0;558
23;Jämtlands län;80;Östersund;13893;Orrvikens bygdegård;0;0;0;0;0;0;0;0;0;0;0;0;0;0;0;0;0;0;215;215
23;Jämtlands län;80;Östersund;13894;Campus, bibliotek;8;9;18;0;0;21;30;26;23;47;0;0;44;78;105;108;129;0;0;646
23;Jämtlands län;80;Östersund;14096;Storsjöteatern;67;58;71;13;0;111;94;95;77;92;26;0;190;166;230;202;348;0;0;1840
23;Jämtlands län;80;Östersund;7403;Brunkullan;0;0;0;0;0;0;0;0;0;0;0;0;0;11;0;0;0;0;0;11
23;Jämtlands län;80;Östersund;7405;Lövberga servicehus;0;0;0;0;0;0;0;0;0;0;0;0;0;0;0;36;0;0;0;36
23;Jämtlands län;80;Östersund;7407;Enhet Eriksberg;0;0;0;0;0;0;0;0;0;0;0;0;0;0;0;16;0;0;0;16
23;Jämtlands län;80;Östersund;7408;Valla servicehus;0;0;0;0;0;0;0;0;0;0;0;0;14;0;0;0;0;0;0;14
23;Jämtlands län;80;Östersund;7410;Östersunds sjukhus;0;0;0;0;0;0;0;0;0;0;0;0;0;0;46;0;0;0;0;46
23;Jämtlands län;80;Östersund;7412;Östersund rehab centra - Remonthagen;0;0;0;0;0;0;0;0;0;0;0;0;0;0;0;22;0;0;0;22
23;Jämtlands län;80;Östersund;7413;Ängegården;0;0;0;0;0;0;0;0;0;0;0;32;0;0;0;0;0;0;0;32
23;Jämtlands län;80;Östersund;7415;Solsången;0;0;0;0;0;0;0;0;0;0;0;0;8;0;0;0;0;0;0;8
23;Jämtlands län;80;Östersund;7417;Frösöstrand;0;0;0;0;0;0;0;0;0;0;0;0;10;0;0;0;0;0;0;10
23;Jämtlands län;80;Östersund;7418;Hemgården;0;0;0;0;0;0;0;0;0;0;0;0;17;16;15;30;22;20;0;120
23;Jämtlands län;80;Östersund;7419;Häradsgården;0;0;0;0;0;0;0;0;0;0;0;0;0;0;0;0;28;0;0;28
23;Jämtlands län;80;Östersund;9919;Rådhuset;88;80;97;0;0;142;98;106;100;115;0;0;194;224;242;247;395;415;349;2892
23;Jämtlands län;80;Östersund;9925;Coop Forum, Lillänge;133;175;180;121;0;161;198;242;267;301;151;0;465;437;491;591;712;343;0;4968
23;Jämtlands län;80;Östersund;9932;Bykontoret i Lit;13;23;27;0;0;39;20;14;32;34;0;0;45;51;51;66;70;0;0;485
23;Jämtlands län;80;Östersund;9935;Coop nära, Torvalla centrum;28;31;17;0;0;34;34;20;40;28;0;0;82;78;104;106;107;0;0;709
23;Jämtlands län;80;Östersund;9941;Lugnviks Föreningsgård;17;18;5;0;0;14;12;21;26;11;0;0;47;39;43;36;42;0;0;331
23;Jämtlands län;80;Östersund;9958;Brunflo centrum;47;52;38;0;0;44;52;57;56;62;0;0;135;104;127;134;158;0;0;1066
23;Jämtlands län;80;Östersund;9972;Medborgarhuset, Frösön;38;47;32;0;0;60;48;68;57;50;0;0;90;109;122;128;158;0;0;1007
23;Jämtlands län;80;Östersund;9981;Odensala, vid hälsocentralen;31;23;25;0;0;47;22;31;44;25;0;0;64;75;66;72;89;0;0;614
24;Västerbottens län;01;Nordmaling;10297;Hörnsjö Friskola;0;0;0;0;0;0;0;0;0;0;0;0;0;0;0;0;0;0;0;0
24;Västerbottens län;01;Nordmaling;10298;Baggårds Bygdegård;0;0;0;0;0;0;0;0;0;0;0;0;0;0;0;0;0;0;0;0
24;Västerbottens län;01;Nordmaling;10299;Nyåkers skola;0;0;0;0;0;0;0;0;0;0;0;0;0;0;0;0;0;0;0;0
24;Västerbottens län;01;Nordmaling;8876;Kommunkontoret;30;38;68;0;0;54;77;64;93;120;0;0;118;189;173;245;213;53;23;1558
24;Västerbottens län;03;Bjurholm;7420;Bjuregården;0;0;0;0;0;0;0;0;0;0;0;0;0;0;0;0;0;5;0;5
24;Västerbottens län;03;Bjurholm;7421;Älvgården;0;0;0;0;0;0;0;0;0;0;0;0;0;0;0;0;0;10;0;10
24;Västerbottens län;03;Bjurholm;8943;Bjurholms kommun, kommunhuset;13;20;23;14;4;14;23;46;57;25;19;28;57;84;73;78;98;44;861;1581
24;Västerbottens län;04;Vindeln;8729;Kommunkontoret Vindelns kommun;27;38;34;0;0;50;56;60;87;88;0;0;112;148;273;291;229;96;43;1632
24;Västerbottens län;04;Vindeln;9771;Granö Skola;0;0;0;0;0;0;0;0;0;0;0;0;0;0;0;0;0;0;235;235
24;Västerbottens län;04;Vindeln;9773;Åmsele Skola;0;0;0;0;0;0;0;0;0;0;0;0;0;0;0;0;0;0;170;170
24;Västerbottens län;09;Robertsfors;9014;Kommunkontoret Robertsfors;22;50;53;0;0;40;40;54;51;61;0;0;87;110;139;140;192;13;19;1071
24;Västerbottens län;17;Norsjö;13039;Bastuträsk;0;0;0;0;0;0;0;0;0;0;0;0;0;0;47;0;0;0;0;47
24;Västerbottens län;17;Norsjö;7425;Solbacka;0;0;0;0;0;0;0;0;0;0;0;0;0;12;0;0;0;0;0;12
24;Västerbottens län;17;Norsjö;7426;Gästis;0;0;0;0;0;0;0;0;0;0;0;0;12;0;0;0;0;0;0;12
24;Västerbottens län;17;Norsjö;7427;Klockarbo;0;0;0;0;0;0;0;0;0;0;0;0;0;0;20;0;0;0;0;20
24;Västerbottens län;17;Norsjö;8867;Kommunkontoret;11;25;29;0;0;25;27;66;49;66;24;0;81;99;110;211;217;64;13;1117
24;Västerbottens län;17;Norsjö;8880;Byagården Gumboda;0;0;0;0;0;0;0;0;0;0;0;0;0;0;0;0;0;0;105;105
24;Västerbottens län;18;Malå;10137;Rökå skola;0;0;0;0;0;0;0;0;0;0;0;0;0;0;0;0;0;0;63;63
24;Västerbottens län;18;Malå;10201;Adak skola;0;0;0;0;0;0;0;0;0;0;0;0;0;0;0;0;0;0;120;120
24;Västerbottens län;18;Malå;8881;Kommunkontoret;24;19;37;0;0;37;32;28;51;60;0;0;89;108;68;157;148;70;8;936
24;Västerbottens län;21;Storuman;10893;Blå Kupan;0;0;0;0;0;0;0;0;0;0;0;0;0;0;0;0;0;0;92;92
24;Västerbottens län;21;Storuman;12963;Dikanäs Sagagården;0;0;0;0;0;0;0;0;0;0;0;0;0;0;0;0;0;0;0;0
24;Västerbottens län;21;Storuman;14072;Aktiviteten;0;0;0;0;0;0;0;0;0;0;59;0;0;0;0;0;0;70;0;129
24;Västerbottens län;21;Storuman;7431;Äldreboendet Tranan;0;0;0;0;0;0;0;0;0;0;0;0;0;0;0;0;0;0;30;30
24;Västerbottens län;21;Storuman;7432;Äldreboendet Vikbacka;0;0;0;0;0;0;0;0;0;0;0;0;0;0;0;0;0;0;19;19
24;Västerbottens län;21;Storuman;9770;Kommunkontoret;36;36;65;0;0;48;28;60;45;63;0;0;87;95;205;169;240;0;5;1182
24;Västerbottens län;21;Storuman;9966;Tärna Samservice;9;15;21;0;0;18;12;26;40;36;0;0;54;72;103;64;108;19;0;597
24;Västerbottens län;21;Storuman;9992;Byastugan (f d affären i Långsjöby);0;0;0;0;0;0;0;0;0;0;0;0;0;0;0;0;0;0;78;78
24;Västerbottens län;21;Storuman;9993;Bygdegården (f d Skarvsjö skola)  );0;0;0;0;0;0;0;0;0;0;0;0;0;0;0;0;0;0;60;60
24;Västerbottens län;22;Sorsele;7901;Servicehuset Solhem;0;0;0;0;0;0;0;0;0;0;0;22;0;0;0;0;0;0;0;22
24;Västerbottens län;22;Sorsele;7902;"Företagshuset";17;8;32;0;0;28;12;16;18;30;0;0;47;55;91;49;96;20;3;522
24;Västerbottens län;22;Sorsele;7903;Blattnicksele skola;0;0;0;0;0;0;0;0;0;0;0;0;62;0;75;0;0;0;0;137
24;Västerbottens län;22;Sorsele;7904;Gargnäs skola;0;0;0;0;0;0;0;0;0;0;0;0;0;0;65;0;0;0;0;65
24;Västerbottens län;22;Sorsele;7905;Ammarnäs skola;0;0;0;0;0;0;0;0;0;0;0;0;0;0;89;0;0;0;50;139
24;Västerbottens län;25;Dorotea;8308;Harpsund;0;0;0;0;0;0;0;0;0;0;0;0;0;0;0;0;0;0;46;46
24;Västerbottens län;25;Dorotea;8310;fd posten Högland;0;0;0;0;0;0;0;0;0;0;0;0;0;0;0;0;0;0;34;34
24;Västerbottens län;25;Dorotea;8311;Skolan V. Ormsjö;0;0;0;0;0;0;0;0;0;0;0;0;0;0;0;0;0;0;43;43
24;Västerbottens län;25;Dorotea;8312;Skolan Avaträsk;0;0;0;0;0;0;0;0;0;0;0;0;0;0;0;0;0;0;66;66
24;Västerbottens län;25;Dorotea;8313;FH Lajksjö;0;0;0;0;0;0;0;0;0;0;0;0;0;0;0;0;0;0;47;47
24;Västerbottens län;25;Dorotea;8314;Hällagården Svanabyn;0;0;0;0;0;0;0;0;0;0;0;0;0;0;0;0;0;0;70;70
24;Västerbottens län;25;Dorotea;8315;Kommunkontoret;28;16;35;0;0;33;43;69;90;67;0;0;90;90;112;142;139;38;15;1007
24;Västerbottens län;60;Vännäs;7434;Rieck-Müller/Björkbacken;0;0;0;0;0;0;0;0;0;0;0;0;0;0;0;0;0;0;1;1
24;Västerbottens län;60;Vännäs;7435;Vännäsby Äldrecenter;0;0;0;0;0;0;0;0;0;0;0;0;0;0;0;0;0;0;24;24
24;Västerbottens län;60;Vännäs;7436;Borgmästargården;0;0;0;0;0;0;0;0;0;0;0;0;0;0;0;0;0;0;5;5
24;Västerbottens län;60;Vännäs;8270;Medborgarhuset;34;64;82;0;0;104;98;86;94;100;0;0;192;145;156;320;260;85;43;1863
24;Västerbottens län;62;Vilhelmina;7438;Äldreboendet Tallbacka;0;0;0;0;0;0;0;0;0;0;0;28;0;0;0;0;0;0;0;28
24;Västerbottens län;62;Vilhelmina;7439;Åsbacka/Sjukstugan;0;0;0;0;0;0;0;0;0;0;0;22;0;0;0;0;0;0;0;22
24;Västerbottens län;62;Vilhelmina;8572;Förvaltningshuset;79;89;112;0;0;82;106;97;131;140;0;0;183;201;261;261;398;92;12;2244
24;Västerbottens län;62;Vilhelmina;8721;Sagagården;0;0;0;0;0;0;0;74;0;0;0;0;0;0;0;0;0;0;0;74
24;Västerbottens län;62;Vilhelmina;9378;Saxnäsgården;0;0;0;0;0;0;0;0;30;0;0;0;0;0;0;0;0;0;0;30
24;Västerbottens län;62;Vilhelmina;9380;Träffpunkten;0;0;0;0;0;0;0;0;0;0;0;0;0;0;0;0;0;0;50;50
24;Västerbottens län;63;Åsele;9024;Kommunhuset;32;63;76;0;0;58;41;65;78;93;0;0;99;146;83;160;96;44;9;1143
24;Västerbottens län;63;Åsele;9025;Duvans servicehus;0;0;0;0;0;0;0;0;0;0;0;0;0;0;101;0;0;0;93;194
24;Västerbottens län;80;Umeå;10433;Botsmarks bygdegård;0;0;0;0;0;0;0;0;0;0;0;0;0;0;0;0;0;0;0;0
24;Västerbottens län;80;Umeå;10434;Holmöns skola;0;0;0;0;0;0;0;0;0;0;0;0;0;0;0;0;0;0;0;0
24;Västerbottens län;80;Umeå;12543;Marielund;0;0;0;0;0;0;0;0;0;0;0;40;0;0;0;0;0;0;0;40
24;Västerbottens län;80;Umeå;12545;Solbacken;0;0;0;0;0;0;0;0;0;0;0;21;0;0;0;0;0;0;0;21
24;Västerbottens län;80;Umeå;12546;Dragonens Äldrecenter;0;0;0;0;0;0;0;0;0;0;0;15;0;0;0;0;0;0;0;15
24;Västerbottens län;80;Umeå;13884;Aktrisen;0;0;0;0;0;0;0;0;0;0;0;8;0;0;0;0;0;0;0;8
24;Västerbottens län;80;Umeå;13959;Umeå Folkets Hus;238;201;197;119;0;260;270;279;247;291;244;0;593;647;633;998;1164;584;683;7648
24;Västerbottens län;80;Umeå;7444;Geriatricentrum;0;0;0;0;0;0;0;0;0;0;0;8;0;0;0;0;0;0;0;8
24;Västerbottens län;80;Umeå;7445;Bäckbacka;0;0;0;0;0;0;0;0;0;0;0;21;0;0;0;0;0;0;0;21
24;Västerbottens län;80;Umeå;7447;Berghems servicehus;0;0;0;0;0;0;0;0;0;0;0;18;0;0;0;0;0;0;0;18
24;Västerbottens län;80;Umeå;7448;Axlagården;0;0;0;0;0;0;0;0;0;0;0;12;0;0;0;0;0;0;0;12
24;Västerbottens län;80;Umeå;7449;Sjöjungfrun;0;0;0;0;0;0;0;0;0;0;0;15;0;0;0;0;0;0;0;15
24;Västerbottens län;80;Umeå;7450;Skräddaren;0;0;0;0;0;0;0;0;0;0;0;19;0;0;0;0;0;0;0;19
24;Västerbottens län;80;Umeå;7451;Häktet;0;0;0;0;0;0;0;0;0;0;0;13;0;0;0;0;0;0;0;13
24;Västerbottens län;80;Umeå;7452;Bruksbackens äldreboende;0;0;0;0;0;0;0;0;0;0;0;18;0;0;0;0;0;0;0;18
24;Västerbottens län;80;Umeå;7453;Astridgården;0;0;0;0;0;0;0;0;0;0;0;21;0;0;0;0;0;0;0;21
24;Västerbottens län;80;Umeå;7454;Solgården;0;0;0;0;0;0;0;0;0;0;0;26;0;0;0;0;0;0;0;26
24;Västerbottens län;80;Umeå;7455;Kriminalvårdsanstalten Sörbyn;0;0;0;0;0;0;0;0;0;0;0;17;0;0;0;0;0;0;0;17
24;Västerbottens län;80;Umeå;7456;Eriksdals äldrecenter;0;0;0;0;0;0;0;0;0;0;0;13;0;0;0;0;0;0;0;13
24;Västerbottens län;80;Umeå;7457;Holmsunds äldrecenter;0;0;0;0;0;0;0;0;0;0;0;28;0;0;0;0;0;0;0;28
24;Västerbottens län;80;Umeå;7461;Sofieborg;0;0;0;0;0;0;0;0;0;0;0;10;0;0;0;0;0;0;0;10
24;Västerbottens län;80;Umeå;7462;Kriminalvårdsanstalten Umeå;0;0;0;0;0;0;0;0;0;0;0;31;0;0;0;0;0;0;0;31
24;Västerbottens län;80;Umeå;7466;Haga äldrecenter;0;0;0;0;0;0;0;0;0;0;0;35;0;0;0;0;0;0;0;35
24;Västerbottens län;80;Umeå;7468;Tegs sjukhem;0;0;0;0;0;0;0;0;0;0;0;30;0;0;0;0;0;0;0;30
24;Västerbottens län;80;Umeå;9232;Ersbodabiblioteket;81;74;85;0;0;107;105;111;127;141;0;0;220;231;293;267;325;151;0;2318
24;Västerbottens län;80;Umeå;9233;Grubbebiblioteket;67;84;55;0;0;110;102;121;84;74;0;0;214;251;257;208;256;99;0;1982
24;Västerbottens län;80;Umeå;9234;Holmsund/Obbola kommundelskontor;60;47;41;0;0;103;86;91;92;66;0;0;156;151;162;201;232;59;0;1547
24;Västerbottens län;80;Umeå;9235;Sävar bibliotek;28;43;19;0;0;36;35;23;40;30;0;0;83;89;44;149;74;69;0;762
24;Västerbottens län;80;Umeå;9237;Gamla Ålidhemsskolan;44;51;45;0;0;89;85;114;126;117;0;0;231;235;299;335;517;154;291;2733
24;Västerbottens län;80;Umeå;9238;Tegs Församlingsgård;81;88;86;0;0;148;127;140;122;154;0;0;239;270;331;364;435;116;0;2701
24;Västerbottens län;80;Umeå;9239;Hörnefors kommundelskontor;26;22;28;0;0;43;25;59;47;38;0;0;85;105;79;108;120;68;0;853
24;Västerbottens län;80;Umeå;9257;Universitetssjukhuset;104;128;124;0;0;168;163;191;186;261;0;0;323;449;431;536;513;247;0;3824
24;Västerbottens län;81;Lycksele;12765;Lycksele stadshus, våning 3;90;92;137;64;0;157;159;173;183;212;79;0;364;358;368;479;499;136;29;3579
24;Västerbottens län;81;Lycksele;9498;Rusksele skola;0;0;0;0;0;0;0;0;0;0;0;0;0;0;0;0;0;0;127;127
24;Västerbottens län;81;Lycksele;9499;Örträsk  skola;0;0;0;0;0;0;0;0;0;0;0;0;0;0;0;0;0;0;120;120
24;Västerbottens län;82;Skellefteå;12551;Stensträsks bönhus;0;0;0;0;0;0;0;0;0;0;0;0;0;0;0;0;0;0;43;43
24;Västerbottens län;82;Skellefteå;14010;Ömheten;0;0;0;0;0;0;0;0;0;0;0;0;0;0;0;25;0;0;0;25
24;Västerbottens län;82;Skellefteå;14016;Campus;0;0;0;0;0;0;0;0;0;0;0;0;0;72;78;96;0;0;0;246
24;Västerbottens län;82;Skellefteå;7469;Skellefteå lasarett;0;0;0;0;0;0;0;0;0;0;0;0;0;0;0;60;0;64;0;124
24;Västerbottens län;82;Skellefteå;7470;Brogården;0;0;0;0;0;0;0;0;0;0;0;0;0;0;34;0;0;0;0;34
24;Västerbottens län;82;Skellefteå;7471;Burträskgårdarna;0;0;0;0;0;0;0;0;0;0;0;0;0;0;0;0;0;19;0;19
24;Västerbottens län;82;Skellefteå;7473;Höken;0;0;0;0;0;0;0;0;0;0;0;0;0;0;0;35;0;0;0;35
24;Västerbottens län;82;Skellefteå;7475;Skärgårdshemmet;0;0;0;0;0;0;0;0;0;0;0;0;0;0;0;0;0;31;0;31
24;Västerbottens län;82;Skellefteå;7476;Skogsbacken;0;0;0;0;0;0;0;0;0;0;0;0;0;0;0;0;0;36;0;36
24;Västerbottens län;82;Skellefteå;7478;Regnbågen;0;0;0;0;0;0;0;0;0;0;0;0;0;0;27;0;0;0;0;27
24;Västerbottens län;82;Skellefteå;7480;Hedvigsgården, Kåge;0;0;0;0;0;0;0;0;0;0;0;0;0;0;0;0;0;26;0;26
24;Västerbottens län;82;Skellefteå;7481;Klockarhöjden;0;0;0;0;0;0;0;0;0;0;0;0;0;0;0;42;0;0;0;42
24;Västerbottens län;82;Skellefteå;7482;Björkhammargården;0;0;0;0;0;0;0;0;0;0;0;0;0;0;0;0;0;22;0;22
24;Västerbottens län;82;Skellefteå;7483;Trivseln;0;0;0;0;0;0;0;0;0;0;0;0;0;0;0;32;0;0;0;32
24;Västerbottens län;82;Skellefteå;7484;Tor;0;0;0;0;0;0;0;0;0;0;0;0;0;0;30;0;0;0;0;30
24;Västerbottens län;82;Skellefteå;7486;Hemgården;0;0;0;0;0;0;0;0;0;0;0;0;0;0;0;0;0;17;0;17
24;Västerbottens län;82;Skellefteå;7487;Dammen;0;0;0;0;0;0;0;0;0;0;0;0;0;0;0;24;0;0;0;24
24;Västerbottens län;82;Skellefteå;7488;Buregården;0;0;0;0;0;0;0;0;0;0;0;0;0;0;0;0;0;13;0;13
24;Västerbottens län;82;Skellefteå;7489;Annagården;0;0;0;0;0;0;0;0;0;0;0;0;0;0;16;0;0;0;0;16
24;Västerbottens län;82;Skellefteå;8166;Stadshuset;275;277;273;162;0;287;343;363;404;501;196;0;691;751;771;988;1173;569;229;8253
24;Västerbottens län;82;Skellefteå;8167;Morö Backes bibliotek;64;0;0;0;0;129;47;68;0;0;0;0;236;104;113;0;0;0;0;761
24;Västerbottens län;82;Skellefteå;8176;Skelleftehamns bibliotek;55;49;24;0;0;59;21;55;30;32;0;0;116;42;95;86;66;0;0;730
24;Västerbottens län;82;Skellefteå;8179;Ursvikens bibliotek;49;0;0;0;0;74;62;44;0;0;0;0;121;111;65;0;0;0;0;526
24;Västerbottens län;82;Skellefteå;8181;Bolidens bibliotek;44;0;0;0;0;27;20;65;0;0;0;0;89;54;110;0;0;0;0;409
24;Västerbottens län;82;Skellefteå;8183;Bureå bibliotek;24;54;0;0;0;48;16;59;44;0;0;0;99;51;123;97;0;0;0;615
24;Västerbottens län;82;Skellefteå;8185;Burträsk bibliotek;15;28;14;0;0;36;21;46;46;40;0;0;75;76;107;134;87;0;0;725
24;Västerbottens län;82;Skellefteå;8187;Byske bibliotek;25;53;0;0;0;40;33;43;80;0;0;0;110;83;64;136;0;0;0;667
24;Västerbottens län;82;Skellefteå;8188;Kåge bibliotek;13;55;0;0;0;63;21;14;86;0;0;0;115;51;36;170;0;0;0;624
24;Västerbottens län;82;Skellefteå;8193;Lövångers bibliotek;10;23;0;0;0;13;14;11;41;0;0;0;47;21;26;95;0;0;0;301
24;Västerbottens län;82;Skellefteå;8201;Jörns bibliotek;0;14;0;0;0;8;2;4;21;0;0;0;43;14;26;51;0;0;0;183
24;Västerbottens län;82;Skellefteå;8235;Folkets Hus Örviken;0;0;0;0;0;0;0;0;0;0;0;0;0;0;0;0;0;0;163;163
24;Västerbottens län;82;Skellefteå;8236;Sjöstugans förskola, Sjöbotten;0;0;0;0;0;0;0;0;0;0;0;0;0;0;0;0;0;0;131;131
24;Västerbottens län;82;Skellefteå;8237;Fd Larssons lanthandel;0;0;0;0;0;0;0;0;0;0;0;0;0;0;0;0;0;0;83;83
24;Västerbottens län;82;Skellefteå;8238;Lundbergska gården Vebomark;0;0;0;0;0;0;0;0;0;0;0;0;0;0;0;0;0;0;94;94
24;Västerbottens län;82;Skellefteå;8239;Samlingslokalen Hökmark;0;0;0;0;0;0;0;0;0;0;0;0;0;0;0;0;0;0;55;55
24;Västerbottens län;82;Skellefteå;8240;Vallens kapell;0;0;0;0;0;0;0;0;0;0;0;0;0;0;0;0;0;0;92;92
24;Västerbottens län;82;Skellefteå;8241;Åbyskolan;0;0;0;0;0;0;0;0;0;0;0;0;0;0;0;0;0;0;145;145
24;Västerbottens län;82;Skellefteå;8242;Ålunds bönhus;0;0;0;0;0;0;0;0;0;0;0;0;0;0;0;0;0;0;135;135
24;Västerbottens län;82;Skellefteå;8243;Sandström Innovation;0;0;0;0;0;0;0;0;0;0;0;0;0;0;0;0;0;0;84;84
24;Västerbottens län;82;Skellefteå;8245;Träffpunkten Renström;0;0;0;0;0;0;0;0;0;0;0;0;0;0;0;0;0;0;49;49
24;Västerbottens län;82;Skellefteå;8246;Bygdegården Stavaträsk;0;0;0;0;0;0;0;0;0;0;0;0;0;0;0;0;0;0;46;46
24;Västerbottens län;82;Skellefteå;8247;Byastugan Myrheden;0;0;0;0;0;0;0;0;0;0;0;0;0;0;0;0;0;0;34;34
24;Västerbottens län;82;Skellefteå;8248;Bovikens hembygdsgård;0;0;0;0;0;0;0;0;0;0;0;0;0;0;0;0;0;0;107;107
24;Västerbottens län;82;Skellefteå;8249;Bönhuset, Sandfors;0;0;0;0;0;0;0;0;0;0;0;0;0;0;0;0;0;0;160;160
24;Västerbottens län;82;Skellefteå;8250;Klutmarks förskola;0;0;0;0;0;0;0;0;0;0;0;0;0;0;0;0;0;0;100;100
24;Västerbottens län;82;Skellefteå;8251;F d skolan Röjnoret;0;0;0;0;0;0;0;0;0;0;0;0;0;0;0;0;0;0;31;31
24;Västerbottens län;82;Skellefteå;8252;Allégården Bygdeträsk;0;0;0;0;0;0;0;0;0;0;0;0;0;0;0;0;0;0;72;72
24;Västerbottens län;82;Skellefteå;8254;Glesbygdscenter;0;0;0;0;0;0;0;0;0;0;0;0;0;0;0;0;0;0;49;49
24;Västerbottens län;82;Skellefteå;8255;Bönhuset Ljusvattnet;0;0;0;0;0;0;0;0;0;0;0;0;0;0;0;0;0;0;91;91
24;Västerbottens län;82;Skellefteå;8256;Fritidslokalen Mjödvattnet;0;0;0;0;0;0;0;0;0;0;0;0;0;0;0;0;0;0;113;113
24;Västerbottens län;82;Skellefteå;8257;F d Storbrännaskolan;0;0;0;0;0;0;0;0;0;0;0;0;0;0;0;0;0;0;52;52
25;Norrbottens län;05;Arvidsjaur;13952;Lauker Byastuga;0;0;0;0;0;0;0;0;0;0;0;0;0;0;48;0;0;0;0;48
25;Norrbottens län;05;Arvidsjaur;13953;Gamla Konsum, Auktsjaur;0;0;0;0;0;0;0;0;0;0;0;0;0;0;0;30;0;0;0;30
25;Norrbottens län;05;Arvidsjaur;7491;Ringelsta servicehus;0;0;0;0;0;0;0;0;0;0;0;34;0;0;0;0;0;0;0;34
25;Norrbottens län;05;Arvidsjaur;9482;Medborgarhuset;91;84;99;27;0;94;91;123;114;106;62;0;243;209;258;335;233;134;35;2338
25;Norrbottens län;05;Arvidsjaur;9483;Finnbergs, ICA Nära;0;0;0;0;0;4;1;6;12;7;3;0;10;22;17;15;31;16;0;144
25;Norrbottens län;05;Arvidsjaur;9485;Moskosel skola;7;0;0;0;0;0;0;24;0;0;0;0;0;0;33;0;0;0;0;64
25;Norrbottens län;05;Arvidsjaur;9489;Folkets Hus, Abborrträsk;0;0;0;0;0;0;0;0;0;0;0;0;0;0;0;0;0;0;125;125
25;Norrbottens län;06;Arjeplog;11743;Medborgarhuset;0;0;0;0;0;0;0;0;0;0;0;0;0;0;0;0;0;0;15;15
25;Norrbottens län;06;Arjeplog;13672;Handlar'n i Jäckvik;0;0;0;0;0;0;0;0;0;0;3;2;4;3;11;3;11;0;0;37
25;Norrbottens län;06;Arjeplog;13673;Laisdalens Livs;0;0;0;0;0;3;6;3;8;6;4;12;4;18;4;15;15;0;0;98
25;Norrbottens län;06;Arjeplog;13674;Slagnäs Lanthandel;0;0;0;0;0;7;3;4;8;3;6;0;7;9;8;11;32;0;0;98
25;Norrbottens län;06;Arjeplog;13675;Kommunbiblioteket;3;5;0;0;0;13;2;9;9;8;0;0;17;11;34;46;23;0;0;180
25;Norrbottens län;06;Arjeplog;13676;Rappen-Labbas samlingslokal;9;0;0;0;0;0;0;0;0;0;0;0;0;0;0;0;0;0;0;9
25;Norrbottens län;06;Arjeplog;13677;Röda Kvarn;0;0;0;0;0;0;0;0;0;0;0;0;0;15;0;0;0;0;0;15
25;Norrbottens län;06;Arjeplog;7492;Vaukagården;0;0;0;0;0;0;0;0;0;0;0;28;0;0;0;0;0;0;0;28
25;Norrbottens län;06;Arjeplog;7493;Norrskenets sjukhem;0;0;0;0;0;0;0;0;0;0;0;4;0;0;0;0;0;0;0;4
25;Norrbottens län;06;Arjeplog;9729;Tingsbacka;25;49;43;0;0;29;22;35;33;40;0;0;70;69;98;89;117;48;0;767
25;Norrbottens län;06;Arjeplog;9732;Folkets Hus, Slagnäs;0;0;0;0;0;0;0;0;0;0;0;0;0;0;0;0;0;0;31;31
25;Norrbottens län;06;Arjeplog;9733;Folkets Hus i Mellanström;0;0;0;0;0;0;0;0;0;0;0;0;0;0;0;0;0;0;44;44
25;Norrbottens län;06;Arjeplog;9734;Klubbstugan, Laisvall;0;0;0;0;0;0;0;0;0;0;0;0;0;0;0;0;0;0;31;31
25;Norrbottens län;10;Jokkmokk;10130;Förvaltningsbyggnaden;30;44;24;0;0;27;46;30;57;94;0;0;94;97;98;223;214;34;26;1138
25;Norrbottens län;10;Jokkmokk;10133;Föreningslokalen i Murjek;0;0;0;0;0;0;0;0;0;0;0;0;0;0;0;0;0;0;33;33
25;Norrbottens län;10;Jokkmokk;10135;F d Kåbdalis skola;0;0;0;0;0;0;0;0;0;0;0;0;0;0;0;0;0;0;42;42
25;Norrbottens län;10;Jokkmokk;10339;Sudokgården;0;0;0;0;0;0;0;0;0;0;0;11;0;0;0;0;0;0;0;11
25;Norrbottens län;10;Jokkmokk;10426;Älvgården, Tårrajaur;0;0;0;0;0;0;0;0;0;0;0;13;0;0;0;0;0;0;0;13
25;Norrbottens län;10;Jokkmokk;10427;Medborgarhuset, Randijaur;0;0;0;0;0;0;0;0;0;0;0;22;0;0;0;0;0;0;0;22
25;Norrbottens län;10;Jokkmokk;10428;Årrenjarka Fjällby;0;0;0;0;0;0;0;0;0;0;0;14;0;0;0;0;0;0;0;14
25;Norrbottens län;10;Jokkmokk;13047;Laponiaporten Porjus;0;0;0;0;0;0;0;0;0;0;0;0;0;42;0;0;0;0;0;42
25;Norrbottens län;10;Jokkmokk;13049;Folkets Hus Vuollerim;0;0;0;0;0;0;0;0;0;0;0;0;0;0;128;0;0;0;0;128
25;Norrbottens län;10;Jokkmokk;13075;Servicebyggnaden Kvikkjokk;0;0;0;0;0;0;0;0;0;0;0;14;0;0;0;0;0;0;0;14
25;Norrbottens län;10;Jokkmokk;13107;Järnvägsstationen Murjek;0;0;0;0;0;0;0;0;0;0;0;0;0;0;25;0;0;0;0;25
25;Norrbottens län;10;Jokkmokk;13371;Bokenskolan;0;0;0;0;0;0;0;0;0;0;0;0;0;0;0;0;10;0;0;10
25;Norrbottens län;13;Överkalix;13518;Nybyns Byastuga;0;0;0;0;0;0;0;0;0;0;0;0;0;0;0;0;0;0;20;20
25;Norrbottens län;13;Överkalix;13519;Jockfalls Byastuga;0;0;0;0;0;0;0;0;0;0;0;0;0;0;0;0;0;0;42;42
25;Norrbottens län;13;Överkalix;13520;Lansåns Byastuga;0;0;0;0;0;0;0;0;0;0;0;0;0;0;0;0;0;0;20;20
25;Norrbottens län;13;Överkalix;7496;Brännagården;0;0;0;0;0;0;0;0;0;0;16;0;0;0;0;0;0;0;0;16
25;Norrbottens län;13;Överkalix;7497;Tallviksgården;0;0;0;0;0;0;0;0;0;0;6;0;0;0;0;0;0;0;0;6
25;Norrbottens län;13;Överkalix;8684;Rödupps byastuga;0;0;0;0;0;0;0;0;0;0;0;0;0;0;0;0;0;0;38;38
25;Norrbottens län;13;Överkalix;8685;Lansjärvs Folkets hus;0;0;0;0;0;0;0;0;0;0;0;0;0;0;0;0;0;0;85;85
25;Norrbottens län;13;Överkalix;8687;Svartbyns byastuga;0;0;0;0;0;0;0;0;0;0;0;0;0;0;0;0;0;0;139;139
25;Norrbottens län;13;Överkalix;8688;Vännäsgården;0;0;0;0;0;0;0;0;0;0;0;0;0;0;0;0;0;0;74;74
25;Norrbottens län;13;Överkalix;8689;Allsåns byastuga;0;0;0;0;0;0;0;0;0;0;0;0;0;0;0;0;0;0;72;72
25;Norrbottens län;13;Överkalix;8692;Överkalix kommunförvaltning;27;55;49;0;0;43;42;51;54;81;27;0;117;107;113;156;177;62;17;1178
25;Norrbottens län;14;Kalix;12324;Kalix kommuns förvaltningsbyggnad;112;125;115;0;0;155;138;161;191;228;0;0;305;449;310;550;449;153;118;3559
25;Norrbottens län;14;Kalix;13537;Morjärvs skola;0;0;0;0;0;0;0;0;0;0;0;0;0;0;0;0;0;0;0;0
25;Norrbottens län;14;Kalix;13538;Töre Bok & Present;20;20;20;14;0;14;28;10;26;21;17;0;27;54;37;46;59;46;0;459
25;Norrbottens län;14;Kalix;8816;Karlsborgs Folkets Hus;0;0;0;0;0;0;0;0;0;0;0;0;0;0;0;0;0;0;0;0
25;Norrbottens län;14;Kalix;8817;Båtskärsnäs Folkets Hus;0;0;0;0;0;0;0;0;0;0;0;0;0;0;0;0;0;0;0;0
25;Norrbottens län;14;Kalix;8893;Bondersbyn Hembygdsgård;0;0;0;0;0;0;0;0;0;0;0;0;0;0;0;0;0;0;0;0
25;Norrbottens län;14;Kalix;8894;Vitvattnets Skola;0;0;0;0;0;0;0;0;0;0;0;0;0;0;0;0;0;0;0;0
25;Norrbottens län;14;Kalix;8895;Pålänge Skola;0;0;0;0;0;0;0;0;0;0;0;0;0;0;0;0;0;0;0;0
25;Norrbottens län;14;Kalix;8896;Björkfors Klubbstuga;0;0;0;0;0;0;0;0;0;0;0;0;0;0;0;0;0;0;0;0
25;Norrbottens län;14;Kalix;8897;Ryssbälts Byastuga;0;0;0;0;0;0;0;0;0;0;0;0;0;0;0;0;0;0;0;0
25;Norrbottens län;18;Övertorneå;8013;Brostugan i Luppio (f d daghem);0;0;0;0;0;0;0;0;0;0;0;0;0;0;0;0;0;0;62;62
25;Norrbottens län;18;Övertorneå;8577;Pello församlingshem;0;0;0;0;0;0;0;0;0;0;0;0;0;0;0;0;0;0;184;184
25;Norrbottens län;18;Övertorneå;8578;Tornedalens bibliotek;34;29;57;0;0;79;58;78;74;69;0;0;145;82;164;91;140;68;43;1211
25;Norrbottens län;18;Övertorneå;8579;Byapaviljongen i Aapua;0;0;0;0;0;0;0;0;0;0;0;0;0;0;0;0;0;0;113;113
25;Norrbottens län;18;Övertorneå;8792;Juoksengi församlingshem;0;0;0;0;0;0;0;0;0;0;0;0;0;0;0;0;0;0;207;207
25;Norrbottens län;18;Övertorneå;8793;F d skolan i Rantajärvi;0;0;0;0;0;0;0;0;0;0;0;0;0;0;0;0;0;0;75;75
25;Norrbottens län;21;Pajala;7506;Tallgården;0;0;0;0;0;0;0;0;0;0;0;0;0;0;0;0;0;0;0;0
25;Norrbottens län;21;Pajala;7507;Ängsbacken;0;0;0;0;0;0;0;0;0;0;0;15;0;0;0;0;0;0;0;15
25;Norrbottens län;21;Pajala;7508;Älvbacka;0;0;0;0;0;0;0;0;0;0;0;6;0;0;0;0;0;0;0;6
25;Norrbottens län;21;Pajala;8213;Gläntan Lovikka;0;0;0;0;0;0;0;0;0;0;0;0;0;0;0;0;0;0;0;0
25;Norrbottens län;21;Pajala;8214;Allhuset Kangos;142;0;0;0;0;0;0;0;0;0;0;0;0;0;0;0;0;0;0;142
25;Norrbottens län;21;Pajala;8215;Träffpunktslokal Teurajärvi;0;0;0;0;0;0;0;0;0;0;0;0;0;0;0;0;0;0;40;40
25;Norrbottens län;21;Pajala;8216;Bygdegården Kardis;0;0;0;0;0;0;0;0;0;0;0;0;0;0;0;0;0;0;65;65
25;Norrbottens län;21;Pajala;8217;Fd Skolan Kihlangi;0;0;0;0;0;0;0;0;0;0;0;0;0;0;0;0;0;0;28;28
25;Norrbottens län;21;Pajala;8218;Fd Skolan Kitkiöjärvi;0;0;0;0;0;0;0;0;0;0;0;0;0;0;0;0;0;0;46;46
25;Norrbottens län;21;Pajala;8226;Fd Skolan Parkalompolo;0;0;0;0;0;0;0;0;0;0;0;0;0;0;0;0;0;0;24;24
25;Norrbottens län;21;Pajala;8227;Tre Tallar Saittarova;0;0;0;0;0;0;0;0;0;0;0;0;0;0;0;0;0;0;37;37
25;Norrbottens län;21;Pajala;8228;Fd Skolan Kainulasjärvi;0;0;0;0;0;0;0;0;0;0;0;0;0;0;0;0;0;0;99;99
25;Norrbottens län;21;Pajala;8229;Fd Skolan Narken;0;0;0;0;0;0;0;0;0;0;0;0;0;0;0;0;0;0;34;34
25;Norrbottens län;21;Pajala;8230;Fd Skolan Ohtanajärvi;0;0;0;0;0;0;0;0;0;0;0;0;0;0;0;0;0;0;18;18
25;Norrbottens län;21;Pajala;8231;Skolan Sattajärvi;0;0;0;0;0;0;0;0;0;0;0;0;0;0;0;0;0;0;114;114
25;Norrbottens län;21;Pajala;8232;Träffpunktslokal Anttis;0;0;0;0;0;0;0;0;0;0;0;0;0;0;0;0;0;0;49;49
25;Norrbottens län;21;Pajala;8233;Folkets Hus Erkheikki;0;0;0;0;0;0;0;0;0;0;0;0;0;0;0;0;0;0;80;80
25;Norrbottens län;21;Pajala;8234;Bygdegården Aareavaara;0;0;0;0;0;0;0;0;0;0;0;0;0;0;0;0;0;0;46;46
25;Norrbottens län;21;Pajala;8594;Kommunhuset;34;32;73;0;0;54;63;66;88;65;0;0;108;95;87;135;138;40;109;1187
25;Norrbottens län;21;Pajala;8771;Tärendö Bibliotek;9;29;0;0;0;12;0;6;15;0;0;0;21;0;22;33;0;0;0;147
25;Norrbottens län;21;Pajala;8772;Junosuando Bibliotek;0;14;0;0;0;16;15;0;43;0;0;0;37;22;0;73;0;0;0;220
25;Norrbottens län;21;Pajala;8773;Korpilombolo Bibliotek;20;0;0;0;0;31;9;34;0;0;0;0;43;16;50;0;0;0;0;203
25;Norrbottens län;21;Pajala;8774;Muodoslompolo vänthall;8;0;0;0;0;11;0;20;0;0;0;0;15;0;10;0;0;0;28;92
25;Norrbottens län;23;Gällivare;7509;Enen;0;0;0;0;0;0;0;0;0;0;0;30;0;0;0;0;0;0;0;30
25;Norrbottens län;23;Gällivare;7510;Hedgården;0;0;0;0;0;0;0;0;0;0;0;18;0;0;0;0;0;0;0;18
25;Norrbottens län;23;Gällivare;7511;Lövberga;0;0;0;0;0;0;0;0;0;0;0;18;0;0;0;0;0;0;0;18
25;Norrbottens län;23;Gällivare;7512;Älvgården;0;0;0;0;0;0;0;0;0;0;0;28;0;0;0;0;0;0;0;28
25;Norrbottens län;23;Gällivare;7513;Sjukhuset;0;0;0;0;0;0;0;0;0;0;0;5;0;0;0;0;0;0;0;5
25;Norrbottens län;23;Gällivare;7514;Gunillahem;0;0;0;0;0;0;0;0;0;0;0;23;0;0;0;0;0;0;0;23
25;Norrbottens län;23;Gällivare;9855;Kommunhuset;134;136;172;0;0;134;212;105;243;182;0;0;242;504;233;565;343;259;26;3490
25;Norrbottens län;23;Gällivare;9858;Malmbergets bibilotek;111;56;71;0;0;141;59;41;34;67;0;0;235;90;85;119;146;0;0;1255
25;Norrbottens län;23;Gällivare;9867;Myranskolan;0;0;0;0;0;0;0;44;0;0;0;0;0;0;113;0;0;0;0;157
25;Norrbottens län;23;Gällivare;9879;PRO Träffpunkt Nattavaara;0;0;0;0;0;15;0;0;0;0;0;0;42;0;0;0;0;0;0;57
25;Norrbottens län;23;Gällivare;9892;Dokkas skola;0;0;0;0;0;21;0;0;0;0;0;0;37;0;0;0;0;0;0;58
25;Norrbottens län;23;Gällivare;9895;Ullatti träffpunkt;0;0;0;0;0;9;0;0;0;0;0;0;17;0;0;0;0;0;0;26
25;Norrbottens län;23;Gällivare;9898;Niilivaara Träffpunkt;0;0;0;0;0;0;0;18;0;0;0;0;0;0;28;0;0;0;0;46
25;Norrbottens län;23;Gällivare;9900;Folkets Hus Soutojärvi;0;0;0;0;0;0;0;30;0;0;0;0;0;0;31;0;0;0;0;61
25;Norrbottens län;23;Gällivare;9996;Hakkas folkets hus;0;0;0;0;0;18;0;0;0;0;0;0;44;0;0;0;0;0;0;62
25;Norrbottens län;60;Älvsbyn;7517;Fluxen, servicehus;0;0;0;0;0;0;0;0;0;0;0;43;0;0;0;0;0;0;0;43
25;Norrbottens län;60;Älvsbyn;9875;Vidselsskolans matsal;0;0;0;0;0;0;0;0;0;0;0;0;0;0;0;113;64;0;0;177
25;Norrbottens län;60;Älvsbyn;9885;Vistträskskolan;0;0;0;0;0;0;0;0;0;0;0;0;0;0;0;0;172;0;0;172
25;Norrbottens län;60;Älvsbyn;9889;Korsträskskolans matsal;0;0;0;0;0;0;0;0;0;0;0;0;0;0;0;0;102;0;0;102
25;Norrbottens län;60;Älvsbyn;9891;Nystrands bygdegård;0;0;0;0;0;0;0;0;0;0;0;0;0;0;0;0;121;0;0;121
25;Norrbottens län;60;Älvsbyn;9906;Kommunförvaltningen, Bäcken;97;84;102;0;0;131;101;142;167;124;49;74;165;187;194;214;318;138;81;2368
25;Norrbottens län;80;Luleå;12786;Kulturens Hus;354;374;268;196;233;420;0;595;496;458;330;430;867;830;979;1139;943;585;263;9760
25;Norrbottens län;80;Luleå;12995;Alviksskolan;0;0;0;0;0;0;0;0;0;0;0;0;0;0;0;0;0;0;424;424
25;Norrbottens län;80;Luleå;12996;Sörbygården;0;0;0;0;0;0;0;0;0;0;0;0;0;0;0;0;0;0;259;259
25;Norrbottens län;80;Luleå;12997;Jämtögården;0;0;0;0;0;0;0;0;0;0;0;0;0;0;0;0;0;0;146;146
25;Norrbottens län;80;Luleå;13020;Bälingegården;0;0;0;0;0;0;0;0;0;0;0;0;0;0;0;0;0;0;224;224
25;Norrbottens län;80;Luleå;13021;Klöverträskskolan;0;0;0;0;0;0;0;0;0;0;0;0;0;0;0;0;0;0;246;246
25;Norrbottens län;80;Luleå;13022;Missionshuset i Brändön;0;0;0;0;0;0;0;0;0;0;0;0;0;0;0;0;0;0;235;235
25;Norrbottens län;80;Luleå;13023;Södra Prästholms byahus;0;0;0;0;0;0;0;0;0;0;0;0;0;0;0;0;0;0;95;95
25;Norrbottens län;80;Luleå;13105;Luleå gymnasiebibliotek;0;0;0;0;0;0;0;0;0;0;0;0;56;27;0;53;42;0;0;178
25;Norrbottens län;80;Luleå;13106;Luleå tekniska universitet;24;39;40;0;0;47;57;42;60;54;0;0;100;127;129;239;391;0;0;1349
25;Norrbottens län;80;Luleå;7523;Sunderby Sjukhus;0;0;0;0;0;0;0;0;0;0;0;0;0;70;0;0;138;0;0;208
25;Norrbottens län;80;Luleå;8219;Hertsöns bibliotek;73;0;99;0;0;101;0;84;0;99;0;94;170;136;143;0;238;0;0;1237
25;Norrbottens län;80;Luleå;8220;Björkskatans bibliotek;55;0;65;0;45;57;0;100;0;90;0;78;136;114;180;0;179;0;0;1099
25;Norrbottens län;80;Luleå;8221;Gammelstads bibliotek;115;50;93;0;0;120;0;182;58;119;0;0;240;187;258;166;268;0;0;1856
25;Norrbottens län;80;Luleå;8222;Bergnäsets bibliotek;34;0;32;0;0;33;0;50;0;43;0;0;57;72;62;0;82;0;0;465
25;Norrbottens län;80;Luleå;8223;Storstigens Äldreboende;49;69;64;0;0;92;86;49;98;64;0;0;76;88;89;88;125;0;0;1037
25;Norrbottens län;80;Luleå;8224;Medborgarkontoret i Råneå;42;39;72;0;0;88;54;55;49;64;0;0;166;117;141;101;179;0;0;1167
25;Norrbottens län;81;Piteå;10235;Biblioteket i Rosvik;0;0;0;0;0;55;15;57;30;34;0;0;78;38;89;25;55;0;0;476
25;Norrbottens län;81;Piteå;10236;Biblioteket i Norrfjärden;0;0;0;0;0;60;14;55;21;9;0;0;124;33;124;46;13;0;0;499
25;Norrbottens län;81;Piteå;10237;Biblioteket i Hortlax;0;0;0;0;0;62;57;44;48;0;0;140;93;142;167;0;0;0;0;753
25;Norrbottens län;81;Piteå;10238;Biblioteket i Sjulnäs;0;0;0;0;0;40;15;25;57;25;0;0;63;31;34;95;39;0;0;424
25;Norrbottens län;81;Piteå;10239;Markbygdens Skola/Logen;0;0;0;0;0;0;0;0;0;0;0;0;0;0;44;0;0;0;0;44
25;Norrbottens län;81;Piteå;10240;Munksunds Folkets hus;0;0;0;0;0;0;0;0;117;0;0;0;0;142;0;0;0;0;0;259
25;Norrbottens län;81;Piteå;10241;Stadshuset;3;0;0;0;0;3;0;5;2;0;0;0;27;0;149;128;126;88;215;746
25;Norrbottens län;81;Piteå;10242;Storsunds byagård;0;0;0;0;0;0;0;0;0;0;0;0;0;0;19;0;0;0;0;19
25;Norrbottens län;81;Piteå;10243;Koler skola;0;0;0;0;0;0;0;0;0;0;0;0;0;0;22;0;0;0;0;22
25;Norrbottens län;81;Piteå;10244;Gråträsk byagård/skolan;0;0;0;0;0;0;0;0;0;0;0;0;0;0;28;0;0;0;0;28
25;Norrbottens län;81;Piteå;12562;Piteå Stadsbibliotek;198;254;180;94;22;259;192;196;253;230;140;47;472;496;539;666;626;373;0;5237
25;Norrbottens län;81;Piteå;12602;Biblioteket i Öjebyn;0;0;0;0;0;127;87;89;61;64;0;0;171;126;106;136;152;0;0;1119
25;Norrbottens län;81;Piteå;12604;ICA Nära 4-en Jävrebyn;0;0;0;0;0;0;0;0;0;0;0;0;0;46;0;0;0;0;0;46
25;Norrbottens län;81;Piteå;12606;Framnäs Folkhögskola;0;0;0;0;0;0;0;0;0;0;0;0;60;0;0;0;0;0;0;60
25;Norrbottens län;81;Piteå;12607;Grans Naturbruksgymnasium;0;0;0;0;0;0;0;0;0;0;0;0;14;0;0;0;0;0;0;14
25;Norrbottens län;81;Piteå;12608;Strömbackaskolan;0;0;0;0;0;0;0;0;0;0;0;0;8;0;0;0;0;0;0;8
25;Norrbottens län;81;Piteå;7531;Berggården;0;0;0;0;0;0;0;0;0;0;22;0;0;0;0;0;0;0;0;22
25;Norrbottens län;81;Piteå;7532;Källbo;0;0;0;0;0;0;0;0;0;0;45;0;0;0;0;0;0;0;0;45
25;Norrbottens län;81;Piteå;7533;Mogården;0;0;0;0;0;0;0;0;0;0;19;0;0;0;0;0;0;0;0;19
25;Norrbottens län;81;Piteå;7534;Munkberga;0;0;0;0;0;0;0;0;0;0;0;17;0;0;0;0;0;0;0;17
25;Norrbottens län;81;Piteå;7536;Österbo/ Kärnhuset;0;0;0;0;0;0;0;0;0;0;0;15;0;0;0;0;0;0;0;15
25;Norrbottens län;81;Piteå;7537;Hortlaxgården;0;0;0;0;0;0;0;0;0;0;17;0;0;0;0;0;0;0;0;17
25;Norrbottens län;81;Piteå;7538;Norrgården;0;0;0;0;0;0;0;0;0;0;0;19;0;0;0;0;0;0;0;19
25;Norrbottens län;81;Piteå;7539;Roknäsgården;0;0;0;0;0;0;0;0;0;23;0;0;0;0;0;0;0;0;0;23
25;Norrbottens län;81;Piteå;7540;Rosågränd;0;0;0;0;0;0;0;0;0;0;0;7;0;0;0;0;0;0;0;7
25;Norrbottens län;81;Piteå;7541;Öjagården;0;0;0;0;0;0;0;0;0;21;0;0;0;0;0;0;0;0;0;21
25;Norrbottens län;81;Piteå;7542;Öjebyenheten;0;0;0;0;0;0;0;0;0;12;0;0;0;0;0;0;0;0;0;12
25;Norrbottens län;82;Boden;13619;Bodens stadsbibliotek;79;106;98;0;0;101;82;93;123;173;0;0;203;245;231;246;298;0;0;2078
25;Norrbottens län;82;Boden;13620;Bokbussen;0;0;0;0;0;8;0;0;7;0;0;0;0;1;7;2;0;0;0;25
25;Norrbottens län;82;Boden;8395;Stadshuset;195;175;167;121;0;213;192;171;231;235;121;44;432;368;482;491;493;219;0;4350
25;Norrbottens län;82;Boden;8425;Stadshuset;0;0;0;0;0;0;0;0;0;0;0;0;0;0;0;0;0;0;55;55
25;Norrbottens län;83;Haparanda;13887;Bokbussen-ordinarie turer v 36 & 37;0;0;0;0;0;8;3;7;0;0;0;0;13;20;14;0;0;0;0;65
25;Norrbottens län;83;Haparanda;13968;Bokbuss 4/9 Lunden Servicehus;0;0;0;2;0;0;0;0;0;0;0;0;0;0;0;0;0;0;0;2
25;Norrbottens län;83;Haparanda;13969;Bokbuss 4/9 Grankullenskolan;0;0;0;6;0;0;0;0;0;0;0;0;0;0;0;0;0;0;0;6
25;Norrbottens län;83;Haparanda;13970;Bokbuss 4/9 Närsta skola;0;0;0;14;0;0;0;0;0;0;0;0;0;0;0;0;0;0;0;14
25;Norrbottens län;83;Haparanda;13971;Bokbuss 4/9 Marielund Lärkv.;0;0;0;2;0;0;0;0;0;0;0;0;0;0;0;0;0;0;0;2
25;Norrbottens län;83;Haparanda;13973;Bokbuss 4/9 Marielundskolan;0;0;0;5;0;0;0;0;0;0;0;0;0;0;0;0;0;0;0;5
25;Norrbottens län;83;Haparanda;13974;Bokbuss 4/9 Torget;0;0;0;15;0;0;0;0;0;0;0;0;0;0;0;0;0;0;0;15
25;Norrbottens län;83;Haparanda;13975;Bokbuss 11/9 Vuono;0;0;0;0;0;0;0;0;0;0;4;0;0;0;0;0;0;0;0;4
25;Norrbottens län;83;Haparanda;13976;Bokbuss 11/9 Nikkala;0;0;0;0;0;0;0;0;0;0;8;0;0;0;0;0;0;0;0;8
25;Norrbottens län;83;Haparanda;13978;Bokbuss 11/9 Seskarö;0;0;0;0;0;0;0;0;0;0;13;0;0;0;0;0;0;0;0;13
25;Norrbottens län;83;Haparanda;13979;Bokbuss 11/9 Säivis;0;0;0;0;0;0;0;0;0;0;2;0;0;0;0;0;0;0;0;2
25;Norrbottens län;83;Haparanda;13980;Bokbuss 11/9 Sangijärvi;0;0;0;0;0;0;0;0;0;0;6;0;0;0;0;0;0;0;0;6
25;Norrbottens län;83;Haparanda;13981;Bokbuss 11/9 Leipijärvi;0;0;0;0;0;0;0;0;0;0;10;0;0;0;0;0;0;0;0;10
25;Norrbottens län;83;Haparanda;13983;Bokbuss 12/9 Mattila;0;0;0;0;0;0;0;0;0;0;0;0;0;0;0;0;0;0;0;0
25;Norrbottens län;83;Haparanda;13984;Bokbuss 12/9 Kukkola;0;0;0;0;0;0;0;0;0;0;0;7;0;0;0;0;0;0;0;7
25;Norrbottens län;83;Haparanda;13985;Bokbuss 12/9 Korpikylä;0;0;0;0;0;0;0;0;0;0;0;2;0;0;0;0;0;0;0;2
25;Norrbottens län;83;Haparanda;13986;Bokbuss 12/9 Karungi;0;0;0;0;0;0;0;0;0;0;0;15;0;0;0;0;0;0;0;15
25;Norrbottens län;83;Haparanda;13988;Bokbuss 12/9 Kärrbäck;0;0;0;0;0;0;0;0;0;0;0;16;0;0;0;0;0;0;0;16
25;Norrbottens län;83;Haparanda;13989;Bokbuss 12/9 Lappträsk;0;0;0;0;0;0;0;0;0;0;0;3;0;0;0;0;0;0;0;3
25;Norrbottens län;83;Haparanda;14080;Gymnasieskolan;0;0;0;0;0;0;0;0;0;0;0;0;0;0;0;17;0;0;0;17
25;Norrbottens län;83;Haparanda;7546;Servicehuset Lunden;0;0;0;0;0;0;0;0;26;0;0;0;0;0;0;0;0;0;0;26
25;Norrbottens län;83;Haparanda;7548;Kriminalvårdsanstalten;0;0;0;0;0;0;0;0;26;0;0;0;0;0;0;0;0;0;0;26
25;Norrbottens län;83;Haparanda;9012;Lappträsk fd skola;0;0;0;0;0;0;0;0;0;0;0;0;0;0;0;0;0;0;58;58
25;Norrbottens län;83;Haparanda;9015;Säivis Byagård;0;0;0;0;0;0;0;0;0;0;0;0;0;0;0;0;0;0;59;59
25;Norrbottens län;83;Haparanda;9017;Förvaltningshuset;65;86;117;0;0;82;98;76;81;93;0;0;168;158;169;185;296;72;67;1813
25;Norrbottens län;84;Kiruna;10876;Tuolluvaara, skolan;0;0;0;0;0;0;0;0;0;0;0;0;0;0;0;0;0;0;227;227
25;Norrbottens län;84;Kiruna;11943;Mellanboendet;0;0;0;0;0;0;0;0;0;0;0;6;0;0;0;0;0;0;0;6
25;Norrbottens län;84;Kiruna;11944;Gläntan;0;0;0;0;0;0;0;0;0;0;0;11;0;0;0;0;0;0;0;11
25;Norrbottens län;84;Kiruna;13876;Karesuando, tingssalen;0;0;0;0;0;0;0;0;0;0;0;0;0;0;0;0;0;0;162;162
25;Norrbottens län;84;Kiruna;13881;Kuttainen, sporthallen;0;0;0;0;0;0;0;0;0;0;0;0;0;0;0;0;0;0;157;157
25;Norrbottens län;84;Kiruna;13939;Bokbussen;45;6;0;0;0;0;0;0;0;0;0;0;48;69;0;38;0;0;0;206
25;Norrbottens län;84;Kiruna;14124;Hjalmar Lundbohmsskolan;0;0;0;0;0;0;0;36;0;0;0;0;0;0;0;0;0;0;0;36
25;Norrbottens län;84;Kiruna;14125;Malmfältens Folkhögskola;0;0;0;0;0;0;0;22;0;0;0;0;0;0;0;0;0;0;0;22
25;Norrbottens län;84;Kiruna;14183;Kebnekaise fjällstation;0;0;0;0;0;0;0;0;0;0;0;0;0;0;0;20;0;0;0;20
25;Norrbottens län;84;Kiruna;14184;Kattuvuoma;0;0;0;0;0;0;0;0;0;0;0;0;2;0;0;0;0;0;0;2
25;Norrbottens län;84;Kiruna;14185;Vuoskojaure;0;0;0;0;0;0;0;0;0;0;0;0;0;0;0;0;0;0;0;0
25;Norrbottens län;84;Kiruna;8855;Fjällgården;0;0;0;0;0;0;0;0;0;0;13;0;0;0;0;0;0;0;0;13
25;Norrbottens län;84;Kiruna;8883;Vilan;0;0;0;0;0;0;0;0;0;0;0;17;0;0;0;0;0;0;0;17
25;Norrbottens län;84;Kiruna;8884;Rosengården;0;0;0;0;0;0;0;0;0;0;8;0;0;0;0;0;0;0;0;8
25;Norrbottens län;84;Kiruna;8886;Kiruna sjukhus och Solbacken;0;0;0;0;0;0;0;0;0;0;7;0;0;0;0;0;0;0;0;7
25;Norrbottens län;84;Kiruna;8887;Ängsgården;0;0;0;0;0;0;0;0;0;0;2;0;0;0;0;0;0;0;0;2
25;Norrbottens län;84;Kiruna;8888;Blomstergården;0;0;0;0;0;0;0;0;0;0;5;0;0;0;0;0;0;0;0;5
25;Norrbottens län;84;Kiruna;8890;Kiruna C, stadshuset;305;336;214;0;0;363;211;343;320;260;159;0;691;551;880;651;887;351;94;6616
25;Norrbottens län;84;Kiruna;9754;Abisko, skolan;0;0;0;0;0;0;0;0;0;0;0;0;0;0;107;0;0;0;0;107
25;Norrbottens län;84;Kiruna;9755;Svappavaara, skolan;50;0;0;0;0;0;0;0;0;0;0;0;0;0;0;0;0;0;174;224
25;Norrbottens län;84;Kiruna;9756;Övre Soppero, skolan;0;8;0;0;0;0;0;0;0;0;0;0;0;0;0;0;0;0;0;8
25;Norrbottens län;84;Kiruna;9758;Karesuando, landsbygdskontoret;11;19;0;0;0;0;0;0;0;0;0;0;0;27;41;26;1;0;0;125
25;Norrbottens län;84;Kiruna;9759;Vittangi, Folkets Hus;33;34;0;0;0;0;40;15;26;0;0;0;0;66;56;117;0;0;0;387
;;;;;summa;73399;86461;77307;38308;16427;110475;101311;110320;120019;110470;67659;53264;201196;200278;229779;260136;274592;155972;90266;2377639
